
 RUN  v3.1.4 /Users/arnaud/code/viborm

 ✓ |layer-migrations| tests/unit/migrations/ddl-drivers.core.test.ts (165 tests) 17ms
 ✓ |layer-migrations| tests/unit/migrations/serializer.core.test.ts (57 tests) 21ms
 ✓ |layer-migrations| tests/unit/migrations/v1-operators.core.test.ts (40 tests) 97ms
 ✓ |layer-migrations| tests/unit/migrations/mysql-sequential-program.core.test.ts (35 tests) 32ms
 ✓ |layer-migrations| tests/unit/migrations/differ.core.test.ts (49 tests) 7ms
 ✓ |layer-migrations| tests/unit/migrations/postgres-namespace.core.test.ts (35 tests) 7ms
 ✓ |layer-migrations| tests/unit/migrations/polymorphic-serializer.core.test.ts (21 tests) 14ms
 ✓ |layer-migrations| tests/unit/migrations/reset-replay-closure.core.test.ts (21 tests) 20ms
 ✓ |layer-migrations| tests/unit/migrations/operators-command-closure.core.test.ts (26 tests) 15ms
 ✓ |layer-migrations| tests/unit/migrations/ddl.core.test.ts (45 tests) 3ms
 ✓ |layer-migrations| tests/unit/migrations/v1-parse.core.test.ts (14 tests) 7ms
 ✓ |layer-migrations| tests/unit/migrations/sqlite-driver-boundaries.core.test.ts (34 tests) 10ms
 ✓ |layer-migrations| tests/unit/migrations/operators-mysql-branch-closure.core.test.ts (9 tests) 10ms
 ✓ |layer-migrations| tests/unit/migrations/estate-target.core.test.ts (34 tests) 41ms
 ✓ |layer-migrations| tests/unit/migrations/mysql-catalog-namespace.core.test.ts (23 tests) 13ms
 ✓ |layer-migrations| tests/unit/migrations/decimal-descriptor-carriers.core.test.ts (37 tests) 5ms
 ✓ |layer-migrations| tests/unit/migrations/v1-generate.core.test.ts (26 tests) 18ms
 ✓ |layer-migrations| tests/unit/migrations/v1-apply.core.test.ts (14 tests) 32ms
 ✓ |layer-migrations| tests/unit/migrations/v1-graph.core.test.ts (19 tests) 8ms
 ✓ |layer-migrations| tests/unit/migrations/control-bootstrap.core.test.ts (24 tests) 7ms
 ✓ |layer-migrations| tests/unit/migrations/input-boundaries.core.test.ts (31 tests) 4ms
 ✓ |layer-migrations| tests/unit/migrations/operator-control-boundaries.core.test.ts (11 tests) 5ms
 ✓ |layer-migrations| tests/unit/migrations/resolver.core.test.ts (28 tests) 4ms
 ✓ |layer-migrations| tests/unit/migrations/sqlite-recreation-indexes.core.test.ts (9 tests) 1ms
 ✓ |layer-migrations| tests/unit/migrations/graph-command-boundaries.core.test.ts (10 tests) 6ms
 ✓ |layer-migrations| tests/unit/migrations/deep-command-orchestration.core.test.ts (6 tests) 6ms
 ✓ |layer-migrations| tests/unit/migrations/mysql-namespace-ddl.core.test.ts (59 tests) 4ms
 ✓ |layer-migrations| tests/unit/migrations/provider-driver-entrypoints-coverage.core.test.ts (11 tests) 3ms
 ✓ |layer-migrations| tests/unit/migrations/parse-state-manifest.core.test.ts (28 tests) 3ms
 ✓ |layer-migrations| tests/unit/migrations/control-authentication.core.test.ts (13 tests) 4ms
 ✓ |layer-migrations| tests/unit/migrations/push-resolution-planning.core.test.ts (9 tests) 4ms
 ✓ |layer-migrations| tests/unit/migrations/v1-identity.core.test.ts (15 tests) 4ms
 ✓ |layer-migrations| tests/unit/migrations/execution-framing-contracts.core.test.ts (23 tests) 5ms
 ✓ |layer-migrations| tests/unit/migrations/v1-compile.core.test.ts (14 tests) 3ms
 ✓ |layer-migrations| tests/unit/migrations/operator-arrival-path-closure.core.test.ts (9 tests) 7ms
 ✓ |layer-migrations| tests/unit/migrations/planning-boundaries.core.test.ts (10 tests) 3ms
 ✓ |layer-migrations| tests/unit/migrations/planning-helper-contracts.core.test.ts (8 tests) 2ms
 ✓ |layer-migrations| tests/unit/migrations/misc-branch-view-and-compile.core.test.ts (11 tests) 5ms
 ✓ |layer-migrations| tests/unit/migrations/push-branch-fingerprint-and-interlock.core.test.ts (8 tests) 3ms
 ✓ |layer-migrations| tests/unit/migrations/format-and-type-mapping.core.test.ts (51 tests) 2ms
 ✓ |layer-migrations| tests/unit/migrations/execution-control-contracts.core.test.ts (12 tests) 5ms
 ✓ |layer-migrations| tests/unit/migrations/forward-fk-ordering.core.test.ts (17 tests) 1ms
 ✓ |layer-migrations| tests/unit/migrations/decimal-list-defaults.core.test.ts (7 tests) 6ms
 ✓ |layer-migrations| tests/unit/migrations/constraint-identity.core.test.ts (12 tests) 2ms
 ✓ |layer-migrations| tests/unit/migrations/rename-resolution-closure.core.test.ts (5 tests) 2ms
 ✓ |layer-migrations| tests/unit/migrations/postgres-provider-free-catalog.core.test.ts (3 tests) 2ms
 ✓ |layer-migrations| tests/unit/migrations/rename-resolution-edge-contracts.core.test.ts (9 tests) 2ms
 ✓ |layer-migrations| tests/unit/migrations/push-consent-enum-closure.core.test.ts (9 tests) 8ms
 ✓ |layer-migrations| tests/unit/migrations/relation-ddl-preservation.core.test.ts (64 tests) 38ms
 ✓ |layer-migrations| tests/unit/migrations/v1-scale.core.test.ts (4 tests) 1116ms
   ✓ migration v1 scale gates > 10,000 linear states load without quadratic refusal  970ms
 ✓ |layer-migrations| tests/unit/migrations/utility-surface.core.test.ts (28 tests) 2ms
 ✓ |layer-migrations| tests/unit/migrations/v1-crash-fs.core.test.ts (7 tests) 84ms
 ✓ |layer-migrations| tests/unit/migrations/mysql-decimal-conversion-recovery.core.test.ts (11 tests) 7ms
 ✓ |layer-migrations| tests/unit/migrations/v1-graph-merge.core.test.ts (6 tests) 6ms
 ✓ |layer-migrations| tests/unit/migrations/v1-checks.core.test.ts (10 tests) 2ms
 ✓ |layer-migrations| tests/unit/migrations/decimal-provider-limits.core.test.ts (14 tests) 6ms
 ✓ |layer-migrations| tests/unit/migrations/v1-sql-framing.core.test.ts (12 tests) 2ms
 ✓ |layer-migrations| tests/unit/migrations/geopoint-ddl.core.test.ts (10 tests) 3ms
 ✓ |layer-migrations| tests/unit/migrations/decimal-descriptor-ddl.core.test.ts (13 tests) 3ms
 ✓ |layer-migrations| tests/unit/migrations/sqlite-destination-freeze.core.test.ts (45 tests) 3ms
 ✓ |layer-migrations| tests/unit/migrations/sqlite-planner-enum-defaults.core.test.ts (13 tests) 2ms
 ✓ |layer-migrations| tests/unit/migrations/superseded-index-ordering.core.test.ts (9 tests) 1ms
 ✓ |layer-migrations| tests/unit/migrations/apply-branch-closure.core.test.ts (2 tests) 5ms
 ✓ |layer-migrations| tests/unit/migrations/mysql-recovery-and-session-coverage.core.test.ts (25 tests) 4ms
 ✓ |layer-migrations| tests/unit/migrations/fs-estate-publication.core.test.ts (11 tests) 58ms
 ✓ |layer-migrations| tests/unit/migrations/v1-push.core.test.ts (12 tests) 25ms
 ✓ |layer-migrations| tests/unit/migrations/mysql-provider-free-catalog.core.test.ts (4 tests) 3ms
 ✓ |layer-migrations| tests/unit/migrations/v1-parser-edge-contracts.core.test.ts (17 tests) 4ms
 ✓ |layer-migrations| tests/unit/migrations/number-scalar-physical-continuity.core.test.ts (3 tests) 2ms
 ✓ |layer-migrations| tests/unit/migrations/enum-removals.core.test.ts (8 tests) 2ms
 ✓ |layer-migrations| tests/unit/migrations/catalog-probe-lifetimes.core.test.ts (9 tests) 2ms
 ✓ |layer-migrations| tests/unit/migrations/push-plan-resolution-arms.core.test.ts (6 tests) 5ms
 ✓ |layer-migrations| tests/unit/migrations/v1-provider-admission.core.test.ts (14 tests) 47ms
 ✓ |layer-migrations| tests/unit/migrations/parse-branch-hostile-values.core.test.ts (11 tests) 1ms
 ✓ |layer-migrations| tests/unit/migrations/apply-drift-boundaries.core.test.ts (9 tests) 1ms
 ✓ |layer-migrations| tests/unit/migrations/pinned-migration-session.core.test.ts (12 tests) 6ms
 ✓ |layer-migrations| tests/unit/migrations/statement-safety.core.test.ts (59 tests) 4ms
 ✓ |layer-migrations| tests/unit/migrations/filesystem-storage-coverage.core.test.ts (8 tests) 48ms
 ✓ |layer-migrations| tests/unit/migrations/sqlite-planner-domain-recreation.core.test.ts (9 tests) 1ms
 ✓ |layer-migrations| tests/unit/migrations/decimal-descriptor-transitions.core.test.ts (4 tests) 7ms
 ✓ |layer-migrations| tests/unit/migrations/push-plan-helper-contracts.core.test.ts (5 tests) 2ms
 ✓ |layer-migrations| tests/unit/migrations/generate-input-edge-contracts.core.test.ts (17 tests) 2ms
 ✓ |layer-migrations| tests/unit/migrations/pinned-session-boundaries.core.test.ts (6 tests) 2ms
 ✓ |layer-migrations| tests/unit/migrations/migration-client-surface.core.test.ts (4 tests) 5ms
 ✓ |layer-migrations| tests/unit/migrations/differ-branch-identity.core.test.ts (4 tests) 1ms
 ✓ |layer-migrations| tests/unit/migrations/safety-branch-rename-and-blob.core.test.ts (6 tests) 2ms
 ✓ |layer-migrations| tests/unit/migrations/storage-boundaries.core.test.ts (12 tests) 3ms
 ✓ |layer-migrations| tests/unit/migrations/v1-admission.core.test.ts (8 tests) 13ms
 ✓ |layer-migrations| tests/unit/migrations/push-column-resolution-planning.core.test.ts (3 tests) 1ms
 ✓ |layer-migrations| tests/unit/migrations/control-branch-authentication-failures.core.test.ts (3 tests) 3ms
 ✓ |layer-migrations| tests/unit/migrations/control-cas-closure.core.test.ts (3 tests) 3ms
 ✓ |layer-migrations| tests/unit/migrations/differ-remaining-contracts.core.test.ts (5 tests) 1ms
 ✓ |layer-migrations| tests/unit/migrations/decimal-list-storage-agreement.core.test.ts (4 tests) 1ms
 ✓ |layer-migrations| tests/unit/migrations/graph-route-boundaries.core.test.ts (3 tests) 1ms
 ✓ |layer-migrations| tests/unit/migrations/composite-fk-order.core.test.ts (4 tests) 3ms
 ✓ |layer-migrations| tests/unit/migrations/graph-generated-merge.core.test.ts (3 tests) 7ms
 ✓ |layer-migrations| tests/unit/migrations/statement-safety-lexer.core.test.ts (22 tests) 1ms
 ✓ |layer-migrations| tests/unit/migrations/resolver-branch-defaults.core.test.ts (3 tests) 1ms
 ✓ |layer-migrations| tests/unit/migrations/push-planner.core.test.ts (2 tests) 2ms
 ✓ |layer-migrations| tests/unit/migrations/blank-manual-dispatches.core.test.ts (8 tests) 3ms
 ✓ |layer-migrations| tests/unit/migrations/read-only-command-view.core.test.ts (3 tests) 7ms
 ✓ |layer-migrations| tests/unit/migrations/generate-branch-merge-ancestry.core.test.ts (1 test) 8ms
 ✓ |layer-migrations| tests/unit/migrations/read-only-tracking.core.test.ts (3 tests) 9ms
 ✓ |layer-migrations| tests/unit/migrations/postgres-index-predicate-canonicalization.core.test.ts (3 tests) 1ms
 ✓ |layer-migrations| tests/unit/migrations/reset-destination-proof-closure.core.test.ts (1 test) 2ms
 ✓ |layer-migrations| tests/unit/migrations/v1-storage.core.test.ts (4 tests) 20ms
 ✓ |layer-migrations| tests/unit/migrations/v1-object-store.core.test.ts (4 tests) 1ms
 ✓ |layer-migrations| tests/unit/migrations/sqlite-recreation-foreign-key-parent.core.test.ts (4 tests) 0ms
 ✓ |layer-migrations| tests/unit/migrations/migration-client-writer-boundary.core.test.ts (1 test) 1ms
 ✓ |layer-migrations| tests/unit/migrations/sqlite-definition-parser-remaining.core.test.ts (2 tests) 0ms
error: option '--steps <n>' argument 'nope' is invalid. must be a positive safe integer
error: option '--steps <n>' argument '0' is invalid. must be a positive safe integer
error: option '--steps <n>' argument '-1' is invalid. must be a positive safe integer
error: option '--steps <n>' argument '1.5' is invalid. must be a positive safe integer
error: option '--steps <n>' argument 'Infinity' is invalid. must be a positive safe integer
 ✓ |layer-migrations| tests/unit/migrations/v1-cli-input.core.test.ts (5 tests) 2ms
 ✓ |layer-migrations| tests/unit/migrations/serializer-table-name-coverage.core.test.ts (1 test) 0ms
 ❯ |layer-query-engine| tests/contracts/engine/query/sql-generation.core.test.ts (147 tests | 56 failed) 67ms
   ✓ Basic CRUD Operations > findFirst > simple query 3ms
   ✓ Basic CRUD Operations > findFirst > with where clause 2ms
   ✓ Basic CRUD Operations > findFirst > with orderBy 0ms
   ✓ Basic CRUD Operations > findMany > simple query 0ms
   ✓ Basic CRUD Operations > findMany > with pagination (take/skip) 0ms
   ✓ Basic CRUD Operations > findMany > with cursor pagination 0ms
   × Basic CRUD Operations > findMany > cursor without orderBy defaults to cursor field order 7ms
     → expected 'SELECT "q0"."id" AS "id", "q0"."name"…' to contain '"t0"."id" ASC'
   ✓ Basic CRUD Operations > findMany > negative take inverts SQL order and uses absolute limit 1ms
   × Basic CRUD Operations > findMany > negative take reverses a relation-order fallback recursively 3ms
     → expected 'SELECT "q0"."id" AS "id", "q0"."label…' to match /ORDER BY .*"nextId" DESC NULLS FIRST/
   × Basic CRUD Operations > findMany > compound unique cursor uses compound whereUnique fields 1ms
     → expected 'SELECT "q0"."orgId" AS "orgId", "q0".…' to contain '"t0"."orgId"'
   × Basic CRUD Operations > findMany > cursor with non-cursor orderBy builds a keyset comparison (Prisma parity) 1ms
     → expected 'SELECT "q0"."id" AS "id", "q0"."name"…' to contain '"t0"."name"'
   ✓ Basic CRUD Operations > findMany > invalid pagination values reject before SQL generation 3ms
   ✓ Basic CRUD Operations > findMany > json path filter scopes string matching to the path 1ms
   × Basic CRUD Operations > findMany > json string paths compile to the same SQL as the array form 3ms
     → expected [ 'ball', [] ] to deeply equal [ 'ball', [ 'pet', 'toys', '0' ] ]
   × Basic CRUD Operations > findMany > json filter with only a path fails closed 3ms
     → expected [Function] to throw an error
   × Basic CRUD Operations > findMany > json root and path comparisons keep number and string classes distinct 2ms
     → expected [ Array(13) ] to deeply equal ArrayContaining{…}
   × Basic CRUD Operations > findMany > json string operators inherit and can override case-folding scope 1ms
     → expected [ 'TRANSLATE', 'TRANSLATE', …(2) ] to have a length of 2 but got 4
   ✓ Basic CRUD Operations > findMany > json array predicates preserve scalar containment and endpoint meaning 0ms
   × Basic CRUD Operations > findMany > json null at the root and under a path remain different questions 1ms
     → expected 'SELECT "q0"."id" AS "id", "q0"."name"…' to contain 'IS NOT NULL'
   × Basic CRUD Operations > findMany > refuses non-portable JSON string path status 0ms
     → expected [Function] to throw an error
   × Basic CRUD Operations > findMany > refuses non-portable JSON string path $. 0ms
     → expected [Function] to throw an error
   × Basic CRUD Operations > findMany > refuses non-portable JSON string path $.* 0ms
     → expected [Function] to throw an error
   × Basic CRUD Operations > findMany > refuses non-portable JSON string path $[last] 0ms
     → expected [Function] to throw an error
   × Basic CRUD Operations > findMany > refuses non-portable JSON string path $[0 0ms
     → expected [Function] to throw an error
   × Basic CRUD Operations > findMany > refuses non-portable JSON string path $status 0ms
     → expected [Function] to throw an error
   × Basic CRUD Operations > findMany > refuses path segments whose escaping is not portable 0ms
     → expected [Function] to throw an error
   × Basic CRUD Operations > findMany > empty accepted scalar filter fails closed 0ms
     → expected [Function] to throw an error
   × Basic CRUD Operations > findMany > empty accepted relation filter fails closed 1ms
     → expected [Function] to throw an error
   ✓ Basic CRUD Operations > findMany > empty OR filter does not broaden the query 0ms
   × Basic CRUD Operations > findMany > to-one relation scalar orderBy joins related table 0ms
     → expected 'SELECT "q0"."id" AS "id", "q0"."title…' to match /LEFT JOIN/i
   ✓ Basic CRUD Operations > findMany > builder chains 2-hop to-one relation orderBy joins 1ms
   ✓ Basic CRUD Operations > findMany > builder chains 3-hop to-one relation orderBy joins 0ms
   ✓ Basic CRUD Operations > findMany > builder rejects to-many relation orderBy mid-chain 0ms
   ✓ Basic CRUD Operations > findMany > builder accepts a four-hop to-one relation orderBy 0ms
   ✓ Basic CRUD Operations > findMany > builder accepts a to-one relation orderBy at the depth cap 0ms
   ✓ Basic CRUD Operations > findMany > builder rejects relation orderBy past the depth cap 0ms
   × Basic CRUD Operations > findMany > to-many relation _count orderBy uses count subquery 0ms
     → expected 'SELECT "q0"."id" AS "id", "q0"."name"…' to match /ORDER BY \(SELECT COUNT\(\*\)/i
   ✓ Basic CRUD Operations > findMany > to-many relation scalar orderBy fails closed 0ms
   ✓ Basic CRUD Operations > findMany > nested relation orderBy shape fails closed 0ms
   ✓ Basic CRUD Operations > findMany > unknown builder filter operation fails closed 0ms
   ✓ Basic CRUD Operations > findMany > unknown builder where field fails closed 0ms
   ✓ Basic CRUD Operations > findMany > empty unique builder fails closed 0ms
   ✓ Basic CRUD Operations > findMany > a filter-only unique builder input fails closed 0ms
   ✓ Basic CRUD Operations > findMany > an unknown field in the filter half still fails closed 0ms
   × Basic CRUD Operations > findUnique > by id 1ms
     → expected 'SELECT "q0"."id" AS "id", "q0"."name"…' to contain 'LIMIT'
   ✓ Basic CRUD Operations > findUnique > by unique field 0ms
   ✓ Basic CRUD Operations > findUnique > empty where fails before SQL generation 0ms
   ✓ Basic CRUD Operations > findUnique > by compound id 0ms
   ✓ Basic CRUD Operations > findUnique > by compound unique 0ms
   × Basic CRUD Operations > create > simple create 1ms
     → Operation 'create' does not compile to one SQL statement. Execute the operation instead.
   × Basic CRUD Operations > create > with defaults 0ms
     → Operation 'create' does not compile to one SQL statement. Execute the operation instead.
   × Basic CRUD Operations > update > simple update 0ms
     → Operation 'update' does not compile to one SQL statement. Execute the operation instead.
   × Basic CRUD Operations > update > empty where fails before SQL generation 0ms
     → expected [Function] to throw error including 'Object cannot be empty' but got 'Operation \'update\' does not compile…'
   × Basic CRUD Operations > delete > a scalar delete on a RETURNING driver is ONE statement 0ms
     → Operation 'delete' does not compile to one SQL statement. Execute the operation instead.
   ✓ Basic CRUD Operations > delete > a non-returning driver keeps the multi-step path 0ms
   × Basic CRUD Operations > delete > empty where fails before SQL generation 0ms
     → expected [Function] to throw error including 'Object cannot be empty' but got 'Operation \'delete\' does not compile…'
   ✓ Basic CRUD Operations > upsert > assembles filtered conflict and update clauses through the adapter 1ms
   × Basic CRUD Operations > upsert > empty where fails before SQL generation 0ms
     → expected [Function] to throw error including 'Object cannot be empty' but got 'Operation \'upsert\' does not compile…'
   ✓ Basic CRUD Operations > upsert > multi-step upsert rejects the single-statement build API 0ms
   ✓ Select/Include (Relation Loading) > select scalar fields only > select specific fields 1ms
   ✓ Select/Include (Relation Loading) > select with to-one relation > select author on post (manyToOne) 1ms
   ✓ Select/Include (Relation Loading) > select with to-many relation > select posts on author (oneToMany) 0ms
   × Select/Include (Relation Loading) > nested selects (2-3 levels deep) > author -> posts -> comments 1ms
     → expected 0 to be greater than or equal to 2
   ✓ Select/Include (Relation Loading) > select with where filter on relation > select posts with where 0ms
   ✓ Select/Include (Relation Loading) > select with orderBy on relation > select posts ordered by title 0ms
   ✓ Select/Include (Relation Loading) > select with take/skip on relation > select first 5 posts 0ms
   ✓ Select/Include (Relation Loading) > select with take/skip on relation > select posts with skip 0ms
   ✓ Select/Include (Relation Loading) > select with take/skip on relation > select posts with take and skip 0ms
   ✓ Relation Filters in WHERE > to-many filters > some filter 0ms
   ✓ Relation Filters in WHERE > to-many filters > every filter 0ms
   ✓ Relation Filters in WHERE > to-many filters > none filter 0ms
   × Relation Filters in WHERE > to-many filters > combines all supplied filters independent of key order 1ms
     → expected 'SELECT "q0"."id" AS "id", "q0"."name"…' to be 'SELECT "q0"."id" AS "id", "q0"."name"…' // Object.is equality
   × Relation Filters in WHERE > to-many filters > empty every predicates lower to portable true 0ms
     → expected 'SELECT "q0"."id" AS "id", "q0"."name"…' not to contain 'EXISTS'
   ✓ Relation Filters in WHERE > to-one filters > is filter 0ms
   ✓ Relation Filters in WHERE > to-one filters > isNot filter 0ms
   × Relation Filters in WHERE > to-one filters > combines is and isNot independent of key order 0ms
     → expected 'SELECT "q0"."id" AS "id", "q0"."title…' to be 'SELECT "q0"."id" AS "id", "q0"."title…' // Object.is equality
   ✓ Relation Filters in WHERE > null checks on a to-one > a required slot refuses the null form 0ms
   ✓ Relation Filters in WHERE > null checks on a to-one > is null 0ms
   ✓ Relation Filters in WHERE > null checks on a to-one > isNot null 0ms
   ✓ Relation Filters in WHERE > null checks on a to-one > combines null and object forms 0ms
   × Many-to-Many Relations > select with manyToMany relation > select tags on post 1ms
     → expected 'SELECT "q0"."id" AS "id", "q0"."title…' to contain 'LEFT JOIN LATERAL'
   × Many-to-Many Relations > select with manyToMany relation > select posts on tag 0ms
     → expected 'SELECT "q0"."id" AS "id", "q0"."name"…' to contain 'LEFT JOIN LATERAL'
   ✓ Many-to-Many Relations > filter with manyToMany > some filter through junction 0ms
   ✓ Many-to-Many Relations > filter with manyToMany > every filter through junction 0ms
   ✓ Many-to-Many Relations > filter with manyToMany > none filter through junction 0ms
   × Many-to-Many Relations > filter with manyToMany > combines all supplied filters through the junction independent of key order 0ms
     → expected 'SELECT "q0"."id" AS "id", "q0"."title…' to be 'SELECT "q0"."id" AS "id", "q0"."title…' // Object.is equality
   × Many-to-Many Relations > filter with manyToMany > empty every through the junction lowers to portable true 0ms
     → expected 'SELECT "q0"."id" AS "id", "q0"."title…' not to contain 'EXISTS'
   ✓ Relation _count > count posts on author 0ms
   ✓ Relation _count > count with filter 0ms
   ✓ Multi-step writes > create with nested > create with connect rejects the single-statement build API 0ms
   × Multi-step writes > create with nested > create with nested create builds ONE folded statement 0ms
     → Operation 'create' does not compile to one SQL statement. Execute the operation instead.
   × Multi-step writes > create with nested > create with nested createMany builds ONE folded statement 0ms
     → Operation 'create' does not compile to one SQL statement. Execute the operation instead.
   ✓ Multi-step writes > create with nested > create with nested create list rejects the single-statement build API 0ms
   ✓ Multi-step writes > update with nested > update with connect rejects the single-statement build API 0ms
   × Multi-step writes > update with nested > a required relation publishes no disconnect at all 0ms
     → expected error to be instance of ValidationError
   ✓ Multi-step writes > update with nested > update with nested update rejects the single-statement build API 0ms
   × Multi-step writes > dialect top-level relation-filter mutations > 'PostgreSQL' updateMany relation filter stays correlated to the target table 0ms
     → Operation 'updateMany' does not compile to one SQL statement. Execute the operation instead.
   × Multi-step writes > dialect top-level relation-filter mutations > 'SQLite' updateMany relation filter stays correlated to the target table 0ms
     → Operation 'updateMany' does not compile to one SQL statement. Execute the operation instead.
   × Multi-step writes > dialect top-level relation-filter mutations > 'MySQL' updateMany relation filter stays correlated to the target table 0ms
     → Operation 'updateMany' does not compile to one SQL statement. Execute the operation instead.
   × Multi-step writes > dialect top-level relation-filter mutations > 'PostgreSQL' deleteMany relation filter stays correlated to the target table 0ms
     → Operation 'deleteMany' does not compile to one SQL statement. Execute the operation instead.
   × Multi-step writes > dialect top-level relation-filter mutations > 'SQLite' deleteMany relation filter stays correlated to the target table 0ms
     → Operation 'deleteMany' does not compile to one SQL statement. Execute the operation instead.
   × Multi-step writes > dialect top-level relation-filter mutations > 'MySQL' deleteMany relation filter stays correlated to the target table 0ms
     → Operation 'deleteMany' does not compile to one SQL statement. Execute the operation instead.
   ✓ Aggregates > count > simple count 0ms
   ✓ Aggregates > count > count with where 0ms
   × Aggregates > count > with order and pagination counts an input subquery 0ms
     → expected 'SELECT COUNT(*) AS "_count" FROM (SEL…' to contain 'aggregate_input'
   × Aggregates > count > with cursor pagination counts an input subquery 0ms
     → expected 'SELECT COUNT(*) AS "_count" FROM (SEL…' to contain 'aggregate_input'
   × Aggregates > count > with supported relation order counts an input subquery 0ms
     → expected 'SELECT COUNT(*) AS "_count" FROM (SEL…' to match /LEFT JOIN/i
   ✓ Aggregates > count > with unsupported relation order fails closed 0ms
   × Aggregates > aggregate > projects selected count members and ignores false selections 1ms
     → expected 'SELECT json_build_object($1::text, CO…' to contain 'COUNT("aggregate_input"."id")'
   ✓ Aggregates > aggregate > with _sum, _avg, _min, _max 0ms
   × Aggregates > aggregate > with order and pagination aggregates an input subquery 0ms
     → expected 'SELECT COUNT(*) AS "_count", json_bui…' to contain 'aggregate_input'
   × Aggregates > aggregate > with supported relation order aggregates an input subquery 0ms
     → expected 'SELECT COUNT(*) AS "_count" FROM (SEL…' to match /LEFT JOIN/i
   ✓ Aggregates > aggregate > with unsupported relation order fails closed 0ms
   ✓ Aggregates > groupBy > with aggregate having (_count) 1ms
   ✓ Aggregates > groupBy > with multiple aggregates on same field 0ms
   ✓ Aggregates > groupBy > with multiple fields (aggregate having) 0ms
   × Aggregates > groupBy > with direct value filter in having 0ms
     → expected 'SELECT "q0"."authorId" AS "authorId" …' to contain '"t0"."authorId" ='
   × Aggregates > groupBy > with direct object filter (equals) 0ms
     → expected 'SELECT "q0"."authorId" AS "authorId" …' to contain '"t0"."authorId" ='
   ✓ Aggregates > groupBy > with direct object filter (in) 0ms
   ✓ Aggregates > groupBy > with direct object filter (notIn) 0ms
   × Aggregates > groupBy > with mixed aggregate and direct filters 0ms
     → expected 'SELECT "q0"."authorId" AS "authorId" …' to contain '"t0"."authorId" ='
   × Aggregates > groupBy > throws when direct having filter field is not in by 0ms
     → expected [Function] to throw an error
   ✓ Aggregates > groupBy > combines logical having arms without widening empty disjunctions 0ms
   ✓ Aggregates > groupBy > orders groups by every aggregate expression and applies a window 0ms
   ✓ Aggregates > groupBy > keeps empty aggregate membership comparisons mathematically exact 0ms
   ✓ Aggregates > groupBy > compares nullable aggregate answers with IS NULL semantics 0ms
   ✓ assembleInnerQuery helper > basic query: SELECT FROM WHERE 0ms
   ✓ assembleInnerQuery helper > with joins 0ms
   ✓ assembleInnerQuery helper > with ORDER BY 0ms
   ✓ assembleInnerQuery helper > with LIMIT 0ms
   ✓ assembleInnerQuery helper > with OFFSET 0ms
   ✓ assembleInnerQuery helper > full query: SELECT FROM JOIN WHERE ORDER LIMIT OFFSET 0ms
   ✓ assembleInnerQuery helper > empty joins array is ignored 0ms
   ✓ assembleInnerQuery helper > distinct without an order uses PostgreSQL's DISTINCT ON 0ms
   ✓ assembleInnerQuery helper > distinct with an order uses the ROW_NUMBER partition emulation 0ms
   ✓ batch ref adapter SQL > PostgreSQL adapter owns batch ref storage SQL 0ms
   ✓ batch ref adapter SQL > SQLite adapter owns batch ref storage SQL 0ms
   ✓ batch ref adapter SQL > MySQL retains exact statement-local generated identity storage 0ms
   ✓ explicit undefined args behave like absent args > findMany with { where: undefined } matches {} 0ms
   ✓ explicit undefined args behave like absent args > findMany with undefined where field matches omitting it 0ms
   ✓ explicit undefined args behave like absent args > findMany with undefined select/orderBy/take matches {} 0ms
   × explicit undefined args behave like absent args > update with undefined data field does not touch the column 0ms
     → Operation 'update' does not compile to one SQL statement. Execute the operation instead.
   ✓ explicit undefined args behave like absent args > relation count with { where: undefined } matches plain count 0ms
   ✓ coverage low value > operation builders fail closed on shapes excluded by validation 1ms
   ✓ coverage low value > relation order helpers fail closed on shapes excluded by validation 1ms
   ✓ coverage low value > sort order helper refuses invalid directions excluded by validation 1ms
   ✓ coverage low value > distinct helper refuses a non-scalar field excluded by validation 0ms
 ❯ |layer-query-engine| tests/contracts/engine/query/read-traversal-byte-pins.core.test.ts (32 tests | 32 failed) 88ms
   × self-relation many-to-many read SQL > PostgreSQL include of the forward side (follows) 7ms
     → Snapshot `self-relation many-to-many read SQL > PostgreSQL include of the forward side (follows) 1` mismatched
   × self-relation many-to-many read SQL > SQLite include of the forward side (follows) 2ms
     → Snapshot `self-relation many-to-many read SQL > SQLite include of the forward side (follows) 1` mismatched
   × self-relation many-to-many read SQL > MySQL include of the forward side (follows) 3ms
     → Snapshot `self-relation many-to-many read SQL > MySQL include of the forward side (follows) 1` mismatched
   × self-relation many-to-many read SQL > PostgreSQL include of the reversed side (followedBy) 2ms
     → Snapshot `self-relation many-to-many read SQL > PostgreSQL include of the reversed side (followedBy) 1` mismatched
   × self-relation many-to-many read SQL > SQLite include of the reversed side (followedBy) 1ms
     → Snapshot `self-relation many-to-many read SQL > SQLite include of the reversed side (followedBy) 1` mismatched
   × self-relation many-to-many read SQL > PostgreSQL some and none filters through the self junction 1ms
     → Snapshot `self-relation many-to-many read SQL > PostgreSQL some and none filters through the self junction 1` mismatched
   × self-relation many-to-many read SQL > SQLite some and none filters through the self junction 0ms
     → Snapshot `self-relation many-to-many read SQL > SQLite some and none filters through the self junction 1` mismatched
   × self-relation many-to-many read SQL > PostgreSQL _count of the self relation 1ms
     → Snapshot `self-relation many-to-many read SQL > PostgreSQL _count of the self relation 1` mismatched
   × self-relation many-to-many read SQL > SQLite _count of the self relation 1ms
     → Snapshot `self-relation many-to-many read SQL > SQLite _count of the self relation 1` mismatched
   × ordinary many-to-many read SQL > PostgreSQL include takes the LATERAL strategy 2ms
     → Snapshot `ordinary many-to-many read SQL > PostgreSQL include takes the LATERAL strategy 1` mismatched
   × ordinary many-to-many read SQL > SQLite include takes the correlated-subquery strategy 1ms
     → Snapshot `ordinary many-to-many read SQL > SQLite include takes the correlated-subquery strategy 1` mismatched
   × ordinary many-to-many read SQL > PostgreSQL some, every and none filters through the junction 1ms
     → Snapshot `ordinary many-to-many read SQL > PostgreSQL some, every and none filters through the junction 1` mismatched
   × ordinary many-to-many read SQL > PostgreSQL _count through the junction 1ms
     → Snapshot `ordinary many-to-many read SQL > PostgreSQL _count through the junction 1` mismatched
   × foreign-key read SQL > PostgreSQL scalar-FK include, to-one then to-many 1ms
     → Snapshot `foreign-key read SQL > PostgreSQL scalar-FK include, to-one then to-many 1` mismatched
   × foreign-key read SQL > SQLite scalar-FK include, to-one then to-many 1ms
     → Snapshot `foreign-key read SQL > SQLite scalar-FK include, to-one then to-many 1` mismatched
   × foreign-key read SQL > PostgreSQL compound-FK to-one include correlates on both members 1ms
     → Snapshot `foreign-key read SQL > PostgreSQL compound-FK to-one include correlates on both members 1` mismatched
   × foreign-key read SQL > PostgreSQL findUnique by the named compound unique 0ms
     → Snapshot `foreign-key read SQL > PostgreSQL findUnique by the named compound unique 1` mismatched
   × relation ordering read SQL > PostgreSQL orderBy through a to-one chain joins the target 0ms
     → Snapshot `relation ordering read SQL > PostgreSQL orderBy through a to-one chain joins the target 1` mismatched
   × relation ordering read SQL > PostgreSQL orderBy on a to-many _count uses a count subquery 0ms
     → Snapshot `relation ordering read SQL > PostgreSQL orderBy on a to-many _count uses a count subquery 1` mismatched
   × polymorphic inverse read SQL > PostgreSQL to-many inverse include takes the LATERAL strategy 2ms
     → Snapshot `polymorphic inverse read SQL > PostgreSQL to-many inverse include takes the LATERAL strategy 1` mismatched
   × polymorphic inverse read SQL > SQLite to-many inverse include takes the correlated-subquery strategy 1ms
     → Snapshot `polymorphic inverse read SQL > SQLite to-many inverse include takes the correlated-subquery strategy 1` mismatched
   × polymorphic inverse read SQL > PostgreSQL fields-less singular inverse include 1ms
     → Snapshot `polymorphic inverse read SQL > PostgreSQL fields-less singular inverse include 1` mismatched
   × nested include read SQL > PostgreSQL depth-2 include with an inner where, orderBy and take 3ms
     → Snapshot `nested include read SQL > PostgreSQL depth-2 include with an inner where, orderBy and take 1` mismatched
   × nested include read SQL > SQLite depth-2 include with an inner where, orderBy and take 2ms
     → Snapshot `nested include read SQL > SQLite depth-2 include with an inner where, orderBy and take 1` mismatched
   × polymorphic collection read SQL > PostgreSQL direct collection include, every variant 20ms
     → Snapshot `polymorphic collection read SQL > PostgreSQL direct collection include, every variant 1` mismatched
   × polymorphic collection read SQL > SQLite direct collection include, every variant 17ms
     → Snapshot `polymorphic collection read SQL > SQLite direct collection include, every variant 1` mismatched
   × polymorphic collection read SQL > PostgreSQL direct collection include narrowed by only 10ms
     → Snapshot `polymorphic collection read SQL > PostgreSQL direct collection include narrowed by only 1` mismatched
   × polymorphic collection read SQL > PostgreSQL collection quantifier filters 1ms
     → Snapshot `polymorphic collection read SQL > PostgreSQL collection quantifier filters 1` mismatched
   × polymorphic collection read SQL > PostgreSQL collection _count projection and ordering 1ms
     → Snapshot `polymorphic collection read SQL > PostgreSQL collection _count projection and ordering 1` mismatched
   × polymorphic collection read SQL > PostgreSQL singular collection inverse include 2ms
     → Snapshot `polymorphic collection read SQL > PostgreSQL singular collection inverse include 1` mismatched
   × polymorphic collection read SQL > PostgreSQL plural collection inverse include 2ms
     → Snapshot `polymorphic collection read SQL > PostgreSQL plural collection inverse include 1` mismatched
   × polymorphic collection read SQL > PostgreSQL parent ordering through a singular collection inverse 1ms
     → Snapshot `polymorphic collection read SQL > PostgreSQL parent ordering through a singular collection inverse 1` mismatched
 ✓ |layer-query-engine| tests/contracts/engine/query/polymorphic-read-sql.core.test.ts (30 tests) 12ms
 ✓ |layer-query-engine| tests/contracts/engine/query/scalar-result-contracts.core.test.ts (102 tests) 20ms
 ✓ |layer-query-engine| tests/contracts/engine/query/query-builder-coverage-boundaries.core.test.ts (23 tests) 9ms
 ❯ |layer-query-engine| tests/contracts/engine/query/operand-callback-sql.core.test.ts (74 tests | 12 failed) 88ms
   ✓ 'PostgreSQL' operand callbacks > the callback form and the token form compile identically 3ms
   ✓ 'PostgreSQL' operand callbacks > every comparison operator takes the callback 8ms
   ✓ 'PostgreSQL' operand callbacks > the bare shorthand takes the callback too 1ms
   ✓ 'PostgreSQL' operand callbacks > the callback resolves through .map(), like the token 0ms
   × 'PostgreSQL' operand callbacks > a fragment operand is spliced parenthesized, its values bound 1ms
     → expected 'SELECT "q0"."id" AS "id", "q0"."title…' to contain '($1 + $2)'
   ✓ 'PostgreSQL' operand callbacks > a fragment operand that carries a hostile string stays a parameter 0ms
   × 'PostgreSQL' operand callbacks > a fragment, a reference and a literal mix in one where 1ms
     → expected 'SELECT "q0"."id" AS "id", "q0"."title…' to contain '($1 - $2)'
   ✓ 'PostgreSQL' operand callbacks > a bare Sql fragment is accepted without the callback 1ms
   × 'PostgreSQL' operand callbacks > a subquery fragment compiles as an operand 1ms
     → expected 'SELECT "q0"."id" AS "id", "q0"."title…' to contain '(SELECT MAX(v) FROM'
   ✓ 'PostgreSQL' operand callbacks > `ctx.fields` at depth 2 names the nested model's columns 1ms
   ✓ 'PostgreSQL' operand callbacks > a nested `ctx.fields` cannot reach the enclosing model's columns 1ms
   ✓ 'PostgreSQL' operand callbacks > the scope pops back out of a nested relation filter 0ms
   ✓ 'PostgreSQL' operand callbacks > an extended unique where takes a callback in its filter portion 1ms
   ✓ 'MySQL' operand callbacks > the callback form and the token form compile identically 1ms
   ✓ 'MySQL' operand callbacks > every comparison operator takes the callback 5ms
   ✓ 'MySQL' operand callbacks > the bare shorthand takes the callback too 6ms
   ✓ 'MySQL' operand callbacks > the callback resolves through .map(), like the token 0ms
   × 'MySQL' operand callbacks > a fragment operand is spliced parenthesized, its values bound 2ms
     → expected 'SELECT `q0`.`id` AS `id`, `q0`.`title…' to contain '($1 + $2)'
   ✓ 'MySQL' operand callbacks > a fragment operand that carries a hostile string stays a parameter 1ms
   × 'MySQL' operand callbacks > a fragment, a reference and a literal mix in one where 1ms
     → expected 'SELECT `q0`.`id` AS `id`, `q0`.`title…' to contain '($1 - $2)'
   ✓ 'MySQL' operand callbacks > a bare Sql fragment is accepted without the callback 1ms
   × 'MySQL' operand callbacks > a subquery fragment compiles as an operand 1ms
     → expected 'SELECT `q0`.`id` AS `id`, `q0`.`title…' to contain '(SELECT MAX(v) FROM'
   ✓ 'MySQL' operand callbacks > `ctx.fields` at depth 2 names the nested model's columns 1ms
   ✓ 'MySQL' operand callbacks > a nested `ctx.fields` cannot reach the enclosing model's columns 0ms
   ✓ 'MySQL' operand callbacks > the scope pops back out of a nested relation filter 0ms
   ✓ 'MySQL' operand callbacks > an extended unique where takes a callback in its filter portion 1ms
   ✓ 'SQLite' operand callbacks > the callback form and the token form compile identically 2ms
   ✓ 'SQLite' operand callbacks > every comparison operator takes the callback 3ms
   ✓ 'SQLite' operand callbacks > the bare shorthand takes the callback too 0ms
   ✓ 'SQLite' operand callbacks > the callback resolves through .map(), like the token 0ms
   × 'SQLite' operand callbacks > a fragment operand is spliced parenthesized, its values bound 1ms
     → expected 'SELECT "q0"."id" AS "id", "q0"."title…' to contain '($1 + $2)'
   ✓ 'SQLite' operand callbacks > a fragment operand that carries a hostile string stays a parameter 0ms
   × 'SQLite' operand callbacks > a fragment, a reference and a literal mix in one where 0ms
     → expected 'SELECT "q0"."id" AS "id", "q0"."title…' to contain '($1 - $2)'
   ✓ 'SQLite' operand callbacks > a bare Sql fragment is accepted without the callback 0ms
   × 'SQLite' operand callbacks > a subquery fragment compiles as an operand 0ms
     → expected 'SELECT "q0"."id" AS "id", "q0"."title…' to contain '(SELECT MAX(v) FROM'
   ✓ 'SQLite' operand callbacks > `ctx.fields` at depth 2 names the nested model's columns 1ms
   ✓ 'SQLite' operand callbacks > a nested `ctx.fields` cannot reach the enclosing model's columns 0ms
   ✓ 'SQLite' operand callbacks > the scope pops back out of a nested relation filter 0ms
   ✓ 'SQLite' operand callbacks > an extended unique where takes a callback in its filter portion 0ms
   ✓ what a callback may return > a plain value is refused, naming the operation and the path 0ms
   ✓ what a callback may return > an async callback is refused as a promise, not awaited 0ms
   ✓ what a callback may return > a throwing callback surfaces as a validation issue at its path 0ms
   ✓ what a callback may return > a mistyped `ctx.fields` key throws, naming the field and the model 0ms
   ✓ what a callback may return > a reference of the wrong scalar type is refused 0ms
   ✓ what a callback may return > another model's token, smuggled in, is still refused 0ms
   ✓ surfaces that stay closed > `in` takes values, not fragments 0ms
   ✓ surfaces that stay closed > a fragment is refused in `having` 1ms
   ✓ surfaces that stay closed > a fragment is refused in `having` at any `not` depth 2ms
   ✓ surfaces that stay closed > a callback cannot smuggle a fragment into `having` either 0ms
   ✓ surfaces that stay closed > a fragment is refused in a JSON filter operand, as non-JSON 0ms
   × surfaces that stay closed > a fragment is refused in JSON write data, as non-JSON 0ms
     → expected 'QueryEngineError' to be 'ValidationError' // Object.is equality
   × surfaces that stay closed > a JSON document that looks like a fragment still writes 0ms
     → expected [Function] to not throw an error but 'QueryEngineError: Operation \'updateM…' was thrown
   ✓ surfaces that stay closed > a JSON document that looks like a fragment FILTERS as a value 0ms
   × surfaces that stay closed > write data takes no callback 0ms
     → expected 'QueryEngineError' to be 'ValidationError' // Object.is equality
   ✓ surfaces that stay closed > a text predicate keeps the token but takes no fragment 0ms
   ✓ the public entry point > exports the token factory the docs teach, and it filters 1ms
   ✓ every filter position the scope has to reach > a nested write's own `where` scopes to the relation TARGET 2ms
   ✓ every filter position the scope has to reach > a nested write's `where` cannot reach the PARENT's columns 1ms
   ✓ every filter position the scope has to reach > a relation `where` under `include` and under `_count` both scope 1ms
   ✓ every filter position the scope has to reach > the aggregate families take the callback in their `where` 2ms
   ✓ every filter position the scope has to reach > a selector that is not a filter takes no callback 2ms
   ✓ operand typing > `ctx` is inferred — the model in scope needs no annotation 2ms
   ✓ operand typing > a mistyped `ctx.fields` key is a compile error 1ms
   ✓ operand typing > the callback's return carries the operand's scalar type 1ms
   ✓ operand typing > a nested `ctx` is the target model's, at the type level 6ms
   ✓ operand typing > a callback is a compile error in `cursor` and in `orderBy` 1ms
   ✓ an unknown key is refused the same way beside every operand kind > unknown operator beside a value 2ms
   ✓ an unknown key is refused the same way beside every operand kind > unknown operator beside a token 0ms
   ✓ an unknown key is refused the same way beside every operand kind > unknown operator beside a fragment 1ms
   ✓ an unknown key is refused the same way beside every operand kind > unknown operator beside a callback 1ms
   ✓ an unknown key is refused the same way beside every operand kind > unknown field beside a value 1ms
   ✓ an unknown key is refused the same way beside every operand kind > unknown field beside a token 2ms
   ✓ an unknown key is refused the same way beside every operand kind > unknown field beside a fragment 1ms
   ✓ an unknown key is refused the same way beside every operand kind > unknown field beside a callback 3ms
 ✓ |layer-query-engine| tests/contracts/engine/query/result-parser-contracts.core.test.ts (74 tests) 15ms
 ❯ |layer-query-engine| tests/contracts/engine/query/field-reference-sql.core.test.ts (89 tests | 40 failed) 54ms
   ✓ 'PostgreSQL' field-reference SQL > a reference becomes a qualified column, not a bound parameter 2ms
   ✓ 'PostgreSQL' field-reference SQL > the reference resolves through .map(), not the field key 0ms
   ✓ 'PostgreSQL' field-reference SQL > a literal beside a reference is still bound 0ms
   ✓ 'PostgreSQL' field-reference SQL > a nested relation where resolves the reference on the relation's alias 1ms
   × 'PostgreSQL' field-reference SQL > collation and folding of a referenced operand > default mode compares both sides under the case-sensitive collation 1ms
     → expected '"q0"."title" = "q0"."slug_col"' to be '"t0"."title" = "t0"."slug_col"' // Object.is equality
   × 'PostgreSQL' field-reference SQL > collation and folding of a referenced operand > insensitive mode folds AND collates both sides 0ms
     → expected 'TRANSLATE("q0"."title", \'ABCDEFGHIJK…' to be 'TRANSLATE("t0"."title", \'ABCDEFGHIJK…' // Object.is equality
   × 'PostgreSQL' field-reference SQL > collation and folding of a referenced operand > insensitive `not` negates the folded comparison 0ms
     → expected 'NOT (TRANSLATE("q0"."title", \'ABCDEF…' to be 'NOT (TRANSLATE("t0"."title", \'ABCDEF…' // Object.is equality
   × 'PostgreSQL' field-reference SQL > collation and folding of a referenced operand > insensitive contains carries the fold onto the referenced operand 1ms
     → expected 'POSITION(TRANSLATE("q0"."slug_col", \…' to contain 'TRANSLATE("t0"."title", \'ABCDEFGHIJK…'
   × 'PostgreSQL' field-reference SQL > collation and folding of a referenced operand > insensitive startsWith carries the fold onto the referenced operand 1ms
     → expected 'LEFT(TRANSLATE("q0"."title", \'ABCDEF…' to contain 'TRANSLATE("t0"."title", \'ABCDEFGHIJK…'
   × 'PostgreSQL' field-reference SQL > collation and folding of a referenced operand > insensitive endsWith carries the fold onto the referenced operand 1ms
     → expected 'RIGHT(TRANSLATE("q0"."title", \'ABCDE…' to contain 'TRANSLATE("t0"."title", \'ABCDEFGHIJK…'
   × 'PostgreSQL' field-reference SQL > collation and folding of a referenced operand > default mode leaves the string predicates unwrapped on both sides 1ms
     → expected 'POSITION("q0"."slug_col" IN "q0"."tit…' to contain '"t0"."title"'
   × 'PostgreSQL' field-reference SQL > collation and folding of a referenced operand > a literal operand is folded but not collation-wrapped 0ms
     → expected 'TRANSLATE("q0"."title", \'ABCDEFGHIJK…' to be 'TRANSLATE("t0"."title", \'ABCDEFGHIJK…' // Object.is equality
   × 'PostgreSQL' field-reference SQL > enum operands > equals against a reference casts both sides to text 0ms
     → expected '"q0"."status" = CAST("q0"."review_sta…' to be 'CAST("t0"."status" AS TEXT) = CAST("t…' // Object.is equality
   × 'PostgreSQL' field-reference SQL > enum operands > not against a reference negates the same comparison 0ms
     → expected 'NOT ("q0"."status" = CAST("q0"."revie…' to be 'NOT (CAST("t0"."status" AS TEXT) = CA…' // Object.is equality
   × 'PostgreSQL' field-reference SQL > enum operands > a literal operand leaves the column uncast and bound 1ms
     → expected '"q0"."status" = $1' to be '"t0"."status" = $1' // Object.is equality
   ✓ 'PostgreSQL' field-reference SQL > a cross-model reference is refused at build time 0ms
   ✓ 'PostgreSQL' field-reference SQL > a reference to a scalar of another type is refused by validation 0ms
   ✓ 'PostgreSQL' field-reference SQL > a list-scalar reference is refused 0ms
   ✓ 'MySQL' field-reference SQL > a reference becomes a qualified column, not a bound parameter 0ms
   ✓ 'MySQL' field-reference SQL > the reference resolves through .map(), not the field key 0ms
   ✓ 'MySQL' field-reference SQL > a literal beside a reference is still bound 0ms
   ✓ 'MySQL' field-reference SQL > a nested relation where resolves the reference on the relation's alias 0ms
   × 'MySQL' field-reference SQL > collation and folding of a referenced operand > default mode compares both sides under the case-sensitive collation 0ms
     → expected 'BINARY `q0`.`title` = BINARY `q0`.`sl…' to be 'BINARY `t0`.`title` = BINARY `t0`.`sl…' // Object.is equality
   × 'MySQL' field-reference SQL > collation and folding of a referenced operand > insensitive mode folds AND collates both sides 0ms
     → expected 'BINARY REPLACE(REPLACE(REPLACE(REPLAC…' to be 'BINARY REPLACE(REPLACE(REPLACE(REPLAC…' // Object.is equality
   × 'MySQL' field-reference SQL > collation and folding of a referenced operand > insensitive `not` negates the folded comparison 0ms
     → expected 'NOT (BINARY REPLACE(REPLACE(REPLACE(R…' to be 'NOT (BINARY REPLACE(REPLACE(REPLACE(R…' // Object.is equality
   × 'MySQL' field-reference SQL > collation and folding of a referenced operand > insensitive contains carries the fold onto the referenced operand 1ms
     → expected 'LOCATE(BINARY BINARY REPLACE(REPLACE(…' to contain 'BINARY REPLACE(REPLACE(REPLACE(REPLAC…'
   × 'MySQL' field-reference SQL > collation and folding of a referenced operand > insensitive startsWith carries the fold onto the referenced operand 1ms
     → expected 'LEFT(BINARY BINARY REPLACE(REPLACE(RE…' to contain 'BINARY REPLACE(REPLACE(REPLACE(REPLAC…'
   × 'MySQL' field-reference SQL > collation and folding of a referenced operand > insensitive endsWith carries the fold onto the referenced operand 1ms
     → expected 'RIGHT(BINARY BINARY REPLACE(REPLACE(R…' to contain 'BINARY REPLACE(REPLACE(REPLACE(REPLAC…'
   × 'MySQL' field-reference SQL > collation and folding of a referenced operand > default mode leaves the string predicates unwrapped on both sides 1ms
     → expected 'LOCATE(BINARY BINARY `q0`.`slug_col`,…' to contain '`t0`.`title`'
   × 'MySQL' field-reference SQL > collation and folding of a referenced operand > a literal operand is folded but not collation-wrapped 1ms
     → expected 'BINARY REPLACE(REPLACE(REPLACE(REPLAC…' to be 'BINARY REPLACE(REPLACE(REPLACE(REPLAC…' // Object.is equality
   × 'MySQL' field-reference SQL > enum operands > equals against a reference casts both sides to text 0ms
     → expected 'BINARY `q0`.`status` = BINARY CAST(`q…' to be 'BINARY CAST(`t0`.`status` AS CHAR) = …' // Object.is equality
   × 'MySQL' field-reference SQL > enum operands > not against a reference negates the same comparison 1ms
     → expected 'NOT (BINARY `q0`.`status` = BINARY CA…' to be 'NOT (BINARY CAST(`t0`.`status` AS CHA…' // Object.is equality
   × 'MySQL' field-reference SQL > enum operands > a literal operand leaves the column uncast and bound 1ms
     → expected '(`q0`.`status` = $1 AND BINARY `q0`.`…' to be '(`t0`.`status` = $1 AND BINARY `t0`.`…' // Object.is equality
   ✓ 'MySQL' field-reference SQL > a cross-model reference is refused at build time 0ms
   ✓ 'MySQL' field-reference SQL > a reference to a scalar of another type is refused by validation 0ms
   ✓ 'MySQL' field-reference SQL > a list-scalar reference is refused 0ms
   ✓ 'SQLite' field-reference SQL > a reference becomes a qualified column, not a bound parameter 0ms
   ✓ 'SQLite' field-reference SQL > the reference resolves through .map(), not the field key 0ms
   ✓ 'SQLite' field-reference SQL > a literal beside a reference is still bound 0ms
   ✓ 'SQLite' field-reference SQL > a nested relation where resolves the reference on the relation's alias 0ms
   × 'SQLite' field-reference SQL > collation and folding of a referenced operand > default mode compares both sides under the case-sensitive collation 0ms
     → expected '"q0"."title" COLLATE BINARY = "q0"."s…' to be '"t0"."title" COLLATE BINARY = "t0"."s…' // Object.is equality
   × 'SQLite' field-reference SQL > collation and folding of a referenced operand > insensitive mode folds AND collates both sides 1ms
     → expected 'lower("q0"."title") COLLATE BINARY = …' to be 'lower("t0"."title") COLLATE BINARY = …' // Object.is equality
   × 'SQLite' field-reference SQL > collation and folding of a referenced operand > insensitive `not` negates the folded comparison 0ms
     → expected 'NOT (lower("q0"."title") COLLATE BINA…' to be 'NOT (lower("t0"."title") COLLATE BINA…' // Object.is equality
   × 'SQLite' field-reference SQL > collation and folding of a referenced operand > insensitive contains carries the fold onto the referenced operand 0ms
     → expected 'instr(lower("q0"."title") COLLATE BIN…' to contain 'lower("t0"."title") COLLATE BINARY'
   × 'SQLite' field-reference SQL > collation and folding of a referenced operand > insensitive startsWith carries the fold onto the referenced operand 0ms
     → expected 'substr(lower("q0"."title") COLLATE BI…' to contain 'lower("t0"."title") COLLATE BINARY'
   × 'SQLite' field-reference SQL > collation and folding of a referenced operand > insensitive endsWith carries the fold onto the referenced operand 1ms
     → expected 'CASE WHEN length(lower("q0"."slug_col…' to contain 'lower("t0"."title") COLLATE BINARY'
   × 'SQLite' field-reference SQL > collation and folding of a referenced operand > default mode leaves the string predicates unwrapped on both sides 0ms
     → expected 'instr("q0"."title", "q0"."slug_col" C…' to contain '"t0"."title"'
   × 'SQLite' field-reference SQL > collation and folding of a referenced operand > a literal operand is folded but not collation-wrapped 1ms
     → expected 'lower("q0"."title") COLLATE BINARY = …' to be 'lower("t0"."title") COLLATE BINARY = …' // Object.is equality
   × 'SQLite' field-reference SQL > enum operands > equals against a reference casts both sides to text 1ms
     → expected '"q0"."status" COLLATE BINARY = CAST("…' to be 'CAST("t0"."status" AS TEXT) COLLATE B…' // Object.is equality
   × 'SQLite' field-reference SQL > enum operands > not against a reference negates the same comparison 1ms
     → expected 'NOT ("q0"."status" COLLATE BINARY = C…' to be 'NOT (CAST("t0"."status" AS TEXT) COLL…' // Object.is equality
   × 'SQLite' field-reference SQL > enum operands > a literal operand leaves the column uncast and bound 2ms
     → expected '"q0"."status" COLLATE BINARY = $1' to be '"t0"."status" COLLATE BINARY = $1' // Object.is equality
   ✓ 'SQLite' field-reference SQL > a cross-model reference is refused at build time 1ms
   ✓ 'SQLite' field-reference SQL > a reference to a scalar of another type is refused by validation 0ms
   ✓ 'SQLite' field-reference SQL > a list-scalar reference is refused 1ms
   ✓ surfaces that stay closed to field references > groupBy having refuses a reference (Prisma excludes it too) 2ms
   ✓ surfaces that stay closed to field references > groupBy having refuses a reference nested 0 `not` levels deep 1ms
   ✓ surfaces that stay closed to field references > groupBy having refuses a reference nested 1 `not` levels deep 1ms
   ✓ surfaces that stay closed to field references > groupBy having refuses a reference nested 2 `not` levels deep 1ms
   ✓ surfaces that stay closed to field references > groupBy having refuses a reference nested 3 `not` levels deep 1ms
   ✓ surfaces that stay closed to field references > groupBy having refuses a reference nested 4 `not` levels deep 1ms
   ✓ surfaces that stay closed to field references > groupBy having refuses a reference nested 5 `not` levels deep 1ms
   ✓ surfaces that stay closed to field references > groupBy having refuses a reference nested 6 `not` levels deep 1ms
   ✓ surfaces that stay closed to field references > groupBy having refuses a reference nested 12 `not` levels deep 1ms
   ✓ surfaces that stay closed to field references > groupBy having refuses a reference nested 64 `not` levels deep 1ms
   ✓ surfaces that stay closed to field references > groupBy having refuses a deeply nested reference under AND 0ms
   ✓ surfaces that stay closed to field references > groupBy having refuses a deeply nested reference under OR 0ms
   ✓ surfaces that stay closed to field references > groupBy having refuses a deeply nested reference under NOT 0ms
   ✓ surfaces that stay closed to field references > the same deep chain is still legal in `where` 0ms
   ✓ surfaces that stay closed to field references > having still accepts ordinary scalar and aggregate filters 1ms
   ✓ surfaces that stay closed to field references > a reference is refused in set-membership operands 0ms
   ✓ surfaces that stay closed to field references > a reference is refused in whereUnique 0ms
   × surfaces that stay closed to field references > a reference is refused in create data 1ms
     → expected [Function] to not throw an error but 'QueryEngineError: Operation \'create\…' was thrown
   ✓ surfaces that stay closed to field references > a reference is refused in update data 1ms
   ✓ surfaces that stay closed to field references > a reference is refused in orderBy 1ms
   ✓ JSON operands stay closed to field references > a JSON filter refuses a reference in equals 1ms
   ✓ JSON operands stay closed to field references > a JSON filter refuses a reference in array_contains 0ms
   ✓ JSON operands stay closed to field references > a JSON filter refuses a reference in array_starts_with 0ms
   ✓ JSON operands stay closed to field references > a JSON filter refuses a reference in array_ends_with 0ms
   ✓ JSON operands stay closed to field references > a JSON filter refuses a reference in equals under a path 0ms
   ✓ JSON operands stay closed to field references > a JSON filter refuses a reference in equals under not 0ms
   ✓ JSON operands stay closed to field references > a JSON filter refuses a reference in buried inside a document 0ms
   × JSON operands stay closed to field references > JSON write data refuses a reference in a create data slot 0ms
     → expected [Function] to throw error matching /Field reference 'Post\.meta2' is not …/ but got 'Operation \'create\' does not compile…'
   × JSON operands stay closed to field references > JSON write data refuses a reference in a create data slot, buried 0ms
     → expected [Function] to throw error matching /Field reference 'Post\.meta2' is not …/ but got 'Operation \'create\' does not compile…'
   × JSON operands stay closed to field references > JSON update data refuses a reference in the shorthand form 0ms
     → expected [Function] to throw error matching /Field reference 'Post\.meta2' is not …/ but got 'Operation \'update\' does not compile…'
   × JSON operands stay closed to field references > JSON update data refuses a reference in the { set } form 0ms
     → expected [Function] to throw error matching /Field reference 'Post\.meta2' is not …/ but got 'Operation \'update\' does not compile…'
   × JSON operands stay closed to field references > JSON update data refuses a reference in a buried position 0ms
     → expected [Function] to throw error matching /Field reference 'Post\.meta2' is not …/ but got 'Operation \'update\' does not compile…'
   × JSON operands stay closed to field references > ordinary JSON documents still compile in filters and writes 1ms
     → expected [Function] to not throw an error but 'QueryEngineError: Operation \'create\…' was thrown
   ✓ field-reference typing > an Int reference is not assignable to a String filter operand 0ms
   ✓ field-reference typing > a model's reference table exposes scalar fields only, typed per model 0ms
 ❯ |layer-query-engine| tests/contracts/engine/query/pending-operation-contracts.core.test.ts (27 tests | 4 failed) 16ms
   ✓ PendingOperation frozen public contract > keeps construction and authority state behind the module factory 2ms
   ✓ PendingOperation frozen public contract > preserves client identity and mints transaction scope identity 0ms
   × PendingOperation frozen public contract > defers validation and execution until an execution or preparation method is used 1ms
     → expected function to throw an error, but it didn't
   ✓ PendingOperation frozen public contract > memoizes one execution across then, catch, finally, and execute 1ms
   ✓ PendingOperation frozen public contract > memoizes executeWith for the same driver 0ms
   ✓ PendingOperation frozen public contract > rejects default execution after driver-bound execution 0ms
   ✓ PendingOperation frozen public contract > rejects driver-bound execution after default execution 0ms
   ✓ PendingOperation frozen public contract > rejects a second, different driver 0ms
   × PendingOperation frozen public contract > prepares directly and as a bulk batch without executing 1ms
     → expected undefined to match object { sql: Any<String>, …(2) }
   × PendingOperation frozen public contract > preserves raw arguments, identity, attribution, and result parsing 3ms
     → Operation 'findMany' on model 'user' publishes no single driver result to parse.
   ✓ PendingOperation frozen public contract > the internal cache execution attachment is immutable and composes 1ms
   ✓ PendingOperation frozen public contract > publishes mutation cache invalidation after successful execution 1ms
   ✓ PendingOperation frozen public contract > preserves mutation failures without invalidating cache 0ms
   ✓ PendingOperation frozen public contract > publishes package registrations for every direct committed segment 0ms
   ✓ PendingOperation frozen public contract > owns cache invalidation failures instead of leaking a raw error 1ms
   ✓ PendingOperation frozen public contract > keeps PendingOperation as the root and client runtime export 0ms
   ✓ pending execution ownership > memoizes default and same-driver execution while excluding the other authority 0ms
   ✓ pending execution ownership > memoizes one driver and refuses a different driver or default execution 0ms
   ✓ pending execution ownership > reserves exactly one driver for an array coordinator and runs its child once 0ms
   ✓ pending execution ownership > refuses reservation after either execution authority was selected 0ms
   ✓ pending operation transaction coordination > publishes the exact operation authority through the registered owner 0ms
   ✓ pending operation transaction coordination > resolves request preparation once and rethrows the same preparation failure 0ms
   ✓ pending operation transaction coordination > stages one package listener and coordinates it through an array child 0ms
   ✓ pending operation transaction coordination > runs query interception and observation through the owner without provider work 2ms
   ✓ pending operation transaction coordination > requires observed coordination for request-only array transforms 0ms
   ✓ pending operation transaction coordination > exposes canonical cache input only for read operations 0ms
   × pending operation transaction coordination > normalizes OrThrow operation identity and refuses unknown routed names 0ms
     → expected [Function] to throw error matching /Unknown operation 'missing'/ but got 'Raptor 3 G1 operation is not implemen…'
 ✓ |layer-query-engine| tests/contracts/engine/query/query-operation-coverage-boundaries.core.test.ts (25 tests) 15ms
 ✓ |layer-query-engine| tests/contracts/engine/query/relation-mutation-program.core.test.ts (17 tests) 3ms
 ❯ |layer-query-engine| tests/contracts/engine/query/request-result-shape-contracts.core.test.ts (29 tests | 15 failed) 12ms
   ✓ request-aware result shapes > rejects known but unrequested and uniformly missing scalar columns 1ms
   × request-aware result shapes > enforces the requested projection on direct execution 2ms
     → promise resolved "[ { id: 'parent-1' } ]" instead of rejecting
   × request-aware result shapes > enforces requested nested include shapes and preserves empty relations 1ms
     → Operation 'findMany' on model 'parent' publishes no single driver result to parse.
   × request-aware result shapes > honors model-level omit in default SQL and result parsing 0ms
     → expected 'SELECT "q0"."id" AS "id" FROM "public…' to contain '"t0"."id" AS "id"'
   × request-aware result shapes > row keys are checked as a set, not as an order 0ms
     → expected 'SELECT "q0"."_count_children" AS "_co…' to contain '"t0"."id" AS "id", "t0"."secret" AS "…'
   × request-aware result shapes > keeps relation-count carriers distinct from same-named scalars 1ms
     → expected 'SELECT "q0"."id" AS "id", "q0"."_coun…' to contain 'AS "0viborm_relation_counts"'
   × request-aware result shapes > uses one short exact relation-count carrier across dialects 0ms
     → expected [ Array(1) ] to have a length of 2 but got 1
   ✓ request-aware result shapes > rejects a relation-count row with missing carrier 0ms
   ✓ request-aware result shapes > rejects a relation-count row with missing inner relation 0ms
   ✓ request-aware result shapes > rejects a relation-count row with extra inner relation 0ms
   ✓ request-aware result shapes > rejects a relation-count row with primitive carrier 0ms
   × request-aware result shapes > maps private aggregate carriers and rejects missing aggregate fields 0ms
     → Operation 'aggregate' on model 'grouped' publishes no single driver result to parse.
   × request-aware result shapes > fails closed when grouped scalars collide with public aggregates 1ms
     → expected [Function] to throw error including 'both grouped scalar \'_count\' and ag…' but got 'by.map is not a function'
   × request-aware result shapes > rejects duplicate groupBy fields for a empty result 1ms
     → expected [Function] to throw error matching /duplicate/i but got 'Operation \'groupBy\' on model \'grou…'
   × request-aware result shapes > rejects duplicate groupBy fields for a non-empty result 0ms
     → expected [Function] to throw error matching /duplicate/i but got 'Operation \'groupBy\' on model \'grou…'
   ✓ request-aware result shapes > rejects private carriers that were not requested 0ms
   ✓ request-aware result shapes > rejects private carrier names during client hydration 1ms
   ✓ request-aware result shapes > rejects empty mapped identifiers during client hydration 0ms
   ✓ request-aware result shapes > rejects scalar and relation key "__proto__" during client hydration 0ms
   ✓ request-aware result shapes > rejects scalar and relation key "constructor" during client hydration 0ms
   ✓ request-aware result shapes > rejects scalar and relation key "toString" during client hydration 0ms
   × request-aware result shapes > rejects inherited request key "__proto__" without a raw TypeError 0ms
     → expected function to throw an error, but it didn't
   × request-aware result shapes > rejects inherited request key "constructor" without a raw TypeError 0ms
     → expected function to throw an error, but it didn't
   × request-aware result shapes > rejects inherited request key "toString" without a raw TypeError 0ms
     → expected function to throw an error, but it didn't
   × request-aware result shapes > preserves cardinality for models with no public default scalars 0ms
     → expected 'SELECT  FROM "public"."emptyParent" A…' to contain '0viborm_empty_row'
   ✓ request-aware result shapes > carries and strips all-omitted held records 0ms
   × request-aware result shapes > fails closed on simultaneous scalar and computed _distance output 0ms
     → expected [Function] to throw error including 'cannot be selected together' but got 'Distance select supports only one _di…'
   ✓ request-aware result shapes > retains the scalar that owns a computed distance 0ms
   ✓ request-aware result shapes > rejects only nullable-vector distance selection 0ms
 ✓ |layer-query-engine| tests/contracts/engine/query/polymorphic-result-parser.core.test.ts (54 tests) 10ms
 ❯ |layer-query-engine| tests/contracts/engine/query/geopoint-sql.core.test.ts (20 tests | 6 failed) 15ms
   ✓ GeoPoint adapter SQL > settles each adapter GeoPoint protocol as one immutable fact 0ms
   ✓ GeoPoint adapter SQL > binds longitude before latitude in every physical constructor 0ms
   ✓ GeoPoint adapter SQL > binds canonical polygons and never concatenates caller geometry 1ms
   ✓ GeoPoint adapter SQL > spells the same fixed-radius distance on PostgreSQL and MySQL 0ms
   ✓ GeoPoint adapter SQL > lowers whole-world, polar, and degenerate bounds on 'PostgreSQL' 0ms
   ✓ GeoPoint adapter SQL > lowers whole-world, polar, and degenerate bounds on 'MySQL' 0ms
   ✓ GeoPoint adapter SQL > lowers whole-world, polar, and degenerate bounds on 'SQLite' 0ms
   ✓ GeoPoint adapter SQL > adds an index-usable superset to ordinary bounds on 'PostgreSQL' 0ms
   ✓ GeoPoint adapter SQL > adds an index-usable superset to ordinary bounds on 'MySQL' 0ms
   × GeoPoint query lowering > lowers point values for writes on 'PostgreSQL' 1ms
     → Operation 'create' does not compile to one SQL statement. Execute the operation instead.
   × GeoPoint query lowering > lowers point values for writes on 'MySQL' 0ms
     → Operation 'createMany' does not compile to one SQL statement. Execute the operation instead.
   × GeoPoint query lowering > lowers point values for writes on 'SQLite' 0ms
     → Operation 'create' does not compile to one SQL statement. Execute the operation instead.
   ✓ GeoPoint query lowering > lowers exact equality and inclusive bounds on 'PostgreSQL' 1ms
   ✓ GeoPoint query lowering > lowers exact equality and inclusive bounds on 'MySQL' 0ms
   ✓ GeoPoint query lowering > lowers exact equality and inclusive bounds on 'SQLite' 0ms
   × GeoPoint query lowering > uses the smallest positive upper bound only in positive polarity 1ms
     → expected 'SELECT "q0"."id" AS "id" FROM "public…' to contain ' && '
   × GeoPoint query lowering > threads distance-prefilter polarity through relation quantifiers 1ms
     → expected 'SELECT "q0"."id" AS "id" FROM "public…' to contain ' && '
   × GeoPoint query lowering > combines every distance comparator and uses null-last point ordering 3ms
     → expected 'SELECT "q0"."id" AS "id", CASE WHEN "…' to contain 'AS "0viborm_distance"'
   ✓ GeoPoint query lowering > refuses unsupported SQLite work while keeping bounds portable 1ms
   ✓ GeoPoint query lowering > refuses every unsupported SQLite point operation before cache lookup 3ms
 ✓ |layer-query-engine| tests/contracts/engine/query/target-constraint.core.test.ts (20 tests) 4ms
 ✓ |layer-query-engine| tests/contracts/architecture/extension-system-census.core.test.ts (8 tests) 869ms
   ✓ extension-system source census > keeps no superseded owner or parallel runtime handler carrier  864ms
 ❯ |layer-query-engine| tests/contracts/engine/query/decimal-having-operand-sql.core.test.ts (48 tests | 6 failed) 32ms
   ✓ SQLite widened decimal sum operand range > admits every pinned in-range 19-digit coefficient 3ms
   ✓ SQLite widened decimal sum operand range > refuses the first coefficient beyond each signed-int64 endpoint 2ms
   ✓ SQLite widened decimal sum operand range > refuses a very wide coefficient through the same pre-I/O boundary 0ms
   ✓ 'PostgreSQL' decimal having operands > the where operand is itself lowered through the decimal literal 1ms
   ✓ 'PostgreSQL' decimal having operands > having _min binds its operand exactly as where does 1ms
   ✓ 'PostgreSQL' decimal having operands > having _max binds its operand exactly as where does 1ms
   ✓ 'PostgreSQL' decimal having operands > having _sum binds its operand exactly as where does 1ms
   ✓ 'PostgreSQL' decimal having operands > having _avg binds its operand exactly as where does 1ms
   ✓ 'PostgreSQL' decimal having operands > every element of a having in-list is lowered, not just the first 1ms
   ✓ 'PostgreSQL' decimal having operands > a _sum operand wider than the field's precision still binds 0ms
   ✓ 'PostgreSQL' decimal having operands > a _sum operand past the provider's exact cast domain is refused pre-I/O 0ms
   ✓ 'PostgreSQL' decimal having operands > the widened _sum operand stops at the provider's exact cast boundary 0ms
   × 'PostgreSQL' decimal having operands > grouped decimal lists project through their transport but group on the physical column 1ms
     → expected 'CAST("q0"."amounts" AS TEXT[]) AS "am…' to contain 'CAST("t0"."amounts" AS TEXT[]) AS "am…'
   ✓ 'PostgreSQL' decimal having operands > groupBy ORDER BY _avg orders by the exact average, not AVG() 0ms
   ✓ 'PostgreSQL' decimal having operands > having _avg filters on the exact average, not AVG() 0ms
   ✓ 'PostgreSQL' decimal having operands > the projection, the ordering and the filter emit ONE expression 1ms
   ✓ 'PostgreSQL' decimal having operands > a _sum operand finer than the field's scale is refused 0ms
   × 'PostgreSQL' decimal having operands > having _count compares a row count, so it does NOT get the cast 0ms
     → expected 'CAST($1 AS NUMERIC(16,2))' to match /^\$\d+$/
   ✓ 'MySQL' decimal having operands > the where operand is itself lowered through the decimal literal 0ms
   ✓ 'MySQL' decimal having operands > having _min binds its operand exactly as where does 0ms
   ✓ 'MySQL' decimal having operands > having _max binds its operand exactly as where does 0ms
   ✓ 'MySQL' decimal having operands > having _sum binds its operand exactly as where does 0ms
   ✓ 'MySQL' decimal having operands > having _avg binds its operand exactly as where does 1ms
   ✓ 'MySQL' decimal having operands > every element of a having in-list is lowered, not just the first 0ms
   ✓ 'MySQL' decimal having operands > a _sum operand wider than the field's precision still binds 0ms
   ✓ 'MySQL' decimal having operands > a _sum operand past the provider's exact cast domain is refused pre-I/O 0ms
   ✓ 'MySQL' decimal having operands > the widened _sum operand stops at the provider's exact cast boundary 2ms
   × 'MySQL' decimal having operands > grouped decimal lists project through their transport but group on the physical column 1ms
     → expected 'CAST(`q0`.`amounts` AS CHAR) AS `amou…' to contain 'CAST(`t0`.`amounts` AS CHAR) AS `amou…'
   ✓ 'MySQL' decimal having operands > groupBy ORDER BY _avg orders by the exact average, not AVG() 1ms
   ✓ 'MySQL' decimal having operands > having _avg filters on the exact average, not AVG() 1ms
   ✓ 'MySQL' decimal having operands > the projection, the ordering and the filter emit ONE expression 1ms
   ✓ 'MySQL' decimal having operands > a _sum operand finer than the field's scale is refused 1ms
   × 'MySQL' decimal having operands > having _count compares a row count, so it does NOT get the cast 1ms
     → expected 'CAST($1 AS DECIMAL(16,2))' to match /^\$\d+$/
   ✓ 'SQLite' decimal having operands > the where operand is itself lowered through the decimal literal 1ms
   ✓ 'SQLite' decimal having operands > having _min binds its operand exactly as where does 2ms
   ✓ 'SQLite' decimal having operands > having _max binds its operand exactly as where does 1ms
   ✓ 'SQLite' decimal having operands > having _sum binds its operand exactly as where does 1ms
   ✓ 'SQLite' decimal having operands > having _avg binds its operand exactly as where does 1ms
   ✓ 'SQLite' decimal having operands > every element of a having in-list is lowered, not just the first 0ms
   ✓ 'SQLite' decimal having operands > a _sum operand wider than the field's precision still binds 0ms
   ✓ 'SQLite' decimal having operands > a _sum operand past the provider's exact cast domain is refused pre-I/O 0ms
   ✓ 'SQLite' decimal having operands > the widened _sum operand stops at the provider's exact cast boundary 0ms
   × 'SQLite' decimal having operands > grouped decimal lists project through their transport but group on the physical column 0ms
     → expected 'CAST("q0"."amounts" AS TEXT) AS "amou…' to contain 'CAST("t0"."amounts" AS TEXT) AS "amou…'
   ✓ 'SQLite' decimal having operands > groupBy ORDER BY _avg orders by the exact average, not AVG() 0ms
   ✓ 'SQLite' decimal having operands > having _avg filters on the exact average, not AVG() 0ms
   ✓ 'SQLite' decimal having operands > the projection, the ordering and the filter emit ONE expression 0ms
   ✓ 'SQLite' decimal having operands > a _sum operand finer than the field's scale is refused 0ms
   × 'SQLite' decimal having operands > having _count compares a row count, so it does NOT get the cast 0ms
     → expected 'CAST($1 AS INTEGER)' to match /^\$\d+$/
 ❯ |layer-query-engine| tests/contracts/engine/query/cursor-pagination-sql.core.test.ts (44 tests | 30 failed) 34ms
   × 'PostgreSQL' cursor SQL > one normalized order drives ORDER BY and one derived cursor row 2ms
     → expected null not to be null
   × 'PostgreSQL' cursor SQL > preserves frozen multi-entry order while appending the identity 1ms
     → expected 'ORDER BY "q0"."age" DESC NULLS FIRST,…' to contain '"t0"."age" DESC NULLS FIRST'
   × 'PostgreSQL' cursor SQL > bare directions resolve portable null placement explicitly 1ms
     → expected 'ORDER BY "q0"."age" ASC NULLS LAST, "…' to contain '"t0"."age" ASC NULLS LAST'
   × 'PostgreSQL' cursor SQL > negative take flips direction and null placement together 1ms
     → expected 'ORDER BY "q0"."age" DESC NULLS LAST, …' to contain '"t0"."age" DESC NULLS LAST'
   × 'PostgreSQL' cursor SQL > include aliases remain distinct from the cursor derived row 1ms
     → expected 'SELECT "q0"."alternate" AS "alternate…' to contain '__viborm_cursor_0'
   × 'PostgreSQL' cursor SQL > count uses the normalized cursor order and derived row 1ms
     → expected 'SELECT COUNT(*) AS "_count" FROM (SEL…' to contain '__viborm_cursor_0'
   × 'PostgreSQL' cursor SQL > NOT NULL sort columns compare as a row value against a row subquery 1ms
     → expected 'SELECT "q0"."alternate" AS "alternate…' to contain '("t0"."alternate", "t0"."id") >= (SEL…'
   ✓ 'PostgreSQL' cursor SQL > a backward window over an ascending order compares the other way 1ms
   ✓ 'PostgreSQL' cursor SQL > a descending order keeps the null-guarded predicate 1ms
   × 'PostgreSQL' cursor SQL > a single NOT NULL sort column needs no row constructor 1ms
     → expected 'SELECT "q0"."alternate" AS "alternate…' to contain '"t0"."id" >= (SELECT'
   × 'PostgreSQL' cursor SQL > a nullable sort column keeps the null-guarded predicate 1ms
     → expected 'SELECT "q0"."alternate" AS "alternate…' to contain '__viborm_cursor_0'
   ✓ 'PostgreSQL' cursor SQL > mixed sort directions keep the null-guarded predicate 0ms
   ✓ 'PostgreSQL' cursor SQL > relation cursor ordering fails explicitly 1ms
   × 'PostgreSQL' cursor SQL > vector-distance cursor ordering fails explicitly 1ms
     → expected [Function] to throw error including 'Cursor pagination supports direct sca…' but got 'vector.orderBy is not supported. vect…'
   × 'MySQL' cursor SQL > one normalized order drives ORDER BY and one derived cursor row 1ms
     → expected null not to be null
   × 'MySQL' cursor SQL > preserves frozen multi-entry order while appending the identity 0ms
     → expected 'ORDER BY (`q0`.`age` IS NULL) DESC, `…' to contain '(`t0`.`age` IS NULL) DESC, `t0`.`age`…'
   × 'MySQL' cursor SQL > bare directions resolve portable null placement explicitly 1ms
     → expected 'ORDER BY (`q0`.`age` IS NULL) ASC, `q…' to contain '(`t0`.`age` IS NULL) ASC, `t0`.`age` …'
   × 'MySQL' cursor SQL > negative take flips direction and null placement together 0ms
     → expected 'ORDER BY (`q0`.`age` IS NULL) ASC, `q…' to contain '(`t0`.`age` IS NULL) ASC, `t0`.`age` …'
   × 'MySQL' cursor SQL > include aliases remain distinct from the cursor derived row 1ms
     → expected 'SELECT `q0`.`alternate` AS `alternate…' to contain '__viborm_cursor_0'
   × 'MySQL' cursor SQL > count uses the normalized cursor order and derived row 0ms
     → expected 'SELECT COUNT(*) AS `_count` FROM (SEL…' to contain '__viborm_cursor_0'
   × 'MySQL' cursor SQL > NOT NULL sort columns compare as a row value against a row subquery 0ms
     → expected 'SELECT `q0`.`alternate` AS `alternate…' to contain '(`t0`.`alternate`, `t0`.`id`) >= (SEL…'
   ✓ 'MySQL' cursor SQL > a backward window over an ascending order compares the other way 0ms
   ✓ 'MySQL' cursor SQL > a descending order keeps the null-guarded predicate 0ms
   × 'MySQL' cursor SQL > a single NOT NULL sort column needs no row constructor 0ms
     → expected 'SELECT `q0`.`alternate` AS `alternate…' to contain '`t0`.`id` >= (SELECT'
   × 'MySQL' cursor SQL > a nullable sort column keeps the null-guarded predicate 0ms
     → expected 'SELECT `q0`.`alternate` AS `alternate…' to contain '__viborm_cursor_0'
   ✓ 'MySQL' cursor SQL > mixed sort directions keep the null-guarded predicate 0ms
   ✓ 'MySQL' cursor SQL > relation cursor ordering fails explicitly 0ms
   × 'MySQL' cursor SQL > vector-distance cursor ordering fails explicitly 0ms
     → expected [Function] to throw error including 'Cursor pagination supports direct sca…' but got 'vector.orderBy is not supported. vect…'
   × 'SQLite' cursor SQL > one normalized order drives ORDER BY and one derived cursor row 0ms
     → expected null not to be null
   × 'SQLite' cursor SQL > preserves frozen multi-entry order while appending the identity 1ms
     → expected 'ORDER BY "q0"."age" DESC NULLS FIRST,…' to contain '"t0"."age" DESC NULLS FIRST'
   × 'SQLite' cursor SQL > bare directions resolve portable null placement explicitly 1ms
     → expected 'ORDER BY "q0"."age" ASC NULLS LAST, "…' to contain '"t0"."age" ASC NULLS LAST'
   × 'SQLite' cursor SQL > negative take flips direction and null placement together 1ms
     → expected 'ORDER BY "q0"."age" DESC NULLS LAST, …' to contain '"t0"."age" DESC NULLS LAST'
   × 'SQLite' cursor SQL > include aliases remain distinct from the cursor derived row 3ms
     → expected 'SELECT "q0"."alternate" AS "alternate…' to contain '__viborm_cursor_0'
   × 'SQLite' cursor SQL > count uses the normalized cursor order and derived row 2ms
     → expected 'SELECT COUNT(*) AS "_count" FROM (SEL…' to contain '__viborm_cursor_0'
   × 'SQLite' cursor SQL > NOT NULL sort columns compare as a row value against a row subquery 1ms
     → expected 'SELECT "q0"."alternate" AS "alternate…' to contain '("t0"."alternate", "t0"."id") >= (SEL…'
   ✓ 'SQLite' cursor SQL > a backward window over an ascending order compares the other way 0ms
   ✓ 'SQLite' cursor SQL > a descending order keeps the null-guarded predicate 0ms
   × 'SQLite' cursor SQL > a single NOT NULL sort column needs no row constructor 1ms
     → expected 'SELECT "q0"."alternate" AS "alternate…' to contain '"t0"."id" >= (SELECT'
   × 'SQLite' cursor SQL > a nullable sort column keeps the null-guarded predicate 1ms
     → expected 'SELECT "q0"."alternate" AS "alternate…' to contain '__viborm_cursor_0'
   ✓ 'SQLite' cursor SQL > mixed sort directions keep the null-guarded predicate 0ms
   ✓ 'SQLite' cursor SQL > relation cursor ordering fails explicitly 0ms
   × 'SQLite' cursor SQL > vector-distance cursor ordering fails explicitly 1ms
     → expected [Function] to throw error including 'Cursor pagination supports direct sca…' but got 'vector.orderBy is not supported. vect…'
   ✓ find pagination fallback planning > reverses every nested fallback item without interpreting its shape 0ms
   ✓ find pagination fallback planning > coverage low value: validated pagination numbers > fails closed when called below the public validation boundary 0ms
 ❯ |layer-query-engine| tests/contracts/engine/query/namespace-qualification.core.test.ts (122 tests | 2 failed) 29ms
   ✓ a bound PostgreSQL adapter qualifies every persistent table > findMany 0ms
   ✓ a bound PostgreSQL adapter qualifies every persistent table > findUnique 0ms
   ✓ a bound PostgreSQL adapter qualifies every persistent table > findFirst with a filter 0ms
   ✓ a bound PostgreSQL adapter qualifies every persistent table > count 0ms
   ✓ a bound PostgreSQL adapter qualifies every persistent table > aggregate 0ms
   ✓ a bound PostgreSQL adapter qualifies every persistent table > groupBy 0ms
   ✓ a bound PostgreSQL adapter qualifies every persistent table > ordering 0ms
   ✓ a bound PostgreSQL adapter qualifies every persistent table > cursor pagination 0ms
   ✓ a bound PostgreSQL adapter qualifies every persistent table > to-one include 0ms
   ✓ a bound PostgreSQL adapter qualifies every persistent table > to-many include 0ms
   ✓ a bound PostgreSQL adapter qualifies every persistent table > junction include 0ms
   ✓ a bound PostgreSQL adapter qualifies every persistent table > self junction include 0ms
   ✓ a bound PostgreSQL adapter qualifies every persistent table > relation filter 0ms
   ✓ a bound PostgreSQL adapter qualifies every persistent table > junction filter 0ms
   ✓ a bound PostgreSQL adapter qualifies every persistent table > relation count projection 0ms
   ✓ a bound PostgreSQL adapter qualifies every persistent table > relation count ordering 0ms
   ✓ a bound PostgreSQL adapter qualifies every persistent table > nested include through a junction 0ms
   ✓ a bound PostgreSQL adapter qualifies every persistent table > cursor pagination ordered by a nullable field 0ms
   ✓ a bound PostgreSQL adapter qualifies every persistent table > variant row include 0ms
   ✓ a bound PostgreSQL adapter qualifies every persistent table > variant row filter 0ms
   ✓ a bound PostgreSQL adapter qualifies every persistent table > variant collection include 0ms
   ✓ a bound PostgreSQL adapter qualifies every persistent table > variant collection some 0ms
   ✓ a bound PostgreSQL adapter qualifies every persistent table > variant collection every 0ms
   ✓ a bound PostgreSQL adapter qualifies every persistent table > variant collection count projection 0ms
   ✓ a bound PostgreSQL adapter qualifies every persistent table > variant collection count ordering 0ms
   ✓ a bound PostgreSQL adapter qualifies every persistent table > variant junction plural inverse include 0ms
   ✓ a bound PostgreSQL adapter qualifies every persistent table > variant junction singular inverse include 0ms
   ✓ a bound PostgreSQL adapter qualifies every persistent table > variant junction singular inverse ordering 0ms
   ✓ a bound PostgreSQL adapter qualifies every persistent table > the default adapter qualifies with public 0ms
   ✓ a bound MySQL adapter qualifies every persistent table > findMany 0ms
   ✓ a bound MySQL adapter qualifies every persistent table > findUnique 0ms
   ✓ a bound MySQL adapter qualifies every persistent table > findFirst with a filter 0ms
   ✓ a bound MySQL adapter qualifies every persistent table > count 0ms
   ✓ a bound MySQL adapter qualifies every persistent table > aggregate 0ms
   ✓ a bound MySQL adapter qualifies every persistent table > groupBy 0ms
   ✓ a bound MySQL adapter qualifies every persistent table > ordering 0ms
   ✓ a bound MySQL adapter qualifies every persistent table > cursor pagination 0ms
   ✓ a bound MySQL adapter qualifies every persistent table > to-one include 0ms
   ✓ a bound MySQL adapter qualifies every persistent table > to-many include 0ms
   ✓ a bound MySQL adapter qualifies every persistent table > junction include 0ms
   ✓ a bound MySQL adapter qualifies every persistent table > self junction include 0ms
   ✓ a bound MySQL adapter qualifies every persistent table > relation filter 0ms
   ✓ a bound MySQL adapter qualifies every persistent table > junction filter 0ms
   ✓ a bound MySQL adapter qualifies every persistent table > relation count projection 0ms
   ✓ a bound MySQL adapter qualifies every persistent table > relation count ordering 0ms
   ✓ a bound MySQL adapter qualifies every persistent table > nested include through a junction 0ms
   ✓ a bound MySQL adapter qualifies every persistent table > cursor pagination ordered by a nullable field 0ms
   ✓ a bound MySQL adapter qualifies every persistent table > variant row include 0ms
   ✓ a bound MySQL adapter qualifies every persistent table > variant row filter 0ms
   ✓ a bound MySQL adapter qualifies every persistent table > variant collection include 0ms
   ✓ a bound MySQL adapter qualifies every persistent table > variant collection some 0ms
   ✓ a bound MySQL adapter qualifies every persistent table > variant collection every 0ms
   ✓ a bound MySQL adapter qualifies every persistent table > variant collection count projection 0ms
   ✓ a bound MySQL adapter qualifies every persistent table > variant collection count ordering 0ms
   ✓ a bound MySQL adapter qualifies every persistent table > variant junction plural inverse include 0ms
   ✓ a bound MySQL adapter qualifies every persistent table > variant junction singular inverse include 0ms
   ✓ a bound MySQL adapter qualifies every persistent table > variant junction singular inverse ordering 0ms
   ✓ unbound dialects emit no prefix > unbound MySQL: findMany 1ms
   ✓ unbound dialects emit no prefix > SQLite: findMany 0ms
   ✓ unbound dialects emit no prefix > unbound MySQL: findUnique 0ms
   ✓ unbound dialects emit no prefix > SQLite: findUnique 0ms
   ✓ unbound dialects emit no prefix > unbound MySQL: findFirst with a filter 0ms
   ✓ unbound dialects emit no prefix > SQLite: findFirst with a filter 0ms
   ✓ unbound dialects emit no prefix > unbound MySQL: count 0ms
   ✓ unbound dialects emit no prefix > SQLite: count 0ms
   ✓ unbound dialects emit no prefix > unbound MySQL: aggregate 0ms
   ✓ unbound dialects emit no prefix > SQLite: aggregate 0ms
   ✓ unbound dialects emit no prefix > unbound MySQL: groupBy 0ms
   ✓ unbound dialects emit no prefix > SQLite: groupBy 0ms
   ✓ unbound dialects emit no prefix > unbound MySQL: ordering 0ms
   ✓ unbound dialects emit no prefix > SQLite: ordering 0ms
   ✓ unbound dialects emit no prefix > unbound MySQL: cursor pagination 0ms
   ✓ unbound dialects emit no prefix > SQLite: cursor pagination 0ms
   ✓ unbound dialects emit no prefix > unbound MySQL: to-one include 0ms
   ✓ unbound dialects emit no prefix > SQLite: to-one include 0ms
   ✓ unbound dialects emit no prefix > unbound MySQL: to-many include 0ms
   ✓ unbound dialects emit no prefix > SQLite: to-many include 0ms
   ✓ unbound dialects emit no prefix > unbound MySQL: junction include 0ms
   ✓ unbound dialects emit no prefix > SQLite: junction include 0ms
   ✓ unbound dialects emit no prefix > unbound MySQL: self junction include 0ms
   ✓ unbound dialects emit no prefix > SQLite: self junction include 0ms
   ✓ unbound dialects emit no prefix > unbound MySQL: relation filter 0ms
   ✓ unbound dialects emit no prefix > SQLite: relation filter 0ms
   ✓ unbound dialects emit no prefix > unbound MySQL: junction filter 0ms
   ✓ unbound dialects emit no prefix > SQLite: junction filter 0ms
   ✓ unbound dialects emit no prefix > unbound MySQL: relation count projection 0ms
   ✓ unbound dialects emit no prefix > SQLite: relation count projection 0ms
   ✓ unbound dialects emit no prefix > unbound MySQL: relation count ordering 0ms
   ✓ unbound dialects emit no prefix > SQLite: relation count ordering 0ms
   ✓ unbound dialects emit no prefix > unbound MySQL: nested include through a junction 0ms
   ✓ unbound dialects emit no prefix > SQLite: nested include through a junction 0ms
   ✓ unbound dialects emit no prefix > unbound MySQL: cursor pagination ordered by a nullable field 0ms
   ✓ unbound dialects emit no prefix > SQLite: cursor pagination ordered by a nullable field 0ms
   ✓ unbound dialects emit no prefix > unbound MySQL: variant row include 0ms
   ✓ unbound dialects emit no prefix > SQLite: variant row include 0ms
   ✓ unbound dialects emit no prefix > unbound MySQL: variant row filter 0ms
   ✓ unbound dialects emit no prefix > SQLite: variant row filter 0ms
   ✓ unbound dialects emit no prefix > unbound MySQL: variant collection include 0ms
   ✓ unbound dialects emit no prefix > SQLite: variant collection include 0ms
   ✓ unbound dialects emit no prefix > unbound MySQL: variant collection some 0ms
   ✓ unbound dialects emit no prefix > SQLite: variant collection some 0ms
   ✓ unbound dialects emit no prefix > unbound MySQL: variant collection every 0ms
   ✓ unbound dialects emit no prefix > SQLite: variant collection every 0ms
   ✓ unbound dialects emit no prefix > unbound MySQL: variant collection count projection 0ms
   ✓ unbound dialects emit no prefix > SQLite: variant collection count projection 0ms
   ✓ unbound dialects emit no prefix > unbound MySQL: variant collection count ordering 0ms
   ✓ unbound dialects emit no prefix > SQLite: variant collection count ordering 0ms
   ✓ unbound dialects emit no prefix > unbound MySQL: variant junction plural inverse include 0ms
   ✓ unbound dialects emit no prefix > SQLite: variant junction plural inverse include 0ms
   ✓ unbound dialects emit no prefix > unbound MySQL: variant junction singular inverse include 0ms
   ✓ unbound dialects emit no prefix > SQLite: variant junction singular inverse include 0ms
   ✓ unbound dialects emit no prefix > unbound MySQL: variant junction singular inverse ordering 0ms
   ✓ unbound dialects emit no prefix > SQLite: variant junction singular inverse ordering 0ms
   ✓ only persistent tables are qualified > aliases and carrier keys stay bare 1ms
   ✓ only persistent tables are qualified > columns stay bare 3ms
   ✓ only persistent tables are qualified > the only qualified names are the schema's own objects 1ms
   × object names come from the schema, not the namespace > a .map() name stays a bare object inside the namespace 1ms
     → expected 'SELECT "q0"."id" AS "id" FROM "billin…' to contain 'FROM "billing"."ns_users" AS "t0"'
   ✓ object names come from the schema, not the namespace > a generated junction name carries no namespace text 0ms
   × both cursor spellings qualify the located-row subquery > the sargable and lexicographic branches both name the qualified table 0ms
     → expected 'SELECT "q0"."id" AS "id", "q0"."title…' to contain 'FROM "billing"."ns_posts" AS "t1"'
   ✓ qualification is free > binds nothing extra on any read 3ms
   ✓ qualification is free > MySQL binds the same values bound and unbound 3ms
   ✓ raw SQL is caller-owned > a bound adapter does not rewrite raw table text 0ms
 ❯ |layer-query-engine| tests/contracts/engine/query/bulk-create-plan.core.test.ts (12 tests | 1 failed) 8ms
   ✓ bulk create planning > groups only contiguous equal shapes and retains input indexes 0ms
   ✓ bulk create planning > groups independently executable rows by contiguous physical shape 1ms
   ✓ bulk create planning > refuses non-portable explicit and missing generated values 1ms
   ✓ bulk create planning > routes scalar values through their destination physical vocabulary 1ms
   ✓ bulk create planning > keeps scalar comparison literals consistent with insert literals 1ms
   ✓ bulk create planning > decimal scalar and list boundaries fail closed without exact meaning 0ms
   ✓ bulk create planning > reports scalar type and deferred relation cast from one destination owner 0ms
   ✓ bulk create planning > builds default-row and explicit-row inserts through the adapter 0ms
   ✓ bulk create planning > assembles returning, non-returning, and default-only create statements 0ms
   ✓ bulk create planning > keeps default-only and non-returning bulk rows independently addressable 0ms
   × bulk create planning > fails closed on a short provider result window 3ms
     → expected [Function] to throw error including 'is unresolved' but got 'Driver \'bulk-plan\' omitted the prep…'
   ✓ bulk create planning > coverage low value: validated create payload boundaries > fails closed below operation-schema validation 0ms
 ✓ |layer-query-engine| tests/contracts/engine/query/model-key-catalog.core.test.ts (22 tests) 3ms
 ✓ |layer-query-engine| tests/contracts/engine/query/junction-conflict-target.core.test.ts (9 tests) 4ms
 ✓ |layer-query-engine| tests/contracts/engine/query/query-result-coverage-boundaries.core.test.ts (17 tests) 4ms
 ✓ |layer-query-engine| tests/contracts/engine/query/polymorphic-inverse-read-sql.core.test.ts (13 tests) 9ms
 ✓ |layer-query-engine| tests/contracts/engine/query/consumable-result-rows.core.test.ts (13 tests) 6ms
 ✓ |layer-query-engine| tests/contracts/engine/query/decimal-list-container.core.test.ts (42 tests) 6ms
 ❯ |layer-query-engine| tests/contracts/engine/query/batch-attribution-hazard-signature.core.test.ts (17 tests | 12 failed) 5ms
   × 'PostgreSQL' batch attribution hazard signature > the adapter spells both hazard shapes the way the table expects 1ms
     → Operation 'updateMany' does not compile to one SQL statement. Execute the operation instead.
   × 'PostgreSQL' batch attribution hazard signature > an ordinary statement carrying this dialect's trick blocks attribution 1ms
     → Operation 'updateMany' does not compile to one SQL statement. Execute the operation instead.
   × 'PostgreSQL' batch attribution hazard signature > the other dialect's trick is not this dialect's, so attribution stands 0ms
     → Operation 'updateMany' does not compile to one SQL statement. Execute the operation instead.
   × 'PostgreSQL' batch attribution hazard signature > a batch of nothing but its own assertion attributes 0ms
     → Operation 'updateMany' does not compile to one SQL statement. Execute the operation instead.
   × 'MySQL' batch attribution hazard signature > the adapter spells both hazard shapes the way the table expects 0ms
     → Operation 'updateMany' does not compile to one SQL statement. Execute the operation instead.
   × 'MySQL' batch attribution hazard signature > an ordinary statement carrying this dialect's trick blocks attribution 0ms
     → Operation 'updateMany' does not compile to one SQL statement. Execute the operation instead.
   × 'MySQL' batch attribution hazard signature > the other dialect's trick is not this dialect's, so attribution stands 0ms
     → Operation 'updateMany' does not compile to one SQL statement. Execute the operation instead.
   × 'MySQL' batch attribution hazard signature > a batch of nothing but its own assertion attributes 0ms
     → Operation 'updateMany' does not compile to one SQL statement. Execute the operation instead.
   × 'SQLite' batch attribution hazard signature > the adapter spells both hazard shapes the way the table expects 0ms
     → Operation 'updateMany' does not compile to one SQL statement. Execute the operation instead.
   × 'SQLite' batch attribution hazard signature > an ordinary statement carrying this dialect's trick blocks attribution 0ms
     → Operation 'updateMany' does not compile to one SQL statement. Execute the operation instead.
   × 'SQLite' batch attribution hazard signature > the other dialect's trick is not this dialect's, so attribution stands 0ms
     → Operation 'updateMany' does not compile to one SQL statement. Execute the operation instead.
   × 'SQLite' batch attribution hazard signature > a batch of nothing but its own assertion attributes 0ms
     → Operation 'updateMany' does not compile to one SQL statement. Execute the operation instead.
   ✓ batch guard attribution contracts > leaves non-assertion and unmatched indexed failures authoritative 0ms
   ✓ batch guard attribution contracts > uses an exact provider statement index without re-probing 0ms
   ✓ batch guard attribution contracts > attributes both violated probe premise forms 0ms
   ✓ batch guard attribution contracts > does not invent one attribution when guards disagree 0ms
   ✓ batch guard attribution contracts > returns the assertion floor when no guard can own the failure 0ms
 ✓ |layer-query-engine| tests/contracts/engine/query/result-identity-fast-path.core.test.ts (11 tests) 7ms
 ✓ |layer-query-engine| tests/contracts/engine/query/cache-result-codec-boundaries.core.test.ts (9 tests) 5ms
 ✓ |layer-query-engine| tests/contracts/engine/query/list-update-container.core.test.ts (14 tests) 5ms
 ✓ |layer-query-engine| tests/contracts/engine/query/starts-with-prefix-sql.core.test.ts (31 tests) 12ms
 ✓ |layer-query-engine| tests/contracts/architecture/geopoint-language-census.core.test.ts (4 tests) 1831ms
   ✓ GeoPoint shipped-language census > the complete shipped executable source has zero retired owners  870ms
   ✓ GeoPoint shipped-language census > the codecs and fixed radius each have one declaration owner  959ms
 ❯ |layer-query-engine| tests/contracts/engine/query/lateral-joins.core.test.ts (18 tests | 7 failed) 12ms
   ✓ Lateral Joins > Adapter Capabilities > PostgreSQL adapter supports lateral joins 0ms
   ✓ Lateral Joins > Adapter Capabilities > MySQL adapter supports lateral joins 0ms
   ✓ Lateral Joins > Adapter Capabilities > SQLite adapter does not support lateral joins 0ms
   ✓ Lateral Joins > Adapter Join Methods > PostgreSQL lateral join methods > lateral() generates correct SQL 0ms
   ✓ Lateral Joins > Adapter Join Methods > PostgreSQL lateral join methods > lateralLeft() generates correct SQL 0ms
   ✓ Lateral Joins > Adapter Join Methods > MySQL lateral join methods > lateral() generates correct SQL 0ms
   ✓ Lateral Joins > Adapter Join Methods > MySQL lateral join methods > lateralLeft() generates correct SQL 0ms
   ✓ Lateral Joins > Adapter Join Methods > SQLite lateral join methods > lateral() throws error 0ms
   ✓ Lateral Joins > Adapter Join Methods > SQLite lateral join methods > lateralLeft() throws error 0ms
   × Lateral Joins > SQL Generation > PostgreSQL (lateral joins enabled) > to-many include uses lateral join 2ms
     → expected 'SELECT "q0"."id" AS "id", "q0"."name"…' to contain 'LEFT JOIN LATERAL'
   × Lateral Joins > SQL Generation > PostgreSQL (lateral joins enabled) > to-one include uses lateral join 1ms
     → expected 'SELECT "q0"."id" AS "id", "q0"."title…' to contain 'LEFT JOIN LATERAL'
   × Lateral Joins > SQL Generation > PostgreSQL (lateral joins enabled) > include with where filter 1ms
     → expected 'SELECT "q0"."id" AS "id", "q0"."name"…' to contain 'LEFT JOIN LATERAL'
   × Lateral Joins > SQL Generation > PostgreSQL (lateral joins enabled) > include with orderBy 2ms
     → expected 'SELECT "q0"."id" AS "id", "q0"."name"…' to contain 'LEFT JOIN LATERAL'
   × Lateral Joins > SQL Generation > PostgreSQL (lateral joins enabled) > include with take/skip pagination 1ms
     → expected 'SELECT "q0"."id" AS "id", "q0"."name"…' to contain 'LEFT JOIN LATERAL'
   ✓ Lateral Joins > SQL Generation > SQLite (correlated subquery fallback) > to-many include uses correlated subquery (no lateral) 0ms
   ✓ Lateral Joins > SQL Generation > SQLite (correlated subquery fallback) > to-one include uses correlated subquery (no lateral) 0ms
   × Lateral Joins > SQL Generation > MySQL (lateral joins enabled) > to-many include uses lateral join 1ms
     → expected 'SELECT `q0`.`id` AS `id`, `q0`.`name`…' to contain 'LEFT JOIN LATERAL'
   × Lateral Joins > SQL Generation > MySQL (lateral joins enabled) > to-one include uses lateral join 1ms
     → expected 'SELECT `q0`.`id` AS `id`, `q0`.`title…' to contain 'LEFT JOIN LATERAL'
 ✓ |layer-query-engine| tests/contracts/engine/query/junction-statements.core.test.ts (8 tests) 3ms
 ✓ |layer-query-engine| tests/contracts/architecture/core-taxonomy-census.core.test.ts (4 tests) 227ms
 ✓ |layer-query-engine| tests/contracts/engine/query/decimal-capture-materialization.core.test.ts (10 tests) 7ms
 ✓ |layer-query-engine| tests/contracts/engine/query/for-update-dialects.core.test.ts (17 tests) 1ms
 ❯ |layer-query-engine| tests/contracts/engine/query/json-null-sentinel-sql.core.test.ts (30 tests | 9 failed) 8ms
   ✓ 'PostgreSQL' json null sentinel SQL > equals DbNull is IS NULL and binds nothing 1ms
   ✓ 'PostgreSQL' json null sentinel SQL > equals JsonNull compares against the serialized JSON null 0ms
   ✓ 'PostgreSQL' json null sentinel SQL > equals AnyNull is the disjunction of the two 0ms
   × 'PostgreSQL' json null sentinel SQL > not DbNull is IS NOT NULL 1ms
     → expected 'WHERE NOT ("q0"."meta" IS NULL)' to contain '"meta" IS NOT NULL'
   × 'PostgreSQL' json null sentinel SQL > not JsonNull is a value inequality 1ms
     → expected 'WHERE NOT ("q0"."meta" = ?)' to contain '"meta" <> ?'
   × 'PostgreSQL' json null sentinel SQL > not AnyNull is the conjunction of both complements 0ms
     → expected 'WHERE NOT (("q0"."meta" IS NULL OR "q…' to contain '"meta" IS NOT NULL'
   ✓ 'PostgreSQL' json null sentinel SQL > the write serialization of JsonNull is the one filters compare 0ms
   ✓ 'PostgreSQL' json null sentinel SQL > DbNull lowers to a SQL NULL literal, bound to nothing 0ms
   ✓ 'PostgreSQL' json null sentinel SQL > a sentinel under a path is refused before SQL exists 0ms
   ✓ 'PostgreSQL' json null sentinel SQL > a bare null keeps its pre-sentinel meaning 0ms
   ✓ 'MySQL' json null sentinel SQL > equals DbNull is IS NULL and binds nothing 0ms
   ✓ 'MySQL' json null sentinel SQL > equals JsonNull compares against the serialized JSON null 0ms
   ✓ 'MySQL' json null sentinel SQL > equals AnyNull is the disjunction of the two 0ms
   × 'MySQL' json null sentinel SQL > not DbNull is IS NOT NULL 0ms
     → expected 'WHERE NOT (`q0`.`meta` IS NULL)' to contain '`meta` IS NOT NULL'
   × 'MySQL' json null sentinel SQL > not JsonNull is a value inequality 0ms
     → expected 'WHERE NOT (`q0`.`meta` = CAST(? AS JS…' to contain '`meta` <> CAST(? AS JSON)'
   × 'MySQL' json null sentinel SQL > not AnyNull is the conjunction of both complements 0ms
     → expected 'WHERE NOT ((`q0`.`meta` IS NULL OR `q…' to contain '`meta` IS NOT NULL'
   ✓ 'MySQL' json null sentinel SQL > the write serialization of JsonNull is the one filters compare 0ms
   ✓ 'MySQL' json null sentinel SQL > DbNull lowers to a SQL NULL literal, bound to nothing 0ms
   ✓ 'MySQL' json null sentinel SQL > a sentinel under a path is refused before SQL exists 0ms
   ✓ 'MySQL' json null sentinel SQL > a bare null keeps its pre-sentinel meaning 0ms
   ✓ 'SQLite' json null sentinel SQL > equals DbNull is IS NULL and binds nothing 0ms
   ✓ 'SQLite' json null sentinel SQL > equals JsonNull compares against the serialized JSON null 0ms
   ✓ 'SQLite' json null sentinel SQL > equals AnyNull is the disjunction of the two 0ms
   × 'SQLite' json null sentinel SQL > not DbNull is IS NOT NULL 0ms
     → expected 'WHERE NOT ("q0"."meta" IS NULL)' to contain '"meta" IS NOT NULL'
   × 'SQLite' json null sentinel SQL > not JsonNull is a value inequality 0ms
     → expected 'WHERE NOT ("q0"."meta" = ?)' to contain '"meta" <> ?'
   × 'SQLite' json null sentinel SQL > not AnyNull is the conjunction of both complements 0ms
     → expected 'WHERE NOT (("q0"."meta" IS NULL OR "q…' to contain '"meta" IS NOT NULL'
   ✓ 'SQLite' json null sentinel SQL > the write serialization of JsonNull is the one filters compare 0ms
   ✓ 'SQLite' json null sentinel SQL > DbNull lowers to a SQL NULL literal, bound to nothing 0ms
   ✓ 'SQLite' json null sentinel SQL > a sentinel under a path is refused before SQL exists 0ms
   ✓ 'SQLite' json null sentinel SQL > a bare null keeps its pre-sentinel meaning 0ms
 ✓ |layer-query-engine| tests/contracts/engine/query/query-inspection.core.test.ts (8 tests) 2ms
 ❯ |layer-query-engine| tests/contracts/architecture/contract-matrix.core.test.ts (5 tests | 3 failed) 121ms
   ✓ contract and provider matrix > keeps one stable ContractDefinition ID per behavior registration 19ms
   ✓ contract and provider matrix > assigns every contract to every provider exactly once 15ms
   × contract and provider matrix > matches matrix run decisions to provider registrations 15ms
     → libsql:drivers.batch-primary-key-dataflow: expected '/**\n * LibSQL index DDL and read pla…' to contain 'batchPrimaryKeyDataflowContract.regis…'
   × contract and provider matrix > gives every layer one runtime core owner and one type core 48ms
     → query-engine type core: expected 0 to be greater than 0
   × contract and provider matrix > inventories every executable test by owner and boundary 23ms
     → tests/raptor3/candidate-handoff.test.ts: expected undefined to be defined
 ✓ |layer-query-engine| tests/contracts/engine/query/vector-distance-result-parser.core.test.ts (6 tests) 2ms
 ✓ |layer-query-engine| tests/contracts/engine/query/polymorphic-collection-bind.core.test.ts (3 tests) 2ms
 ✓ |layer-query-engine| tests/contracts/engine/query/decimal-cache-identity.core.test.ts (5 tests) 2ms
 ❯ |layer-query-engine| tests/contracts/engine/query/operation-program-read-contracts.core.test.ts (2 tests | 1 failed) 17ms
   × read result and lifecycle contracts > preserves public result shapes on the direct runtime path 7ms
     → promise rejected "QueryEngineError: Driver "read-contract-s… { …(4) }" instead of resolving
   ✓ read result and lifecycle contracts > wraps execution in the operation span and fails validation before execution 10ms
 ✓ |layer-query-engine| tests/contracts/engine/query/polymorphic-row-mutation-intents.core.test.ts (4 tests) 1ms
 ✓ |layer-query-engine| tests/contracts/engine/query/decimal-relation-key-write.core.test.ts (24 tests) 5ms
 ✓ |layer-query-engine| tests/contracts/engine/query/mutation-operation-boundaries.core.test.ts (6 tests) 2ms
 ✓ |layer-query-engine| tests/contracts/engine/query/cursor-order-normalization-boundaries.core.test.ts (5 tests) 1ms
 ✓ |layer-query-engine| tests/contracts/engine/query/target-predicate-footprint.core.test.ts (5 tests) 3ms
 ✓ |layer-query-engine| tests/contracts/engine/query/polymorphic-storage-grouping.core.test.ts (2 tests) 1ms
 ✓ |layer-query-engine| tests/contracts/engine/query/result-parser-architecture-gates.core.test.ts (4 tests) 84ms
 ✓ |layer-query-engine| tests/contracts/engine/query/count-result-carrier.core.test.ts (19 tests) 3ms
 ✓ |layer-query-engine| tests/contracts/engine/query/relation-filter-nullability-planning.core.test.ts (5 tests) 2ms
 ✓ |layer-query-engine| tests/contracts/engine/query/relation-nullability-parity.core.test.ts (2 tests) 2ms
 ✓ |layer-query-engine| tests/contracts/engine/query/select-builder-boundaries.core.test.ts (5 tests) 2ms
 ✓ |layer-query-engine| tests/contracts/engine/query/orderby-relation-depth.core.test.ts (4 tests) 2ms
 ✓ |layer-query-engine| tests/contracts/engine/query/blob-result-parser.core.test.ts (26 tests) 4ms
 ❯ |layer-query-engine| tests/contracts/engine/query/operation-equivalence-oracles.core.test.ts (3 tests | 3 failed) 5ms
   × operation SQL and parameter equivalence oracles > freezes representative postgresql read SQL 4ms
     → expected { read: { …(2) } } to deeply equal { read: { …(2) } }
   × operation SQL and parameter equivalence oracles > freezes representative mysql read SQL 1ms
     → expected { read: { …(2) } } to deeply equal { read: { …(2) } }
   × operation SQL and parameter equivalence oracles > freezes representative sqlite read SQL 0ms
     → expected { read: { …(2) } } to deeply equal { read: { …(2) } }
 ❯ |layer-query-engine| tests/contracts/engine/query/select-mode-capability-matrix.core.test.ts (3 tests | 3 failed) 10ms
   × operation executor atomic-capability refusal > operation 'create' fails before dispatch 6ms
     → expected 'Driver "no-atomic-planning" supports …' to be 'Driver \'no-atomic-planning\' support…' // Object.is equality
   × operation executor atomic-capability refusal > operation 'update' fails before dispatch 2ms
     → expected QueryError: Query execution failed { …(4) } to be an instance of TransactionError
   × operation executor atomic-capability refusal > operation 'upsert' fails before dispatch 2ms
     → expected QueryError: Query execution failed { …(4) } to be an instance of TransactionError
 ✓ |layer-query-engine| tests/contracts/engine/query/nested-writes.core.test.ts (1 test) 0ms
 ✓ |layer-query-engine| tests/contracts/architecture/system-clock.core.test.ts (5 tests) 3ms
 ✓ |layer-query-engine| tests/contracts/engine/query/default-insert-sql.core.test.ts (3 tests) 0ms
 ❯ |layer-query-engine| tests/contracts/engine/query/bulk-insert-row-shapes.core.test.ts (2 tests | 1 failed) 3ms
   × bulk insert row-shape planning > empty createMany rejects during batch preparation 2ms
     → promise resolved "[ { count: +0 } ]" instead of rejecting
   ✓ bulk insert row-shape planning > mixed row shapes require an atomic substrate 1ms
 ✓ |layer-query-engine| tests/contracts/engine/query/result-aliases.core.test.ts (14 tests) 1ms
 ✓ |layer-query-engine| tests/contracts/engine/query/own-write-target.core.test.ts (2 tests) 1ms
 ✓ |layer-query-engine| tests/contracts/engine/query/bind-budget.core.test.ts (2 tests) 0ms
 ✓ |layer-query-engine| tests/contracts/engine/query/nested-captured-target-signature.core.test.ts (1 test) 0ms
 ❯ |layer-client| tests/contracts/public-client/query-interceptors-array.core.test.ts (54 tests | 4 failed) 81ms
   ✓ array query admission > creates no rejecting observation mirror when observe is absent 10ms
   ✓ array query admission > starts every chain before releasing any provider effect 2ms
   ✓ array query admission > prepares every member before running any handler or provider effect 2ms
   ✓ array query admission > admits every request-only write before fallback transaction effects 3ms
   ✓ array query admission > keeps request preparation inside an operation observer lifecycle 0ms
   ✓ array query admission > requires proceed for array reads, mutations, and every raw family 2ms
   ✓ array query admission > aborts caught double before provider release 1ms
   ✓ array query admission > aborts proceed then throw before provider release 0ms
   ✓ array query admission > retains a final handler failure after caught double-proceed and child rejection 1ms
   ✓ array query admission > uses the exact child result and error after a handler returns a fabricated value 1ms
   ✓ array query admission > closes a detached late proceed without releasing the provider 0ms
   ✓ fallback array query execution > detaches a nested raw Date graph before the driver fallback queue 2ms
   ✓ fallback array query execution > normalizes a foreign array before later prototype mutation 1ms
   ✓ fallback array query execution > refuses a nested raw Date introduced by a fallback statement transform 1ms
   ✓ fallback array query execution > waits for member post-work before the next SQL and rolls back on failure 1ms
   ✓ fallback array query execution > keeps the first core child primary before first and later post-work 2ms
   ✓ fallback array query execution > promotes a released savepoint and discards a rolled-back one 6ms
   ✓ raw write-outcome classification > keeps raw classification, outcomes, and context behind private state 3ms
   ✓ raw write-outcome classification > publishes only execute families in direct and fallback modes 1ms
   ✓ raw write-outcome classification > publishes only execute families for native success and dispatch failure 4ms
   ✓ native array query execution > refuses a nested raw Date introduced by a native statement transform 0ms
   ✓ native array query execution > refuses a raw Date invalidated before proceed before native preparation 0ms
   ✓ native array query execution > refuses a raw Date invalidated after proceed before native preparation 1ms
   ✓ native array query execution > refuses a raw Date invalidated by a native statement transform 'without' observers 1ms
   ✓ native array query execution > refuses a raw Date invalidated by a native statement transform 'with' observers 1ms
   × native array query execution > orders provider, committed outcomes, parsing, and handler post-work 6ms
     → expected "spy" to be called once, but got 0 times
   ✓ native array query execution > attempts every cache invalidation before listeners and keeps commit failure primary 3ms
   ✓ native array query execution > keeps child post-work primary over cache and listener commit failures 1ms
   × native array query execution > keeps the native child primary across ordered post-work and commit failures 4ms
     → expected [ …(3) ] to have a length of 5 but got 3
   ✓ native array query execution > labels post-commit handler and cardinality failures without extra parsing 2ms
   ✓ native array query execution > does every late preparation before one native submission 1ms
   ✓ native array query execution > publishes may-have-committed and attempts cache plus every listener on provider failure 1ms
   ✓ native array query execution > preserves single, multi-statement, guard, and raw result windows 3ms
   ✓ array ownership and zero-handler path > refuses forged array members without inspecting or starting them 1ms
   ✓ array ownership and zero-handler path > uses the entry snapshot after the caller replaces a member 1ms
   ✓ array ownership and zero-handler path > uses the entry snapshot when a batch observer replaces a member 1ms
   ✓ array ownership and zero-handler path > keeps captured authority immutable from public program properties 1ms
   ✓ array ownership and zero-handler path > keeps foreign operation identity private and immutable 1ms
   ✓ array ownership and zero-handler path > keeps handler controls inactive without publishing a friend member 1ms
   ✓ array ownership and zero-handler path > makes a genuine member prototype immutable 0ms
   ✓ array ownership and zero-handler path > cannot mint model or raw authority through reflected constructors 0ms
   ✓ array ownership and zero-handler path > refuses duplicate, awaited, foreign-client, and foreign-scope members 2ms
   ✓ public array lifecycle observers > wraps ownership refusal in the outer batch lifecycle 1ms
   ✓ public array lifecycle observers > reports a hostile snapshot read through the outer batch lifecycle 0ms
   ✓ public array lifecycle observers > rejects a hostile non-number length after one observed read 0ms
   ✓ public array lifecycle observers > contains a rejected private operation-observer application 1ms
   ✓ public array lifecycle observers > starts fallback statement observers before transforms and contains transform failure 1ms
   × public array lifecycle observers > orders native statement onions before transforms and submits nothing on failure 2ms
     → expected [ 'provider' ] to deeply equal []
   ✓ public array lifecycle observers > keeps prepared Sql provenance private from copied and hostile batch queries 1ms
   ✓ public array lifecycle observers > uses the legacy fallback path with one batch, member, and physical-statement unit 1ms
   × public array lifecycle observers > keeps observe-only native admission private and reports exact commit facts 1ms
     → Expected the array transaction to fail
   ✓ public array lifecycle observers > reports committed after native query post-work fails 1ms
   ✓ public array lifecycle observers > contains hostile observers without duplicating fallback effects 0ms
   ✓ public array lifecycle observers > does not claim a durable commit for a nested savepoint batch 0ms
 ❯ |layer-client| tests/contracts/public-client/query-interceptors-integration.core.test.ts (48 tests | 2 failed) 36ms
   ✓ public query-interceptor integration > preserves the zero-query-handler argument and promise path 4ms
   ✓ public query-interceptor integration > keeps empty query maps off the callback transaction machinery 1ms
   ✓ public query-interceptor integration > stays lazy, validates first, snapshots input, and runs once in application order 1ms
   ✓ public query-interceptor integration > permits direct and callback reads to short-circuit after preparation 1ms
   ✓ public query-interceptor integration > requires proceed for mutations and raw operations after raw validation 1ms
   ✓ public query-interceptor integration > detaches every mutable safe-raw inspection surface from provider input 1ms
   ✓ public query-interceptor integration > owns a prebuilt Sql projection before async query inspection 0ms
   ✓ public query-interceptor integration > refuses a prebuilt Sql string accessor without invoking it 0ms
   ✓ public query-interceptor integration > refuses a Date invalidated after raw preparation and before proceed 0ms
   ✓ public query-interceptor integration > isolates direct provider input from a Date invalidated after execution starts 0ms
   ✓ public query-interceptor integration > snapshots nested Date graphs without losing aliases or cycles 0ms
   ✓ public query-interceptor integration > submits one stable descriptor view of a raw Proxy 0ms
   ✓ public query-interceptor integration > preserves a root array cycle until the final parameter snapshot 0ms
   ✓ public query-interceptor integration > does not read a root array accessor during operation construction 0ms
   ✓ public query-interceptor integration > refuses inherited toJSON without changing its receiver 1ms
   ✓ public query-interceptor integration > refuses inherited array index behavior without invoking it 1ms
   ✓ public query-interceptor integration > does not admit a structurally forged Object prototype 0ms
   ✓ public query-interceptor integration > keeps non-raw provider parameters on the shallow identity path 0ms
   ✓ public query-interceptor integration > refuses a Date injected by a direct statement transform 'without' observers 0ms
   ✓ public query-interceptor integration > refuses a Date injected by a direct statement transform 'with' observers 0ms
   ✓ public query-interceptor integration > refuses custom array behavior introduced by a statement transform 0ms
   ✓ public query-interceptor integration > detaches a valid Date returned by a direct statement transform 0ms
   ✓ public query-interceptor integration > isolates provider input from a Date invalidated after proceed starts 0ms
   ✓ public query-interceptor integration > keeps valid Dates in all four intercepted raw call shapes 0ms
   ✓ public query-interceptor integration > reads array parameters by index when a caller iterator hides an invalid Date 0ms
   ✓ public query-interceptor integration > refuses an invalid Date inside a cyclic JSON parameter graph 0ms
   ✓ public query-interceptor integration > reads sparse array parameters by index without calling a poisoned map 0ms
   ✓ public query-interceptor integration > discloses accessors, callables, and hostile prototypes opaquely 0ms
   ✓ public query-interceptor integration > inspects the operation-owned payload without re-reading caller accessors 0ms
   ✓ public query-interceptor integration > detaches model Sql operands before query inspection 0ms
   ✓ public query-interceptor integration > runs query outside cache invalidation and publishes direct outcomes in order 1ms
   ✓ public query-interceptor integration > keeps provider failure primary when may-have-committed listeners fail 1ms
   ✓ public query-interceptor integration > labels direct write post-work as committed but not reads or rolled-back callbacks 1ms
   ✓ public query-interceptor integration > retains undefined cache and listener failures from one commit callback 0ms
   ✓ public query-interceptor integration > promotes nested savepoint outcomes and discards rolled-back outcomes 2ms
   ✓ public query-interceptor integration > attempts every callback listener after commit in registration order 1ms
   ✓ public query-interceptor integration > contains a hostile Error proxy at the committed write-outcome boundary 1ms
   ✓ public query-interceptor integration > discards outcomes when a tracked operation fails before the commit boundary 1ms
   ✓ public query-interceptor integration > publishes may-have-committed after callback body success and commit failure 1ms
   × public query-interceptor integration > reports commit ambiguity for a direct composed write transaction 7ms
     → expected [] to deeply equal [ 'may-have-committed' ]
   × public query-interceptor integration > reports committed certainty when direct transaction cleanup fails after commit 1ms
     → expected [] to deeply equal [ 'committed' ]
   ✓ public query-interceptor integration > publishes committed after a custom transaction fulfills without private phases 1ms
   ✓ public protected operation and statement observers > starts the operation observer before requestless lazy preparation fails 0ms
   ✓ public protected operation and statement observers > spans request through query post-work and observes the transformed statement 1ms
   ✓ public protected operation and statement observers > reports a synchronous transform failure through the statement observer 1ms
   ✓ public protected operation and statement observers > observes safe and unsafe raw statements without exposing their payload 0ms
   ✓ public protected operation and statement observers > keeps OrThrow caller spelling and publishes only sanitized failure metadata 1ms
   ✓ public protected operation and statement observers > contains hostile observers and keeps callback writes pre-commit 1ms
 ✓ |layer-client| tests/contracts/public-client/query-interceptors.core.test.ts (43 tests) 7ms
 ❯ |layer-client| tests/contracts/public-client/request-transforms.core.test.ts (43 tests | 6 failed) 15ms
   ✓ standalone request transforms > the no-handler path returns by identity without inspecting input 0ms
   ✓ standalone request transforms > an empty patch materializes the captured caller input after one protected inspection 0ms
   ✓ standalone request transforms > an empty patch cannot authorize closed-over caller mutation 0ms
   ✓ standalone request transforms > absent input is immutable and patches compose once in application order 0ms
   ✓ standalone request transforms > later transforms see earlier shallow patches without caller mutation 0ms
   ✓ the operation-specific result-shape projector > 'findFirst' detaches and restores [ 'select', 'include', 'omit' ] 0ms
   ✓ the operation-specific result-shape projector > 'findMany' detaches and restores [ 'select', 'include', 'omit' ] 0ms
   ✓ the operation-specific result-shape projector > 'findUnique' detaches and restores [ 'select', 'include', 'omit' ] 0ms
   ✓ the operation-specific result-shape projector > 'findUniqueOrThrow' detaches and restores [ 'select', 'include', 'omit' ] 0ms
   ✓ the operation-specific result-shape projector > 'findFirstOrThrow' detaches and restores [ 'select', 'include', 'omit' ] 0ms
   ✓ the operation-specific result-shape projector > 'create' detaches and restores [ 'select', 'include', 'omit' ] 0ms
   ✓ the operation-specific result-shape projector > 'update' detaches and restores [ 'select', 'include', 'omit' ] 0ms
   ✓ the operation-specific result-shape projector > 'delete' detaches and restores [ 'select', 'include', 'omit' ] 0ms
   ✓ the operation-specific result-shape projector > 'upsert' detaches and restores [ 'select', 'include', 'omit' ] 0ms
   ✓ the operation-specific result-shape projector > 'count' detaches and restores [ 'select' ] 0ms
   ✓ the operation-specific result-shape projector > 'aggregate' detaches and restores [ '_count', '_avg', '_sum', …(2) ] 0ms
   ✓ the operation-specific result-shape projector > 'groupBy' detaches and restores [ Array(6) ] 0ms
   ✓ the operation-specific result-shape projector > 'createMany' detaches and restores [ 'select', 'omit' ] 0ms
   ✓ the operation-specific result-shape projector > 'updateMany' detaches and restores [ 'select', 'omit' ] 0ms
   ✓ the operation-specific result-shape projector > 'deleteMany' detaches and restores [ 'select', 'omit' ] 0ms
   ✓ the operation-specific result-shape projector > projection accessors and nested objects are unreachable and restored exactly 0ms
   ✓ the operation-specific result-shape projector > preserves symbol descriptors across handler snapshots and patches 0ms
   ✓ the operation-specific result-shape projector > leaves result-like keys ordinary for exist 0ms
   ✓ the operation-specific result-shape projector > hostile input descriptor enumeration fails at the named boundary 0ms
   ✓ request-transform failures > a thrown Error is attributed to the named extension with its cause 0ms
   ✓ request-transform failures > a non-Error throw gets one deterministic cause 0ms
   ✓ request-transform failures > a hostile Error proxy cannot escape the named request boundary 0ms
   ✓ request-transform failures > promise and non-record outputs fail at the named extension boundary 0ms
   ✓ request-transform failures > contains unreadable thenable and patch reflection 0ms
   ✓ validation ownership > an unknown ordinary key survives transforms and fails at core validation 1ms
   ✓ public request-transform integration > protects a GeoPoint distance projection through an extension 2ms
   ✓ public request-transform integration > stays lazy and resolves one application-ordered patch chain once 2ms
   × public request-transform integration > runs before the unique guard and the existing validation owner 1ms
     → expected function to throw an error, but it didn't
   × public request-transform integration > lets the unique guard refuse a patched empty selector before validation 0ms
     → expected [Function] to throw an error
   × public request-transform integration > leaves unknown patched keys to core operation validation 0ms
     → expected function to throw an error, but it didn't
   × public request-transform integration > applies client default omit after request preparation 0ms
     → expected undefined to be defined
   ✓ public request-transform integration > preserves caller input and nested value identity 0ms
   × public request-transform integration > protects every result-shape family through the public client 1ms
     → expected Set{} to deeply equal Set{ 'findMany', 'findFirst', …(8) }
   ✓ public request-transform integration > runs through array prepare admission and never for raw calls 1ms
   × public request-transform integration > memoizes a request failure across wrapped lifecycle entry points 0ms
     → expected AssertionError: expected not to be reached { …(3) } to be an instance of QueryError
   ✓ public request-transform integration > keeps the no-request-handler argument identity path 0ms
   ✓ coverage low value > ignores a proxy key whose descriptor vanished during inspection 0ms
   ✓ coverage low value > ignores a transform patch key whose descriptor vanished 0ms
 ✓ |layer-client| tests/contracts/public-client/official-statement-instrumentation.core.test.ts (11 tests) 37ms
 ✓ |layer-client| tests/contracts/public-client/official-cache-instrumentation.core.test.ts (8 tests) 32ms
 ✓ |layer-client| tests/contracts/public-client/errors/diagnostics.core.test.ts (25 tests) 6ms
 ✓ |layer-client| tests/contracts/public-client/official-driver-lifecycle-instrumentation.core.test.ts (9 tests) 35ms
 ✓ |layer-client| tests/contracts/public-client/protected-driver-lifecycle-observers.core.test.ts (13 tests) 12ms
 ✓ |layer-client| tests/contracts/public-client/extensions-foundation.core.test.ts (16 tests) 9ms
 ❯ |layer-client| tests/contracts/public-client/official-cache-swr.core.test.ts (7 tests | 1 failed) 8ms
   ✓ official cache stale-while-revalidate > returns a detached stale value and replays only the inner core executor 2ms
   ✓ official cache stale-while-revalidate > keeps true and numeric stale windows and the exact chain scheduler 1ms
   ✓ official cache stale-while-revalidate > hands claim acquisition to waitUntil before the stale response settles 0ms
   ✓ official cache stale-while-revalidate > suppresses a later stale replay after the shared marker is acquired 1ms
   × official cache stale-while-revalidate > contains provider, snapshot, set, and cleanup failures 2ms
     → expected +0 to be 1 // Object.is equality
   ✓ official cache stale-while-revalidate > retains combined worker and cleanup failure for protected observation 1ms
   ✓ official cache stale-while-revalidate > keeps array and statement-transform executions outside official SWR 1ms
 ✓ |layer-client| tests/contracts/public-client/official-instrumentation-extension.core.test.ts (12 tests) 26ms
 ✓ |layer-client| tests/contracts/public-client/implicit-returning-types.core.test.ts (28 tests) 1ms
 ✓ |layer-client| tests/contracts/public-client/protected-cache-observers.core.test.ts (7 tests) 8ms
 ✓ |layer-client| tests/contracts/public-client/polymorphic-collection-client.core.test.ts (24 tests) 19ms
 ✓ |layer-client| tests/contracts/public-client/client-coverage.core.test.ts (11 tests) 8ms
 ✓ |layer-client| tests/contracts/public-client/polymorphic-client-omit.core.test.ts (11 tests) 1ms
 ❯ |layer-client| tests/contracts/public-client/array-transaction-closure.core.test.ts (8 tests | 1 failed) 15ms
   ✓ array transaction member admission > refuses an array member that is not an object at all 1ms
   ✓ array transaction member admission > resolves an empty observed array without opening a transaction 2ms
   ✓ intercepted array fallback commit certainty > reports an intercepted array's commit-stage failure as may-have-committed 4ms
   ✓ intercepted array fallback commit certainty > reports an intercepted array's close-stage failure as committed 2ms
   ✓ native array closures > closes every observation when an observed member cannot be batched 2ms
   × native array closures > keeps an already-applied observation settled when a later parse fails 2ms
     → promise resolved "[ [], [] ]" instead of rejecting
   ✓ native array closures > refuses an intercepted native member with no atomic batch form 1ms
   ✓ native array closures > closes an intercepted native array whose result window is too short 1ms
 ✓ |layer-client| tests/contracts/public-client/official-cache-extension.core.test.ts (10 tests) 4ms
 ✓ |layer-client| tests/contracts/public-client/errors/public-helpers.core.test.ts (10 tests) 4ms
 ✓ |layer-client| tests/contracts/public-client/default-omit-extension.core.test.ts (8 tests) 4ms
 ✓ |layer-client| tests/contracts/public-client/omit-result-types.core.test.ts (21 tests) 1ms
 ✓ |layer-client| tests/contracts/public-client/schema-introspection.core.test.ts (9 tests) 14ms
 ✓ |layer-client| tests/contracts/public-client/nested-transaction-contract.core.test.ts (8 tests) 5ms
 ✓ |layer-client| tests/contracts/public-client/array-transaction-observed-legacy-coverage.core.test.ts (4 tests) 6ms
 ✓ |layer-client| tests/contracts/public-client/client-omit-closure.core.test.ts (9 tests) 1ms
 ✓ |layer-client| tests/contracts/public-client/client-configuration-boundaries.core.test.ts (16 tests) 3ms
 ✓ |layer-client| tests/contracts/public-client/client-construction-boundaries.core.test.ts (12 tests) 5ms
 ✓ |layer-client| tests/contracts/public-client/client-surface-closure.core.test.ts (4 tests) 2ms
 ✓ |layer-client| tests/contracts/public-client/extensions/array-admission.core.test.ts (9 tests) 2ms
 ✓ |layer-client| tests/contracts/public-client/statement-transforms-integration.core.test.ts (5 tests) 3ms
 ✓ |layer-client| tests/contracts/public-client/one-resolution-identity.core.test.ts (3 tests) 2ms
 ✓ |layer-client| tests/contracts/public-client/array-transaction-legacy-batch-boundaries.core.test.ts (5 tests) 3ms
 ✓ |layer-client| tests/contracts/public-client/client-initialization-errors.core.test.ts (4 tests) 2ms
 ✓ |layer-client| tests/contracts/public-client/raw-observation-closure.core.test.ts (1 test) 3ms
 ✓ |layer-client| tests/contracts/public-client/typescript-renderer-nullability.core.test.ts (3 tests) 2ms
 ✓ |layer-client| tests/contracts/public-client/client-lifecycle-boundaries.core.test.ts (1 test) 1ms
 ✓ |layer-client| tests/contracts/public-client/typescript-renderer-closure.core.test.ts (5 tests) 2ms
 ✓ |layer-client| tests/contracts/public-client/typescript-renderer-boundaries.core.test.ts (4 tests) 2ms
 ✓ |layer-client| tests/contracts/public-client/public-runtime-surface.core.test.ts (1 test) 0ms
 ✓ |layer-client| tests/contracts/public-client/default-omit-bulk-projection.core.test.ts (5 tests) 0ms
 ✓ |layer-client| tests/contracts/public-client/config-subpath.core.test.ts (1 test) 0ms
 ✓ |layer-scalars| tests/unit/scalars/number-scalar-schemas.core.test.ts (158 tests) 15ms
 ✓ |layer-scalars| tests/unit/scalars/string-scalar-schemas.core.test.ts (106 tests) 9ms
 ✓ |layer-scalars| tests/unit/scalars/datetime-scalar-schemas.core.test.ts (96 tests) 8ms
 ✓ |layer-scalars| tests/unit/scalars/decimal-descriptor.core.test.ts (67 tests) 8ms
 ✓ |layer-scalars| tests/unit/scalars/bigint-scalar-schemas.core.test.ts (87 tests) 5ms
 ✓ |layer-scalars| tests/unit/scalars/json-scalar-schemas.core.test.ts (66 tests) 5ms
 ✓ |layer-scalars| tests/unit/scalars/enum-scalar-schemas.core.test.ts (74 tests) 4ms
 ✓ |layer-scalars| tests/unit/scalars/boolean-scalar-schemas.core.test.ts (71 tests) 4ms
 ✓ |layer-scalars| tests/unit/scalars/blob-scalar-schemas.core.test.ts (53 tests) 4ms
 ✓ |layer-scalars| tests/unit/scalars/vector-scalar-schemas.core.test.ts (46 tests) 4ms
 ✓ |layer-scalars| tests/unit/scalars/modifier-contracts.core.test.ts (60 tests) 12ms
 ✓ |layer-scalars| tests/unit/scalars/point-scalar-schemas.core.test.ts (11 tests) 5ms
 ✓ |layer-scalars| tests/unit/scalars/shared-scalar.core.test.ts (11 tests) 2ms
 ✓ |layer-scalars| tests/unit/scalars/decimal-list-exclusions.core.test.ts (7 tests) 1ms
 ✓ |layer-scalars| tests/unit/scalars/native-types.core.test.ts (26 tests) 1ms
 ✓ |layer-scalars| tests/unit/scalars/exports.core.test.ts (16 tests) 45ms
 ✓ |layer-scalars| tests/unit/scalars/field-ref.core.test.ts (5 tests) 1ms
 ✓ |layer-scalars| tests/unit/scalars/decimal-provider-limits.core.test.ts (4 tests) 1ms
 ✓ |layer-scalars| tests/unit/scalars/json-null-sentinel.core.test.ts (3 tests) 1ms
 ✓ |layer-schema-json| tests/unit/schema-json/hostile.core.test.ts (141 tests) 29ms
 ✓ |layer-schema-json| tests/unit/schema-json/serialize.core.test.ts (35 tests) 10ms
 ✓ |layer-schema-json| tests/unit/schema-json/format.core.test.ts (13 tests) 13ms
 ✓ |layer-schema-json| tests/unit/schema-json/default-codec.core.test.ts (34 tests) 7ms
 ✓ |layer-schema-json| tests/unit/schema-json/client.core.test.ts (16 tests) 9ms
 ✓ |layer-schema-json| tests/unit/schema-json/docs-corpus.core.test.ts (127 tests) 46ms
 ✓ |layer-validation| tests/unit/validation/decimal.core.test.ts (65 tests) 16ms
 ✓ |layer-validation| tests/unit/validation/json-schema.core.test.ts (78 tests) 22ms
 ✓ |layer-validation| tests/unit/validation/object.core.test.ts (74 tests) 6ms
 ✓ |layer-validation| tests/unit/validation/fromObject.core.test.ts (25 tests) 3ms
 ✓ |layer-validation| tests/unit/validation/iso.core.test.ts (36 tests) 8ms
 ✓ |layer-validation| tests/unit/validation/blob.core.test.ts (28 tests) 20ms
 ✓ |layer-validation| tests/unit/validation/geo-area.core.test.ts (32 tests) 9ms
 ✓ |layer-validation| tests/unit/validation/number.core.test.ts (43 tests) 2ms
 ✓ |layer-validation| tests/unit/validation/string.core.test.ts (34 tests) 2ms
 ✓ |layer-validation| tests/unit/validation/array.core.test.ts (21 tests) 2ms
 ✓ |layer-validation| tests/unit/validation/modifier-combinations.core.test.ts (16 tests) 2ms
 ✓ |layer-validation| tests/unit/validation/optional.core.test.ts (21 tests) 1ms
 ✓ |layer-validation| tests/unit/validation/json.core.test.ts (36 tests) 2ms
 ✓ |layer-validation| tests/unit/validation/nullable.core.test.ts (18 tests) 2ms
 ✓ |layer-validation| tests/unit/validation/boolean.core.test.ts (24 tests) 2ms
 ✓ |layer-validation| tests/unit/validation/date.core.test.ts (21 tests) 2ms
 ✓ |layer-validation| tests/unit/validation/operand.core.test.ts (10 tests) 1ms
 ✓ |layer-validation| tests/unit/validation/bigint.core.test.ts (21 tests) 1ms
 ✓ |layer-validation| tests/unit/validation/json-null-sentinels.core.test.ts (10 tests) 1ms
 ✓ |layer-validation| tests/unit/validation/field-ref.core.test.ts (16 tests) 2ms
 ✓ |layer-validation| tests/unit/validation/datetime-physical-codec.core.test.ts (11 tests) 1ms
 ✓ |layer-validation| tests/unit/validation/fromKeys.core.test.ts (13 tests) 1ms
 ✓ |layer-validation| tests/unit/validation/intern.core.test.ts (6 tests) 6ms
 ✓ |layer-validation| tests/unit/validation/point.core.test.ts (24 tests) 1ms
 ✓ |layer-validation| tests/unit/validation/literal.core.test.ts (17 tests) 1ms
 ✓ |layer-validation| tests/unit/validation/circular.core.test.ts (7 tests) 1ms
 ✓ |layer-validation| tests/unit/validation/union.core.test.ts (12 tests) 1ms
 ✓ |layer-validation| tests/unit/validation/value-guards.core.test.ts (17 tests) 2ms
 ✓ |layer-validation| tests/unit/validation/record.core.test.ts (12 tests) 1ms
 ✓ |layer-validation| tests/unit/validation/pipe.core.test.ts (10 tests) 1ms
 ✓ |layer-validation| tests/unit/validation/transform.core.test.ts (10 tests) 1ms
 ✓ |layer-validation| tests/unit/validation/enum.core.test.ts (13 tests) 1ms
 ✓ |layer-validation| tests/unit/validation/refused.core.test.ts (8 tests) 2ms
 ✓ |layer-validation| tests/unit/validation/vector.core.test.ts (11 tests) 1ms
 ✓ |layer-validation| tests/unit/validation/raw-record.core.test.ts (8 tests) 3ms
 ✓ |layer-validation| tests/unit/validation/lazy.core.test.ts (2 tests) 2ms
 ✓ |layer-operation-schemas| tests/unit/operation-schemas/relations/update.core.test.ts (90 tests) 14ms
 ✓ |layer-operation-schemas| tests/unit/operation-schemas/args/nested-args.core.test.ts (71 tests) 7ms
 ✓ |layer-operation-schemas| tests/unit/operation-schemas/relations/polymorphic.core.test.ts (18 tests) 7ms
 ✓ |layer-operation-schemas| tests/unit/operation-schemas/relations/select-include.core.test.ts (54 tests) 5ms
 ✓ |layer-operation-schemas| tests/unit/operation-schemas/create/relation-create.core.test.ts (53 tests) 6ms
 ✓ |layer-operation-schemas| tests/unit/operation-schemas/args/find-args.core.test.ts (66 tests) 4ms
 ✓ |layer-operation-schemas| tests/unit/operation-schemas/args/mutation-args.core.test.ts (58 tests) 4ms
 ✓ |layer-operation-schemas| tests/unit/operation-schemas/relations/create.core.test.ts (41 tests) 3ms
 ✓ |layer-operation-schemas| tests/unit/operation-schemas/relations/to-many.core.test.ts (64 tests) 4ms
 ✓ |layer-operation-schemas| tests/unit/operation-schemas/relations/filter.core.test.ts (45 tests) 3ms
 ✓ |layer-operation-schemas| tests/unit/operation-schemas/args/aggregate-args.core.test.ts (64 tests) 5ms
stdout | tests/unit/operation-schemas/args/speed.core.test.ts > Schema Creation Speed > simple model schema creation
  Simple Model: avg=0.001ms, p95=0.000ms, min=0.000ms, max=0.079ms

stdout | tests/unit/operation-schemas/args/speed.core.test.ts > Schema Creation Speed > medium model schema creation
  Medium Model: avg=0.001ms, p95=0.000ms, min=0.000ms, max=0.065ms

stdout | tests/unit/operation-schemas/args/speed.core.test.ts > Schema Creation Speed > complex model with relations schema creation
  Complex Model (Author): avg=0.001ms, p95=0.000ms, min=0.000ms, max=0.048ms

stdout | tests/unit/operation-schemas/args/speed.core.test.ts > Schema Creation Speed > model with deep relations schema creation
  Deep Relations (Post): avg=0.000ms, p95=0.000ms, min=0.000ms, max=0.040ms

stdout | tests/unit/operation-schemas/args/speed.core.test.ts > Validation Speed (Pre-built Schema) > Simple Queries > findUnique - simple ID lookup
  findUnique (simple): avg=0.008ms, p95=0.017ms, min=0.001ms, max=0.371ms

stdout | tests/unit/operation-schemas/args/speed.core.test.ts > Validation Speed (Pre-built Schema) > Simple Queries > findFirst - with simple filter
  findFirst (simple filter): avg=0.005ms, p95=0.008ms, min=0.001ms, max=0.293ms

stdout | tests/unit/operation-schemas/args/speed.core.test.ts > Validation Speed (Pre-built Schema) > Filtered Queries > findMany - with complex where
  findMany (complex where): avg=0.010ms, p95=0.014ms, min=0.005ms, max=0.303ms

stdout | tests/unit/operation-schemas/args/speed.core.test.ts > Validation Speed (Pre-built Schema) > Filtered Queries > findMany - with OR/AND filters
  findMany (OR/AND): avg=0.007ms, p95=0.012ms, min=0.004ms, max=0.080ms

stdout | tests/unit/operation-schemas/args/speed.core.test.ts > Validation Speed (Pre-built Schema) > Nested Includes > 1-level include
  Include (1-level): avg=0.003ms, p95=0.004ms, min=0.002ms, max=0.118ms

stdout | tests/unit/operation-schemas/args/speed.core.test.ts > Validation Speed (Pre-built Schema) > Nested Includes > 2-level include
  Include (2-level): avg=0.005ms, p95=0.007ms, min=0.003ms, max=0.135ms

stdout | tests/unit/operation-schemas/args/speed.core.test.ts > Validation Speed (Pre-built Schema) > Nested Includes > 3-level include with filters
  Include (3-level + filters): avg=0.009ms, p95=0.014ms, min=0.006ms, max=0.084ms

stdout | tests/unit/operation-schemas/args/speed.core.test.ts > Validation Speed (Pre-built Schema) > Create Operations > simple create
  Create (simple): avg=0.002ms, p95=0.002ms, min=0.001ms, max=0.118ms

stdout | tests/unit/operation-schemas/args/speed.core.test.ts > Validation Speed (Pre-built Schema) > Create Operations > create with nested relation
  Create (nested): avg=0.005ms, p95=0.009ms, min=0.002ms, max=0.155ms

stdout | tests/unit/operation-schemas/args/speed.core.test.ts > Validation Speed (Pre-built Schema) > Update Operations > simple update
  Update (simple): avg=0.003ms, p95=0.004ms, min=0.001ms, max=0.098ms

stdout | tests/unit/operation-schemas/args/speed.core.test.ts > Validation Speed (Pre-built Schema) > Update Operations > update with nested operations
  Update (nested): avg=0.008ms, p95=0.022ms, min=0.003ms, max=0.156ms

stdout | tests/unit/operation-schemas/args/speed.core.test.ts > Serverless Request Simulation (Schema Build + Validate) > Author Model > findUnique - full request
  findUnique (full): avg=0.001ms, p95=0.002ms, min=0.001ms, max=0.013ms

stdout | tests/unit/operation-schemas/args/speed.core.test.ts > Serverless Request Simulation (Schema Build + Validate) > Author Model > findMany with filters - full request
  findMany filtered (full): avg=0.003ms, p95=0.004ms, min=0.002ms, max=0.105ms

stdout | tests/unit/operation-schemas/args/speed.core.test.ts > Serverless Request Simulation (Schema Build + Validate) > Author Model > findMany with nested include - full request
  findMany + include (full): avg=0.006ms, p95=0.011ms, min=0.004ms, max=0.050ms

stdout | tests/unit/operation-schemas/args/speed.core.test.ts > Serverless Request Simulation (Schema Build + Validate) > Author Model > create with nested - full request
  create nested (full): avg=0.003ms, p95=0.007ms, min=0.002ms, max=0.035ms

stdout | tests/unit/operation-schemas/args/speed.core.test.ts > Serverless Request Simulation (Schema Build + Validate) > Author Model > update with complex operations - full request
  update complex (full): avg=0.003ms, p95=0.007ms, min=0.002ms, max=0.028ms

stdout | tests/unit/operation-schemas/args/speed.core.test.ts > Serverless Request Simulation (Schema Build + Validate) > Post Model (Deep Relations) > findMany with 3-level include - full request
  Post findMany 3-level (full): avg=0.009ms, p95=0.017ms, min=0.004ms, max=0.185ms

stdout | tests/unit/operation-schemas/args/speed.core.test.ts > Performance Summary > generate summary report

=== PERFORMANCE SUMMARY ===

Schema Creation:
  Schema: Simple: avg=0.000ms, p95=0.001ms, min=0.000ms, max=0.007ms
  Schema: Complex: avg=0.000ms, p95=0.000ms, min=0.000ms, max=0.005ms

Validation (pre-built schema):
  Validate: Simple Query: avg=0.001ms, p95=0.003ms, min=0.001ms, max=0.018ms
  Validate: Complex Query: avg=0.005ms, p95=0.010ms, min=0.002ms, max=0.058ms

Full Serverless Request (schema + validation):
  Full Request: Simple: avg=0.002ms, p95=0.003ms, min=0.001ms, max=0.026ms
  Full Request: Complex: avg=0.004ms, p95=0.007ms, min=0.002ms, max=0.026ms

=== END SUMMARY ===


 ✓ |layer-operation-schemas| tests/unit/operation-schemas/args/speed.core.test.ts (22 tests) 14ms
 ✓ |layer-operation-schemas| tests/unit/operation-schemas/relations/polymorphic-collection-mutation.core.test.ts (16 tests) 3ms
 ✓ |layer-operation-schemas| tests/unit/operation-schemas/decimal-update-union.core.test.ts (49 tests) 9ms
 ✓ |layer-operation-schemas| tests/unit/operation-schemas/relations/to-one.core.test.ts (40 tests) 5ms
 ✓ |layer-operation-schemas| tests/unit/operation-schemas/relations/polymorphic-collection-selection.core.test.ts (19 tests) 5ms
 ✓ |layer-operation-schemas| tests/unit/operation-schemas/relations/to-one-composition-lattice.core.test.ts (33 tests) 6ms
 ✓ |layer-operation-schemas| tests/unit/operation-schemas/relations/polymorphic-collection-omission.core.test.ts (11 tests) 3ms
 ✓ |layer-operation-schemas| tests/unit/operation-schemas/update/relation-update.core.test.ts (36 tests) 3ms
 ✓ |layer-operation-schemas| tests/unit/operation-schemas/omit-validation.core.test.ts (19 tests) 3ms
 ✓ |layer-operation-schemas| tests/unit/operation-schemas/args/decimal-having-operands.core.test.ts (25 tests) 3ms
 ✓ |layer-operation-schemas| tests/unit/operation-schemas/relations/orderby.core.test.ts (22 tests) 2ms
 ✓ |layer-operation-schemas| tests/unit/operation-schemas/relations/nested-data-projection.core.test.ts (8 tests) 3ms
 ✓ |layer-operation-schemas| tests/unit/operation-schemas/wrapper-delegation.core.test.ts (6 tests) 3ms
 ✓ |layer-operation-schemas| tests/unit/operation-schemas/filter/scalar-filter.core.test.ts (21 tests) 1ms
 ✓ |layer-operation-schemas| tests/unit/operation-schemas/args/geopoint-known-negatives.core.test.ts (28 tests) 3ms
 ✓ |layer-operation-schemas| tests/unit/operation-schemas/combined/include.core.test.ts (20 tests) 1ms
 ✓ |layer-operation-schemas| tests/unit/operation-schemas/combined/select.core.test.ts (18 tests) 1ms
 ✓ |layer-operation-schemas| tests/unit/operation-schemas/args/polymorphic-create-many.core.test.ts (7 tests) 2ms
 ✓ |layer-operation-schemas| tests/unit/operation-schemas/relations/polymorphic-collection-filter.core.test.ts (19 tests) 2ms
 ✓ |layer-operation-schemas| tests/unit/operation-schemas/combined/update.core.test.ts (18 tests) 1ms
 ✓ |layer-operation-schemas| tests/unit/operation-schemas/combined/where.core.test.ts (20 tests) 1ms
 ✓ |layer-operation-schemas| tests/unit/operation-schemas/filter/compound-constraint-filter.core.test.ts (12 tests) 1ms
 ✓ |layer-operation-schemas| tests/unit/operation-schemas/prisma-parity-validation.core.test.ts (12 tests) 2ms
 ✓ |layer-operation-schemas| tests/unit/operation-schemas/combined/vector-orderby.core.test.ts (13 tests) 1ms
 ✓ |layer-operation-schemas| tests/unit/operation-schemas/args/decimal-list-known-negatives.core.test.ts (54 tests) 3ms
 ✓ |layer-operation-schemas| tests/unit/operation-schemas/combined/where-unique.core.test.ts (17 tests) 1ms
 ✓ |layer-operation-schemas| tests/unit/operation-schemas/combined/orderby.core.test.ts (14 tests) 1ms
 ✓ |layer-operation-schemas| tests/unit/operation-schemas/filter/unique-filter.core.test.ts (13 tests) 1ms
 ✓ |layer-operation-schemas| tests/unit/operation-schemas/combined/vector-select.core.test.ts (10 tests) 1ms
 ✓ |layer-operation-schemas| tests/unit/operation-schemas/combined/create.core.test.ts (10 tests) 1ms
 ✓ |layer-operation-schemas| tests/unit/operation-schemas/update/scalar-update.core.test.ts (12 tests) 1ms
 ✓ |layer-operation-schemas| tests/unit/operation-schemas/filter/relation-filter.core.test.ts (12 tests) 1ms
 ✓ |layer-operation-schemas| tests/unit/operation-schemas/create/scalar-create.core.test.ts (10 tests) 0ms
 ✓ |layer-operation-schemas| tests/unit/operation-schemas/filter/compound-id-filter.core.test.ts (8 tests) 0ms
 ✓ |layer-operation-schemas| tests/unit/operation-schemas/relations/to-one-update-form.core.test.ts (6 tests) 0ms
 ✓ |layer-operation-schemas| tests/unit/operation-schemas/args/decimal-list-orderby.core.test.ts (4 tests) 1ms
 ✓ |layer-drivers| tests/contracts/drivers/error-mapping.core.test.ts (52 tests) 21ms
 ✓ |layer-drivers| tests/contracts/drivers/supplied-pool-ownership.core.test.ts (56 tests) 15ms
 ✓ |layer-drivers| tests/contracts/drivers/namespace-options.core.test.ts (113 tests) 19ms
 ❯ |layer-drivers| tests/contracts/drivers/provider-result-contracts.core.test.ts (115 tests | 1 failed) 42ms
   ✓ provider row-count normalization > normalized results reject sparse row arrays 0ms
   ✓ provider row-count normalization > libSQL rejects missing required rowsAffected (undefined) 1ms
   ✓ provider row-count normalization > libSQL rejects missing required rowsAffected (null) 0ms
   ✓ provider row-count normalization > PlanetScale normalizes canonical decimal insertId 1ms
   × provider row-count normalization > PlanetScale preview sends GeoPoint SQL through its SDK formatter 9ms
     → expected 'SELECT JSON_OBJECT(\'longitude\', ST_…' to be 'SELECT JSON_OBJECT(\'longitude\', ST_…' // Object.is equality
   ✓ provider row-count normalization > PlanetScale validates the wrapped response text consumer path 1ms
   ✓ provider row-count normalization > PlanetScale rejects a primitive result before SDK decoding 0ms
   ✓ provider row-count normalization > PlanetScale rejects a non-array field carrier before SDK decoding 0ms
   ✓ provider row-count normalization > PlanetScale rejects an empty field name before SDK decoding 0ms
   ✓ provider row-count normalization > PlanetScale rejects a non-string field type before SDK decoding 0ms
   ✓ provider row-count normalization > PlanetScale rejects a non-array row carrier before SDK decoding 0ms
   ✓ provider row-count normalization > PlanetScale rejects a primitive row before SDK decoding 0ms
   ✓ provider row-count normalization > PlanetScale rejects rows without field metadata before SDK decoding 0ms
   ✓ provider row-count normalization > PlanetScale rejects a field-count mismatch before SDK decoding 0ms
   ✓ provider row-count normalization > PlanetScale rejects an unsafe member length before SDK decoding 0ms
   ✓ provider row-count normalization > PlanetScale rejects an overflowing total length before SDK decoding 0ms
   ✓ provider row-count normalization > PlanetScale rejects a non-canonical rowsAffected before SDK decoding 0ms
   ✓ provider row-count normalization > PlanetScale rejects a negative insertId before SDK decoding 0ms
   ✓ provider row-count normalization > PlanetScale rejects sparse field, row, and length arrays 0ms
   ✓ provider row-count normalization > PlanetScale translates invalid JSON from either response consumer 0ms
   ✓ provider row-count normalization > PlanetScale classifies the row-producing statement WITH selected AS (SELECT id FROM phase6) SELECT id FROM selected 0ms
   ✓ provider row-count normalization > PlanetScale classifies the row-producing statement INSERT INTO phase6 VALUES (1) RETURNING id 0ms
   ✓ provider row-count normalization > PlanetScale uses the platform fetch when no fetch option is supplied 1ms
   ✓ provider row-count normalization > PlanetScale rejects malformed required insertId (undefined) 1ms
   ✓ provider row-count normalization > PlanetScale rejects malformed required insertId (null) 1ms
   ✓ provider row-count normalization > PlanetScale rejects malformed required insertId (01) 0ms
   ✓ provider row-count normalization > PlanetScale rejects malformed required insertId (-1) 0ms
   ✓ provider row-count normalization > PlanetScale rejects malformed required insertId (1.5) 0ms
   ✓ provider row-count normalization > PlanetScale rejects a missing raw result through a driver-created SDK client 1ms
   ✓ provider row-count normalization > PlanetScale rejects a missing raw result through a injected SDK client 0ms
   ✓ provider row-count normalization > PlanetScale leaves ORM operation attribution to the outer driver context 1ms
   ✓ provider row-count normalization > PlanetScale distinguishes DDL from a malformed zero-row SELECT (driver-created) 1ms
   ✓ provider row-count normalization > PlanetScale distinguishes DDL from a malformed zero-row SELECT (injected) 1ms
   ✓ provider row-count normalization > PlanetScale accepts SDK-compatible null no-row results (driver-created) 3ms
   ✓ provider row-count normalization > PlanetScale accepts SDK-compatible null no-row results (injected) 2ms
   ✓ provider row-count normalization > PlanetScale classifies SDK-formatted apostrophe mutations (driver-created) 0ms
   ✓ provider row-count normalization > PlanetScale classifies SDK-formatted apostrophe mutations (injected) 0ms
   ✓ provider row-count normalization > PlanetScale rejects malformed raw result payload 0 1ms
   ✓ provider row-count normalization > PlanetScale rejects malformed raw result payload 1 0ms
   ✓ provider row-count normalization > PlanetScale rejects malformed raw result payload 2 0ms
   ✓ provider row-count normalization > PlanetScale rejects malformed raw result payload 3 0ms
   ✓ provider row-count normalization > PlanetScale rejects malformed raw result payload 4 1ms
   ✓ provider row-count normalization > PlanetScale rejects malformed raw result payload 5 0ms
   ✓ provider row-count normalization > PlanetScale rejects malformed raw result payload 6 0ms
   ✓ provider row-count normalization > PlanetScale rejects malformed raw result payload 7 1ms
   ✓ provider row-count normalization > PlanetScale rejects malformed raw result payload 8 0ms
   ✓ provider row-count normalization > PlanetScale rejects malformed raw result payload 9 0ms
   ✓ provider row-count normalization > PlanetScale rejects malformed raw result payload 10 0ms
   ✓ provider row-count normalization > PlanetScale preserves HTTP-200 database error envelopes for the SDK 0ms
   ✓ provider row-count normalization > PlanetScale leaves non-OK responses to the SDK error path 0ms
   ✓ provider row-count normalization > mysql2 rejects explicitly enabled multiple statements 0ms
   ✓ provider row-count normalization > mysql2 rejects enabled rowsAsArray 0ms
   ✓ provider row-count normalization > mysql2 rejects enabled nestTables 0ms
   ✓ provider row-count normalization > mysql2 rejects enabled nestTables 0ms
   ✓ provider row-count normalization > mysql2 rejects all-mutation results 0ms
   ✓ provider row-count normalization > mysql2 rejects mixed row and mutation results 0ms
   ✓ provider row-count normalization > mysql2 rejects nested row-set results 0ms
   ✓ provider row-count normalization > mysql2 keeps ordinary rows with header-like field names 0ms
   ✓ provider row-count normalization > mysql2 rejects row arrays without flat field metadata 0ms
   ✓ provider row-count normalization > mysql2 rejects mutation headers carrying field metadata 0ms
   ✓ provider row-count normalization > mysql2 normalizes runtime decimal strings 0ms
   ✓ provider row-count normalization > mysql2 omits the no-generated-id sentinel (0) 0ms
   ✓ provider row-count normalization > mysql2 omits the no-generated-id sentinel (0) 0ms
   ✓ provider row-count normalization > mysql2 omits an explicit negative auto-increment header echo ('safe integer') 0ms
   ✓ provider row-count normalization > mysql2 omits an explicit negative auto-increment header echo ('canonical decimal string') 0ms
   ✓ provider row-count normalization > mysql2 omits an explicit negative auto-increment header echo ('canonical decimal string outside the …') 0ms
   ✓ provider row-count normalization > mysql2 omits an explicit negative auto-increment header echo ('minimum signed BIGINT decimal string') 0ms
   ✓ provider row-count normalization > mysql2 rejects malformed required insertId (undefined) 0ms
   ✓ provider row-count normalization > mysql2 rejects malformed required insertId (null) 0ms
   ✓ provider row-count normalization > mysql2 rejects malformed required insertId (NaN) 0ms
   ✓ provider row-count normalization > mysql2 rejects malformed required insertId (-Infinity) 0ms
   ✓ provider row-count normalization > mysql2 rejects malformed required insertId (-9007199254740992) 0ms
   ✓ provider row-count normalization > mysql2 rejects malformed required insertId (-1.5) 0ms
   ✓ provider row-count normalization > mysql2 rejects malformed required insertId (01) 0ms
   ✓ provider row-count normalization > mysql2 rejects malformed required insertId (-0) 0ms
   ✓ provider row-count normalization > mysql2 rejects malformed required insertId (-01) 0ms
   ✓ provider row-count normalization > mysql2 rejects malformed required insertId ( -1) 0ms
   ✓ provider row-count normalization > mysql2 rejects malformed required insertId (+1) 0ms
   ✓ provider row-count normalization > mysql2 rejects malformed required insertId (1.5) 0ms
   ✓ provider row-count normalization > mysql2 rejects malformed affectedRows (undefined) 0ms
   ✓ provider row-count normalization > mysql2 rejects malformed affectedRows (null) 0ms
   ✓ provider row-count normalization > mysql2 rejects malformed affectedRows (9007199254740993) 0ms
   ✓ provider row-count normalization > mysql2 rejects malformed affectedRows (01) 0ms
   ✓ provider row-count normalization > libSQL does not hide missing rowsAffected behind RETURNING rows 0ms
   ✓ provider row-count normalization > PlanetScale rejects missing required rowsAffected (undefined) 0ms
   ✓ provider row-count normalization > PlanetScale rejects missing required rowsAffected (null) 1ms
   ✓ provider row-count normalization > postgres.js normalizes explicit null count for DDL 0ms
   ✓ provider row-count normalization > postgres.js normalizes a full uncounted command tag 0ms
   ✓ provider row-count normalization > postgres.js rejects an absent count 0ms
   ✓ provider row-count normalization > postgres.js rejects null count for a counted command 0ms
   ✓ provider row-count normalization > pg rejects null count for a counted command 0ms
   ✓ provider row-count normalization > postgres.js derives rows for a valid uncounted command 0ms
   ✓ provider row-count normalization > pg derives rows for a valid uncounted command 0ms
   ✓ provider row-count normalization > postgres.js rejects null count for an unknown command 0ms
   ✓ provider row-count normalization > pg rejects null count for an unknown command 0ms
   ✓ provider row-count normalization > postgres.js empty rejects numeric count without a valid command 0ms
   ✓ provider row-count normalization > postgres.js malformed rejects numeric count without a valid command 0ms
   ✓ provider row-count normalization > postgres.js unknown rejects numeric count without a valid command 0ms
   ✓ provider row-count normalization > pg empty rejects numeric count without a valid command 0ms
   ✓ provider row-count normalization > pg malformed rejects numeric count without a valid command 0ms
   ✓ provider row-count normalization > pg unknown rejects numeric count without a valid command 0ms
   ✓ provider row-count normalization > pg rejects an absent rowCount 0ms
   ✓ provider row-count normalization > PGlite uses returned row cardinality after validating affectedRows 0ms
   ✓ provider row-count normalization > PGlite uses affectedRows for a result without rows 0ms
   ✓ provider row-count normalization > PGlite rejects malformed affectedRows (undefined) 0ms
   ✓ provider row-count normalization > PGlite rejects malformed affectedRows (null) 0ms
   ✓ provider row-count normalization > PGlite rejects malformed affectedRows (-1) 0ms
   ✓ provider row-count normalization > PGlite rejects malformed affectedRows (0.5) 0ms
   ✓ provider row-count normalization > PGlite rejects malformed affectedRows (9007199254740992) 0ms
   ✓ provider row-count normalization > Bun SQL requires its provider count 0ms
   ✓ provider row-count normalization > Bun SQL rejects malformed count (undefined) 0ms
   ✓ provider row-count normalization > Bun SQL rejects malformed count (null) 0ms
   ✓ provider row-count normalization > Bun SQL rejects malformed count (-1) 0ms
   ✓ provider row-count normalization > Bun SQL rejects malformed count (0.5) 0ms
   ✓ provider row-count normalization > Bun SQL rejects malformed count (9007199254740992) 0ms
 ✓ |layer-drivers| tests/contracts/drivers/transaction-lifecycle.core.test.ts (22 tests) 9ms
 ✓ |layer-drivers| tests/contracts/drivers/protected-observers.core.test.ts (24 tests) 23ms
 ✓ |layer-drivers| tests/contracts/drivers/savepoint-queue.core.test.ts (17 tests) 84ms
 ✓ |layer-drivers| tests/contracts/drivers/instrumentation-observed-statements.core.test.ts (15 tests) 18ms
 ✓ |layer-drivers| tests/contracts/drivers/pinned-session-condemned.core.test.ts (12 tests) 9ms
 ✓ |layer-drivers| tests/contracts/drivers/transaction-portability.core.test.ts (100 tests) 28ms
 ✓ |layer-drivers| tests/contracts/drivers/transaction-base-orchestration.core.test.ts (14 tests) 10ms
 ✓ |layer-drivers| tests/contracts/drivers/suppressed-failure.core.test.ts (14 tests) 2ms
 ✓ |layer-drivers| tests/contracts/drivers/transaction-base-observed-lifecycle.core.test.ts (8 tests) 8ms
 ✓ |layer-drivers| tests/contracts/drivers/error-mapping-hostile-shapes.core.test.ts (27 tests) 8ms
 ✓ |layer-drivers| tests/contracts/drivers/statement-transforms.core.test.ts (13 tests) 4ms
 ✓ |layer-drivers| tests/contracts/drivers/driver-base-pinned-session.core.test.ts (12 tests) 3ms
 ✓ |layer-drivers| tests/contracts/drivers/d1-null-result-contracts.core.test.ts (43 tests) 11ms
 ✓ |layer-drivers| tests/contracts/drivers/neon-http-transport-coverage.core.test.ts (9 tests) 19ms
 ✓ |layer-drivers| tests/contracts/drivers/driver-internal-state.core.test.ts (10 tests) 2ms
 ✓ |layer-drivers| tests/contracts/drivers/driver-base-raw-parameters.core.test.ts (20 tests) 5ms
 ✓ |layer-drivers| tests/contracts/drivers/sqlite-statement-execution.core.test.ts (38 tests) 8ms
 ✓ |layer-drivers| tests/contracts/drivers/provider-managed-transaction.core.test.ts (11 tests) 2ms
 ✓ |layer-drivers| tests/contracts/drivers/provider-parameter-boundary.core.test.ts (11 tests) 4ms
 ✓ |layer-drivers| tests/contracts/drivers/transaction-scope-scheduler.core.test.ts (5 tests) 3ms
 ✓ |layer-drivers| tests/contracts/drivers/transaction-scheduler.core.test.ts (9 tests) 6ms
 ❯ |layer-drivers| tests/contracts/drivers/sqlite-integer-safety.core.test.ts (5 tests | 1 failed) 4ms
   ✓ Bun SQLite integer safety > the typed execute path reads INTEGER columns exactly past 2^53 1ms
   ✓ Bun SQLite integer safety > the raw path stays driver-native, exactly as sqlite3 does 0ms
   × Bun SQLite integer safety > tagged and verbatim raw keep their integer modes in a fallback batch 3ms
     → Expected one prepared statement
   ✓ Bun SQLite integer safety > a statement that decodes nothing is never switched 0ms
   ✓ Bun SQLite integer safety > a provider that cannot opt in is refused, not read 1ms
 ✓ |layer-drivers| tests/contracts/drivers/shared-driver-boundaries.core.test.ts (39 tests) 4ms
 ✓ |layer-drivers| tests/contracts/drivers/driver-failure-union.core.test.ts (14 tests) 5ms
 ✓ |layer-drivers| tests/contracts/drivers/async-dispose.core.test.ts (11 tests) 2ms
 ✓ |layer-drivers| tests/contracts/drivers/sqlite-binary-values.core.test.ts (3 tests) 7ms
 ✓ |layer-drivers| tests/contracts/drivers/normalized-result-and-lifecycle.core.test.ts (35 tests) 4ms
 ✓ |layer-drivers| tests/contracts/drivers/consumable-result-proof.core.test.ts (5 tests) 2ms
 ✓ |layer-drivers| tests/contracts/drivers/json-parameter-carrier.core.test.ts (12 tests) 3ms
 ❯ |layer-drivers| tests/contracts/drivers/namespace-execution-target.core.test.ts (5 tests | 5 failed) 6ms
   × two drivers over one supplied pool address different namespaces > MySQL2 drivers sharing a pool never name each other's database 3ms
     → Operation 'createMany' does not compile to one SQL statement. Execute the operation instead.
   × two drivers over one supplied pool address different namespaces > pg drivers sharing a pool never name each other's schema 1ms
     → Operation 'createMany' does not compile to one SQL statement. Execute the operation instead.
   × transaction views execute against the base driver's namespace > a root, a transaction and a nested transaction compile identical SQL 1ms
     → Operation 'createMany' does not compile to one SQL statement. Execute the operation instead.
   × transaction views execute against the base driver's namespace > an unbound MySQL base stays unbound through its views 0ms
     → Operation 'createMany' does not compile to one SQL statement. Execute the operation instead.
   × no session-scoped target statement is compiled > neither dialect emits USE or SET search_path 0ms
     → Operation 'createMany' does not compile to one SQL statement. Execute the operation instead.
 ✓ |layer-drivers| tests/contracts/drivers/postgres-transport-coverage.core.test.ts (3 tests) 3ms
 ✓ |layer-drivers| tests/contracts/drivers/transaction-option-timers.core.test.ts (6 tests) 1ms
 ✓ |layer-drivers| tests/contracts/drivers/statement-classification.core.test.ts (38 tests) 1ms
 ✓ |layer-drivers| tests/contracts/drivers/driver-export-surface.core.test.ts (6 tests) 8ms
 ✓ |layer-drivers| tests/contracts/drivers/transaction-options-behavior.core.test.ts (3 tests) 12ms
 ✓ |layer-drivers| tests/contracts/drivers/error-cause.core.test.ts (4 tests) 0ms
 ✓ |layer-drivers| tests/contracts/drivers/driver-instrumentation-boundaries.core.test.ts (2 tests) 0ms
 ✓ |layer-drivers| tests/contracts/drivers/bun-sql-array-parameters.core.test.ts (2 tests) 1ms
 ✓ |layer-drivers| tests/contracts/drivers/pglite-controlled-transport-coverage.core.test.ts (1 test) 1ms
 ✓ |layer-drivers| tests/contracts/drivers/bind-parameter-capacity.core.test.ts (12 tests) 1ms
 ✓ |layer-schema-validation| tests/unit/schema-validation/polymorphic-rules.core.test.ts (34 tests) 27ms
 ✓ |layer-schema-validation| tests/unit/schema-validation/validate.core.test.ts (36 tests) 8ms
 ✓ |layer-schema-validation| tests/unit/schema-validation/model-rules.core.test.ts (35 tests) 5ms
 ✓ |layer-schema-validation| tests/unit/schema-validation/variant-topology-matrix.core.test.ts (18 tests) 5ms
 ✓ |layer-schema-validation| tests/unit/schema-validation/foreign-key-rules.core.test.ts (15 tests) 5ms
 ✓ |layer-schema-validation| tests/unit/schema-validation/validator-boundaries.core.test.ts (16 tests) 5ms
 ✓ |layer-schema-validation| tests/unit/schema-validation/relation-pairing-graph.core.test.ts (15 tests) 3ms
 ✓ |layer-schema-validation| tests/unit/schema-validation/ordinary-topology-matrix.core.test.ts (12 tests) 4ms
 ✓ |layer-schema-validation| tests/unit/schema-validation/junction-configuration.core.test.ts (10 tests) 3ms
 ✓ |layer-schema-validation| tests/unit/schema-validation/relation-rules.core.test.ts (16 tests) 4ms
 ✓ |layer-schema-validation| tests/unit/schema-validation/relation-topology-matrix.core.test.ts (59 tests) 9ms
 ✓ |layer-schema-validation| tests/unit/schema-validation/model-registration-identity.core.test.ts (10 tests) 5ms
 ✓ |layer-schema-validation| tests/unit/schema-validation/namespace-identifier.core.test.ts (65 tests) 5ms
 ✓ |layer-schema-validation| tests/unit/schema-validation/resolved-index-shape.core.test.ts (6 tests) 3ms
 ✓ |layer-schema-validation| tests/unit/schema-validation/inverse-resolution-timing.core.test.ts (19 tests) 7ms
 ✓ |layer-schema-validation| tests/unit/schema-validation/decimal-list-key-positions.core.test.ts (7 tests) 2ms
 ✓ |layer-schema-validation| tests/unit/schema-validation/datetime-foreign-key-domain.core.test.ts (10 tests) 3ms
 ✓ |layer-schema-validation| tests/unit/schema-validation/decimal-foreign-key-domain.core.test.ts (4 tests) 3ms
 ✓ |layer-schema-validation| tests/unit/schema-validation/junction-rule-skips.core.test.ts (3 tests) 1ms
 ✓ |layer-schema-validation| tests/unit/schema-validation/geopoint-roles.core.test.ts (12 tests) 3ms
 ✓ |layer-schema-validation| tests/unit/schema-validation/decimal-polymorphic-storage.core.test.ts (4 tests) 2ms
 ✓ |layer-schema-validation| tests/unit/schema-validation/schema-model-runtime.core.test.ts (3 tests) 1ms
 ✓ |layer-cache| tests/unit/cache/coverage-low-value.core.test.ts (36 tests) 43ms
 ✓ |layer-cache| tests/unit/cache/namespace-isolation.core.test.ts (10 tests) 23ms
 ✓ |layer-cache| tests/unit/cache/brand-token-keys.core.test.ts (12 tests) 29ms
 ✓ |layer-cache| tests/unit/cache/namespace-scope.core.test.ts (16 tests) 1ms
 ✓ |layer-cache| tests/unit/cache/operand-callback-keys.core.test.ts (7 tests) 6ms
 ✓ |layer-cache| tests/unit/cache/cache.core.test.ts (1 test) 0ms
 ✓ |layer-adapters| tests/contracts/adapters/dialect-vocabulary.core.test.ts (34 tests) 23ms
 ✓ |layer-adapters| tests/contracts/adapters/internals-and-geo.core.test.ts (20 tests) 7ms
 ✓ |layer-adapters| tests/contracts/adapters/namespace-table-rendering.core.test.ts (21 tests) 1ms
 ✓ |layer-adapters| tests/contracts/adapters/namespace-binding.core.test.ts (35 tests) 10ms
 ✓ |layer-adapters| tests/contracts/adapters/result-parsing.core.test.ts (26 tests) 2ms
 ✓ |layer-adapters| tests/contracts/adapters/sql-fragments.core.test.ts (12 tests) 3ms
 ✓ |layer-adapters| tests/contracts/adapters/identifier-escaping.core.test.ts (15 tests) 1ms
 ✓ |layer-adapters| tests/contracts/adapters/json-parameter-text.core.test.ts (12 tests) 1ms
 ✓ |layer-adapters| tests/contracts/adapters/vector-capabilities.core.test.ts (7 tests) 2ms
 ✓ |layer-instrumentation| tests/unit/instrumentation/logger.core.test.ts (39 tests) 21ms
 ✓ |layer-instrumentation| tests/unit/instrumentation/tracer.core.test.ts (34 tests) 18ms
 ✓ |layer-instrumentation| tests/unit/instrumentation/context-spans.core.test.ts (20 tests) 14ms
 ✓ |layer-instrumentation| tests/unit/instrumentation/native-batch-attribution.core.test.ts (7 tests) 18ms
 ✓ |layer-instrumentation| tests/unit/instrumentation/official-observer.core.test.ts (9 tests) 6ms
 ✓ |layer-instrumentation| tests/unit/instrumentation/perf-tracker.core.test.ts (22 tests) 5ms
 ✓ |layer-instrumentation| tests/unit/instrumentation/provider-context-concurrency.core.test.ts (4 tests) 6ms
 ✓ |layer-instrumentation| tests/unit/instrumentation/namespace-attribute.core.test.ts (18 tests) 44ms
 ✓ |layer-instrumentation| tests/unit/instrumentation/official-observer-provider-failures.core.test.ts (4 tests) 2ms
 ✓ |layer-instrumentation| tests/unit/instrumentation/tracer-provider-failures.core.test.ts (17 tests) 4ms
 ✓ |layer-instrumentation| tests/unit/instrumentation/execution-context.core.test.ts (3 tests) 0ms
 ✓ |layer-instrumentation| tests/unit/instrumentation/logged-errors.core.test.ts (3 tests) 0ms
 ✓ |layer-instrumentation| tests/unit/instrumentation/tracer-otel-absent.core.test.ts (5 tests) 1ms
 ✓ |layer-instrumentation| tests/unit/instrumentation/tracer-no-provider.core.test.ts (2 tests) 1ms
 ✓ |layer-instrumentation| tests/unit/instrumentation/exports.core.test.ts (1 test) 0ms
 ✓ |layer-instrumentation| tests/unit/instrumentation/version.core.test.ts (1 test) 0ms
 ✓ |layer-relations| tests/unit/relations/relation-factory-input.core.test.ts (43 tests) 15ms
 ✓ |layer-relations| tests/unit/relations/junction-topology.core.test.ts (20 tests) 3ms
 ✓ |layer-relations| tests/unit/relations/relation-clearability.core.test.ts (13 tests) 7ms
 ✓ |layer-relations| tests/unit/relations/relation-target-settlement.core.test.ts (10 tests) 1ms
 ✓ |layer-relations| tests/unit/relations/relation-terminal-immutability.core.test.ts (11 tests) 2ms
 ✓ |layer-relations| tests/unit/relations/relation-exports.core.test.ts (4 tests) 1ms
 ✓ |layer-pattern| tests/pattern/generator/generator.core.test.ts (87 tests) 562ms
 ✓ |layer-pattern| tests/pattern/construct/to-one.core.test.ts (17 tests) 11ms
 ✓ |layer-pattern| tests/pattern/execute/differential.core.test.ts (15 tests) 16ms
 ✓ |layer-pattern| tests/pattern/schedule/dataflow.core.test.ts (6 tests) 9ms
 ✓ |layer-pattern| tests/pattern/schedule/legality.core.test.ts (5 tests) 5ms
 ✓ |layer-pattern| tests/pattern/construct/root.core.test.ts (14 tests) 9ms
 ✓ |layer-pattern| tests/pattern/execute/transaction.core.test.ts (13 tests) 6ms
 ✓ |layer-pattern| tests/pattern/construct/refusals.core.test.ts (10 tests) 5ms
 ✓ |layer-pattern| tests/pattern/construct/to-many.core.test.ts (12 tests) 8ms
 ✓ |layer-pattern| tests/pattern/construct/variants.core.test.ts (9 tests) 9ms
 ✓ |layer-pattern| tests/pattern/execute/batch.core.test.ts (10 tests) 6ms
 ✓ |layer-pattern| tests/pattern/execute/faults.core.test.ts (7 tests) 10ms
 ✓ |layer-pattern| tests/pattern/schedule/fragments.core.test.ts (4 tests) 3ms
 ✓ |layer-pattern| tests/pattern/construct/reference-row.core.test.ts (7 tests) 8ms
 ✓ |layer-pattern| tests/pattern/execute/segments.core.test.ts (7 tests) 10ms
 ✓ |layer-pattern| tests/pattern/execute/retry.core.test.ts (8 tests) 3ms
 ✓ |layer-pattern| tests/pattern/construct/census.core.test.ts (8 tests) 4ms
 ✓ |layer-pattern| tests/pattern/execute/admission.core.test.ts (5 tests) 2ms
 ✓ |layer-pattern| tests/pattern/construct/members.core.test.ts (2 tests) 3ms
 ✓ |layer-pattern| tests/pattern/match/construct-read-census.core.test.ts (1 test) 2ms
 ✓ |layer-write-engine| tests/contracts/engine/write/relation-membership-contracts.core.test.ts (10 tests) 9ms
 ✓ |layer-write-engine| tests/contracts/engine/write/fragment-validator.core.test.ts (17 tests) 5ms
 ✓ |layer-write-engine| tests/contracts/engine/write/series-result-read.core.test.ts (14 tests) 142ms
 ✓ |layer-write-engine| tests/contracts/engine/write/target-projection.core.test.ts (16 tests) 2ms
 ❯ |layer-write-engine| tests/contracts/engine/write/parse-boundary-gate.core.test.ts (6 tests | 3 failed) 21ms
   ✓ write engine parse-boundary gate (X2 — one home for validation) > (1) parseValidated is defined once — in the boundary — with the lone whole-tree cast 4ms
   × write engine parse-boundary gate (X2 — one home for validation) > (2) create/update/delete validate their whole args through the boundary 3ms
     → ENOENT: no such file or directory, open '/Users/arnaud/code/viborm/src/query-engine/write-engine/CreateOperation.ts'
   ✓ write engine parse-boundary gate (X2 — one home for validation) > (3) no key gate survives anywhere — assertUpsertKeys was the last 8ms
   × write engine parse-boundary gate (X2 — one home for validation) > (5) the upsert envelope is a schema at the boundary, wired at the one construction path 1ms
     → ENOENT: no such file or directory, open '/Users/arnaud/code/viborm/src/query-engine/write-engine/routing.ts'
   ✓ write engine parse-boundary gate (X2 — one home for validation) > (4) the in-engine shape-check surface may only shrink (X2 ratchet) 4ms
   × write engine parse-boundary gate (X2 — one home for validation) > (ratchet self-check) the current counts equal the pinned ceilings 2ms
     → expected 2 to be 6 // Object.is equality
 ❯ |layer-write-engine| tests/contracts/engine/write/architecture-gates.core.test.ts (6 tests | 1 failed) 815ms
   ✓ write engine structural gates (PLAN P0) > (a) keeps the executor free of operation semantics 33ms
   ✓ write engine structural gates (PLAN P0) > (b) forbids adapters from constructing a Step 51ms
   ✓ write engine structural gates (PLAN P0) > (c) freezes the fragment module's exported type surface 9ms
   ✓ write engine structural gates (PLAN P0) > (d) keeps the step vocabulary at exactly read/write/guard/recordSeries + census types 1ms
   ✓ write engine structural gates (PLAN P0) > (e) keeps write-engine runtime imports acyclic  719ms
   × write engine structural gates (PLAN P0) > (f) gives child-held membership one lowering owner 1ms
     → ENOENT: no such file or directory, open '/Users/arnaud/code/viborm/src/query-engine/write-engine/CreateOperation.ts'
 ✓ |layer-write-engine| tests/contracts/engine/write/write-shared-coverage.core.test.ts (11 tests) 4ms
 ✓ |layer-write-engine| tests/contracts/engine/write/relation-target-coverage.core.test.ts (7 tests) 2ms
 ✓ |layer-write-engine| tests/contracts/engine/write/generated-output-boundary.core.test.ts (6 tests) 1ms
 ✓ |layer-write-engine| tests/contracts/engine/write/race-retry-classification.core.test.ts (13 tests) 1ms
 ✓ |layer-write-engine| tests/contracts/engine/write/dead-symbol-gate.core.test.ts (16 tests) 374ms
 ✓ |layer-write-engine| tests/contracts/engine/write/create-race-pin.core.test.ts (8 tests) 1ms
 ✓ |layer-write-engine| tests/contracts/engine/write/atomic-unit-batch.core.test.ts (3 tests) 1ms
 ✓ |layer-write-engine| tests/contracts/engine/query/nested-create-many.core.test.ts (1 test) 6ms
 ✓ |layer-write-engine| tests/contracts/engine/write/compound-relation-adoption.core.test.ts (1 test) 0ms

⎯⎯⎯⎯⎯⎯ Failed Tests 268 ⎯⎯⎯⎯⎯⎯

 FAIL  |layer-drivers| tests/contracts/drivers/namespace-execution-target.core.test.ts > two drivers over one supplied pool address different namespaces > MySQL2 drivers sharing a pool never name each other's database
QueryEngineError: Operation 'createMany' does not compile to one SQL statement. Execute the operation instead.
⎯⎯⎯⎯⎯⎯⎯⎯⎯⎯⎯⎯⎯⎯⎯⎯⎯⎯⎯⎯⎯⎯[1/268]⎯

 FAIL  |layer-drivers| tests/contracts/drivers/namespace-execution-target.core.test.ts > two drivers over one supplied pool address different namespaces > pg drivers sharing a pool never name each other's schema
QueryEngineError: Operation 'createMany' does not compile to one SQL statement. Execute the operation instead.
⎯⎯⎯⎯⎯⎯⎯⎯⎯⎯⎯⎯⎯⎯⎯⎯⎯⎯⎯⎯⎯⎯[2/268]⎯

 FAIL  |layer-drivers| tests/contracts/drivers/namespace-execution-target.core.test.ts > transaction views execute against the base driver's namespace > a root, a transaction and a nested transaction compile identical SQL
QueryEngineError: Operation 'createMany' does not compile to one SQL statement. Execute the operation instead.
⎯⎯⎯⎯⎯⎯⎯⎯⎯⎯⎯⎯⎯⎯⎯⎯⎯⎯⎯⎯⎯⎯[3/268]⎯

 FAIL  |layer-drivers| tests/contracts/drivers/namespace-execution-target.core.test.ts > transaction views execute against the base driver's namespace > an unbound MySQL base stays unbound through its views
QueryEngineError: Operation 'createMany' does not compile to one SQL statement. Execute the operation instead.
⎯⎯⎯⎯⎯⎯⎯⎯⎯⎯⎯⎯⎯⎯⎯⎯⎯⎯⎯⎯⎯⎯[4/268]⎯

 FAIL  |layer-drivers| tests/contracts/drivers/namespace-execution-target.core.test.ts > no session-scoped target statement is compiled > neither dialect emits USE or SET search_path
QueryEngineError: Operation 'createMany' does not compile to one SQL statement. Execute the operation instead.
⎯⎯⎯⎯⎯⎯⎯⎯⎯⎯⎯⎯⎯⎯⎯⎯⎯⎯⎯⎯⎯⎯[5/268]⎯

 FAIL  |layer-drivers| tests/contracts/drivers/provider-result-contracts.core.test.ts > provider row-count normalization > PlanetScale preview sends GeoPoint SQL through its SDK formatter
AssertionError: expected 'SELECT JSON_OBJECT(\'longitude\', ST_…' to be 'SELECT JSON_OBJECT(\'longitude\', ST_…' // Object.is equality

Expected: [32m"SELECT JSON_OBJECT('longitude', ST_Longitude(`[7mt[27m0`.`location`), 'latitude', ST_Latitude(`[7mt[27m0`.`location`)) AS `location` FROM `place` AS `[7mt[27m0` WHERE (ST_Longitude(`[7mt[27m0`.`location`) = 12.5 AND ST_Latitude(`[7mt[27m0`.`location`) = -7.25)"[39m
Received: [31m"SELECT JSON_OBJECT('longitude', ST_Longitude(`[7mq[27m0`.`location`), 'latitude', ST_Latitude(`[7mq[27m0`.`location`)) AS `location` FROM `place` AS `[7mq[27m0` WHERE (ST_Longitude(`[7mq[27m0`.`location`) = 12.5 AND ST_Latitude(`[7mq[27m0`.`location`) = -7.25)"[39m

 ❯ tests/contracts/drivers/provider-result-contracts.core.test.ts:275:27


⎯⎯⎯⎯⎯⎯⎯⎯⎯⎯⎯⎯⎯⎯⎯⎯⎯⎯⎯⎯⎯⎯[6/268]⎯

 FAIL  |layer-drivers| tests/contracts/drivers/sqlite-integer-safety.core.test.ts > Bun SQLite integer safety > tagged and verbatim raw keep their integer modes in a fallback batch
Error: Expected one prepared statement
 ❯ prepareOperation tests/contracts/drivers/sqlite-integer-safety.core.test.ts:109:11
    107|   const prepared = capability.prepare(driver);
    108|   if (!prepared) {
    109|     throw new Error("Expected one prepared statement");
       |           ^
    110|   }
    111|   return prepared;
 ❯ tests/contracts/drivers/sqlite-integer-safety.core.test.ts:200:9

⎯⎯⎯⎯⎯⎯⎯⎯⎯⎯⎯⎯⎯⎯⎯⎯⎯⎯⎯⎯⎯⎯[7/268]⎯

 FAIL  |layer-write-engine| tests/contracts/engine/write/architecture-gates.core.test.ts > write engine structural gates (PLAN P0) > (f) gives child-held membership one lowering owner
Error: ENOENT: no such file or directory, open '/Users/arnaud/code/viborm/src/query-engine/write-engine/CreateOperation.ts'
 ❯ tests/contracts/engine/write/architecture-gates.core.test.ts:240:22
    238|   it("(f) gives child-held membership one lowering owner", () => {
    239|     const compilerSource = ["CreateOperation.ts", "RecordUpdateCompile…
    240|       .map((name) => readFileSync(join(WRITE_ENGINE_ROOT, name), "utf8…
       |                      ^
    241|       .join("\n");
    242|     expect(compilerSource).not.toMatch(LEGACY_MEMBERSHIP_INPUTS);
 ❯ tests/contracts/engine/write/architecture-gates.core.test.ts:240:8

⎯⎯⎯⎯⎯⎯⎯⎯⎯⎯⎯⎯⎯⎯⎯⎯⎯⎯⎯⎯⎯⎯[8/268]⎯

 FAIL  |layer-write-engine| tests/contracts/engine/write/parse-boundary-gate.core.test.ts > write engine parse-boundary gate (X2 — one home for validation) > (2) create/update/delete validate their whole args through the boundary
Error: ENOENT: no such file or directory, open '/Users/arnaud/code/viborm/src/query-engine/write-engine/CreateOperation.ts'
 ❯ read tests/contracts/engine/write/parse-boundary-gate.core.test.ts:58:10
     56| 
     57| function read(file: string): string {
     58|   return readFileSync(join(ENGINE, file), "utf8");
       |          ^
     59| }
     60| 
 ❯ tests/contracts/engine/write/parse-boundary-gate.core.test.ts:161:35
 ❯ tests/contracts/engine/write/parse-boundary-gate.core.test.ts:157:42

⎯⎯⎯⎯⎯⎯⎯⎯⎯⎯⎯⎯⎯⎯⎯⎯⎯⎯⎯⎯⎯⎯[9/268]⎯

 FAIL  |layer-write-engine| tests/contracts/engine/write/parse-boundary-gate.core.test.ts > write engine parse-boundary gate (X2 — one home for validation) > (5) the upsert envelope is a schema at the boundary, wired at the one construction path
Error: ENOENT: no such file or directory, open '/Users/arnaud/code/viborm/src/query-engine/write-engine/routing.ts'
 ❯ read tests/contracts/engine/write/parse-boundary-gate.core.test.ts:58:10
     56| 
     57| function read(file: string): string {
     58|   return readFileSync(join(ENGINE, file), "utf8");
       |          ^
     59| }
     60| 
 ❯ tests/contracts/engine/write/parse-boundary-gate.core.test.ts:183:12

⎯⎯⎯⎯⎯⎯⎯⎯⎯⎯⎯⎯⎯⎯⎯⎯⎯⎯⎯⎯⎯[10/268]⎯

 FAIL  |layer-write-engine| tests/contracts/engine/write/parse-boundary-gate.core.test.ts > write engine parse-boundary gate (X2 — one home for validation) > (ratchet self-check) the current counts equal the pinned ceilings
AssertionError: expected 2 to be 6 // Object.is equality

[32m- Expected[39m
[31m+ Received[39m

[32m- 6[39m
[31m+ 2[39m

 ❯ tests/contracts/engine/write/parse-boundary-gate.core.test.ts:201:43
    199|     // If a change legitimately reduces the surface, drop the ceiling …
    200|     // ratchet keeps biting at the new floor. This equality tripwire f…
    201|     expect(countAll(PAYLOAD_RECORD_CAST)).toBe(MAX_PAYLOAD_RECORD_CAST…
       |                                           ^
    202|     expect(countAll(SHAPE_THROW_MESSAGE)).toBe(MAX_SHAPE_THROW_MESSAGE…
    203|   });

⎯⎯⎯⎯⎯⎯⎯⎯⎯⎯⎯⎯⎯⎯⎯⎯⎯⎯⎯⎯⎯[11/268]⎯

 FAIL  |layer-client| tests/contracts/public-client/array-transaction-closure.core.test.ts > native array closures > keeps an already-applied observation settled when a later parse fails
AssertionError: promise resolved "[ [], [] ]" instead of rejecting

[32m- Expected:[39m 
Error {
  "message": "rejected promise",
}

[31m+ Received:[39m 
[
  [],
  [],
]

 ❯ tests/contracts/public-client/array-transaction-closure.core.test.ts:271:5
    269|       // transaction-operation owner, so the seam admits what the type…
    270|       client.$transaction([client.record.findMany(), failingParse])
    271|     ).rejects.toThrow();
       |     ^
    272|     await flushObservations();
    273|     expect(

⎯⎯⎯⎯⎯⎯⎯⎯⎯⎯⎯⎯⎯⎯⎯⎯⎯⎯⎯⎯⎯[12/268]⎯

 FAIL  |layer-client| tests/contracts/public-client/official-cache-swr.core.test.ts > official cache stale-while-revalidate > contains provider, snapshot, set, and cleanup failures
AssertionError: expected +0 to be 1 // Object.is equality

[32m- Expected[39m
[31m+ Received[39m

[32m- 1[39m
[31m+ 0[39m

 ❯ tests/contracts/public-client/official-cache-swr.core.test.ts:550:48
    548|       expect(state.scheduled).toEqual([]);
    549|       if (scenario === "snapshot") {
    550|         expect(hostileJsonReadsAtCoreBoundary).toBe(1);
       |                                                ^
    551|         expect(hostileJsonGetterReads).toBe(hostileJsonReadsAtCoreBoun…
    552|         publishHostileJson = false;

⎯⎯⎯⎯⎯⎯⎯⎯⎯⎯⎯⎯⎯⎯⎯⎯⎯⎯⎯⎯⎯[13/268]⎯

 FAIL  |layer-client| tests/contracts/public-client/query-interceptors-array.core.test.ts > native array query execution > orders provider, committed outcomes, parsing, and handler post-work
AssertionError: expected "spy" to be called once, but got 0 times
 ❯ tests/contracts/public-client/query-interceptors-array.core.test.ts:1089:19
    1087|     await runUnsafeArrayTransaction(client, [parsing]);
    1088| 
    1089|     expect(parse).toHaveBeenCalledOnce();
       |                   ^
    1090|     expect(timeline).toEqual(["provider", "outcome", "parse", "post-wo…
    1091|   });

⎯⎯⎯⎯⎯⎯⎯⎯⎯⎯⎯⎯⎯⎯⎯⎯⎯⎯⎯⎯⎯[14/268]⎯

 FAIL  |layer-client| tests/contracts/public-client/query-interceptors-array.core.test.ts > native array query execution > keeps the native child primary across ordered post-work and commit failures
AssertionError: expected [ …(3) ] to have a length of 5 but got 3

[32m- Expected[39m
[31m+ Received[39m

[32m- 5[39m
[31m+ 3[39m

 ❯ tests/contracts/public-client/query-interceptors-array.core.test.ts:1242:28
    1240|     expect(failure).toBeInstanceOf(AggregateError);
    1241|     if (!(failure instanceof AggregateError)) throw failure;
    1242|     expect(failure.errors).toHaveLength(5);
       |                            ^
    1243|     expect(failure.errors[0]).toBe(failure.cause);
    1244|     expect(failure.errors[0]).toMatchObject({

⎯⎯⎯⎯⎯⎯⎯⎯⎯⎯⎯⎯⎯⎯⎯⎯⎯⎯⎯⎯⎯[15/268]⎯

 FAIL  |layer-client| tests/contracts/public-client/query-interceptors-array.core.test.ts > public array lifecycle observers > orders native statement onions before transforms and submits nothing on failure
AssertionError: expected [ 'provider' ] to deeply equal []

[32m- Expected[39m
[31m+ Received[39m

[32m- [][39m
[31m+ [[39m
[31m+   "provider",[39m
[31m+ ][39m

 ❯ tests/contracts/public-client/query-interceptors-array.core.test.ts:2035:27
    2033|     );
    2034|     await Promise.resolve();
    2035|     expect(driver.events).toEqual([]);
       |                           ^
    2036|     expect(timeline.slice(0, 4)).toEqual([
    2037|       "statement:in:findMany",

⎯⎯⎯⎯⎯⎯⎯⎯⎯⎯⎯⎯⎯⎯⎯⎯⎯⎯⎯⎯⎯[16/268]⎯

 FAIL  |layer-client| tests/contracts/public-client/query-interceptors-array.core.test.ts > public array lifecycle observers > keeps observe-only native admission private and reports exact commit facts
Error: Expected the array transaction to fail
 ❯ captureFailure tests/contracts/public-client/query-interceptors-array.core.test.ts:277:9
    275|     return error;
    276|   }
    277|   throw new Error("Expected the array transaction to fail");
       |         ^
    278| }
    279| 
 ❯ tests/contracts/public-client/query-interceptors-array.core.test.ts:2249:28

⎯⎯⎯⎯⎯⎯⎯⎯⎯⎯⎯⎯⎯⎯⎯⎯⎯⎯⎯⎯⎯[17/268]⎯

 FAIL  |layer-client| tests/contracts/public-client/query-interceptors-integration.core.test.ts > public query-interceptor integration > reports commit ambiguity for a direct composed write transaction
AssertionError: expected [] to deeply equal [ 'may-have-committed' ]

[32m- Expected[39m
[31m+ Received[39m

[32m- [[39m
[32m-   "may-have-committed",[39m
[32m- ][39m
[31m+ [][39m

 ❯ tests/contracts/public-client/query-interceptors-integration.core.test.ts:1383:25
    1381|     expect(driver.events).toContain("COMMIT");
    1382|     expect(driver.events).toContain("ROLLBACK");
    1383|     expect(certainties).toEqual(["may-have-committed"]);
       |                         ^
    1384|     expect(failure).toBeInstanceOf(QueryError);
    1385|     expect(failure).toMatchObject({

⎯⎯⎯⎯⎯⎯⎯⎯⎯⎯⎯⎯⎯⎯⎯⎯⎯⎯⎯⎯⎯[18/268]⎯

 FAIL  |layer-client| tests/contracts/public-client/query-interceptors-integration.core.test.ts > public query-interceptor integration > reports committed certainty when direct transaction cleanup fails after commit
AssertionError: expected [] to deeply equal [ 'committed' ]

[32m- Expected[39m
[31m+ Received[39m

[32m- [[39m
[32m-   "committed",[39m
[32m- ][39m
[31m+ [][39m

 ❯ tests/contracts/public-client/query-interceptors-integration.core.test.ts:1427:25
    1425|     expect(driver.events).toContain("BEGIN");
    1426|     expect(driver.events.at(-1)).toBe("COMMIT");
    1427|     expect(certainties).toEqual(["committed"]);
       |                         ^
    1428|     expect(failure).toBeInstanceOf(QueryError);
    1429|     expect(failure).toMatchObject({

⎯⎯⎯⎯⎯⎯⎯⎯⎯⎯⎯⎯⎯⎯⎯⎯⎯⎯⎯⎯⎯[19/268]⎯

 FAIL  |layer-client| tests/contracts/public-client/request-transforms.core.test.ts > public request-transform integration > runs before the unique guard and the existing validation owner
AssertionError: expected function to throw an error, but it didn't
 ❯ tests/contracts/public-client/request-transforms.core.test.ts:814:59
    812| 
    813|     const invalid = client.entry.findMany();
    814|     expect(() => transactionOperation(invalid).prepare()).toThrow(
       |                                                           ^
    815|       ValidationError
    816|     );

⎯⎯⎯⎯⎯⎯⎯⎯⎯⎯⎯⎯⎯⎯⎯⎯⎯⎯⎯⎯⎯[20/268]⎯

 FAIL  |layer-client| tests/contracts/public-client/request-transforms.core.test.ts > public request-transform integration > lets the unique guard refuse a patched empty selector before validation
AssertionError: expected [Function] to throw an error

[32m- Expected:[39m 
null

[31m+ Received:[39m 
undefined

 ❯ tests/contracts/public-client/request-transforms.core.test.ts:828:61
    826|     const operation = client.entry.findUnique({ where: { id: "caller" …
    827| 
    828|     expect(() => transactionOperation(operation).prepare()).toThrow(
       |                                                             ^
    829|       "whereUnique requires at least one unique discriminator"
    830|     );

⎯⎯⎯⎯⎯⎯⎯⎯⎯⎯⎯⎯⎯⎯⎯⎯⎯⎯⎯⎯⎯[21/268]⎯

 FAIL  |layer-client| tests/contracts/public-client/request-transforms.core.test.ts > public request-transform integration > leaves unknown patched keys to core operation validation
AssertionError: expected function to throw an error, but it didn't
 ❯ tests/contracts/public-client/request-transforms.core.test.ts:842:61
    840|     const operation = client.entry.findMany();
    841| 
    842|     expect(() => transactionOperation(operation).prepare()).toThrow(
       |                                                             ^
    843|       ValidationError
    844|     );

⎯⎯⎯⎯⎯⎯⎯⎯⎯⎯⎯⎯⎯⎯⎯⎯⎯⎯⎯⎯⎯[22/268]⎯

 FAIL  |layer-client| tests/contracts/public-client/request-transforms.core.test.ts > public request-transform integration > applies client default omit after request preparation
AssertionError: expected undefined to be defined
 ❯ tests/contracts/public-client/request-transforms.core.test.ts:862:26
    860| 
    861|     const statement = transactionOperation(client.entry.findMany()).pr…
    862|     expect(handlerInput).toBeDefined();
       |                          ^
    863|     expect(Object.hasOwn(handlerInput ?? {}, "omit")).toBe(false);
    864|     expect(statement?.sql).not.toContain('"secret"');

⎯⎯⎯⎯⎯⎯⎯⎯⎯⎯⎯⎯⎯⎯⎯⎯⎯⎯⎯⎯⎯[23/268]⎯

 FAIL  |layer-client| tests/contracts/public-client/request-transforms.core.test.ts > public request-transform integration > protects every result-shape family through the public client
AssertionError: expected Set{} to deeply equal Set{ 'findMany', 'findFirst', …(8) }

[32m- Expected[39m
[31m+ Received[39m

[32m- Set {[39m
[32m-   "aggregate",[39m
[32m-   "count",[39m
[32m-   "create",[39m
[32m-   "createMany",[39m
[32m-   "deleteMany",[39m
[32m-   "findFirst",[39m
[32m-   "findMany",[39m
[32m-   "findUnique",[39m
[32m-   "groupBy",[39m
[32m-   "updateMany",[39m
[32m- }[39m
[31m+ Set {}[39m

 ❯ tests/contracts/public-client/request-transforms.core.test.ts:972:18
    970|       expect(() => transactionOperation(operation).prepare()).not.toTh…
    971|     }
    972|     expect(seen).toEqual(new Set(protectedKeys.keys()));
       |                  ^
    973|   });
    974| 

⎯⎯⎯⎯⎯⎯⎯⎯⎯⎯⎯⎯⎯⎯⎯⎯⎯⎯⎯⎯⎯[24/268]⎯

 FAIL  |layer-client| tests/contracts/public-client/request-transforms.core.test.ts > public request-transform integration > memoizes a request failure across wrapped lifecycle entry points
AssertionError: expected AssertionError: expected not to be reached { …(3) } to be an instance of QueryError
 ❯ tests/contracts/public-client/request-transforms.core.test.ts:1026:26
    1024|       firstFailure = error;
    1025|     }
    1026|     expect(firstFailure).toBeInstanceOf(QueryError);
       |                          ^
    1027|     if (!(firstFailure instanceof QueryError)) throw firstFailure;
    1028|     expect(calls).toBe(1);

⎯⎯⎯⎯⎯⎯⎯⎯⎯⎯⎯⎯⎯⎯⎯⎯⎯⎯⎯⎯⎯[25/268]⎯

 FAIL  |layer-query-engine| tests/contracts/architecture/contract-matrix.core.test.ts > contract and provider matrix > matches matrix run decisions to provider registrations
AssertionError: libsql:drivers.batch-primary-key-dataflow: expected '/**\n * LibSQL index DDL and read pla…' to contain 'batchPrimaryKeyDataflowContract.regis…'

[32m- Expected[39m
[31m+ Received[39m

[32m- batchPrimaryKeyDataflowContract.register([39m
[31m+ /**[39m
[31m+  * LibSQL index DDL and read planning: foreign-key and partial indexes, forward FK ordering, window aggregates, and cursor and nested pagination.[39m
[31m+  *[39m
[31m+  * One file of the LibSQL provider suite, which is split across sibling[39m
[31m+  * `libsql-*.test.ts` files. Every registered contract instantiates the[39m
[31m+  * client's generic surface over its own multi-model schema, and the 1280 MB[39m
[31m+  * TypeScript shard heap holds only a handful of those instantiations per[39m
[31m+  * program, so the suite is partitioned by schema group rather than by size.[39m
[31m+  * The forced-batch driver the batch contracts need lives in[39m
[31m+  * `./libsql-fixtures`, which Vitest does not collect.[39m
[31m+  */[39m
[31m+[39m
[31m+ import { countAggregateWindowContract } from "@tests/contracts/drivers/behaviors/count-aggregate-window-behavior";[39m
[31m+ import { cursorPaginationContract } from "@tests/contracts/drivers/behaviors/cursor-pagination-behavior";[39m
[31m+ import { distinctSkipWindowContract } from "@tests/contracts/drivers/behaviors/distinct-skip-window-behavior";[39m
[31m+ import {[39m
[31m+   fkIndexContract,[39m
[31m+   fkIndexUpgradeContract,[39m
[31m+ } from "@tests/contracts/drivers/behaviors/fk-index-behavior";[39m
[31m+ import { forwardFkOrderingContract } from "@tests/contracts/drivers/behaviors/forward-fk-ordering-behavior";[39m
[31m+ import {[39m
[31m+   mappedIndexContract,[39m
[31m+   partialIndexContract,[39m
[31m+   partialIndexCoverageContract,[39m
[31m+ } from "@tests/contracts/drivers/behaviors/index-ddl-behavior";[39m
[31m+ import { nestedPaginationContract } from "@tests/contracts/drivers/behaviors/nested-pagination-behavior";[39m
[31m+ import { omitContract } from "@tests/contracts/drivers/behaviors/omit-behavior";[39m
[31m+ import { createInMemoryLibSQLDriver } from "@tests/fixtures/drivers/libsql";[39m
[31m+ import { describe } from "vitest";[39m
[31m+[39m
[31m+ // biome-ignore lint/suspicious/noSkippedTests: V1 effectful push is not supported by libSQL.[39m
[31m+ describe.skip("LibSQL contracts that need effectful live-schema setup (DRIVER_NOT_SUPPORTED)", () => {[39m
[31m+   fkIndexContract.register({[39m
[31m+     driverName: "LibSQL",[39m
[31m+     createDriver: createInMemoryLibSQLDriver,[39m
[31m+   });[39m
[31m+   mappedIndexContract.register({[39m
[31m+     driverName: "LibSQL",[39m
[31m+     createDriver: createInMemoryLibSQLDriver,[39m
[31m+   });[39m
[31m+   partialIndexContract.register({[39m
[31m+     driverName: "LibSQL",[39m
[31m+     createDriver: createInMemoryLibSQLDriver,[39m
[31m+   });[39m
[31m+   partialIndexCoverageContract.register({[39m
[31m+     driverName: "LibSQL",[39m
[31m+     createDriver: createInMemoryLibSQLDriver,[39m
[31m+   });[39m
[31m+   fkIndexUpgradeContract.register({[39m
[31m+     driverName: "LibSQL",[39m
[31m+     createDriver: createInMemoryLibSQLDriver,[39m
[31m+   });[39m
[31m+   forwardFkOrderingContract.register({[39m
[31m+     driverName: "LibSQL",[39m
[31m+     createDriver: createInMemoryLibSQLDriver,[39m
[31m+     fkNamesRoundTrip: false,[39m
[31m+   });[39m
[31m+   countAggregateWindowContract.register({[39m
[31m+     driverName: "LibSQL",[39m
[31m+     createDriver: createInMemoryLibSQLDriver,[39m
[31m+   });[39m
[31m+   distinctSkipWindowContract.register({[39m
[31m+     driverName: "LibSQL",[39m
[31m+     createDriver: createInMemoryLibSQLDriver,[39m
[31m+   });[39m
[31m+   cursorPaginationContract.register({[39m
[31m+     driverName: "LibSQL",[39m
[31m+     createDriver: createInMemoryLibSQLDriver,[39m
[31m+   });[39m
[31m+   nestedPaginationContract.register({[39m
[31m+     driverName: "LibSQL",[39m
[31m+     createDriver: createInMemoryLibSQLDriver,[39m
[31m+   });[39m
[31m+   omitContract.register({[39m
[31m+     driverName: "LibSQL",[39m
[31m+     createDriver: createInMemoryLibSQLDriver,[39m
[31m+   });[39m
[31m+ });[39m
[31m+ /**[39m
[31m+  * LibSQL nested-write schemas: nested writes, compound keys, and many-to-many.[39m
[31m+  *[39m
[31m+  * One file of the LibSQL provider suite, which is split across sibling[39m
[31m+  * `libsql-*.test.ts` files. Every registered contract instantiates the[39m
[31m+  * client's generic surface over its own multi-model schema, and the 1280 MB[39m
[31m+  * TypeScript shard heap holds only a handful of those instantiations per[39m
[31m+  * program, so the suite is partitioned by schema group rather than by size.[39m
[31m+  * The forced-batch driver the batch contracts need lives in[39m
[31m+  * `./libsql-fixtures`, which Vitest does not collect.[39m
[31m+  */[39m
[31m+[39m
[31m+ import { compoundKeyContract } from "@tests/contracts/drivers/behaviors/compound-key-behavior";[39m
[31m+ import { manyToManyContract } from "@tests/contracts/drivers/behaviors/many-to-many-behavior";[39m
[31m+ import { nestedWriteAdvancedContract } from "@tests/contracts/drivers/behaviors/nested-write-advanced-behavior";[39m
[31m+ import { nestedWriteContract } from "@tests/contracts/drivers/behaviors/nested-write-behavior";[39m
[31m+ import { createInMemoryLibSQLDriver } from "@tests/fixtures/drivers/libsql";[39m
[31m+ import { describe } from "vitest";[39m
[31m+[39m
[31m+ // biome-ignore lint/suspicious/noSkippedTests: V1 effectful push is not supported by libSQL.[39m
[31m+ describe.skip("LibSQL contracts that need effectful live-schema setup (DRIVER_NOT_SUPPORTED)", () => {[39m
[31m+   nestedWriteContract.register({[39m
[31m+     driverName: "LibSQL",[39m
[31m+     createDriver: createInMemoryLibSQLDriver,[39m
[31m+   });[39m
[31m+   nestedWriteAdvancedContract.register({[39m
[31m+     driverName: "LibSQL",[39m
[31m+     createDriver: createInMemoryLibSQLDriver,[39m
[31m+   });[39m
[31m+   compoundKeyContract.register({[39m
[31m+     driverName: "LibSQL",[39m
[31m+     createDriver: createInMemoryLibSQLDriver,[39m
[31m+   });[39m
[31m+   manyToManyContract.register({[39m
[31m+     driverName: "LibSQL",[39m
[31m+     createDriver: createInMemoryLibSQLDriver,[39m
[31m+   });[39m
[31m+ });[39m
[31m+ /**[39m
[31m+  * LibSQL Prisma parity, optional and polymorphic relations, JSON list and null-sentinel filtering, read-path regressions, relation aggregates, and nested orderBy.[39m
[31m+  *[39m
[31m+  * One file of the LibSQL provider suite, which is split across sibling[39m
[31m+  * `libsql-*.test.ts` files. Every registered contract instantiates the[39m
[31m+  * client's generic surface over its own multi-model schema, and the 1280 MB[39m
[31m+  * TypeScript shard heap holds only a handful of those instantiations per[39m
[31m+  * program, so the suite is partitioned by schema group rather than by size.[39m
[31m+  * The forced-batch driver the batch contracts need lives in[39m
[31m+  * `./libsql-fixtures`, which Vitest does not collect.[39m
[31m+  */[39m
[31m+[39m
[31m+ import { jsonNullSentinelContract } from "@tests/contracts/drivers/behaviors/json-null-sentinel-behavior";[39m
[31m+ import { listJsonFilterContract } from "@tests/contracts/drivers/behaviors/list-json-filter-behavior";[39m
[31m+ import { nestedOrderByContract } from "@tests/contracts/drivers/behaviors/nested-orderby-behavior";[39m
[31m+ import { optionalRelationParityContract } from "@tests/contracts/drivers/behaviors/optional-relation-parity-behavior";[39m
[31m+ import { polymorphicRelationContract } from "@tests/contracts/drivers/behaviors/polymorphic-relation-behavior";[39m
[31m+ import { prismaParityContract } from "@tests/contracts/drivers/behaviors/prisma-parity-behavior";[39m
[31m+ import { readPathRegressionContract } from "@tests/contracts/drivers/behaviors/read-path-regression-behavior";[39m
[31m+ import { relationReadAggregateContract } from "@tests/contracts/drivers/behaviors/relation-read-aggregate-behavior";[39m
[31m+ import { createInMemoryLibSQLDriver } from "@tests/fixtures/drivers/libsql";[39m
[31m+ import { describe } from "vitest";[39m
[31m+[39m
[31m+ // biome-ignore lint/suspicious/noSkippedTests: V1 effectful push is not supported by libSQL.[39m
[31m+ describe.skip("LibSQL contracts that need effectful live-schema setup (DRIVER_NOT_SUPPORTED)", () => {[39m
[31m+   prismaParityContract.register({[39m
[31m+     driverName: "LibSQL",[39m
[31m+     createDriver: createInMemoryLibSQLDriver,[39m
[31m+   });[39m
[31m+   optionalRelationParityContract.register({[39m
[31m+     driverName: "LibSQL",[39m
[31m+     createDriver: createInMemoryLibSQLDriver,[39m
[31m+   });[39m
[31m+   polymorphicRelationContract.register({[39m
[31m+     name: "LibSQL",[39m
[31m+     createDriver: createInMemoryLibSQLDriver,[39m
[31m+   });[39m
[31m+   listJsonFilterContract.register({[39m
[31m+     driverName: "LibSQL",[39m
[31m+     createDriver: createInMemoryLibSQLDriver,[39m
[31m+   });[39m
[31m+   jsonNullSentinelContract.register({[39m
[31m+     driverName: "LibSQL",[39m
[31m+     createDriver: createInMemoryLibSQLDriver,[39m
[31m+   });[39m
[31m+   readPathRegressionContract.register({[39m
[31m+     driverName: "LibSQL",[39m
[31m+     createDriver: createInMemoryLibSQLDriver,[39m
[31m+   });[39m
[31m+   relationReadAggregateContract.register({[39m
[31m+     driverName: "LibSQL",[39m
[31m+     createDriver: createInMemoryLibSQLDriver,[39m
[31m+   });[39m
[31m+   nestedOrderByContract.register({[39m
[31m+     driverName: "LibSQL",[39m
[31m+     createDriver: createInMemoryLibSQLDriver,[39m
[31m+   });[39m
[31m+ });[39m
[31m+ /**[39m
[31m+  * LibSQL ordering arrays, relation filters, RETURNING folds, bulk-write limits, LIKE escaping, blob filters, and field references.[39m
[31m+  *[39m
[31m+  * One file of the LibSQL provider suite, which is split across sibling[39m
[31m+  * `libsql-*.test.ts` files. Every registered contract instantiates the[39m
[31m+  * client's generic surface over its own multi-model schema, and the 1280 MB[39m
[31m+  * TypeScript shard heap holds only a handful of those instantiations per[39m
[31m+  * program, so the suite is partitioned by schema group rather than by size.[39m
[31m+  * The forced-batch driver the batch contracts need lives in[39m
[31m+  * `./libsql-fixtures`, which Vitest does not collect.[39m
[31m+  */[39m
[31m+[39m
[31m+ import { blobFilterContract } from "@tests/contracts/drivers/behaviors/blob-filter-behavior";[39m
[31m+ import { bulkWriteLimitContract } from "@tests/contracts/drivers/behaviors/bulk-write-limit-behavior";[39m
[31m+ import { createManyReturnFoldContract } from "@tests/contracts/drivers/behaviors/create-many-return-fold-behavior";[39m
[31m+ import { fieldReferenceContract } from "@tests/contracts/drivers/behaviors/field-reference-behavior";[39m
[31m+ import { implicitReturningContract } from "@tests/contracts/drivers/behaviors/implicit-returning-behavior";[39m
[31m+ import { likeEscapeContract } from "@tests/contracts/drivers/behaviors/like-escape-behavior";[39m
[31m+ import { orderingArrayCreateContract } from "@tests/contracts/drivers/behaviors/ordering-array-create-behavior";[39m
[31m+ import { relationFilterMutationContract } from "@tests/contracts/drivers/behaviors/relation-filter-mutation-behavior";[39m
[31m+ import { createInMemoryLibSQLDriver } from "@tests/fixtures/drivers/libsql";[39m
[31m+ import { describe } from "vitest";[39m
[31m+[39m
[31m+ // biome-ignore lint/suspicious/noSkippedTests: V1 effectful push is not supported by libSQL.[39m
[31m+ describe.skip("LibSQL contracts that need effectful live-schema setup (DRIVER_NOT_SUPPORTED)", () => {[39m
[31m+   orderingArrayCreateContract.register({[39m
[31m+     driverName: "LibSQL",[39m
[31m+     createDriver: createInMemoryLibSQLDriver,[39m
[31m+   });[39m
[31m+   relationFilterMutationContract.register({[39m
[31m+     driverName: "LibSQL",[39m
[31m+     createDriver: createInMemoryLibSQLDriver,[39m
[31m+   });[39m
[31m+   // LibSQL supports RETURNING, so the full suite applies. Caveat for the[39m
[31m+   // atomic-divide scenario: @libsql/client binds JS numbers as REAL[39m
[31m+   // (float64), so `qty / 2` on an INT column yields 3.5 where better-sqlite3[39m
[31m+   // (INTEGER binding, integer division) yields 3 — same dialect, different[39m
[31m+   // driver binding.[39m
[31m+   implicitReturningContract.register({[39m
[31m+     driverName: "LibSQL",[39m
[31m+     createDriver: createInMemoryLibSQLDriver,[39m
[31m+   });[39m
[31m+   createManyReturnFoldContract.register({[39m
[31m+     driverName: "LibSQL",[39m
[31m+     createDriver: createInMemoryLibSQLDriver,[39m
[31m+   });[39m
[31m+   bulkWriteLimitContract.register({[39m
[31m+     driverName: "LibSQL",[39m
[31m+     createDriver: createInMemoryLibSQLDriver,[39m
[31m+   });[39m
[31m+   likeEscapeContract.register({[39m
[31m+     driverName: "LibSQL",[39m
[31m+     createDriver: createInMemoryLibSQLDriver,[39m
[31m+   });[39m
[31m+   blobFilterContract.register({[39m
[31m+     driverName: "LibSQL",[39m
[31m+     createDriver: createInMemoryLibSQLDriver,[39m
[31m+   });[39m
[31m+   fieldReferenceContract.register({[39m
[31m+     driverName: "LibSQL",[39m
[31m+     createDriver: createInMemoryLibSQLDriver,[39m
[31m+   });[39m
[31m+ });[39m
[31m+ /**[39m
[31m+  * LibSQL provider boundary: the refusal of effectful live-schema setup and the GeoPoint storage tier, the only LibSQL contracts that run.[39m
[31m+  *[39m
[31m+  * One file of the LibSQL provider suite, which is split across sibling[39m
[31m+  * `libsql-*.test.ts` files. Every registered contract instantiates the[39m
[31m+  * client's generic surface over its own multi-model schema, and the 1280 MB[39m
[31m+  * TypeScript shard heap holds only a handful of those instantiations per[39m
[31m+  * program, so the suite is partitioned by schema group rather than by size.[39m
[31m+  * The forced-batch driver the batch contracts need lives in[39m
[31m+  * `./libsql-fixtures`, which Vitest does not collect.[39m
[31m+  */[39m
[31m+[39m
[31m+ import { createClient } from "@client/client";[39m
[31m+ import { VibORMErrorCode } from "@errors";[39m
[31m+ import { s } from "@schema";[39m
[31m+ import {[39m
[31m+   geoPointBatchContract,[39m
[31m+   geoPointContract,[39m
[31m+   setupGeoPointBehaviorSQLite,[39m
[31m+ } from "@tests/contracts/drivers/behaviors/geopoint-behavior";[39m
[31m+ import { createInMemoryLibSQLDriver } from "@tests/fixtures/drivers/libsql";[39m
[31m+ import { syncLiveSchema } from "@tests/fixtures/sync-schema";[39m
[31m+ import { describe, expect, test } from "vitest";[39m
[31m+ import { BatchOnlyLibSQLDriver } from "./libsql-fixtures";[39m
[31m+[39m
[31m+ describe("LibSQL Driver", () => {[39m
[31m+   test("refuses effectful live-schema setup", async () => {[39m
[31m+     const user = s.model({ id: s.string().id() });[39m
[31m+     const client = createClient({[39m
[31m+       schema: { user },[39m
[31m+       driver: createInMemoryLibSQLDriver(),[39m
[31m+     });[39m
[31m+     // Effectful V1 push is refused on libsql. Do not convert this setup[39m
[31m+     // path to syncLiveSchema expecting success.[39m
[31m+     await expect(syncLiveSchema(client)).rejects.toMatchObject({[39m
[31m+       code: VibORMErrorCode.DRIVER_NOT_SUPPORTED,[39m
[31m+     });[39m
[31m+     await client.$disconnect();[39m
[31m+   });[39m
[31m+   geoPointContract.register({[39m
[31m+     driverName: "LibSQL",[39m
[31m+     createDriver: createInMemoryLibSQLDriver,[39m
[31m+     tier: "storage",[39m
[31m+     rawSelectSql:[39m
[31m+       'SELECT "location" FROM "geopoint_behavior_places" WHERE "id" = \'raw\'',[39m
[31m+     setup: setupGeoPointBehaviorSQLite,[39m
[31m+   });[39m
[31m+   geoPointBatchContract.register({[39m
[31m+     driverName: "LibSQL forced native batch",[39m
[31m+     createDriver: () => new BatchOnlyLibSQLDriver(),[39m
[31m+   });[39m
[31m+ });[39m
[31m+[39m

 ❯ tests/contracts/architecture/contract-matrix.core.test.ts:138:66
    136|         const registration = `${contractName}.register(`;
    137|         if (runIds.has(contractId)) {
    138|           expect(providerSource, `${provider.id}:${contractId}`).toCon…
       |                                                                  ^
    139|             registration
    140|           );

⎯⎯⎯⎯⎯⎯⎯⎯⎯⎯⎯⎯⎯⎯⎯⎯⎯⎯⎯⎯⎯[26/268]⎯

 FAIL  |layer-query-engine| tests/contracts/architecture/contract-matrix.core.test.ts > contract and provider matrix > gives every layer one runtime core owner and one type core
AssertionError: query-engine type core: expected 0 to be greater than 0
 ❯ tests/contracts/architecture/contract-matrix.core.test.ts:192:59
    190|         0
    191|       );
    192|       expect(typeCounts.get(layer), `${layer} type core`).toBeGreaterT…
       |                                                           ^
    193|     }
    194|   });

⎯⎯⎯⎯⎯⎯⎯⎯⎯⎯⎯⎯⎯⎯⎯⎯⎯⎯⎯⎯⎯[27/268]⎯

 FAIL  |layer-query-engine| tests/contracts/architecture/contract-matrix.core.test.ts > contract and provider matrix > inventories every executable test by owner and boundary
AssertionError: tests/raptor3/candidate-handoff.test.ts: expected undefined to be defined
 ❯ tests/contracts/architecture/contract-matrix.core.test.ts:208:31
    206|     for (const file of testFiles) {
    207|       const inventory = classifyTestFile(file);
    208|       expect(inventory, file).toBeDefined();
       |                               ^
    209|       expect(inventory?.file).toBe(file);
    210|     }

⎯⎯⎯⎯⎯⎯⎯⎯⎯⎯⎯⎯⎯⎯⎯⎯⎯⎯⎯⎯⎯[28/268]⎯

 FAIL  |layer-query-engine| tests/contracts/engine/query/batch-attribution-hazard-signature.core.test.ts > 'PostgreSQL' batch attribution hazard signature > the adapter spells both hazard shapes the way the table expects
QueryEngineError: Operation 'updateMany' does not compile to one SQL statement. Execute the operation instead.
⎯⎯⎯⎯⎯⎯⎯⎯⎯⎯⎯⎯⎯⎯⎯⎯⎯⎯⎯⎯⎯[29/268]⎯

 FAIL  |layer-query-engine| tests/contracts/engine/query/batch-attribution-hazard-signature.core.test.ts > 'PostgreSQL' batch attribution hazard signature > an ordinary statement carrying this dialect's trick blocks attribution
QueryEngineError: Operation 'updateMany' does not compile to one SQL statement. Execute the operation instead.
⎯⎯⎯⎯⎯⎯⎯⎯⎯⎯⎯⎯⎯⎯⎯⎯⎯⎯⎯⎯⎯[30/268]⎯

 FAIL  |layer-query-engine| tests/contracts/engine/query/batch-attribution-hazard-signature.core.test.ts > 'PostgreSQL' batch attribution hazard signature > the other dialect's trick is not this dialect's, so attribution stands
QueryEngineError: Operation 'updateMany' does not compile to one SQL statement. Execute the operation instead.
⎯⎯⎯⎯⎯⎯⎯⎯⎯⎯⎯⎯⎯⎯⎯⎯⎯⎯⎯⎯⎯[31/268]⎯

 FAIL  |layer-query-engine| tests/contracts/engine/query/batch-attribution-hazard-signature.core.test.ts > 'PostgreSQL' batch attribution hazard signature > a batch of nothing but its own assertion attributes
QueryEngineError: Operation 'updateMany' does not compile to one SQL statement. Execute the operation instead.
⎯⎯⎯⎯⎯⎯⎯⎯⎯⎯⎯⎯⎯⎯⎯⎯⎯⎯⎯⎯⎯[32/268]⎯

 FAIL  |layer-query-engine| tests/contracts/engine/query/batch-attribution-hazard-signature.core.test.ts > 'MySQL' batch attribution hazard signature > the adapter spells both hazard shapes the way the table expects
QueryEngineError: Operation 'updateMany' does not compile to one SQL statement. Execute the operation instead.
⎯⎯⎯⎯⎯⎯⎯⎯⎯⎯⎯⎯⎯⎯⎯⎯⎯⎯⎯⎯⎯[33/268]⎯

 FAIL  |layer-query-engine| tests/contracts/engine/query/batch-attribution-hazard-signature.core.test.ts > 'MySQL' batch attribution hazard signature > an ordinary statement carrying this dialect's trick blocks attribution
QueryEngineError: Operation 'updateMany' does not compile to one SQL statement. Execute the operation instead.
⎯⎯⎯⎯⎯⎯⎯⎯⎯⎯⎯⎯⎯⎯⎯⎯⎯⎯⎯⎯⎯[34/268]⎯

 FAIL  |layer-query-engine| tests/contracts/engine/query/batch-attribution-hazard-signature.core.test.ts > 'MySQL' batch attribution hazard signature > the other dialect's trick is not this dialect's, so attribution stands
QueryEngineError: Operation 'updateMany' does not compile to one SQL statement. Execute the operation instead.
⎯⎯⎯⎯⎯⎯⎯⎯⎯⎯⎯⎯⎯⎯⎯⎯⎯⎯⎯⎯⎯[35/268]⎯

 FAIL  |layer-query-engine| tests/contracts/engine/query/batch-attribution-hazard-signature.core.test.ts > 'MySQL' batch attribution hazard signature > a batch of nothing but its own assertion attributes
QueryEngineError: Operation 'updateMany' does not compile to one SQL statement. Execute the operation instead.
⎯⎯⎯⎯⎯⎯⎯⎯⎯⎯⎯⎯⎯⎯⎯⎯⎯⎯⎯⎯⎯[36/268]⎯

 FAIL  |layer-query-engine| tests/contracts/engine/query/batch-attribution-hazard-signature.core.test.ts > 'SQLite' batch attribution hazard signature > the adapter spells both hazard shapes the way the table expects
QueryEngineError: Operation 'updateMany' does not compile to one SQL statement. Execute the operation instead.
⎯⎯⎯⎯⎯⎯⎯⎯⎯⎯⎯⎯⎯⎯⎯⎯⎯⎯⎯⎯⎯[37/268]⎯

 FAIL  |layer-query-engine| tests/contracts/engine/query/batch-attribution-hazard-signature.core.test.ts > 'SQLite' batch attribution hazard signature > an ordinary statement carrying this dialect's trick blocks attribution
QueryEngineError: Operation 'updateMany' does not compile to one SQL statement. Execute the operation instead.
⎯⎯⎯⎯⎯⎯⎯⎯⎯⎯⎯⎯⎯⎯⎯⎯⎯⎯⎯⎯⎯[38/268]⎯

 FAIL  |layer-query-engine| tests/contracts/engine/query/batch-attribution-hazard-signature.core.test.ts > 'SQLite' batch attribution hazard signature > the other dialect's trick is not this dialect's, so attribution stands
QueryEngineError: Operation 'updateMany' does not compile to one SQL statement. Execute the operation instead.
⎯⎯⎯⎯⎯⎯⎯⎯⎯⎯⎯⎯⎯⎯⎯⎯⎯⎯⎯⎯⎯[39/268]⎯

 FAIL  |layer-query-engine| tests/contracts/engine/query/batch-attribution-hazard-signature.core.test.ts > 'SQLite' batch attribution hazard signature > a batch of nothing but its own assertion attributes
QueryEngineError: Operation 'updateMany' does not compile to one SQL statement. Execute the operation instead.
⎯⎯⎯⎯⎯⎯⎯⎯⎯⎯⎯⎯⎯⎯⎯⎯⎯⎯⎯⎯⎯[40/268]⎯

 FAIL  |layer-query-engine| tests/contracts/engine/query/bulk-create-plan.core.test.ts > bulk create planning > fails closed on a short provider result window
AssertionError: expected [Function] to throw error including 'is unresolved' but got 'Driver \'bulk-plan\' omitted the prep…'

Expected: [32m"is unresolved"[39m
Received: [31m"Driver 'bulk-plan' omitted the prepared result for operation 'createMany'."[39m

 ❯ tests/contracts/engine/query/bulk-create-plan.core.test.ts:421:69
    419|     // leaves a batch reference unresolved rather than silently report…
    420|     // count.
    421|     expect(() => prepared.parseResult([{ rows: [], rowCount: 1 }])).to…
       |                                                                     ^
    422|       "is unresolved"
    423|     );

⎯⎯⎯⎯⎯⎯⎯⎯⎯⎯⎯⎯⎯⎯⎯⎯⎯⎯⎯⎯⎯[41/268]⎯

 FAIL  |layer-query-engine| tests/contracts/engine/query/bulk-insert-row-shapes.core.test.ts > bulk insert row-shape planning > empty createMany rejects during batch preparation
AssertionError: promise resolved "[ { count: +0 } ]" instead of rejecting

[32m- Expected:[39m 
Error {
  "message": "rejected promise",
}

[31m+ Received:[39m 
[
  {
    "count": 0,
  },
]

 ❯ tests/contracts/engine/query/bulk-insert-row-shapes.core.test.ts:26:5
     24|     await expect(
     25|       client.$transaction([client.batchRow.createMany({ data: [] })])
     26|     ).rejects.toThrow("No data to insert");
       |     ^
     27|   });
     28| 

⎯⎯⎯⎯⎯⎯⎯⎯⎯⎯⎯⎯⎯⎯⎯⎯⎯⎯⎯⎯⎯[42/268]⎯

 FAIL  |layer-query-engine| tests/contracts/engine/query/cursor-pagination-sql.core.test.ts > 'PostgreSQL' cursor SQL > one normalized order drives ORDER BY and one derived cursor row
 FAIL  |layer-query-engine| tests/contracts/engine/query/cursor-pagination-sql.core.test.ts > 'MySQL' cursor SQL > one normalized order drives ORDER BY and one derived cursor row
 FAIL  |layer-query-engine| tests/contracts/engine/query/cursor-pagination-sql.core.test.ts > 'SQLite' cursor SQL > one normalized order drives ORDER BY and one derived cursor row
AssertionError: expected null not to be null
 ❯ tests/contracts/engine/query/cursor-pagination-sql.core.test.ts:102:58
    100|       query.values.filter((value) => value === "alternate-cursor")
    101|     ).toHaveLength(1);
    102|     expect(query.statement.match(CURSOR_ZERO_REGEX)).not.toBeNull();
       |                                                          ^
    103|     expect(query.statement.match(CURSOR_ONE_REGEX)).not.toBeNull();
    104|     expect(query.statement.match(CURSOR_TWO_REGEX)).not.toBeNull();

⎯⎯⎯⎯⎯⎯⎯⎯⎯⎯⎯⎯⎯⎯⎯⎯⎯⎯⎯⎯⎯[43/268]⎯

 FAIL  |layer-query-engine| tests/contracts/engine/query/cursor-pagination-sql.core.test.ts > 'PostgreSQL' cursor SQL > preserves frozen multi-entry order while appending the identity
 FAIL  |layer-query-engine| tests/contracts/engine/query/cursor-pagination-sql.core.test.ts > 'SQLite' cursor SQL > preserves frozen multi-entry order while appending the identity
AssertionError: expected 'ORDER BY "q0"."age" DESC NULLS FIRST,…' to contain '"t0"."age" DESC NULLS FIRST'

Expected: [32m"[7m"t[27m0"."age" DESC NULLS FIRST"[39m
Received: [31m"[7mORDER BY "q[27m0"."age" DESC NULLS FIRST[7m, "q0"."alternate" ASC, "q0"."id" ASC LIMIT $1[27m"[39m

 ❯ tests/contracts/engine/query/cursor-pagination-sql.core.test.ts:124:25
    122|     const idIndex = orderClause.indexOf(quoted(dialectCase, "id"));
    123| 
    124|     expect(orderClause).toContain(
       |                         ^
    125|       expectedOrder(dialectCase, "age", "desc", "first")
    126|     );

⎯⎯⎯⎯⎯⎯⎯⎯⎯⎯⎯⎯⎯⎯⎯⎯⎯⎯⎯⎯⎯[44/268]⎯

 FAIL  |layer-query-engine| tests/contracts/engine/query/cursor-pagination-sql.core.test.ts > 'PostgreSQL' cursor SQL > bare directions resolve portable null placement explicitly
 FAIL  |layer-query-engine| tests/contracts/engine/query/cursor-pagination-sql.core.test.ts > 'SQLite' cursor SQL > bare directions resolve portable null placement explicitly
AssertionError: expected 'ORDER BY "q0"."age" ASC NULLS LAST, "…' to contain '"t0"."age" ASC NULLS LAST'

Expected: [32m"[7m"t[27m0"."age" ASC NULLS LAST"[39m
Received: [31m"[7mORDER BY "q[27m0"."age" ASC NULLS LAST[7m, "q0"."id" ASC LIMIT $1[27m"[39m

 ❯ tests/contracts/engine/query/cursor-pagination-sql.core.test.ts:142:39
    140|     }).statement;
    141| 
    142|     expect(getOrderClause(ascending)).toContain(
       |                                       ^
    143|       expectedOrder(dialectCase, "age", "asc", "last")
    144|     );

⎯⎯⎯⎯⎯⎯⎯⎯⎯⎯⎯⎯⎯⎯⎯⎯⎯⎯⎯⎯⎯[45/268]⎯

 FAIL  |layer-query-engine| tests/contracts/engine/query/cursor-pagination-sql.core.test.ts > 'PostgreSQL' cursor SQL > negative take flips direction and null placement together
 FAIL  |layer-query-engine| tests/contracts/engine/query/cursor-pagination-sql.core.test.ts > 'SQLite' cursor SQL > negative take flips direction and null placement together
AssertionError: expected 'ORDER BY "q0"."age" DESC NULLS LAST, …' to contain '"t0"."age" DESC NULLS LAST'

Expected: [32m"[7m"t[27m0"."age" DESC NULLS LAST"[39m
Received: [31m"[7mORDER BY "q[27m0"."age" DESC NULLS LAST[7m, "q0"."id" DESC LIMIT $3 OFFSET $4[27m"[39m

 ❯ tests/contracts/engine/query/cursor-pagination-sql.core.test.ts:159:25
    157|     const orderClause = getOrderClause(query.statement);
    158| 
    159|     expect(orderClause).toContain(
       |                         ^
    160|       expectedOrder(dialectCase, "age", "desc", "last")
    161|     );

⎯⎯⎯⎯⎯⎯⎯⎯⎯⎯⎯⎯⎯⎯⎯⎯⎯⎯⎯⎯⎯[46/268]⎯

 FAIL  |layer-query-engine| tests/contracts/engine/query/cursor-pagination-sql.core.test.ts > 'PostgreSQL' cursor SQL > include aliases remain distinct from the cursor derived row
 FAIL  |layer-query-engine| tests/contracts/engine/query/cursor-pagination-sql.core.test.ts > 'SQLite' cursor SQL > include aliases remain distinct from the cursor derived row
AssertionError: expected 'SELECT "q0"."alternate" AS "alternate…' to contain '__viborm_cursor_0'

Expected: [32m"__viborm_cursor_0"[39m
Received: [31m"SELECT "q0"."alternate" AS "alternate", "q0"."id" AS "id", "q0"."age" AS "age", (SELECT COALESCE(COALESCE(json_agg(json_build_object($1::text, "q4"."id", $2::text, "q4"."userId")), '[]'::json), '[]'::json) FROM (SELECT "q3"."id" AS "id", "q3"."userId" AS "userId" FROM "public"."cursor_sql_posts" AS "q3" WHERE "q0"."id" = "q3"."userId") AS "q4") AS "posts" FROM "public"."cursor_sql_users" AS "q0" WHERE EXISTS (SELECT TRUE FROM (SELECT "q1"."age" AS "0viborm_cursor_0", "q1"."id" AS "0viborm_cursor_1" FROM "public"."cursor_sql_users" AS "q1" WHERE "q1"."id" = $3 LIMIT $4) AS "q2" WHERE (("q2"."0viborm_cursor_0" IS NOT NULL AND ("q0"."age" IS NULL OR ("q0"."age" IS NOT NULL AND "q0"."age" > "q2"."0viborm_cursor_0"))) OR ((("q0"."age" IS NULL AND "q2"."0viborm_cursor_0" IS NULL) OR ("q0"."age" IS NOT NULL AND "q2"."0viborm_cursor_0" IS NOT NULL AND "q0"."age" = "q2"."0viborm_cursor_0")) AND ("q2"."0viborm_cursor_1" IS NOT NULL AND ("q0"."id" IS NULL OR ("q0"."id" IS NOT NULL AND "q0"."id" > "q2"."0viborm_cursor_1")))) OR ((("q0"."age" IS NULL AND "q2"."0viborm_cursor_0" IS NULL) OR ("q0"."age" IS NOT NULL AND "q2"."0viborm_cursor_0" IS NOT NULL AND "q0"."age" = "q2"."0viborm_cursor_0")) AND (("q0"."id" IS NULL AND "q2"."0viborm_cursor_1" IS NULL) OR ("q0"."id" IS NOT NULL AND "q2"."0viborm_cursor_1" IS NOT NULL AND "q0"."id" = "q2"."0viborm_cursor_1"))))) ORDER BY "q0"."age" ASC NULLS LAST, "q0"."id" ASC LIMIT $5"[39m

 ❯ tests/contracts/engine/query/cursor-pagination-sql.core.test.ts:189:29
    187| 
    188|     expect(query.statement).toContain("cursor_sql_posts");
    189|     expect(query.statement).toContain("__viborm_cursor_0");
       |                             ^
    190|     expect(query.statement).toContain("__viborm_cursor_1");
    191|   });

⎯⎯⎯⎯⎯⎯⎯⎯⎯⎯⎯⎯⎯⎯⎯⎯⎯⎯⎯⎯⎯[47/268]⎯

 FAIL  |layer-query-engine| tests/contracts/engine/query/cursor-pagination-sql.core.test.ts > 'PostgreSQL' cursor SQL > count uses the normalized cursor order and derived row
 FAIL  |layer-query-engine| tests/contracts/engine/query/cursor-pagination-sql.core.test.ts > 'SQLite' cursor SQL > count uses the normalized cursor order and derived row
AssertionError: expected 'SELECT COUNT(*) AS "_count" FROM (SEL…' to contain '__viborm_cursor_0'

Expected: [32m"__viborm_cursor_0"[39m
Received: [31m"SELECT COUNT(*) AS "_count" FROM (SELECT $1 AS "0viborm_row" FROM "public"."cursor_sql_users" AS "q0" WHERE EXISTS (SELECT TRUE FROM (SELECT "q1"."age" AS "0viborm_cursor_0", "q1"."id" AS "0viborm_cursor_1" FROM "public"."cursor_sql_users" AS "q1" WHERE "q1"."id" = $2 LIMIT $3) AS "q2" WHERE (("q2"."0viborm_cursor_0" IS NOT NULL AND ("q0"."age" IS NULL OR ("q0"."age" IS NOT NULL AND "q0"."age" > "q2"."0viborm_cursor_0"))) OR ((("q0"."age" IS NULL AND "q2"."0viborm_cursor_0" IS NULL) OR ("q0"."age" IS NOT NULL AND "q2"."0viborm_cursor_0" IS NOT NULL AND "q0"."age" = "q2"."0viborm_cursor_0")) AND ("q2"."0viborm_cursor_1" IS NOT NULL AND ("q0"."id" IS NULL OR ("q0"."id" IS NOT NULL AND "q0"."id" > "q2"."0viborm_cursor_1")))) OR ((("q0"."age" IS NULL AND "q2"."0viborm_cursor_0" IS NULL) OR ("q0"."age" IS NOT NULL AND "q2"."0viborm_cursor_0" IS NOT NULL AND "q0"."age" = "q2"."0viborm_cursor_0")) AND (("q0"."id" IS NULL AND "q2"."0viborm_cursor_1" IS NULL) OR ("q0"."id" IS NOT NULL AND "q2"."0viborm_cursor_1" IS NOT NULL AND "q0"."id" = "q2"."0viborm_cursor_1"))))) ORDER BY "q0"."age" ASC NULLS LAST, "q0"."id" ASC LIMIT $4 OFFSET $5) AS "q3""[39m

 ❯ tests/contracts/engine/query/cursor-pagination-sql.core.test.ts:203:23
    201|     const statement = query.toStatement("$n");
    202| 
    203|     expect(statement).toContain("__viborm_cursor_0");
       |                       ^
    204|     expect(statement).toContain("__viborm_cursor_1");
    205|     expect(getOrderClause(statement)).toContain(

⎯⎯⎯⎯⎯⎯⎯⎯⎯⎯⎯⎯⎯⎯⎯⎯⎯⎯⎯⎯⎯[48/268]⎯

 FAIL  |layer-query-engine| tests/contracts/engine/query/cursor-pagination-sql.core.test.ts > 'PostgreSQL' cursor SQL > NOT NULL sort columns compare as a row value against a row subquery
 FAIL  |layer-query-engine| tests/contracts/engine/query/cursor-pagination-sql.core.test.ts > 'SQLite' cursor SQL > NOT NULL sort columns compare as a row value against a row subquery
AssertionError: expected 'SELECT "q0"."alternate" AS "alternate…' to contain '("t0"."alternate", "t0"."id") >= (SEL…'

Expected: [32m"[7m("t[27m0"."alternate"[7m, "t0"."id") >= (SELECT[27m"[39m
Received: [31m"[7mSELECT "q[27m0"."alternate"[7m AS "alternate", "q0"."id" AS "id", "q0"."age" AS "age" FROM "public"."cursor_sql_users" AS "q0" WHERE ("q0"."alternate", "q0"."id") >= (SELECT "q1"."alternate", "q1"."id" FROM "public"."cursor_sql_users" AS "q1" WHERE "q1"."id" = $1 LIMIT $2) ORDER BY "q0"."alternate" ASC, "q0"."id" ASC LIMIT $3[27m"[39m

 ❯ tests/contracts/engine/query/cursor-pagination-sql.core.test.ts:225:23
    223|     const t0 = quoted(dialectCase, "t0");
    224| 
    225|     expect(statement).toContain(`(${t0}.${alternate}, ${t0}.${id}) >= …
       |                       ^
    226|     // The derived-row EXISTS wrapper is what blocked the seek; it is …
    227|     expect(statement).not.toContain("EXISTS");

⎯⎯⎯⎯⎯⎯⎯⎯⎯⎯⎯⎯⎯⎯⎯⎯⎯⎯⎯⎯⎯[49/268]⎯

 FAIL  |layer-query-engine| tests/contracts/engine/query/cursor-pagination-sql.core.test.ts > 'PostgreSQL' cursor SQL > a single NOT NULL sort column needs no row constructor
 FAIL  |layer-query-engine| tests/contracts/engine/query/cursor-pagination-sql.core.test.ts > 'SQLite' cursor SQL > a single NOT NULL sort column needs no row constructor
AssertionError: expected 'SELECT "q0"."alternate" AS "alternate…' to contain '"t0"."id" >= (SELECT'

Expected: [32m""t0"."id" >= (SELECT"[39m
Received: [31m"SELECT "q0"."alternate" AS "alternate", "q0"."id" AS "id", "q0"."age" AS "age" FROM "public"."cursor_sql_users" AS "q0" WHERE "q0"."id" >= (SELECT "q1"."id" FROM "public"."cursor_sql_users" AS "q1" WHERE "q1"."id" = $1 LIMIT $2) ORDER BY "q0"."id" ASC LIMIT $3"[39m

 ❯ tests/contracts/engine/query/cursor-pagination-sql.core.test.ts:272:23
    270|     const column = `${quoted(dialectCase, "t0")}.${quoted(dialectCase,…
    271| 
    272|     expect(statement).toContain(`${column} >= (SELECT`);
       |                       ^
    273|     expect(statement).not.toContain("EXISTS");
    274|   });

⎯⎯⎯⎯⎯⎯⎯⎯⎯⎯⎯⎯⎯⎯⎯⎯⎯⎯⎯⎯⎯[50/268]⎯

 FAIL  |layer-query-engine| tests/contracts/engine/query/cursor-pagination-sql.core.test.ts > 'PostgreSQL' cursor SQL > a nullable sort column keeps the null-guarded predicate
 FAIL  |layer-query-engine| tests/contracts/engine/query/cursor-pagination-sql.core.test.ts > 'SQLite' cursor SQL > a nullable sort column keeps the null-guarded predicate
AssertionError: expected 'SELECT "q0"."alternate" AS "alternate…' to contain '__viborm_cursor_0'

Expected: [32m"__viborm_cursor_0"[39m
Received: [31m"SELECT "q0"."alternate" AS "alternate", "q0"."id" AS "id", "q0"."age" AS "age" FROM "public"."cursor_sql_users" AS "q0" WHERE EXISTS (SELECT TRUE FROM (SELECT "q1"."age" AS "0viborm_cursor_0", "q1"."id" AS "0viborm_cursor_1" FROM "public"."cursor_sql_users" AS "q1" WHERE "q1"."id" = $1 LIMIT $2) AS "q2" WHERE (("q2"."0viborm_cursor_0" IS NOT NULL AND ("q0"."age" IS NULL OR ("q0"."age" IS NOT NULL AND "q0"."age" > "q2"."0viborm_cursor_0"))) OR ((("q0"."age" IS NULL AND "q2"."0viborm_cursor_0" IS NULL) OR ("q0"."age" IS NOT NULL AND "q2"."0viborm_cursor_0" IS NOT NULL AND "q0"."age" = "q2"."0viborm_cursor_0")) AND ("q2"."0viborm_cursor_1" IS NOT NULL AND ("q0"."id" IS NULL OR ("q0"."id" IS NOT NULL AND "q0"."id" > "q2"."0viborm_cursor_1")))) OR ((("q0"."age" IS NULL AND "q2"."0viborm_cursor_0" IS NULL) OR ("q0"."age" IS NOT NULL AND "q2"."0viborm_cursor_0" IS NOT NULL AND "q0"."age" = "q2"."0viborm_cursor_0")) AND (("q0"."id" IS NULL AND "q2"."0viborm_cursor_1" IS NULL) OR ("q0"."id" IS NOT NULL AND "q2"."0viborm_cursor_1" IS NOT NULL AND "q0"."id" = "q2"."0viborm_cursor_1"))))) ORDER BY "q0"."age" ASC NULLS LAST, "q0"."id" ASC LIMIT $3"[39m

 ❯ tests/contracts/engine/query/cursor-pagination-sql.core.test.ts:285:23
    283|     // No row value can order around SQL NULL, so this keeps the gener…
    284|     expect(statement).toContain("EXISTS");
    285|     expect(statement).toContain("__viborm_cursor_0");
       |                       ^
    286|     expect(statement).toContain("IS NULL");
    287|     expect(statement).not.toContain(") >= (SELECT");

⎯⎯⎯⎯⎯⎯⎯⎯⎯⎯⎯⎯⎯⎯⎯⎯⎯⎯⎯⎯⎯[51/268]⎯

 FAIL  |layer-query-engine| tests/contracts/engine/query/cursor-pagination-sql.core.test.ts > 'PostgreSQL' cursor SQL > vector-distance cursor ordering fails explicitly
 FAIL  |layer-query-engine| tests/contracts/engine/query/cursor-pagination-sql.core.test.ts > 'MySQL' cursor SQL > vector-distance cursor ordering fails explicitly
 FAIL  |layer-query-engine| tests/contracts/engine/query/cursor-pagination-sql.core.test.ts > 'SQLite' cursor SQL > vector-distance cursor ordering fails explicitly
AssertionError: expected [Function] to throw error including 'Cursor pagination supports direct sca…' but got 'vector.orderBy is not supported. vect…'

Expected: [32m"[7mCursor pagination supports direct scala[27mr [7ms[27mor[7mt directions only[27m"[39m
Received: [31m"[7mvector.orderBy is not supported. vecto[27mr or[7mdering requires a pgvector-enabled PostgreSQL driver[27m"[39m

 ❯ tests/contracts/engine/query/cursor-pagination-sql.core.test.ts:329:7
    327|         take: 2,
    328|       })
    329|     ).toThrow("Cursor pagination supports direct scalar sort direction…
       |       ^
    330|   });
    331| });

⎯⎯⎯⎯⎯⎯⎯⎯⎯⎯⎯⎯⎯⎯⎯⎯⎯⎯⎯⎯⎯[52/268]⎯

 FAIL  |layer-query-engine| tests/contracts/engine/query/cursor-pagination-sql.core.test.ts > 'MySQL' cursor SQL > preserves frozen multi-entry order while appending the identity
AssertionError: expected 'ORDER BY (`q0`.`age` IS NULL) DESC, `…' to contain '(`t0`.`age` IS NULL) DESC, `t0`.`age`…'

Expected: [32m"(`[7mt[27m0`.`age` IS NULL) DESC, `[7mt[27m0`.`age` DESC"[39m
Received: [31m"[7mORDER BY [27m(`[7mq[27m0`.`age` IS NULL) DESC, `[7mq[27m0`.`age` DESC[7m, `q0`.`alternate` ASC, `q0`.`id` ASC LIMIT 2[27m"[39m

 ❯ tests/contracts/engine/query/cursor-pagination-sql.core.test.ts:124:25
    122|     const idIndex = orderClause.indexOf(quoted(dialectCase, "id"));
    123| 
    124|     expect(orderClause).toContain(
       |                         ^
    125|       expectedOrder(dialectCase, "age", "desc", "first")
    126|     );

⎯⎯⎯⎯⎯⎯⎯⎯⎯⎯⎯⎯⎯⎯⎯⎯⎯⎯⎯⎯⎯[53/268]⎯

 FAIL  |layer-query-engine| tests/contracts/engine/query/cursor-pagination-sql.core.test.ts > 'MySQL' cursor SQL > bare directions resolve portable null placement explicitly
AssertionError: expected 'ORDER BY (`q0`.`age` IS NULL) ASC, `q…' to contain '(`t0`.`age` IS NULL) ASC, `t0`.`age` …'

Expected: [32m"(`[7mt[27m0`.`age` IS NULL) ASC, `[7mt[27m0`.`age` ASC"[39m
Received: [31m"[7mORDER BY [27m(`[7mq[27m0`.`age` IS NULL) ASC, `[7mq[27m0`.`age` ASC[7m, `q0`.`id` ASC LIMIT 2[27m"[39m

 ❯ tests/contracts/engine/query/cursor-pagination-sql.core.test.ts:142:39
    140|     }).statement;
    141| 
    142|     expect(getOrderClause(ascending)).toContain(
       |                                       ^
    143|       expectedOrder(dialectCase, "age", "asc", "last")
    144|     );

⎯⎯⎯⎯⎯⎯⎯⎯⎯⎯⎯⎯⎯⎯⎯⎯⎯⎯⎯⎯⎯[54/268]⎯

 FAIL  |layer-query-engine| tests/contracts/engine/query/cursor-pagination-sql.core.test.ts > 'MySQL' cursor SQL > negative take flips direction and null placement together
AssertionError: expected 'ORDER BY (`q0`.`age` IS NULL) ASC, `q…' to contain '(`t0`.`age` IS NULL) ASC, `t0`.`age` …'

Expected: [32m"(`[7mt[27m0`.`age` IS NULL) ASC, `[7mt[27m0`.`age` DESC"[39m
Received: [31m"[7mORDER BY [27m(`[7mq[27m0`.`age` IS NULL) ASC, `[7mq[27m0`.`age` DESC[7m, `q0`.`id` DESC LIMIT 2 OFFSET 1[27m"[39m

 ❯ tests/contracts/engine/query/cursor-pagination-sql.core.test.ts:159:25
    157|     const orderClause = getOrderClause(query.statement);
    158| 
    159|     expect(orderClause).toContain(
       |                         ^
    160|       expectedOrder(dialectCase, "age", "desc", "last")
    161|     );

⎯⎯⎯⎯⎯⎯⎯⎯⎯⎯⎯⎯⎯⎯⎯⎯⎯⎯⎯⎯⎯[55/268]⎯

 FAIL  |layer-query-engine| tests/contracts/engine/query/cursor-pagination-sql.core.test.ts > 'MySQL' cursor SQL > include aliases remain distinct from the cursor derived row
AssertionError: expected 'SELECT `q0`.`alternate` AS `alternate…' to contain '__viborm_cursor_0'

Expected: [32m"__viborm_cursor_0"[39m
Received: [31m"SELECT `q0`.`alternate` AS `alternate`, `q0`.`id` AS `id`, `q0`.`age` AS `age`, (SELECT COALESCE(COALESCE(JSON_ARRAYAGG(JSON_OBJECT($1, `q4`.`id`, $2, `q4`.`userId`)), JSON_ARRAY()), JSON_ARRAY()) FROM (SELECT `q3`.`id` AS `id`, `q3`.`userId` AS `userId` FROM `cursor_sql_posts` AS `q3` WHERE `q0`.`id` = `q3`.`userId`) AS `q4`) AS `posts` FROM `cursor_sql_users` AS `q0` WHERE EXISTS (SELECT TRUE FROM (SELECT `q1`.`age` AS `0viborm_cursor_0`, `q1`.`id` AS `0viborm_cursor_1` FROM `cursor_sql_users` AS `q1` WHERE `q1`.`id` = $3 LIMIT 1) AS `q2` WHERE ((`q2`.`0viborm_cursor_0` IS NOT NULL AND (`q0`.`age` IS NULL OR (`q0`.`age` IS NOT NULL AND `q0`.`age` > `q2`.`0viborm_cursor_0`))) OR (((`q0`.`age` IS NULL AND `q2`.`0viborm_cursor_0` IS NULL) OR (`q0`.`age` IS NOT NULL AND `q2`.`0viborm_cursor_0` IS NOT NULL AND `q0`.`age` = `q2`.`0viborm_cursor_0`)) AND (`q2`.`0viborm_cursor_1` IS NOT NULL AND (`q0`.`id` IS NULL OR (`q0`.`id` IS NOT NULL AND `q0`.`id` > `q2`.`0viborm_cursor_1`)))) OR (((`q0`.`age` IS NULL AND `q2`.`0viborm_cursor_0` IS NULL) OR (`q0`.`age` IS NOT NULL AND `q2`.`0viborm_cursor_0` IS NOT NULL AND `q0`.`age` = `q2`.`0viborm_cursor_0`)) AND ((`q0`.`id` IS NULL AND `q2`.`0viborm_cursor_1` IS NULL) OR (`q0`.`id` IS NOT NULL AND `q2`.`0viborm_cursor_1` IS NOT NULL AND `q0`.`id` = `q2`.`0viborm_cursor_1`))))) ORDER BY (`q0`.`age` IS NULL) ASC, `q0`.`age` ASC, `q0`.`id` ASC LIMIT 2"[39m

 ❯ tests/contracts/engine/query/cursor-pagination-sql.core.test.ts:189:29
    187| 
    188|     expect(query.statement).toContain("cursor_sql_posts");
    189|     expect(query.statement).toContain("__viborm_cursor_0");
       |                             ^
    190|     expect(query.statement).toContain("__viborm_cursor_1");
    191|   });

⎯⎯⎯⎯⎯⎯⎯⎯⎯⎯⎯⎯⎯⎯⎯⎯⎯⎯⎯⎯⎯[56/268]⎯

 FAIL  |layer-query-engine| tests/contracts/engine/query/cursor-pagination-sql.core.test.ts > 'MySQL' cursor SQL > count uses the normalized cursor order and derived row
AssertionError: expected 'SELECT COUNT(*) AS `_count` FROM (SEL…' to contain '__viborm_cursor_0'

Expected: [32m"__viborm_cursor_0"[39m
Received: [31m"SELECT COUNT(*) AS `_count` FROM (SELECT $1 AS `0viborm_row` FROM `cursor_sql_users` AS `q0` WHERE EXISTS (SELECT TRUE FROM (SELECT `q1`.`age` AS `0viborm_cursor_0`, `q1`.`id` AS `0viborm_cursor_1` FROM `cursor_sql_users` AS `q1` WHERE `q1`.`id` = $2 LIMIT 1) AS `q2` WHERE ((`q2`.`0viborm_cursor_0` IS NOT NULL AND (`q0`.`age` IS NULL OR (`q0`.`age` IS NOT NULL AND `q0`.`age` > `q2`.`0viborm_cursor_0`))) OR (((`q0`.`age` IS NULL AND `q2`.`0viborm_cursor_0` IS NULL) OR (`q0`.`age` IS NOT NULL AND `q2`.`0viborm_cursor_0` IS NOT NULL AND `q0`.`age` = `q2`.`0viborm_cursor_0`)) AND (`q2`.`0viborm_cursor_1` IS NOT NULL AND (`q0`.`id` IS NULL OR (`q0`.`id` IS NOT NULL AND `q0`.`id` > `q2`.`0viborm_cursor_1`)))) OR (((`q0`.`age` IS NULL AND `q2`.`0viborm_cursor_0` IS NULL) OR (`q0`.`age` IS NOT NULL AND `q2`.`0viborm_cursor_0` IS NOT NULL AND `q0`.`age` = `q2`.`0viborm_cursor_0`)) AND ((`q0`.`id` IS NULL AND `q2`.`0viborm_cursor_1` IS NULL) OR (`q0`.`id` IS NOT NULL AND `q2`.`0viborm_cursor_1` IS NOT NULL AND `q0`.`id` = `q2`.`0viborm_cursor_1`))))) ORDER BY (`q0`.`age` IS NULL) ASC, `q0`.`age` ASC, `q0`.`id` ASC LIMIT 2 OFFSET 1) AS `q3`"[39m

 ❯ tests/contracts/engine/query/cursor-pagination-sql.core.test.ts:203:23
    201|     const statement = query.toStatement("$n");
    202| 
    203|     expect(statement).toContain("__viborm_cursor_0");
       |                       ^
    204|     expect(statement).toContain("__viborm_cursor_1");
    205|     expect(getOrderClause(statement)).toContain(

⎯⎯⎯⎯⎯⎯⎯⎯⎯⎯⎯⎯⎯⎯⎯⎯⎯⎯⎯⎯⎯[57/268]⎯

 FAIL  |layer-query-engine| tests/contracts/engine/query/cursor-pagination-sql.core.test.ts > 'MySQL' cursor SQL > NOT NULL sort columns compare as a row value against a row subquery
AssertionError: expected 'SELECT `q0`.`alternate` AS `alternate…' to contain '(`t0`.`alternate`, `t0`.`id`) >= (SEL…'

Expected: [32m"[7m(`t[27m0`.`alternate`[7m, `t0`.`id`) >= (SELECT[27m"[39m
Received: [31m"[7mSELECT `q[27m0`.`alternate`[7m AS `alternate`, `q0`.`id` AS `id`, `q0`.`age` AS `age` FROM `cursor_sql_users` AS `q0` WHERE (`q0`.`alternate`, `q0`.`id`) >= (SELECT `q1`.`alternate`, `q1`.`id` FROM `cursor_sql_users` AS `q1` WHERE `q1`.`id` = $1 LIMIT 1) ORDER BY `q0`.`alternate` ASC, `q0`.`id` ASC LIMIT 2[27m"[39m

 ❯ tests/contracts/engine/query/cursor-pagination-sql.core.test.ts:225:23
    223|     const t0 = quoted(dialectCase, "t0");
    224| 
    225|     expect(statement).toContain(`(${t0}.${alternate}, ${t0}.${id}) >= …
       |                       ^
    226|     // The derived-row EXISTS wrapper is what blocked the seek; it is …
    227|     expect(statement).not.toContain("EXISTS");

⎯⎯⎯⎯⎯⎯⎯⎯⎯⎯⎯⎯⎯⎯⎯⎯⎯⎯⎯⎯⎯[58/268]⎯

 FAIL  |layer-query-engine| tests/contracts/engine/query/cursor-pagination-sql.core.test.ts > 'MySQL' cursor SQL > a single NOT NULL sort column needs no row constructor
AssertionError: expected 'SELECT `q0`.`alternate` AS `alternate…' to contain '`t0`.`id` >= (SELECT'

Expected: [32m"`t0`.`id` >= (SELECT"[39m
Received: [31m"SELECT `q0`.`alternate` AS `alternate`, `q0`.`id` AS `id`, `q0`.`age` AS `age` FROM `cursor_sql_users` AS `q0` WHERE `q0`.`id` >= (SELECT `q1`.`id` FROM `cursor_sql_users` AS `q1` WHERE `q1`.`id` = $1 LIMIT 1) ORDER BY `q0`.`id` ASC LIMIT 2"[39m

 ❯ tests/contracts/engine/query/cursor-pagination-sql.core.test.ts:272:23
    270|     const column = `${quoted(dialectCase, "t0")}.${quoted(dialectCase,…
    271| 
    272|     expect(statement).toContain(`${column} >= (SELECT`);
       |                       ^
    273|     expect(statement).not.toContain("EXISTS");
    274|   });

⎯⎯⎯⎯⎯⎯⎯⎯⎯⎯⎯⎯⎯⎯⎯⎯⎯⎯⎯⎯⎯[59/268]⎯

 FAIL  |layer-query-engine| tests/contracts/engine/query/cursor-pagination-sql.core.test.ts > 'MySQL' cursor SQL > a nullable sort column keeps the null-guarded predicate
AssertionError: expected 'SELECT `q0`.`alternate` AS `alternate…' to contain '__viborm_cursor_0'

Expected: [32m"__viborm_cursor_0"[39m
Received: [31m"SELECT `q0`.`alternate` AS `alternate`, `q0`.`id` AS `id`, `q0`.`age` AS `age` FROM `cursor_sql_users` AS `q0` WHERE EXISTS (SELECT TRUE FROM (SELECT `q1`.`age` AS `0viborm_cursor_0`, `q1`.`id` AS `0viborm_cursor_1` FROM `cursor_sql_users` AS `q1` WHERE `q1`.`id` = $1 LIMIT 1) AS `q2` WHERE ((`q2`.`0viborm_cursor_0` IS NOT NULL AND (`q0`.`age` IS NULL OR (`q0`.`age` IS NOT NULL AND `q0`.`age` > `q2`.`0viborm_cursor_0`))) OR (((`q0`.`age` IS NULL AND `q2`.`0viborm_cursor_0` IS NULL) OR (`q0`.`age` IS NOT NULL AND `q2`.`0viborm_cursor_0` IS NOT NULL AND `q0`.`age` = `q2`.`0viborm_cursor_0`)) AND (`q2`.`0viborm_cursor_1` IS NOT NULL AND (`q0`.`id` IS NULL OR (`q0`.`id` IS NOT NULL AND `q0`.`id` > `q2`.`0viborm_cursor_1`)))) OR (((`q0`.`age` IS NULL AND `q2`.`0viborm_cursor_0` IS NULL) OR (`q0`.`age` IS NOT NULL AND `q2`.`0viborm_cursor_0` IS NOT NULL AND `q0`.`age` = `q2`.`0viborm_cursor_0`)) AND ((`q0`.`id` IS NULL AND `q2`.`0viborm_cursor_1` IS NULL) OR (`q0`.`id` IS NOT NULL AND `q2`.`0viborm_cursor_1` IS NOT NULL AND `q0`.`id` = `q2`.`0viborm_cursor_1`))))) ORDER BY (`q0`.`age` IS NULL) ASC, `q0`.`age` ASC, `q0`.`id` ASC LIMIT 2"[39m

 ❯ tests/contracts/engine/query/cursor-pagination-sql.core.test.ts:285:23
    283|     // No row value can order around SQL NULL, so this keeps the gener…
    284|     expect(statement).toContain("EXISTS");
    285|     expect(statement).toContain("__viborm_cursor_0");
       |                       ^
    286|     expect(statement).toContain("IS NULL");
    287|     expect(statement).not.toContain(") >= (SELECT");

⎯⎯⎯⎯⎯⎯⎯⎯⎯⎯⎯⎯⎯⎯⎯⎯⎯⎯⎯⎯⎯[60/268]⎯

 FAIL  |layer-query-engine| tests/contracts/engine/query/decimal-having-operand-sql.core.test.ts > 'PostgreSQL' decimal having operands > grouped decimal lists project through their transport but group on the physical column
AssertionError: expected 'CAST("q0"."amounts" AS TEXT[]) AS "am…' to contain 'CAST("t0"."amounts" AS TEXT[]) AS "am…'

Expected: [32m"CAST("[7mt[27m0"."amounts" AS TEXT[]) AS "amounts""[39m
Received: [31m"CAST("[7mq[27m0"."amounts" AS TEXT[]) AS "amounts"[7m, COUNT(*) AS "_count"[27m"[39m

 ❯ tests/contracts/engine/query/decimal-having-operand-sql.core.test.ts:349:24
    347|     const groupBy = clauseBetween(grouped.statement, "GROUP BY").trim(…
    348| 
    349|     expect(projection).toContain(dialectCase.listProjection);
       |                        ^
    350|     expect(groupBy).toBe(dialectCase.groupedList);
    351|     expect(groupBy).not.toContain("CAST(");

⎯⎯⎯⎯⎯⎯⎯⎯⎯⎯⎯⎯⎯⎯⎯⎯⎯⎯⎯⎯⎯[61/268]⎯

 FAIL  |layer-query-engine| tests/contracts/engine/query/decimal-having-operand-sql.core.test.ts > 'PostgreSQL' decimal having operands > having _count compares a row count, so it does NOT get the cast
AssertionError: expected 'CAST($1 AS NUMERIC(16,2))' to match /^\$\d+$/

[32m- Expected:[39m 
/^\$\d+$/

[31m+ Received:[39m 
"CAST($1 AS NUMERIC(16,2))"

 ❯ tests/contracts/engine/query/decimal-having-operand-sql.core.test.ts:431:49
    429|     });
    430| 
    431|     expect(operandAfter(having.statement, ">")).toMatch(BARE_PARAMETER…
       |                                                 ^
    432|     // A row count is an integer and stays one — no decimal canonicali…
    433|     expect(having.values).toEqual([1]);

⎯⎯⎯⎯⎯⎯⎯⎯⎯⎯⎯⎯⎯⎯⎯⎯⎯⎯⎯⎯⎯[62/268]⎯

 FAIL  |layer-query-engine| tests/contracts/engine/query/decimal-having-operand-sql.core.test.ts > 'MySQL' decimal having operands > grouped decimal lists project through their transport but group on the physical column
AssertionError: expected 'CAST(`q0`.`amounts` AS CHAR) AS `amou…' to contain 'CAST(`t0`.`amounts` AS CHAR) AS `amou…'

Expected: [32m"CAST(`[7mt[27m0`.`amounts` AS CHAR) AS `amounts`"[39m
Received: [31m"CAST(`[7mq[27m0`.`amounts` AS CHAR) AS `amounts`[7m, COUNT(*) AS `_count`[27m"[39m

 ❯ tests/contracts/engine/query/decimal-having-operand-sql.core.test.ts:349:24
    347|     const groupBy = clauseBetween(grouped.statement, "GROUP BY").trim(…
    348| 
    349|     expect(projection).toContain(dialectCase.listProjection);
       |                        ^
    350|     expect(groupBy).toBe(dialectCase.groupedList);
    351|     expect(groupBy).not.toContain("CAST(");

⎯⎯⎯⎯⎯⎯⎯⎯⎯⎯⎯⎯⎯⎯⎯⎯⎯⎯⎯⎯⎯[63/268]⎯

 FAIL  |layer-query-engine| tests/contracts/engine/query/decimal-having-operand-sql.core.test.ts > 'MySQL' decimal having operands > having _count compares a row count, so it does NOT get the cast
AssertionError: expected 'CAST($1 AS DECIMAL(16,2))' to match /^\$\d+$/

[32m- Expected:[39m 
/^\$\d+$/

[31m+ Received:[39m 
"CAST($1 AS DECIMAL(16,2))"

 ❯ tests/contracts/engine/query/decimal-having-operand-sql.core.test.ts:431:49
    429|     });
    430| 
    431|     expect(operandAfter(having.statement, ">")).toMatch(BARE_PARAMETER…
       |                                                 ^
    432|     // A row count is an integer and stays one — no decimal canonicali…
    433|     expect(having.values).toEqual([1]);

⎯⎯⎯⎯⎯⎯⎯⎯⎯⎯⎯⎯⎯⎯⎯⎯⎯⎯⎯⎯⎯[64/268]⎯

 FAIL  |layer-query-engine| tests/contracts/engine/query/decimal-having-operand-sql.core.test.ts > 'SQLite' decimal having operands > grouped decimal lists project through their transport but group on the physical column
AssertionError: expected 'CAST("q0"."amounts" AS TEXT) AS "amou…' to contain 'CAST("t0"."amounts" AS TEXT) AS "amou…'

Expected: [32m"CAST("[7mt[27m0"."amounts" AS TEXT) AS "amounts""[39m
Received: [31m"CAST("[7mq[27m0"."amounts" AS TEXT) AS "amounts"[7m, COUNT(*) AS "_count"[27m"[39m

 ❯ tests/contracts/engine/query/decimal-having-operand-sql.core.test.ts:349:24
    347|     const groupBy = clauseBetween(grouped.statement, "GROUP BY").trim(…
    348| 
    349|     expect(projection).toContain(dialectCase.listProjection);
       |                        ^
    350|     expect(groupBy).toBe(dialectCase.groupedList);
    351|     expect(groupBy).not.toContain("CAST(");

⎯⎯⎯⎯⎯⎯⎯⎯⎯⎯⎯⎯⎯⎯⎯⎯⎯⎯⎯⎯⎯[65/268]⎯

 FAIL  |layer-query-engine| tests/contracts/engine/query/decimal-having-operand-sql.core.test.ts > 'SQLite' decimal having operands > having _count compares a row count, so it does NOT get the cast
AssertionError: expected 'CAST($1 AS INTEGER)' to match /^\$\d+$/

[32m- Expected:[39m 
/^\$\d+$/

[31m+ Received:[39m 
"CAST($1 AS INTEGER)"

 ❯ tests/contracts/engine/query/decimal-having-operand-sql.core.test.ts:431:49
    429|     });
    430| 
    431|     expect(operandAfter(having.statement, ">")).toMatch(BARE_PARAMETER…
       |                                                 ^
    432|     // A row count is an integer and stays one — no decimal canonicali…
    433|     expect(having.values).toEqual([1]);

⎯⎯⎯⎯⎯⎯⎯⎯⎯⎯⎯⎯⎯⎯⎯⎯⎯⎯⎯⎯⎯[66/268]⎯

 FAIL  |layer-query-engine| tests/contracts/engine/query/field-reference-sql.core.test.ts > 'PostgreSQL' field-reference SQL > collation and folding of a referenced operand > default mode compares both sides under the case-sensitive collation
AssertionError: expected '"q0"."title" = "q0"."slug_col"' to be '"t0"."title" = "t0"."slug_col"' // Object.is equality

Expected: [32m""[7mt[27m0"."title" = "[7mt[27m0"."slug_col""[39m
Received: [31m""[7mq[27m0"."title" = "[7mq[27m0"."slug_col""[39m

 ❯ tests/contracts/engine/query/field-reference-sql.core.test.ts:283:9
    281|       expect(
    282|         predicateOf({ where: { title: { equals: refs.Post.slug } } })
    283|       ).toBe(`${exact(titleCol())} = ${exact(slugCol())}`);
       |         ^
    284|     });
    285| 

⎯⎯⎯⎯⎯⎯⎯⎯⎯⎯⎯⎯⎯⎯⎯⎯⎯⎯⎯⎯⎯[67/268]⎯

 FAIL  |layer-query-engine| tests/contracts/engine/query/field-reference-sql.core.test.ts > 'PostgreSQL' field-reference SQL > collation and folding of a referenced operand > insensitive mode folds AND collates both sides
AssertionError: expected 'TRANSLATE("q0"."title", \'ABCDEFGHIJK…' to be 'TRANSLATE("t0"."title", \'ABCDEFGHIJK…' // Object.is equality

Expected: [32m"TRANSLATE("[7mt[27m0"."title", 'ABCDEFGHIJKLMNOPQRSTUVWXYZ', 'abcdefghijklmnopqrstuvwxyz') = TRANSLATE("[7mt[27m0"."slug_col", 'ABCDEFGHIJKLMNOPQRSTUVWXYZ', 'abcdefghijklmnopqrstuvwxyz')"[39m
Received: [31m"TRANSLATE("[7mq[27m0"."title", 'ABCDEFGHIJKLMNOPQRSTUVWXYZ', 'abcdefghijklmnopqrstuvwxyz') = TRANSLATE("[7mq[27m0"."slug_col", 'ABCDEFGHIJKLMNOPQRSTUVWXYZ', 'abcdefghijklmnopqrstuvwxyz')"[39m

 ❯ tests/contracts/engine/query/field-reference-sql.core.test.ts:291:9
    289|           where: { title: { equals: refs.Post.slug, mode: "insensitive…
    290|         })
    291|       ).toBe(`${folded(titleCol())} = ${folded(slugCol())}`);
       |         ^
    292|     });
    293| 

⎯⎯⎯⎯⎯⎯⎯⎯⎯⎯⎯⎯⎯⎯⎯⎯⎯⎯⎯⎯⎯[68/268]⎯

 FAIL  |layer-query-engine| tests/contracts/engine/query/field-reference-sql.core.test.ts > 'PostgreSQL' field-reference SQL > collation and folding of a referenced operand > insensitive `not` negates the folded comparison
AssertionError: expected 'NOT (TRANSLATE("q0"."title", \'ABCDEF…' to be 'NOT (TRANSLATE("t0"."title", \'ABCDEF…' // Object.is equality

Expected: [32m"NOT (TRANSLATE("[7mt[27m0"."title", 'ABCDEFGHIJKLMNOPQRSTUVWXYZ', 'abcdefghijklmnopqrstuvwxyz') = TRANSLATE("[7mt[27m0"."slug_col", 'ABCDEFGHIJKLMNOPQRSTUVWXYZ', 'abcdefghijklmnopqrstuvwxyz'))"[39m
Received: [31m"NOT (TRANSLATE("[7mq[27m0"."title", 'ABCDEFGHIJKLMNOPQRSTUVWXYZ', 'abcdefghijklmnopqrstuvwxyz') = TRANSLATE("[7mq[27m0"."slug_col", 'ABCDEFGHIJKLMNOPQRSTUVWXYZ', 'abcdefghijklmnopqrstuvwxyz'))"[39m

 ❯ tests/contracts/engine/query/field-reference-sql.core.test.ts:299:9
    297|           where: { title: { not: refs.Post.slug, mode: "insensitive" }…
    298|         })
    299|       ).toBe(`NOT (${folded(titleCol())} = ${folded(slugCol())})`);
       |         ^
    300|     });
    301| 

⎯⎯⎯⎯⎯⎯⎯⎯⎯⎯⎯⎯⎯⎯⎯⎯⎯⎯⎯⎯⎯[69/268]⎯

 FAIL  |layer-query-engine| tests/contracts/engine/query/field-reference-sql.core.test.ts > 'PostgreSQL' field-reference SQL > collation and folding of a referenced operand > insensitive contains carries the fold onto the referenced operand
AssertionError: expected 'POSITION(TRANSLATE("q0"."slug_col", \…' to contain 'TRANSLATE("t0"."title", \'ABCDEFGHIJK…'

Expected: [32m"[7mTRANSLATE("t[27m0"."title", 'ABCDEFGHIJKLMNOPQRSTUVWXYZ', 'abcdefghijklmnopqrstuvwxyz')"[39m
Received: [31m"[7mPOSITION(TRANSLATE("q0"."slug_col", 'ABCDEFGHIJKLMNOPQRSTUVWXYZ', 'abcdefghijklmnopqrstuvwxyz') IN TRANSLATE("q[27m0"."title", 'ABCDEFGHIJKLMNOPQRSTUVWXYZ', 'abcdefghijklmnopqrstuvwxyz')[7m) > 0[27m"[39m

 ❯ tests/contracts/engine/query/field-reference-sql.core.test.ts:314:25
    312|       // The substring/prefix/suffix templates differ per dialect, so …
    313|       // the two operand expressions rather than the whole predicate.
    314|       expect(predicate).toContain(folded(titleCol()));
       |                         ^
    315|       expect(predicate).toContain(folded(slugCol()));
    316|     });

⎯⎯⎯⎯⎯⎯⎯⎯⎯⎯⎯⎯⎯⎯⎯⎯⎯⎯⎯⎯⎯[70/268]⎯

 FAIL  |layer-query-engine| tests/contracts/engine/query/field-reference-sql.core.test.ts > 'PostgreSQL' field-reference SQL > collation and folding of a referenced operand > insensitive startsWith carries the fold onto the referenced operand
AssertionError: expected 'LEFT(TRANSLATE("q0"."title", \'ABCDEF…' to contain 'TRANSLATE("t0"."title", \'ABCDEFGHIJK…'

Expected: [32m"TRANSLATE("[7mt[27m0"."title", 'ABCDEFGHIJKLMNOPQRSTUVWXYZ', 'abcdefghijklmnopqrstuvwxyz')"[39m
Received: [31m"[7mLEFT([27mTRANSLATE("[7mq[27m0"."title", 'ABCDEFGHIJKLMNOPQRSTUVWXYZ', 'abcdefghijklmnopqrstuvwxyz')[7m, LENGTH(TRANSLATE("q0"."slug_col", 'ABCDEFGHIJKLMNOPQRSTUVWXYZ', 'abcdefghijklmnopqrstuvwxyz'))) = TRANSLATE("q0"."slug_col", 'ABCDEFGHIJKLMNOPQRSTUVWXYZ', 'abcdefghijklmnopqrstuvwxyz')[27m"[39m

 ❯ tests/contracts/engine/query/field-reference-sql.core.test.ts:314:25
    312|       // The substring/prefix/suffix templates differ per dialect, so …
    313|       // the two operand expressions rather than the whole predicate.
    314|       expect(predicate).toContain(folded(titleCol()));
       |                         ^
    315|       expect(predicate).toContain(folded(slugCol()));
    316|     });

⎯⎯⎯⎯⎯⎯⎯⎯⎯⎯⎯⎯⎯⎯⎯⎯⎯⎯⎯⎯⎯[71/268]⎯

 FAIL  |layer-query-engine| tests/contracts/engine/query/field-reference-sql.core.test.ts > 'PostgreSQL' field-reference SQL > collation and folding of a referenced operand > insensitive endsWith carries the fold onto the referenced operand
AssertionError: expected 'RIGHT(TRANSLATE("q0"."title", \'ABCDE…' to contain 'TRANSLATE("t0"."title", \'ABCDEFGHIJK…'

Expected: [32m"TRANSLATE("[7mt[27m0"."title", 'ABCDEFGHIJKLMNOPQRSTUVWXYZ', 'abcdefghijklmnopqrstuvwxyz')"[39m
Received: [31m"[7mRIGHT([27mTRANSLATE("[7mq[27m0"."title", 'ABCDEFGHIJKLMNOPQRSTUVWXYZ', 'abcdefghijklmnopqrstuvwxyz')[7m, LENGTH(TRANSLATE("q0"."slug_col", 'ABCDEFGHIJKLMNOPQRSTUVWXYZ', 'abcdefghijklmnopqrstuvwxyz'))) = TRANSLATE("q0"."slug_col", 'ABCDEFGHIJKLMNOPQRSTUVWXYZ', 'abcdefghijklmnopqrstuvwxyz')[27m"[39m

 ❯ tests/contracts/engine/query/field-reference-sql.core.test.ts:314:25
    312|       // The substring/prefix/suffix templates differ per dialect, so …
    313|       // the two operand expressions rather than the whole predicate.
    314|       expect(predicate).toContain(folded(titleCol()));
       |                         ^
    315|       expect(predicate).toContain(folded(slugCol()));
    316|     });

⎯⎯⎯⎯⎯⎯⎯⎯⎯⎯⎯⎯⎯⎯⎯⎯⎯⎯⎯⎯⎯[72/268]⎯

 FAIL  |layer-query-engine| tests/contracts/engine/query/field-reference-sql.core.test.ts > 'PostgreSQL' field-reference SQL > collation and folding of a referenced operand > default mode leaves the string predicates unwrapped on both sides
AssertionError: expected 'POSITION("q0"."slug_col" IN "q0"."tit…' to contain '"t0"."title"'

Expected: [32m"[7m"t[27m0"."title""[39m
Received: [31m"[7mPOSITION("q0"."slug_col" IN "q[27m0"."title"[7m) > 0[27m"[39m

 ❯ tests/contracts/engine/query/field-reference-sql.core.test.ts:324:25
    322|         where: { title: { contains: refs.Post.slug } },
    323|       });
    324|       expect(predicate).toContain(titleCol());
       |                         ^
    325|       expect(predicate).toContain(slugCol());
    326|       expect(predicate).not.toContain(dialectCase.asciiFold(titleCol()…

⎯⎯⎯⎯⎯⎯⎯⎯⎯⎯⎯⎯⎯⎯⎯⎯⎯⎯⎯⎯⎯[73/268]⎯

 FAIL  |layer-query-engine| tests/contracts/engine/query/field-reference-sql.core.test.ts > 'PostgreSQL' field-reference SQL > collation and folding of a referenced operand > a literal operand is folded but not collation-wrapped
AssertionError: expected 'TRANSLATE("q0"."title", \'ABCDEFGHIJK…' to be 'TRANSLATE("t0"."title", \'ABCDEFGHIJK…' // Object.is equality

Expected: [32m"TRANSLATE("[7mt[27m0"."title", 'ABCDEFGHIJKLMNOPQRSTUVWXYZ', 'abcdefghijklmnopqrstuvwxyz') = TRANSLATE($1, 'ABCDEFGHIJKLMNOPQRSTUVWXYZ', 'abcdefghijklmnopqrstuvwxyz')"[39m
Received: [31m"TRANSLATE("[7mq[27m0"."title", 'ABCDEFGHIJKLMNOPQRSTUVWXYZ', 'abcdefghijklmnopqrstuvwxyz') = TRANSLATE($1, 'ABCDEFGHIJKLMNOPQRSTUVWXYZ', 'abcdefghijklmnopqrstuvwxyz')"[39m

 ❯ tests/contracts/engine/query/field-reference-sql.core.test.ts:339:9
    337|           where: { title: { equals: "x", mode: "insensitive" } },
    338|         })
    339|       ).toBe(`${folded(titleCol())} = ${dialectCase.asciiFold("$1")}`);
       |         ^
    340|     });
    341|   });

⎯⎯⎯⎯⎯⎯⎯⎯⎯⎯⎯⎯⎯⎯⎯⎯⎯⎯⎯⎯⎯[74/268]⎯

 FAIL  |layer-query-engine| tests/contracts/engine/query/field-reference-sql.core.test.ts > 'PostgreSQL' field-reference SQL > enum operands > equals against a reference casts both sides to text
AssertionError: expected '"q0"."status" = CAST("q0"."review_sta…' to be 'CAST("t0"."status" AS TEXT) = CAST("t…' // Object.is equality

Expected: [32m"[7mCAST("t[27m0"."status"[7m AS TEXT)[27m = CAST("[7mt[27m0"."review_status" AS TEXT)"[39m
Received: [31m"[7m"q[27m0"."status" = CAST("[7mq[27m0"."review_status" AS TEXT)"[39m

 ❯ tests/contracts/engine/query/field-reference-sql.core.test.ts:371:9
    369|           where: { status: { equals: refs.Post.reviewStatus } },
    370|         })
    371|       ).toBe(`${statusText()} = ${reviewText()}`);
       |         ^
    372|     });
    373| 

⎯⎯⎯⎯⎯⎯⎯⎯⎯⎯⎯⎯⎯⎯⎯⎯⎯⎯⎯⎯⎯[75/268]⎯

 FAIL  |layer-query-engine| tests/contracts/engine/query/field-reference-sql.core.test.ts > 'PostgreSQL' field-reference SQL > enum operands > not against a reference negates the same comparison
AssertionError: expected 'NOT ("q0"."status" = CAST("q0"."revie…' to be 'NOT (CAST("t0"."status" AS TEXT) = CA…' // Object.is equality

Expected: [32m"NOT ([7mCAST("t[27m0"."status"[7m AS TEXT)[27m = CAST("[7mt[27m0"."review_status" AS TEXT))"[39m
Received: [31m"NOT ([7m"q[27m0"."status" = CAST("[7mq[27m0"."review_status" AS TEXT))"[39m

 ❯ tests/contracts/engine/query/field-reference-sql.core.test.ts:377:9
    375|       expect(
    376|         predicateOf({ where: { status: { not: refs.Post.reviewStatus }…
    377|       ).toBe(`NOT (${statusText()} = ${reviewText()})`);
       |         ^
    378|     });
    379| 

⎯⎯⎯⎯⎯⎯⎯⎯⎯⎯⎯⎯⎯⎯⎯⎯⎯⎯⎯⎯⎯[76/268]⎯

 FAIL  |layer-query-engine| tests/contracts/engine/query/field-reference-sql.core.test.ts > 'PostgreSQL' field-reference SQL > enum operands > a literal operand leaves the column uncast and bound
AssertionError: expected '"q0"."status" = $1' to be '"t0"."status" = $1' // Object.is equality

Expected: [32m""[7mt[27m0"."status" = $1"[39m
Received: [31m""[7mq[27m0"."status" = $1"[39m

 ❯ tests/contracts/engine/query/field-reference-sql.core.test.ts:387:71
    385|         `${q("t0")}.${q("status")}`
    386|       );
    387|       expect(predicateOf({ where: { status: { equals: "draft" } } })).…
       |                                                                       ^
    388|         expected.sql
    389|       );

⎯⎯⎯⎯⎯⎯⎯⎯⎯⎯⎯⎯⎯⎯⎯⎯⎯⎯⎯⎯⎯[77/268]⎯

 FAIL  |layer-query-engine| tests/contracts/engine/query/field-reference-sql.core.test.ts > 'MySQL' field-reference SQL > collation and folding of a referenced operand > default mode compares both sides under the case-sensitive collation
AssertionError: expected 'BINARY `q0`.`title` = BINARY `q0`.`sl…' to be 'BINARY `t0`.`title` = BINARY `t0`.`sl…' // Object.is equality

Expected: [32m"BINARY `[7mt[27m0`.`title` = BINARY `[7mt[27m0`.`slug_col`"[39m
Received: [31m"BINARY `[7mq[27m0`.`title` = BINARY `[7mq[27m0`.`slug_col`"[39m

 ❯ tests/contracts/engine/query/field-reference-sql.core.test.ts:283:9
    281|       expect(
    282|         predicateOf({ where: { title: { equals: refs.Post.slug } } })
    283|       ).toBe(`${exact(titleCol())} = ${exact(slugCol())}`);
       |         ^
    284|     });
    285| 

⎯⎯⎯⎯⎯⎯⎯⎯⎯⎯⎯⎯⎯⎯⎯⎯⎯⎯⎯⎯⎯[78/268]⎯

 FAIL  |layer-query-engine| tests/contracts/engine/query/field-reference-sql.core.test.ts > 'MySQL' field-reference SQL > collation and folding of a referenced operand > insensitive mode folds AND collates both sides
AssertionError: expected 'BINARY REPLACE(REPLACE(REPLACE(REPLAC…' to be 'BINARY REPLACE(REPLACE(REPLACE(REPLAC…' // Object.is equality

Expected: [32m"BINARY REPLACE(REPLACE(REPLACE(REPLACE(REPLACE(REPLACE(REPLACE(REPLACE(REPLACE(REPLACE(REPLACE(REPLACE(REPLACE(REPLACE(REPLACE(REPLACE(REPLACE(REPLACE(REPLACE(REPLACE(REPLACE(REPLACE(REPLACE(REPLACE(REPLACE(REPLACE(`[7mt[27m0`.`title`, 'A', 'a'), 'B', 'b'), 'C', 'c'), 'D', 'd'), 'E', 'e'), 'F', 'f'), 'G', 'g'), 'H', 'h'), 'I', 'i'), 'J', 'j'), 'K', 'k'), 'L', 'l'), 'M', 'm'), 'N', 'n'), 'O', 'o'), 'P', 'p'), 'Q', 'q'), 'R', 'r'), 'S', 's'), 'T', 't'), 'U', 'u'), 'V', 'v'), 'W', 'w'), 'X', 'x'), 'Y', 'y'), 'Z', 'z') = BINARY REPLACE(REPLACE(REPLACE(REPLACE(REPLACE(REPLACE(REPLACE(REPLACE(REPLACE(REPLACE(REPLACE(REPLACE(REPLACE(REPLACE(REPLACE(REPLACE(REPLACE(REPLACE(REPLACE(REPLACE(REPLACE(REPLACE(REPLACE(REPLACE(REPLACE(REPLACE(`[7mt[27m0`.`slug_col`, 'A', 'a'), 'B', 'b'), 'C', 'c'), 'D', 'd'), 'E', 'e'), 'F', 'f'), 'G', 'g'), 'H', 'h'), 'I', 'i'), 'J', 'j'), 'K', 'k'), 'L', 'l'), 'M', 'm'), 'N', 'n'), 'O', 'o'), 'P', 'p'), 'Q', 'q'), 'R', 'r'), 'S', 's'), 'T', 't'), 'U', 'u'), 'V', 'v'), 'W', 'w'), 'X', 'x'), 'Y', 'y'), 'Z', 'z')"[39m
Received: [31m"BINARY REPLACE(REPLACE(REPLACE(REPLACE(REPLACE(REPLACE(REPLACE(REPLACE(REPLACE(REPLACE(REPLACE(REPLACE(REPLACE(REPLACE(REPLACE(REPLACE(REPLACE(REPLACE(REPLACE(REPLACE(REPLACE(REPLACE(REPLACE(REPLACE(REPLACE(REPLACE(`[7mq[27m0`.`title`, 'A', 'a'), 'B', 'b'), 'C', 'c'), 'D', 'd'), 'E', 'e'), 'F', 'f'), 'G', 'g'), 'H', 'h'), 'I', 'i'), 'J', 'j'), 'K', 'k'), 'L', 'l'), 'M', 'm'), 'N', 'n'), 'O', 'o'), 'P', 'p'), 'Q', 'q'), 'R', 'r'), 'S', 's'), 'T', 't'), 'U', 'u'), 'V', 'v'), 'W', 'w'), 'X', 'x'), 'Y', 'y'), 'Z', 'z') = BINARY REPLACE(REPLACE(REPLACE(REPLACE(REPLACE(REPLACE(REPLACE(REPLACE(REPLACE(REPLACE(REPLACE(REPLACE(REPLACE(REPLACE(REPLACE(REPLACE(REPLACE(REPLACE(REPLACE(REPLACE(REPLACE(REPLACE(REPLACE(REPLACE(REPLACE(REPLACE(`[7mq[27m0`.`slug_col`, 'A', 'a'), 'B', 'b'), 'C', 'c'), 'D', 'd'), 'E', 'e'), 'F', 'f'), 'G', 'g'), 'H', 'h'), 'I', 'i'), 'J', 'j'), 'K', 'k'), 'L', 'l'), 'M', 'm'), 'N', 'n'), 'O', 'o'), 'P', 'p'), 'Q', 'q'), 'R', 'r'), 'S', 's'), 'T', 't'), 'U', 'u'), 'V', 'v'), 'W', 'w'), 'X', 'x'), 'Y', 'y'), 'Z', 'z')"[39m

 ❯ tests/contracts/engine/query/field-reference-sql.core.test.ts:291:9
    289|           where: { title: { equals: refs.Post.slug, mode: "insensitive…
    290|         })
    291|       ).toBe(`${folded(titleCol())} = ${folded(slugCol())}`);
       |         ^
    292|     });
    293| 

⎯⎯⎯⎯⎯⎯⎯⎯⎯⎯⎯⎯⎯⎯⎯⎯⎯⎯⎯⎯⎯[79/268]⎯

 FAIL  |layer-query-engine| tests/contracts/engine/query/field-reference-sql.core.test.ts > 'MySQL' field-reference SQL > collation and folding of a referenced operand > insensitive `not` negates the folded comparison
AssertionError: expected 'NOT (BINARY REPLACE(REPLACE(REPLACE(R…' to be 'NOT (BINARY REPLACE(REPLACE(REPLACE(R…' // Object.is equality

Expected: [32m"NOT (BINARY REPLACE(REPLACE(REPLACE(REPLACE(REPLACE(REPLACE(REPLACE(REPLACE(REPLACE(REPLACE(REPLACE(REPLACE(REPLACE(REPLACE(REPLACE(REPLACE(REPLACE(REPLACE(REPLACE(REPLACE(REPLACE(REPLACE(REPLACE(REPLACE(REPLACE(REPLACE(`[7mt[27m0`.`title`, 'A', 'a'), 'B', 'b'), 'C', 'c'), 'D', 'd'), 'E', 'e'), 'F', 'f'), 'G', 'g'), 'H', 'h'), 'I', 'i'), 'J', 'j'), 'K', 'k'), 'L', 'l'), 'M', 'm'), 'N', 'n'), 'O', 'o'), 'P', 'p'), 'Q', 'q'), 'R', 'r'), 'S', 's'), 'T', 't'), 'U', 'u'), 'V', 'v'), 'W', 'w'), 'X', 'x'), 'Y', 'y'), 'Z', 'z') = BINARY REPLACE(REPLACE(REPLACE(REPLACE(REPLACE(REPLACE(REPLACE(REPLACE(REPLACE(REPLACE(REPLACE(REPLACE(REPLACE(REPLACE(REPLACE(REPLACE(REPLACE(REPLACE(REPLACE(REPLACE(REPLACE(REPLACE(REPLACE(REPLACE(REPLACE(REPLACE(`[7mt[27m0`.`slug_col`, 'A', 'a'), 'B', 'b'), 'C', 'c'), 'D', 'd'), 'E', 'e'), 'F', 'f'), 'G', 'g'), 'H', 'h'), 'I', 'i'), 'J', 'j'), 'K', 'k'), 'L', 'l'), 'M', 'm'), 'N', 'n'), 'O', 'o'), 'P', 'p'), 'Q', 'q'), 'R', 'r'), 'S', 's'), 'T', 't'), 'U', 'u'), 'V', 'v'), 'W', 'w'), 'X', 'x'), 'Y', 'y'), 'Z', 'z'))"[39m
Received: [31m"NOT (BINARY REPLACE(REPLACE(REPLACE(REPLACE(REPLACE(REPLACE(REPLACE(REPLACE(REPLACE(REPLACE(REPLACE(REPLACE(REPLACE(REPLACE(REPLACE(REPLACE(REPLACE(REPLACE(REPLACE(REPLACE(REPLACE(REPLACE(REPLACE(REPLACE(REPLACE(REPLACE(`[7mq[27m0`.`title`, 'A', 'a'), 'B', 'b'), 'C', 'c'), 'D', 'd'), 'E', 'e'), 'F', 'f'), 'G', 'g'), 'H', 'h'), 'I', 'i'), 'J', 'j'), 'K', 'k'), 'L', 'l'), 'M', 'm'), 'N', 'n'), 'O', 'o'), 'P', 'p'), 'Q', 'q'), 'R', 'r'), 'S', 's'), 'T', 't'), 'U', 'u'), 'V', 'v'), 'W', 'w'), 'X', 'x'), 'Y', 'y'), 'Z', 'z') = BINARY REPLACE(REPLACE(REPLACE(REPLACE(REPLACE(REPLACE(REPLACE(REPLACE(REPLACE(REPLACE(REPLACE(REPLACE(REPLACE(REPLACE(REPLACE(REPLACE(REPLACE(REPLACE(REPLACE(REPLACE(REPLACE(REPLACE(REPLACE(REPLACE(REPLACE(REPLACE(`[7mq[27m0`.`slug_col`, 'A', 'a'), 'B', 'b'), 'C', 'c'), 'D', 'd'), 'E', 'e'), 'F', 'f'), 'G', 'g'), 'H', 'h'), 'I', 'i'), 'J', 'j'), 'K', 'k'), 'L', 'l'), 'M', 'm'), 'N', 'n'), 'O', 'o'), 'P', 'p'), 'Q', 'q'), 'R', 'r'), 'S', 's'), 'T', 't'), 'U', 'u'), 'V', 'v'), 'W', 'w'), 'X', 'x'), 'Y', 'y'), 'Z', 'z'))"[39m

 ❯ tests/contracts/engine/query/field-reference-sql.core.test.ts:299:9
    297|           where: { title: { not: refs.Post.slug, mode: "insensitive" }…
    298|         })
    299|       ).toBe(`NOT (${folded(titleCol())} = ${folded(slugCol())})`);
       |         ^
    300|     });
    301| 

⎯⎯⎯⎯⎯⎯⎯⎯⎯⎯⎯⎯⎯⎯⎯⎯⎯⎯⎯⎯⎯[80/268]⎯

 FAIL  |layer-query-engine| tests/contracts/engine/query/field-reference-sql.core.test.ts > 'MySQL' field-reference SQL > collation and folding of a referenced operand > insensitive contains carries the fold onto the referenced operand
AssertionError: expected 'LOCATE(BINARY BINARY REPLACE(REPLACE(…' to contain 'BINARY REPLACE(REPLACE(REPLACE(REPLAC…'

Expected: [32m"BINARY REPLACE(REPLACE(REPLACE(REPLACE(REPLACE(REPLACE(REPLACE(REPLACE(REPLACE(REPLACE(REPLACE(REPLACE(REPLACE(REPLACE(REPLACE(REPLACE(REPLACE(REPLACE(REPLACE(REPLACE(REPLACE(REPLACE(REPLACE(REPLACE(REPLACE(REPLACE(`[7mt[27m0`.`title`, 'A', 'a'), 'B', 'b'), 'C', 'c'), 'D', 'd'), 'E', 'e'), 'F', 'f'), 'G', 'g'), 'H', 'h'), 'I', 'i'), 'J', 'j'), 'K', 'k'), 'L', 'l'), 'M', 'm'), 'N', 'n'), 'O', 'o'), 'P', 'p'), 'Q', 'q'), 'R', 'r'), 'S', 's'), 'T', 't'), 'U', 'u'), 'V', 'v'), 'W', 'w'), 'X', 'x'), 'Y', 'y'), 'Z', 'z')"[39m
Received: [31m"[7mLOCATE(BINARY [27mBINARY REPLACE(REPLACE(REPLACE(REPLACE(REPLACE(REPLACE(REPLACE(REPLACE(REPLACE(REPLACE(REPLACE(REPLACE(REPLACE(REPLACE(REPLACE(REPLACE(REPLACE(REPLACE(REPLACE(REPLACE(REPLACE(REPLACE(REPLACE(REPLACE(REPLACE(REPLACE(`[7mq0`.`slug_col`, 'A', 'a'), 'B', 'b'), 'C', 'c'), 'D', 'd'), 'E', 'e'), 'F', 'f'), 'G', 'g'), 'H', 'h'), 'I', 'i'), 'J', 'j'), 'K', 'k'), 'L', 'l'), 'M', 'm'), 'N', 'n'), 'O', 'o'), 'P', 'p'), 'Q', 'q'), 'R', 'r'), 'S', 's'), 'T', 't'), 'U', 'u'), 'V', 'v'), 'W', 'w'), 'X', 'x'), 'Y', 'y'), 'Z', 'z'), BINARY BINARY REPLACE(REPLACE(REPLACE(REPLACE(REPLACE(REPLACE(REPLACE(REPLACE(REPLACE(REPLACE(REPLACE(REPLACE(REPLACE(REPLACE(REPLACE(REPLACE(REPLACE(REPLACE(REPLACE(REPLACE(REPLACE(REPLACE(REPLACE(REPLACE(REPLACE(REPLACE(`q[27m0`.`title`, 'A', 'a'), 'B', 'b'), 'C', 'c'), 'D', 'd'), 'E', 'e'), 'F', 'f'), 'G', 'g'), 'H', 'h'), 'I', 'i'), 'J', 'j'), 'K', 'k'), 'L', 'l'), 'M', 'm'), 'N', 'n'), 'O', 'o'), 'P', 'p'), 'Q', 'q'), 'R', 'r'), 'S', 's'), 'T', 't'), 'U', 'u'), 'V', 'v'), 'W', 'w'), 'X', 'x'), 'Y', 'y'), 'Z', 'z')[7m) > 0[27m"[39m

 ❯ tests/contracts/engine/query/field-reference-sql.core.test.ts:314:25
    312|       // The substring/prefix/suffix templates differ per dialect, so …
    313|       // the two operand expressions rather than the whole predicate.
    314|       expect(predicate).toContain(folded(titleCol()));
       |                         ^
    315|       expect(predicate).toContain(folded(slugCol()));
    316|     });

⎯⎯⎯⎯⎯⎯⎯⎯⎯⎯⎯⎯⎯⎯⎯⎯⎯⎯⎯⎯⎯[81/268]⎯

 FAIL  |layer-query-engine| tests/contracts/engine/query/field-reference-sql.core.test.ts > 'MySQL' field-reference SQL > collation and folding of a referenced operand > insensitive startsWith carries the fold onto the referenced operand
AssertionError: expected 'LEFT(BINARY BINARY REPLACE(REPLACE(RE…' to contain 'BINARY REPLACE(REPLACE(REPLACE(REPLAC…'

Expected: [32m"BINARY REPLACE(REPLACE(REPLACE(REPLACE(REPLACE(REPLACE(REPLACE(REPLACE(REPLACE(REPLACE(REPLACE(REPLACE(REPLACE(REPLACE(REPLACE(REPLACE(REPLACE(REPLACE(REPLACE(REPLACE(REPLACE(REPLACE(REPLACE(REPLACE(REPLACE(REPLACE(`[7mt[27m0`.`title`, 'A', 'a'), 'B', 'b'), 'C', 'c'), 'D', 'd'), 'E', 'e'), 'F', 'f'), 'G', 'g'), 'H', 'h'), 'I', 'i'), 'J', 'j'), 'K', 'k'), 'L', 'l'), 'M', 'm'), 'N', 'n'), 'O', 'o'), 'P', 'p'), 'Q', 'q'), 'R', 'r'), 'S', 's'), 'T', 't'), 'U', 'u'), 'V', 'v'), 'W', 'w'), 'X', 'x'), 'Y', 'y'), 'Z', 'z')"[39m
Received: [31m"[7mLEFT(BINARY [27mBINARY REPLACE(REPLACE(REPLACE(REPLACE(REPLACE(REPLACE(REPLACE(REPLACE(REPLACE(REPLACE(REPLACE(REPLACE(REPLACE(REPLACE(REPLACE(REPLACE(REPLACE(REPLACE(REPLACE(REPLACE(REPLACE(REPLACE(REPLACE(REPLACE(REPLACE(REPLACE(`[7mq[27m0`.`title`, 'A', 'a'), 'B', 'b'), 'C', 'c'), 'D', 'd'), 'E', 'e'), 'F', 'f'), 'G', 'g'), 'H', 'h'), 'I', 'i'), 'J', 'j'), 'K', 'k'), 'L', 'l'), 'M', 'm'), 'N', 'n'), 'O', 'o'), 'P', 'p'), 'Q', 'q'), 'R', 'r'), 'S', 's'), 'T', 't'), 'U', 'u'), 'V', 'v'), 'W', 'w'), 'X', 'x'), 'Y', 'y'), 'Z', 'z')[7m, OCTET_LENGTH(BINARY REPLACE(REPLACE(REPLACE(REPLACE(REPLACE(REPLACE(REPLACE(REPLACE(REPLACE(REPLACE(REPLACE(REPLACE(REPLACE(REPLACE(REPLACE(REPLACE(REPLACE(REPLACE(REPLACE(REPLACE(REPLACE(REPLACE(REPLACE(REPLACE(REPLACE(REPLACE(`q0`.`slug_col`, 'A', 'a'), 'B', 'b'), 'C', 'c'), 'D', 'd'), 'E', 'e'), 'F', 'f'), 'G', 'g'), 'H', 'h'), 'I', 'i'), 'J', 'j'), 'K', 'k'), 'L', 'l'), 'M', 'm'), 'N', 'n'), 'O', 'o'), 'P', 'p'), 'Q', 'q'), 'R', 'r'), 'S', 's'), 'T', 't'), 'U', 'u'), 'V', 'v'), 'W', 'w'), 'X', 'x'), 'Y', 'y'), 'Z', 'z'))) = BINARY BINARY REPLACE(REPLACE(REPLACE(REPLACE(REPLACE(REPLACE(REPLACE(REPLACE(REPLACE(REPLACE(REPLACE(REPLACE(REPLACE(REPLACE(REPLACE(REPLACE(REPLACE(REPLACE(REPLACE(REPLACE(REPLACE(REPLACE(REPLACE(REPLACE(REPLACE(REPLACE(`q0`.`slug_col`, 'A', 'a'), 'B', 'b'), 'C', 'c'), 'D', 'd'), 'E', 'e'), 'F', 'f'), 'G', 'g'), 'H', 'h'), 'I', 'i'), 'J', 'j'), 'K', 'k'), 'L', 'l'), 'M', 'm'), 'N', 'n'), 'O', 'o'), 'P', 'p'), 'Q', 'q'), 'R', 'r'), 'S', 's'), 'T', 't'), 'U', 'u'), 'V', 'v'), 'W', 'w'), 'X', 'x'), 'Y', 'y'), 'Z', 'z')[27m"[39m

 ❯ tests/contracts/engine/query/field-reference-sql.core.test.ts:314:25
    312|       // The substring/prefix/suffix templates differ per dialect, so …
    313|       // the two operand expressions rather than the whole predicate.
    314|       expect(predicate).toContain(folded(titleCol()));
       |                         ^
    315|       expect(predicate).toContain(folded(slugCol()));
    316|     });

⎯⎯⎯⎯⎯⎯⎯⎯⎯⎯⎯⎯⎯⎯⎯⎯⎯⎯⎯⎯⎯[82/268]⎯

 FAIL  |layer-query-engine| tests/contracts/engine/query/field-reference-sql.core.test.ts > 'MySQL' field-reference SQL > collation and folding of a referenced operand > insensitive endsWith carries the fold onto the referenced operand
AssertionError: expected 'RIGHT(BINARY BINARY REPLACE(REPLACE(R…' to contain 'BINARY REPLACE(REPLACE(REPLACE(REPLAC…'

Expected: [32m"BINARY REPLACE(REPLACE(REPLACE(REPLACE(REPLACE(REPLACE(REPLACE(REPLACE(REPLACE(REPLACE(REPLACE(REPLACE(REPLACE(REPLACE(REPLACE(REPLACE(REPLACE(REPLACE(REPLACE(REPLACE(REPLACE(REPLACE(REPLACE(REPLACE(REPLACE(REPLACE(`[7mt[27m0`.`title`, 'A', 'a'), 'B', 'b'), 'C', 'c'), 'D', 'd'), 'E', 'e'), 'F', 'f'), 'G', 'g'), 'H', 'h'), 'I', 'i'), 'J', 'j'), 'K', 'k'), 'L', 'l'), 'M', 'm'), 'N', 'n'), 'O', 'o'), 'P', 'p'), 'Q', 'q'), 'R', 'r'), 'S', 's'), 'T', 't'), 'U', 'u'), 'V', 'v'), 'W', 'w'), 'X', 'x'), 'Y', 'y'), 'Z', 'z')"[39m
Received: [31m"[7mRIGHT(BINARY [27mBINARY REPLACE(REPLACE(REPLACE(REPLACE(REPLACE(REPLACE(REPLACE(REPLACE(REPLACE(REPLACE(REPLACE(REPLACE(REPLACE(REPLACE(REPLACE(REPLACE(REPLACE(REPLACE(REPLACE(REPLACE(REPLACE(REPLACE(REPLACE(REPLACE(REPLACE(REPLACE(`[7mq[27m0`.`title`, 'A', 'a'), 'B', 'b'), 'C', 'c'), 'D', 'd'), 'E', 'e'), 'F', 'f'), 'G', 'g'), 'H', 'h'), 'I', 'i'), 'J', 'j'), 'K', 'k'), 'L', 'l'), 'M', 'm'), 'N', 'n'), 'O', 'o'), 'P', 'p'), 'Q', 'q'), 'R', 'r'), 'S', 's'), 'T', 't'), 'U', 'u'), 'V', 'v'), 'W', 'w'), 'X', 'x'), 'Y', 'y'), 'Z', 'z')[7m, OCTET_LENGTH(BINARY REPLACE(REPLACE(REPLACE(REPLACE(REPLACE(REPLACE(REPLACE(REPLACE(REPLACE(REPLACE(REPLACE(REPLACE(REPLACE(REPLACE(REPLACE(REPLACE(REPLACE(REPLACE(REPLACE(REPLACE(REPLACE(REPLACE(REPLACE(REPLACE(REPLACE(REPLACE(`q0`.`slug_col`, 'A', 'a'), 'B', 'b'), 'C', 'c'), 'D', 'd'), 'E', 'e'), 'F', 'f'), 'G', 'g'), 'H', 'h'), 'I', 'i'), 'J', 'j'), 'K', 'k'), 'L', 'l'), 'M', 'm'), 'N', 'n'), 'O', 'o'), 'P', 'p'), 'Q', 'q'), 'R', 'r'), 'S', 's'), 'T', 't'), 'U', 'u'), 'V', 'v'), 'W', 'w'), 'X', 'x'), 'Y', 'y'), 'Z', 'z'))) = BINARY BINARY REPLACE(REPLACE(REPLACE(REPLACE(REPLACE(REPLACE(REPLACE(REPLACE(REPLACE(REPLACE(REPLACE(REPLACE(REPLACE(REPLACE(REPLACE(REPLACE(REPLACE(REPLACE(REPLACE(REPLACE(REPLACE(REPLACE(REPLACE(REPLACE(REPLACE(REPLACE(`q0`.`slug_col`, 'A', 'a'), 'B', 'b'), 'C', 'c'), 'D', 'd'), 'E', 'e'), 'F', 'f'), 'G', 'g'), 'H', 'h'), 'I', 'i'), 'J', 'j'), 'K', 'k'), 'L', 'l'), 'M', 'm'), 'N', 'n'), 'O', 'o'), 'P', 'p'), 'Q', 'q'), 'R', 'r'), 'S', 's'), 'T', 't'), 'U', 'u'), 'V', 'v'), 'W', 'w'), 'X', 'x'), 'Y', 'y'), 'Z', 'z')[27m"[39m

 ❯ tests/contracts/engine/query/field-reference-sql.core.test.ts:314:25
    312|       // The substring/prefix/suffix templates differ per dialect, so …
    313|       // the two operand expressions rather than the whole predicate.
    314|       expect(predicate).toContain(folded(titleCol()));
       |                         ^
    315|       expect(predicate).toContain(folded(slugCol()));
    316|     });

⎯⎯⎯⎯⎯⎯⎯⎯⎯⎯⎯⎯⎯⎯⎯⎯⎯⎯⎯⎯⎯[83/268]⎯

 FAIL  |layer-query-engine| tests/contracts/engine/query/field-reference-sql.core.test.ts > 'MySQL' field-reference SQL > collation and folding of a referenced operand > default mode leaves the string predicates unwrapped on both sides
AssertionError: expected 'LOCATE(BINARY BINARY `q0`.`slug_col`,…' to contain '`t0`.`title`'

Expected: [32m"[7m`t[27m0`.`title`"[39m
Received: [31m"[7mLOCATE(BINARY BINARY `q0`.`slug_col`, BINARY `q[27m0`.`title`[7m) > 0[27m"[39m

 ❯ tests/contracts/engine/query/field-reference-sql.core.test.ts:324:25
    322|         where: { title: { contains: refs.Post.slug } },
    323|       });
    324|       expect(predicate).toContain(titleCol());
       |                         ^
    325|       expect(predicate).toContain(slugCol());
    326|       expect(predicate).not.toContain(dialectCase.asciiFold(titleCol()…

⎯⎯⎯⎯⎯⎯⎯⎯⎯⎯⎯⎯⎯⎯⎯⎯⎯⎯⎯⎯⎯[84/268]⎯

 FAIL  |layer-query-engine| tests/contracts/engine/query/field-reference-sql.core.test.ts > 'MySQL' field-reference SQL > collation and folding of a referenced operand > a literal operand is folded but not collation-wrapped
AssertionError: expected 'BINARY REPLACE(REPLACE(REPLACE(REPLAC…' to be 'BINARY REPLACE(REPLACE(REPLACE(REPLAC…' // Object.is equality

Expected: [32m"BINARY REPLACE(REPLACE(REPLACE(REPLACE(REPLACE(REPLACE(REPLACE(REPLACE(REPLACE(REPLACE(REPLACE(REPLACE(REPLACE(REPLACE(REPLACE(REPLACE(REPLACE(REPLACE(REPLACE(REPLACE(REPLACE(REPLACE(REPLACE(REPLACE(REPLACE(REPLACE(`[7mt[27m0`.`title`, 'A', 'a'), 'B', 'b'), 'C', 'c'), 'D', 'd'), 'E', 'e'), 'F', 'f'), 'G', 'g'), 'H', 'h'), 'I', 'i'), 'J', 'j'), 'K', 'k'), 'L', 'l'), 'M', 'm'), 'N', 'n'), 'O', 'o'), 'P', 'p'), 'Q', 'q'), 'R', 'r'), 'S', 's'), 'T', 't'), 'U', 'u'), 'V', 'v'), 'W', 'w'), 'X', 'x'), 'Y', 'y'), 'Z', 'z') = REPLACE(REPLACE(REPLACE(REPLACE(REPLACE(REPLACE(REPLACE(REPLACE(REPLACE(REPLACE(REPLACE(REPLACE(REPLACE(REPLACE(REPLACE(REPLACE(REPLACE(REPLACE(REPLACE(REPLACE(REPLACE(REPLACE(REPLACE(REPLACE(REPLACE(REPLACE($1, 'A', 'a'), 'B', 'b'), 'C', 'c'), 'D', 'd'), 'E', 'e'), 'F', 'f'), 'G', 'g'), 'H', 'h'), 'I', 'i'), 'J', 'j'), 'K', 'k'), 'L', 'l'), 'M', 'm'), 'N', 'n'), 'O', 'o'), 'P', 'p'), 'Q', 'q'), 'R', 'r'), 'S', 's'), 'T', 't'), 'U', 'u'), 'V', 'v'), 'W', 'w'), 'X', 'x'), 'Y', 'y'), 'Z', 'z')"[39m
Received: [31m"BINARY REPLACE(REPLACE(REPLACE(REPLACE(REPLACE(REPLACE(REPLACE(REPLACE(REPLACE(REPLACE(REPLACE(REPLACE(REPLACE(REPLACE(REPLACE(REPLACE(REPLACE(REPLACE(REPLACE(REPLACE(REPLACE(REPLACE(REPLACE(REPLACE(REPLACE(REPLACE(`[7mq[27m0`.`title`, 'A', 'a'), 'B', 'b'), 'C', 'c'), 'D', 'd'), 'E', 'e'), 'F', 'f'), 'G', 'g'), 'H', 'h'), 'I', 'i'), 'J', 'j'), 'K', 'k'), 'L', 'l'), 'M', 'm'), 'N', 'n'), 'O', 'o'), 'P', 'p'), 'Q', 'q'), 'R', 'r'), 'S', 's'), 'T', 't'), 'U', 'u'), 'V', 'v'), 'W', 'w'), 'X', 'x'), 'Y', 'y'), 'Z', 'z') = REPLACE(REPLACE(REPLACE(REPLACE(REPLACE(REPLACE(REPLACE(REPLACE(REPLACE(REPLACE(REPLACE(REPLACE(REPLACE(REPLACE(REPLACE(REPLACE(REPLACE(REPLACE(REPLACE(REPLACE(REPLACE(REPLACE(REPLACE(REPLACE(REPLACE(REPLACE($1, 'A', 'a'), 'B', 'b'), 'C', 'c'), 'D', 'd'), 'E', 'e'), 'F', 'f'), 'G', 'g'), 'H', 'h'), 'I', 'i'), 'J', 'j'), 'K', 'k'), 'L', 'l'), 'M', 'm'), 'N', 'n'), 'O', 'o'), 'P', 'p'), 'Q', 'q'), 'R', 'r'), 'S', 's'), 'T', 't'), 'U', 'u'), 'V', 'v'), 'W', 'w'), 'X', 'x'), 'Y', 'y'), 'Z', 'z')"[39m

 ❯ tests/contracts/engine/query/field-reference-sql.core.test.ts:339:9
    337|           where: { title: { equals: "x", mode: "insensitive" } },
    338|         })
    339|       ).toBe(`${folded(titleCol())} = ${dialectCase.asciiFold("$1")}`);
       |         ^
    340|     });
    341|   });

⎯⎯⎯⎯⎯⎯⎯⎯⎯⎯⎯⎯⎯⎯⎯⎯⎯⎯⎯⎯⎯[85/268]⎯

 FAIL  |layer-query-engine| tests/contracts/engine/query/field-reference-sql.core.test.ts > 'MySQL' field-reference SQL > enum operands > equals against a reference casts both sides to text
AssertionError: expected 'BINARY `q0`.`status` = BINARY CAST(`q…' to be 'BINARY CAST(`t0`.`status` AS CHAR) = …' // Object.is equality

Expected: [32m"BINARY [7mCAST(`t[27m0`.`status`[7m AS CHAR)[27m = BINARY CAST(`[7mt[27m0`.`review_status` AS CHAR)"[39m
Received: [31m"BINARY [7m`q[27m0`.`status` = BINARY CAST(`[7mq[27m0`.`review_status` AS CHAR)"[39m

 ❯ tests/contracts/engine/query/field-reference-sql.core.test.ts:371:9
    369|           where: { status: { equals: refs.Post.reviewStatus } },
    370|         })
    371|       ).toBe(`${statusText()} = ${reviewText()}`);
       |         ^
    372|     });
    373| 

⎯⎯⎯⎯⎯⎯⎯⎯⎯⎯⎯⎯⎯⎯⎯⎯⎯⎯⎯⎯⎯[86/268]⎯

 FAIL  |layer-query-engine| tests/contracts/engine/query/field-reference-sql.core.test.ts > 'MySQL' field-reference SQL > enum operands > not against a reference negates the same comparison
AssertionError: expected 'NOT (BINARY `q0`.`status` = BINARY CA…' to be 'NOT (BINARY CAST(`t0`.`status` AS CHA…' // Object.is equality

Expected: [32m"NOT (BINARY [7mCAST(`t[27m0`.`status`[7m AS CHAR)[27m = BINARY CAST(`[7mt[27m0`.`review_status` AS CHAR))"[39m
Received: [31m"NOT (BINARY [7m`q[27m0`.`status` = BINARY CAST(`[7mq[27m0`.`review_status` AS CHAR))"[39m

 ❯ tests/contracts/engine/query/field-reference-sql.core.test.ts:377:9
    375|       expect(
    376|         predicateOf({ where: { status: { not: refs.Post.reviewStatus }…
    377|       ).toBe(`NOT (${statusText()} = ${reviewText()})`);
       |         ^
    378|     });
    379| 

⎯⎯⎯⎯⎯⎯⎯⎯⎯⎯⎯⎯⎯⎯⎯⎯⎯⎯⎯⎯⎯[87/268]⎯

 FAIL  |layer-query-engine| tests/contracts/engine/query/field-reference-sql.core.test.ts > 'MySQL' field-reference SQL > enum operands > a literal operand leaves the column uncast and bound
AssertionError: expected '(`q0`.`status` = $1 AND BINARY `q0`.`…' to be '(`t0`.`status` = $1 AND BINARY `t0`.`…' // Object.is equality

Expected: [32m"(`[7mt[27m0`.`status` = $1 AND BINARY `[7mt[27m0`.`status` = $2)"[39m
Received: [31m"(`[7mq[27m0`.`status` = $1 AND BINARY `[7mq[27m0`.`status` = $2)"[39m

 ❯ tests/contracts/engine/query/field-reference-sql.core.test.ts:387:71
    385|         `${q("t0")}.${q("status")}`
    386|       );
    387|       expect(predicateOf({ where: { status: { equals: "draft" } } })).…
       |                                                                       ^
    388|         expected.sql
    389|       );

⎯⎯⎯⎯⎯⎯⎯⎯⎯⎯⎯⎯⎯⎯⎯⎯⎯⎯⎯⎯⎯[88/268]⎯

 FAIL  |layer-query-engine| tests/contracts/engine/query/field-reference-sql.core.test.ts > 'SQLite' field-reference SQL > collation and folding of a referenced operand > default mode compares both sides under the case-sensitive collation
AssertionError: expected '"q0"."title" COLLATE BINARY = "q0"."s…' to be '"t0"."title" COLLATE BINARY = "t0"."s…' // Object.is equality

Expected: [32m""[7mt[27m0"."title" COLLATE BINARY = "[7mt[27m0"."slug_col" COLLATE BINARY"[39m
Received: [31m""[7mq[27m0"."title" COLLATE BINARY = "[7mq[27m0"."slug_col" COLLATE BINARY"[39m

 ❯ tests/contracts/engine/query/field-reference-sql.core.test.ts:283:9
    281|       expect(
    282|         predicateOf({ where: { title: { equals: refs.Post.slug } } })
    283|       ).toBe(`${exact(titleCol())} = ${exact(slugCol())}`);
       |         ^
    284|     });
    285| 

⎯⎯⎯⎯⎯⎯⎯⎯⎯⎯⎯⎯⎯⎯⎯⎯⎯⎯⎯⎯⎯[89/268]⎯

 FAIL  |layer-query-engine| tests/contracts/engine/query/field-reference-sql.core.test.ts > 'SQLite' field-reference SQL > collation and folding of a referenced operand > insensitive mode folds AND collates both sides
AssertionError: expected 'lower("q0"."title") COLLATE BINARY = …' to be 'lower("t0"."title") COLLATE BINARY = …' // Object.is equality

Expected: [32m"lower("[7mt[27m0"."title") COLLATE BINARY = lower("[7mt[27m0"."slug_col") COLLATE BINARY"[39m
Received: [31m"lower("[7mq[27m0"."title") COLLATE BINARY = lower("[7mq[27m0"."slug_col") COLLATE BINARY"[39m

 ❯ tests/contracts/engine/query/field-reference-sql.core.test.ts:291:9
    289|           where: { title: { equals: refs.Post.slug, mode: "insensitive…
    290|         })
    291|       ).toBe(`${folded(titleCol())} = ${folded(slugCol())}`);
       |         ^
    292|     });
    293| 

⎯⎯⎯⎯⎯⎯⎯⎯⎯⎯⎯⎯⎯⎯⎯⎯⎯⎯⎯⎯⎯[90/268]⎯

 FAIL  |layer-query-engine| tests/contracts/engine/query/field-reference-sql.core.test.ts > 'SQLite' field-reference SQL > collation and folding of a referenced operand > insensitive `not` negates the folded comparison
AssertionError: expected 'NOT (lower("q0"."title") COLLATE BINA…' to be 'NOT (lower("t0"."title") COLLATE BINA…' // Object.is equality

Expected: [32m"NOT (lower("[7mt[27m0"."title") COLLATE BINARY = lower("[7mt[27m0"."slug_col") COLLATE BINARY)"[39m
Received: [31m"NOT (lower("[7mq[27m0"."title") COLLATE BINARY = lower("[7mq[27m0"."slug_col") COLLATE BINARY)"[39m

 ❯ tests/contracts/engine/query/field-reference-sql.core.test.ts:299:9
    297|           where: { title: { not: refs.Post.slug, mode: "insensitive" }…
    298|         })
    299|       ).toBe(`NOT (${folded(titleCol())} = ${folded(slugCol())})`);
       |         ^
    300|     });
    301| 

⎯⎯⎯⎯⎯⎯⎯⎯⎯⎯⎯⎯⎯⎯⎯⎯⎯⎯⎯⎯⎯[91/268]⎯

 FAIL  |layer-query-engine| tests/contracts/engine/query/field-reference-sql.core.test.ts > 'SQLite' field-reference SQL > collation and folding of a referenced operand > insensitive contains carries the fold onto the referenced operand
AssertionError: expected 'instr(lower("q0"."title") COLLATE BIN…' to contain 'lower("t0"."title") COLLATE BINARY'

Expected: [32m"lower("[7mt[27m0"."title") COLLATE BINARY"[39m
Received: [31m"[7minstr([27mlower("[7mq[27m0"."title") COLLATE BINARY[7m, lower("q0"."slug_col") COLLATE BINARY) > 0[27m"[39m

 ❯ tests/contracts/engine/query/field-reference-sql.core.test.ts:314:25
    312|       // The substring/prefix/suffix templates differ per dialect, so …
    313|       // the two operand expressions rather than the whole predicate.
    314|       expect(predicate).toContain(folded(titleCol()));
       |                         ^
    315|       expect(predicate).toContain(folded(slugCol()));
    316|     });

⎯⎯⎯⎯⎯⎯⎯⎯⎯⎯⎯⎯⎯⎯⎯⎯⎯⎯⎯⎯⎯[92/268]⎯

 FAIL  |layer-query-engine| tests/contracts/engine/query/field-reference-sql.core.test.ts > 'SQLite' field-reference SQL > collation and folding of a referenced operand > insensitive startsWith carries the fold onto the referenced operand
AssertionError: expected 'substr(lower("q0"."title") COLLATE BI…' to contain 'lower("t0"."title") COLLATE BINARY'

Expected: [32m"lower("[7mt[27m0"."title") COLLATE BINARY"[39m
Received: [31m"[7msubstr([27mlower("[7mq[27m0"."title") COLLATE BINARY[7m, 1, length(lower("q0"."slug_col") COLLATE BINARY)) COLLATE BINARY = lower("q0"."slug_col") COLLATE BINARY[27m"[39m

 ❯ tests/contracts/engine/query/field-reference-sql.core.test.ts:314:25
    312|       // The substring/prefix/suffix templates differ per dialect, so …
    313|       // the two operand expressions rather than the whole predicate.
    314|       expect(predicate).toContain(folded(titleCol()));
       |                         ^
    315|       expect(predicate).toContain(folded(slugCol()));
    316|     });

⎯⎯⎯⎯⎯⎯⎯⎯⎯⎯⎯⎯⎯⎯⎯⎯⎯⎯⎯⎯⎯[93/268]⎯

 FAIL  |layer-query-engine| tests/contracts/engine/query/field-reference-sql.core.test.ts > 'SQLite' field-reference SQL > collation and folding of a referenced operand > insensitive endsWith carries the fold onto the referenced operand
AssertionError: expected 'CASE WHEN length(lower("q0"."slug_col…' to contain 'lower("t0"."title") COLLATE BINARY'

Expected: [32m"lower("t0"."title") COLLATE BINARY"[39m
Received: [31m"CASE WHEN length(lower("q0"."slug_col") COLLATE BINARY) = 0 THEN 1 ELSE substr(lower("q0"."title") COLLATE BINARY, -length(lower("q0"."slug_col") COLLATE BINARY)) COLLATE BINARY = lower("q0"."slug_col") COLLATE BINARY END"[39m

 ❯ tests/contracts/engine/query/field-reference-sql.core.test.ts:314:25
    312|       // The substring/prefix/suffix templates differ per dialect, so …
    313|       // the two operand expressions rather than the whole predicate.
    314|       expect(predicate).toContain(folded(titleCol()));
       |                         ^
    315|       expect(predicate).toContain(folded(slugCol()));
    316|     });

⎯⎯⎯⎯⎯⎯⎯⎯⎯⎯⎯⎯⎯⎯⎯⎯⎯⎯⎯⎯⎯[94/268]⎯

 FAIL  |layer-query-engine| tests/contracts/engine/query/field-reference-sql.core.test.ts > 'SQLite' field-reference SQL > collation and folding of a referenced operand > default mode leaves the string predicates unwrapped on both sides
AssertionError: expected 'instr("q0"."title", "q0"."slug_col" C…' to contain '"t0"."title"'

Expected: [32m"[7m"t[27m0"."title""[39m
Received: [31m"[7minstr("q[27m0"."title"[7m, "q0"."slug_col" COLLATE BINARY) > 0[27m"[39m

 ❯ tests/contracts/engine/query/field-reference-sql.core.test.ts:324:25
    322|         where: { title: { contains: refs.Post.slug } },
    323|       });
    324|       expect(predicate).toContain(titleCol());
       |                         ^
    325|       expect(predicate).toContain(slugCol());
    326|       expect(predicate).not.toContain(dialectCase.asciiFold(titleCol()…

⎯⎯⎯⎯⎯⎯⎯⎯⎯⎯⎯⎯⎯⎯⎯⎯⎯⎯⎯⎯⎯[95/268]⎯

 FAIL  |layer-query-engine| tests/contracts/engine/query/field-reference-sql.core.test.ts > 'SQLite' field-reference SQL > collation and folding of a referenced operand > a literal operand is folded but not collation-wrapped
AssertionError: expected 'lower("q0"."title") COLLATE BINARY = …' to be 'lower("t0"."title") COLLATE BINARY = …' // Object.is equality

Expected: [32m"lower("[7mt[27m0"."title") COLLATE BINARY = lower($1)"[39m
Received: [31m"lower("[7mq[27m0"."title") COLLATE BINARY = lower($1)"[39m

 ❯ tests/contracts/engine/query/field-reference-sql.core.test.ts:339:9
    337|           where: { title: { equals: "x", mode: "insensitive" } },
    338|         })
    339|       ).toBe(`${folded(titleCol())} = ${dialectCase.asciiFold("$1")}`);
       |         ^
    340|     });
    341|   });

⎯⎯⎯⎯⎯⎯⎯⎯⎯⎯⎯⎯⎯⎯⎯⎯⎯⎯⎯⎯⎯[96/268]⎯

 FAIL  |layer-query-engine| tests/contracts/engine/query/field-reference-sql.core.test.ts > 'SQLite' field-reference SQL > enum operands > equals against a reference casts both sides to text
AssertionError: expected '"q0"."status" COLLATE BINARY = CAST("…' to be 'CAST("t0"."status" AS TEXT) COLLATE B…' // Object.is equality

Expected: [32m"[7mCAST("t[27m0"."status"[7m AS TEXT)[27m COLLATE BINARY = CAST("[7mt[27m0"."review_status" AS TEXT) COLLATE BINARY"[39m
Received: [31m"[7m"q[27m0"."status" COLLATE BINARY = CAST("[7mq[27m0"."review_status" AS TEXT) COLLATE BINARY"[39m

 ❯ tests/contracts/engine/query/field-reference-sql.core.test.ts:371:9
    369|           where: { status: { equals: refs.Post.reviewStatus } },
    370|         })
    371|       ).toBe(`${statusText()} = ${reviewText()}`);
       |         ^
    372|     });
    373| 

⎯⎯⎯⎯⎯⎯⎯⎯⎯⎯⎯⎯⎯⎯⎯⎯⎯⎯⎯⎯⎯[97/268]⎯

 FAIL  |layer-query-engine| tests/contracts/engine/query/field-reference-sql.core.test.ts > 'SQLite' field-reference SQL > enum operands > not against a reference negates the same comparison
AssertionError: expected 'NOT ("q0"."status" COLLATE BINARY = C…' to be 'NOT (CAST("t0"."status" AS TEXT) COLL…' // Object.is equality

Expected: [32m"NOT ([7mCAST("t[27m0"."status"[7m AS TEXT)[27m COLLATE BINARY = CAST("[7mt[27m0"."review_status" AS TEXT) COLLATE BINARY)"[39m
Received: [31m"NOT ([7m"q[27m0"."status" COLLATE BINARY = CAST("[7mq[27m0"."review_status" AS TEXT) COLLATE BINARY)"[39m

 ❯ tests/contracts/engine/query/field-reference-sql.core.test.ts:377:9
    375|       expect(
    376|         predicateOf({ where: { status: { not: refs.Post.reviewStatus }…
    377|       ).toBe(`NOT (${statusText()} = ${reviewText()})`);
       |         ^
    378|     });
    379| 

⎯⎯⎯⎯⎯⎯⎯⎯⎯⎯⎯⎯⎯⎯⎯⎯⎯⎯⎯⎯⎯[98/268]⎯

 FAIL  |layer-query-engine| tests/contracts/engine/query/field-reference-sql.core.test.ts > 'SQLite' field-reference SQL > enum operands > a literal operand leaves the column uncast and bound
AssertionError: expected '"q0"."status" COLLATE BINARY = $1' to be '"t0"."status" COLLATE BINARY = $1' // Object.is equality

Expected: [32m""[7mt[27m0"."status" COLLATE BINARY = $1"[39m
Received: [31m""[7mq[27m0"."status" COLLATE BINARY = $1"[39m

 ❯ tests/contracts/engine/query/field-reference-sql.core.test.ts:387:71
    385|         `${q("t0")}.${q("status")}`
    386|       );
    387|       expect(predicateOf({ where: { status: { equals: "draft" } } })).…
       |                                                                       ^
    388|         expected.sql
    389|       );

⎯⎯⎯⎯⎯⎯⎯⎯⎯⎯⎯⎯⎯⎯⎯⎯⎯⎯⎯⎯⎯[99/268]⎯

 FAIL  |layer-query-engine| tests/contracts/engine/query/field-reference-sql.core.test.ts > surfaces that stay closed to field references > a reference is refused in create data
AssertionError: expected [Function] to not throw an error but 'QueryEngineError: Operation \'create\…' was thrown

[32m- Expected:[39m 
undefined

[31m+ Received:[39m 
"QueryEngineError: Operation 'create' does not compile to one SQL statement. Execute the operation instead."

 ❯ tests/contracts/engine/query/field-reference-sql.core.test.ts:550:33
    548| 
    549|     // Otherwise valid: with a literal in that one slot, the payload c…
    550|     expect(() => create(1)).not.toThrow();
       |                                 ^
    551| 
    552|     const refusal = refusalOf(() => create(refs.Post.likes));

⎯⎯⎯⎯⎯⎯⎯⎯⎯⎯⎯⎯⎯⎯⎯⎯⎯⎯⎯⎯[100/268]⎯

 FAIL  |layer-query-engine| tests/contracts/engine/query/field-reference-sql.core.test.ts > JSON operands stay closed to field references > JSON write data refuses a reference in a create data slot
 FAIL  |layer-query-engine| tests/contracts/engine/query/field-reference-sql.core.test.ts > JSON operands stay closed to field references > JSON write data refuses a reference in a create data slot, buried
AssertionError: expected [Function] to throw error matching /Field reference 'Post\.meta2' is not …/ but got 'Operation \'create\' does not compile…'

[32m- Expected:[39m 
/Field reference 'Post\.meta2' is not supported in JSON write data/

[31m+ Received:[39m 
"Operation 'create' does not compile to one SQL statement. Execute the operation instead."

 ❯ tests/contracts/engine/query/field-reference-sql.core.test.ts:629:7
    627|         },
    628|       })
    629|     ).toThrow(JSON_DATA_REFUSAL);
       |       ^
    630|   });
    631| 

⎯⎯⎯⎯⎯⎯⎯⎯⎯⎯⎯⎯⎯⎯⎯⎯⎯⎯⎯⎯[101/268]⎯

 FAIL  |layer-query-engine| tests/contracts/engine/query/field-reference-sql.core.test.ts > JSON operands stay closed to field references > JSON update data refuses a reference in the shorthand form
 FAIL  |layer-query-engine| tests/contracts/engine/query/field-reference-sql.core.test.ts > JSON operands stay closed to field references > JSON update data refuses a reference in the { set } form
 FAIL  |layer-query-engine| tests/contracts/engine/query/field-reference-sql.core.test.ts > JSON operands stay closed to field references > JSON update data refuses a reference in a buried position
AssertionError: expected [Function] to throw error matching /Field reference 'Post\.meta2' is not …/ but got 'Operation \'update\' does not compile…'

[32m- Expected:[39m 
/Field reference 'Post\.meta2' is not supported in JSON write data/

[31m+ Received:[39m 
"Operation 'update' does not compile to one SQL statement. Execute the operation instead."

 ❯ tests/contracts/engine/query/field-reference-sql.core.test.ts:642:7
    640|         data: { meta: value() as never },
    641|       })
    642|     ).toThrow(JSON_DATA_REFUSAL);
       |       ^
    643|   });
    644| 

⎯⎯⎯⎯⎯⎯⎯⎯⎯⎯⎯⎯⎯⎯⎯⎯⎯⎯⎯⎯[102/268]⎯

 FAIL  |layer-query-engine| tests/contracts/engine/query/field-reference-sql.core.test.ts > JSON operands stay closed to field references > ordinary JSON documents still compile in filters and writes
AssertionError: expected [Function] to not throw an error but 'QueryEngineError: Operation \'create\…' was thrown

[32m- Expected:[39m 
undefined

[31m+ Received:[39m 
"QueryEngineError: Operation 'create' does not compile to one SQL statement. Execute the operation instead."

 ❯ tests/contracts/engine/query/field-reference-sql.core.test.ts:677:11
    675|         },
    676|       })
    677|     ).not.toThrow();
       |           ^
    678|     expect(() =>
    679|       engine().build(Post, "update", {

⎯⎯⎯⎯⎯⎯⎯⎯⎯⎯⎯⎯⎯⎯⎯⎯⎯⎯⎯⎯[103/268]⎯

 FAIL  |layer-query-engine| tests/contracts/engine/query/geopoint-sql.core.test.ts > GeoPoint query lowering > lowers point values for writes on 'PostgreSQL'
QueryEngineError: Operation 'create' does not compile to one SQL statement. Execute the operation instead.
⎯⎯⎯⎯⎯⎯⎯⎯⎯⎯⎯⎯⎯⎯⎯⎯⎯⎯⎯⎯[104/268]⎯

 FAIL  |layer-query-engine| tests/contracts/engine/query/geopoint-sql.core.test.ts > GeoPoint query lowering > lowers point values for writes on 'MySQL'
QueryEngineError: Operation 'createMany' does not compile to one SQL statement. Execute the operation instead.
⎯⎯⎯⎯⎯⎯⎯⎯⎯⎯⎯⎯⎯⎯⎯⎯⎯⎯⎯⎯[105/268]⎯

 FAIL  |layer-query-engine| tests/contracts/engine/query/geopoint-sql.core.test.ts > GeoPoint query lowering > lowers point values for writes on 'SQLite'
QueryEngineError: Operation 'create' does not compile to one SQL statement. Execute the operation instead.
⎯⎯⎯⎯⎯⎯⎯⎯⎯⎯⎯⎯⎯⎯⎯⎯⎯⎯⎯⎯[106/268]⎯

 FAIL  |layer-query-engine| tests/contracts/engine/query/geopoint-sql.core.test.ts > GeoPoint query lowering > uses the smallest positive upper bound only in positive polarity
AssertionError: expected 'SELECT "q0"."id" AS "id" FROM "public…' to contain ' && '

Expected: [32m" && "[39m
Received: [31m"SELECT "q0"."id" AS "id" FROM "public"."places" AS "q0" WHERE (CASE WHEN "q0"."location" IS NULL OR ST_SetSRID(ST_MakePoint($1, $2), 4326)::geography IS NULL THEN NULL ELSE CAST($3 AS double precision) * 2 * ASIN(SQRT(LEAST(1, GREATEST(0, POWER(SIN((RADIANS(ST_Y(ST_SetSRID(ST_MakePoint($4, $5), 4326)::geography::geometry)) - RADIANS(ST_Y("q0"."location"::geometry))) / 2), 2) + COS(RADIANS(ST_Y("q0"."location"::geometry))) * COS(RADIANS(ST_Y(ST_SetSRID(ST_MakePoint($6, $7), 4326)::geography::geometry))) * POWER(SIN((RADIANS(ST_X(ST_SetSRID(ST_MakePoint($8, $9), 4326)::geography::geometry)) - RADIANS(ST_X("q0"."location"::geometry))) / 2), 2))))) END < $10 AND CASE WHEN "q0"."location" IS NULL OR ST_SetSRID(ST_MakePoint($11, $12), 4326)::geography IS NULL THEN NULL ELSE CAST($13 AS double precision) * 2 * ASIN(SQRT(LEAST(1, GREATEST(0, POWER(SIN((RADIANS(ST_Y(ST_SetSRID(ST_MakePoint($14, $15), 4326)::geography::geometry)) - RADIANS(ST_Y("q0"."location"::geometry))) / 2), 2) + COS(RADIANS(ST_Y("q0"."location"::geometry))) * COS(RADIANS(ST_Y(ST_SetSRID(ST_MakePoint($16, $17), 4326)::geography::geometry))) * POWER(SIN((RADIANS(ST_X(ST_SetSRID(ST_MakePoint($18, $19), 4326)::geography::geometry)) - RADIANS(ST_X("q0"."location"::geometry))) / 2), 2))))) END <= $20 AND CASE WHEN "q0"."location" IS NULL OR ST_SetSRID(ST_MakePoint($21, $22), 4326)::geography IS NULL THEN NULL ELSE CAST($23 AS double precision) * 2 * ASIN(SQRT(LEAST(1, GREATEST(0, POWER(SIN((RADIANS(ST_Y(ST_SetSRID(ST_MakePoint($24, $25), 4326)::geography::geometry)) - RADIANS(ST_Y("q0"."location"::geometry))) / 2), 2) + COS(RADIANS(ST_Y("q0"."location"::geometry))) * COS(RADIANS(ST_Y(ST_SetSRID(ST_MakePoint($26, $27), 4326)::geography::geometry))) * POWER(SIN((RADIANS(ST_X(ST_SetSRID(ST_MakePoint($28, $29), 4326)::geography::geometry)) - RADIANS(ST_X("q0"."location"::geometry))) / 2), 2))))) END >= $30)"[39m

 ❯ tests/contracts/engine/query/geopoint-sql.core.test.ts:515:40
    513|       select: { id: true },
    514|     });
    515|     expect(positive.toStatement("$n")).toContain(" && ");
       |                                        ^
    516|     expect(positive.values).toContain(expectedIndexPolygon);
    517| 

⎯⎯⎯⎯⎯⎯⎯⎯⎯⎯⎯⎯⎯⎯⎯⎯⎯⎯⎯⎯[107/268]⎯

 FAIL  |layer-query-engine| tests/contracts/engine/query/geopoint-sql.core.test.ts > GeoPoint query lowering > threads distance-prefilter polarity through relation quantifiers
AssertionError: expected 'SELECT "q0"."id" AS "id" FROM "public…' to contain ' && '

Expected: [32m" && "[39m
Received: [31m"SELECT "q0"."id" AS "id" FROM "public"."regions" AS "q0" WHERE NOT EXISTS (SELECT 1 FROM "public"."venues" AS "q1" WHERE ("q0"."id" = "q1"."regionId" AND NOT (CASE WHEN "q1"."location" IS NULL OR ST_SetSRID(ST_MakePoint($1, $2), 4326)::geography IS NULL THEN NULL ELSE CAST($3 AS double precision) * 2 * ASIN(SQRT(LEAST(1, GREATEST(0, POWER(SIN((RADIANS(ST_Y(ST_SetSRID(ST_MakePoint($4, $5), 4326)::geography::geometry)) - RADIANS(ST_Y("q1"."location"::geometry))) / 2), 2) + COS(RADIANS(ST_Y("q1"."location"::geometry))) * COS(RADIANS(ST_Y(ST_SetSRID(ST_MakePoint($6, $7), 4326)::geography::geometry))) * POWER(SIN((RADIANS(ST_X(ST_SetSRID(ST_MakePoint($8, $9), 4326)::geography::geometry)) - RADIANS(ST_X("q1"."location"::geometry))) / 2), 2))))) END <= $10)))"[39m

 ❯ tests/contracts/engine/query/geopoint-sql.core.test.ts:564:37
    562|       select: { id: true },
    563|     });
    564|     expect(every.toStatement("$n")).toContain(" && ");
       |                                     ^
    565| 
    566|     const isNot = engine.build(venue, "findMany", {

⎯⎯⎯⎯⎯⎯⎯⎯⎯⎯⎯⎯⎯⎯⎯⎯⎯⎯⎯⎯[108/268]⎯

 FAIL  |layer-query-engine| tests/contracts/engine/query/geopoint-sql.core.test.ts > GeoPoint query lowering > combines every distance comparator and uses null-last point ordering
AssertionError: expected 'SELECT "q0"."id" AS "id", CASE WHEN "…' to contain 'AS "0viborm_distance"'

Expected: [32m"AS "0viborm_distance""[39m
Received: [31m"SELECT "q0"."id" AS "id", CASE WHEN "q0"."optionalLocation" IS NULL OR ST_SetSRID(ST_MakePoint($1, $2), 4326)::geography IS NULL THEN NULL ELSE CAST($3 AS double precision) * 2 * ASIN(SQRT(LEAST(1, GREATEST(0, POWER(SIN((RADIANS(ST_Y(ST_SetSRID(ST_MakePoint($4, $5), 4326)::geography::geometry)) - RADIANS(ST_Y("q0"."optionalLocation"::geometry))) / 2), 2) + COS(RADIANS(ST_Y("q0"."optionalLocation"::geometry))) * COS(RADIANS(ST_Y(ST_SetSRID(ST_MakePoint($6, $7), 4326)::geography::geometry))) * POWER(SIN((RADIANS(ST_X(ST_SetSRID(ST_MakePoint($8, $9), 4326)::geography::geometry)) - RADIANS(ST_X("q0"."optionalLocation"::geometry))) / 2), 2))))) END AS "_distance" FROM "public"."places" AS "q0" WHERE (CASE WHEN "q0"."location" IS NULL OR ST_SetSRID(ST_MakePoint($10, $11), 4326)::geography IS NULL THEN NULL ELSE CAST($12 AS double precision) * 2 * ASIN(SQRT(LEAST(1, GREATEST(0, POWER(SIN((RADIANS(ST_Y(ST_SetSRID(ST_MakePoint($13, $14), 4326)::geography::geometry)) - RADIANS(ST_Y("q0"."location"::geometry))) / 2), 2) + COS(RADIANS(ST_Y("q0"."location"::geometry))) * COS(RADIANS(ST_Y(ST_SetSRID(ST_MakePoint($15, $16), 4326)::geography::geometry))) * POWER(SIN((RADIANS(ST_X(ST_SetSRID(ST_MakePoint($17, $18), 4326)::geography::geometry)) - RADIANS(ST_X("q0"."location"::geometry))) / 2), 2))))) END < $19 AND CASE WHEN "q0"."location" IS NULL OR ST_SetSRID(ST_MakePoint($20, $21), 4326)::geography IS NULL THEN NULL ELSE CAST($22 AS double precision) * 2 * ASIN(SQRT(LEAST(1, GREATEST(0, POWER(SIN((RADIANS(ST_Y(ST_SetSRID(ST_MakePoint($23, $24), 4326)::geography::geometry)) - RADIANS(ST_Y("q0"."location"::geometry))) / 2), 2) + COS(RADIANS(ST_Y("q0"."location"::geometry))) * COS(RADIANS(ST_Y(ST_SetSRID(ST_MakePoint($25, $26), 4326)::geography::geometry))) * POWER(SIN((RADIANS(ST_X(ST_SetSRID(ST_MakePoint($27, $28), 4326)::geography::geometry)) - RADIANS(ST_X("q0"."location"::geometry))) / 2), 2))))) END <= $29 AND CASE WHEN "q0"."location" IS NULL OR ST_SetSRID(ST_MakePoint($30, $31), 4326)::geography IS NULL THEN NULL ELSE CAST($32 AS double precision) * 2 * ASIN(SQRT(LEAST(1, GREATEST(0, POWER(SIN((RADIANS(ST_Y(ST_SetSRID(ST_MakePoint($33, $34), 4326)::geography::geometry)) - RADIANS(ST_Y("q0"."location"::geometry))) / 2), 2) + COS(RADIANS(ST_Y("q0"."location"::geometry))) * COS(RADIANS(ST_Y(ST_SetSRID(ST_MakePoint($35, $36), 4326)::geography::geometry))) * POWER(SIN((RADIANS(ST_X(ST_SetSRID(ST_MakePoint($37, $38), 4326)::geography::geometry)) - RADIANS(ST_X("q0"."location"::geometry))) / 2), 2))))) END > $39 AND CASE WHEN "q0"."location" IS NULL OR ST_SetSRID(ST_MakePoint($40, $41), 4326)::geography IS NULL THEN NULL ELSE CAST($42 AS double precision) * 2 * ASIN(SQRT(LEAST(1, GREATEST(0, POWER(SIN((RADIANS(ST_Y(ST_SetSRID(ST_MakePoint($43, $44), 4326)::geography::geometry)) - RADIANS(ST_Y("q0"."location"::geometry))) / 2), 2) + COS(RADIANS(ST_Y("q0"."location"::geometry))) * COS(RADIANS(ST_Y(ST_SetSRID(ST_MakePoint($45, $46), 4326)::geography::geometry))) * POWER(SIN((RADIANS(ST_X(ST_SetSRID(ST_MakePoint($47, $48), 4326)::geography::geometry)) - RADIANS(ST_X("q0"."location"::geometry))) / 2), 2))))) END >= $49) ORDER BY CASE WHEN "q0"."optionalLocation" IS NULL OR ST_SetSRID(ST_MakePoint($50, $51), 4326)::geography IS NULL THEN NULL ELSE CAST($52 AS double precision) * 2 * ASIN(SQRT(LEAST(1, GREATEST(0, POWER(SIN((RADIANS(ST_Y(ST_SetSRID(ST_MakePoint($53, $54), 4326)::geography::geometry)) - RADIANS(ST_Y("q0"."optionalLocation"::geometry))) / 2), 2) + COS(RADIANS(ST_Y("q0"."optionalLocation"::geometry))) * COS(RADIANS(ST_Y(ST_SetSRID(ST_MakePoint($55, $56), 4326)::geography::geometry))) * POWER(SIN((RADIANS(ST_X(ST_SetSRID(ST_MakePoint($57, $58), 4326)::geography::geometry)) - RADIANS(ST_X("q0"."optionalLocation"::geometry))) / 2), 2))))) END DESC NULLS LAST"[39m

 ❯ tests/contracts/engine/query/geopoint-sql.core.test.ts:608:23
    606|     expect(statement).toContain(" > ");
    607|     expect(statement).toContain(" >= ");
    608|     expect(statement).toContain('AS "0viborm_distance"');
       |                       ^
    609|     expect(statement).toContain("DESC NULLS LAST");
    610|   });

⎯⎯⎯⎯⎯⎯⎯⎯⎯⎯⎯⎯⎯⎯⎯⎯⎯⎯⎯⎯[109/268]⎯

 FAIL  |layer-query-engine| tests/contracts/engine/query/json-null-sentinel-sql.core.test.ts > 'PostgreSQL' json null sentinel SQL > not DbNull is IS NOT NULL
 FAIL  |layer-query-engine| tests/contracts/engine/query/json-null-sentinel-sql.core.test.ts > 'SQLite' json null sentinel SQL > not DbNull is IS NOT NULL
AssertionError: expected 'WHERE NOT ("q0"."meta" IS NULL)' to contain '"meta" IS NOT NULL'

Expected: [32m""meta" IS [7mNOT [27mNULL"[39m
Received: [31m"[7mWHERE NOT ("q0".[27m"meta" IS NULL[7m)[27m"[39m

 ❯ tests/contracts/engine/query/json-null-sentinel-sql.core.test.ts:157:23
    155|   test("not DbNull is IS NOT NULL", () => {
    156|     const { predicate, values } = wherePredicate({ meta: { not: DbNull…
    157|     expect(predicate).toContain(`${q("meta")} IS NOT NULL`);
       |                       ^
    158|     expect(values).toEqual([]);
    159|   });

⎯⎯⎯⎯⎯⎯⎯⎯⎯⎯⎯⎯⎯⎯⎯⎯⎯⎯⎯⎯[110/268]⎯

 FAIL  |layer-query-engine| tests/contracts/engine/query/json-null-sentinel-sql.core.test.ts > 'PostgreSQL' json null sentinel SQL > not JsonNull is a value inequality
 FAIL  |layer-query-engine| tests/contracts/engine/query/json-null-sentinel-sql.core.test.ts > 'SQLite' json null sentinel SQL > not JsonNull is a value inequality
AssertionError: expected 'WHERE NOT ("q0"."meta" = ?)' to contain '"meta" <> ?'

Expected: [32m""meta" [7m<>[27m ?"[39m
Received: [31m"[7mWHERE NOT ("q0".[27m"meta" [7m=[27m ?[7m)[27m"[39m

 ❯ tests/contracts/engine/query/json-null-sentinel-sql.core.test.ts:163:23
    161|   test("not JsonNull is a value inequality", () => {
    162|     const { predicate, values } = wherePredicate({ meta: { not: JsonNu…
    163|     expect(predicate).toContain(`${q("meta")} ${notEquals} ${jsonNull}…
       |                       ^
    164|     expect(jsonTexts(values)).toEqual(["null"]);
    165|   });

⎯⎯⎯⎯⎯⎯⎯⎯⎯⎯⎯⎯⎯⎯⎯⎯⎯⎯⎯⎯[111/268]⎯

 FAIL  |layer-query-engine| tests/contracts/engine/query/json-null-sentinel-sql.core.test.ts > 'PostgreSQL' json null sentinel SQL > not AnyNull is the conjunction of both complements
 FAIL  |layer-query-engine| tests/contracts/engine/query/json-null-sentinel-sql.core.test.ts > 'SQLite' json null sentinel SQL > not AnyNull is the conjunction of both complements
AssertionError: expected 'WHERE NOT (("q0"."meta" IS NULL OR "q…' to contain '"meta" IS NOT NULL'

Expected: [32m""meta" IS [7mNOT [27mNULL"[39m
Received: [31m"[7mWHERE NOT (("q0".[27m"meta" IS NULL[7m OR "q0"."meta" = ?))[27m"[39m

 ❯ tests/contracts/engine/query/json-null-sentinel-sql.core.test.ts:169:23
    167|   test("not AnyNull is the conjunction of both complements", () => {
    168|     const { predicate, values } = wherePredicate({ meta: { not: AnyNul…
    169|     expect(predicate).toContain(`${q("meta")} IS NOT NULL`);
       |                       ^
    170|     expect(predicate).toContain(`${q("meta")} ${notEquals} ${jsonNull}…
    171|     expect(predicate).toContain(" AND ");

⎯⎯⎯⎯⎯⎯⎯⎯⎯⎯⎯⎯⎯⎯⎯⎯⎯⎯⎯⎯[112/268]⎯

 FAIL  |layer-query-engine| tests/contracts/engine/query/json-null-sentinel-sql.core.test.ts > 'MySQL' json null sentinel SQL > not DbNull is IS NOT NULL
AssertionError: expected 'WHERE NOT (`q0`.`meta` IS NULL)' to contain '`meta` IS NOT NULL'

Expected: [32m"`meta` IS [7mNOT [27mNULL"[39m
Received: [31m"[7mWHERE NOT (`q0`.[27m`meta` IS NULL[7m)[27m"[39m

 ❯ tests/contracts/engine/query/json-null-sentinel-sql.core.test.ts:157:23
    155|   test("not DbNull is IS NOT NULL", () => {
    156|     const { predicate, values } = wherePredicate({ meta: { not: DbNull…
    157|     expect(predicate).toContain(`${q("meta")} IS NOT NULL`);
       |                       ^
    158|     expect(values).toEqual([]);
    159|   });

⎯⎯⎯⎯⎯⎯⎯⎯⎯⎯⎯⎯⎯⎯⎯⎯⎯⎯⎯⎯[113/268]⎯

 FAIL  |layer-query-engine| tests/contracts/engine/query/json-null-sentinel-sql.core.test.ts > 'MySQL' json null sentinel SQL > not JsonNull is a value inequality
AssertionError: expected 'WHERE NOT (`q0`.`meta` = CAST(? AS JS…' to contain '`meta` <> CAST(? AS JSON)'

Expected: [32m"`meta` [7m<>[27m CAST(? AS JSON)"[39m
Received: [31m"[7mWHERE NOT (`q0`.[27m`meta` [7m=[27m CAST(? AS JSON)[7m)[27m"[39m

 ❯ tests/contracts/engine/query/json-null-sentinel-sql.core.test.ts:163:23
    161|   test("not JsonNull is a value inequality", () => {
    162|     const { predicate, values } = wherePredicate({ meta: { not: JsonNu…
    163|     expect(predicate).toContain(`${q("meta")} ${notEquals} ${jsonNull}…
       |                       ^
    164|     expect(jsonTexts(values)).toEqual(["null"]);
    165|   });

⎯⎯⎯⎯⎯⎯⎯⎯⎯⎯⎯⎯⎯⎯⎯⎯⎯⎯⎯⎯[114/268]⎯

 FAIL  |layer-query-engine| tests/contracts/engine/query/json-null-sentinel-sql.core.test.ts > 'MySQL' json null sentinel SQL > not AnyNull is the conjunction of both complements
AssertionError: expected 'WHERE NOT ((`q0`.`meta` IS NULL OR `q…' to contain '`meta` IS NOT NULL'

Expected: [32m"`meta` IS NOT NULL"[39m
Received: [31m"WHERE NOT ((`q0`.`meta` IS NULL OR `q0`.`meta` = CAST(? AS JSON)))"[39m

 ❯ tests/contracts/engine/query/json-null-sentinel-sql.core.test.ts:169:23
    167|   test("not AnyNull is the conjunction of both complements", () => {
    168|     const { predicate, values } = wherePredicate({ meta: { not: AnyNul…
    169|     expect(predicate).toContain(`${q("meta")} IS NOT NULL`);
       |                       ^
    170|     expect(predicate).toContain(`${q("meta")} ${notEquals} ${jsonNull}…
    171|     expect(predicate).toContain(" AND ");

⎯⎯⎯⎯⎯⎯⎯⎯⎯⎯⎯⎯⎯⎯⎯⎯⎯⎯⎯⎯[115/268]⎯

 FAIL  |layer-query-engine| tests/contracts/engine/query/lateral-joins.core.test.ts > Lateral Joins > SQL Generation > PostgreSQL (lateral joins enabled) > to-many include uses lateral join
AssertionError: expected 'SELECT "q0"."id" AS "id", "q0"."name"…' to contain 'LEFT JOIN LATERAL'

Expected: [32m"LEFT JOIN LATERAL"[39m
Received: [31m"SELECT "q0"."id" AS "id", "q0"."name" AS "name", "q0"."email" AS "email", (SELECT COALESCE(COALESCE(json_agg(json_build_object($1::text, "q2"."id", $2::text, "q2"."title", $3::text, "q2"."content", $4::text, "q2"."authorId")), '[]'::json), '[]'::json) FROM (SELECT "q1"."id" AS "id", "q1"."title" AS "title", "q1"."content" AS "content", "q1"."authorId" AS "authorId" FROM "public"."posts" AS "q1" WHERE "q0"."id" = "q1"."authorId") AS "q2") AS "posts" FROM "public"."Author" AS "q0" WHERE TRUE"[39m

 ❯ tests/contracts/engine/query/lateral-joins.core.test.ts:167:27
    165| 
    166|         // Should use lateral join syntax
    167|         expect(statement).toContain("LEFT JOIN LATERAL");
       |                           ^
    168|         expect(statement).toContain("ON TRUE");
    169|         // Should have JSON aggregation in the lateral subquery

⎯⎯⎯⎯⎯⎯⎯⎯⎯⎯⎯⎯⎯⎯⎯⎯⎯⎯⎯⎯[116/268]⎯

 FAIL  |layer-query-engine| tests/contracts/engine/query/lateral-joins.core.test.ts > Lateral Joins > SQL Generation > PostgreSQL (lateral joins enabled) > to-one include uses lateral join
AssertionError: expected 'SELECT "q0"."id" AS "id", "q0"."title…' to contain 'LEFT JOIN LATERAL'

Expected: [32m"LEFT JOIN LATERAL"[39m
Received: [31m"SELECT "q0"."id" AS "id", "q0"."title" AS "title", "q0"."content" AS "content", "q0"."authorId" AS "authorId", (SELECT json_build_object($1::text, "q2"."id", $2::text, "q2"."name", $3::text, "q2"."email") FROM (SELECT "q1"."id" AS "id", "q1"."name" AS "name", "q1"."email" AS "email" FROM "public"."Author" AS "q1" WHERE "q0"."authorId" = "q1"."id" LIMIT $4) AS "q2") AS "author" FROM "public"."posts" AS "q0" WHERE TRUE"[39m

 ❯ tests/contracts/engine/query/lateral-joins.core.test.ts:180:27
    178| 
    179|         // Should use lateral join syntax
    180|         expect(statement).toContain("LEFT JOIN LATERAL");
       |                           ^
    181|         expect(statement).toContain("ON TRUE");
    182|         // LIMIT is parameterized (LIMIT $1, $2, etc.)

⎯⎯⎯⎯⎯⎯⎯⎯⎯⎯⎯⎯⎯⎯⎯⎯⎯⎯⎯⎯[117/268]⎯

 FAIL  |layer-query-engine| tests/contracts/engine/query/lateral-joins.core.test.ts > Lateral Joins > SQL Generation > PostgreSQL (lateral joins enabled) > include with where filter
AssertionError: expected 'SELECT "q0"."id" AS "id", "q0"."name"…' to contain 'LEFT JOIN LATERAL'

Expected: [32m"LEFT JOIN LATERAL"[39m
Received: [31m"SELECT "q0"."id" AS "id", "q0"."name" AS "name", "q0"."email" AS "email", (SELECT COALESCE(COALESCE(json_agg(json_build_object($1::text, "q2"."id", $2::text, "q2"."title", $3::text, "q2"."content", $4::text, "q2"."authorId")), '[]'::json), '[]'::json) FROM (SELECT "q1"."id" AS "id", "q1"."title" AS "title", "q1"."content" AS "content", "q1"."authorId" AS "authorId" FROM "public"."posts" AS "q1" WHERE ("q0"."id" = "q1"."authorId" AND POSITION($5 IN "q1"."title") > 0)) AS "q2") AS "posts" FROM "public"."Author" AS "q0" WHERE TRUE"[39m

 ❯ tests/contracts/engine/query/lateral-joins.core.test.ts:196:27
    194|         const statement = result.toStatement("$n");
    195| 
    196|         expect(statement).toContain("LEFT JOIN LATERAL");
       |                           ^
    197|         expect(statement).toContain("POSITION");
    198|       });

⎯⎯⎯⎯⎯⎯⎯⎯⎯⎯⎯⎯⎯⎯⎯⎯⎯⎯⎯⎯[118/268]⎯

 FAIL  |layer-query-engine| tests/contracts/engine/query/lateral-joins.core.test.ts > Lateral Joins > SQL Generation > PostgreSQL (lateral joins enabled) > include with orderBy
AssertionError: expected 'SELECT "q0"."id" AS "id", "q0"."name"…' to contain 'LEFT JOIN LATERAL'

Expected: [32m"LE[7mF[27mT [7mJOIN LATERAL[27m"[39m
Received: [31m"[7mSE[27mLE[7mC[27mT [7m"q0"."id" AS "id", "q0"."name" AS "name", "q0"."email" AS "email", (SELECT COALESCE(COALESCE(json_agg(json_build_object($1::text, "q2"."id", $2::text, "q2"."title", $3::text, "q2"."content", $4::text, "q2"."authorId")), '[]'::json), '[]'::json) FROM (SELECT "q1"."id" AS "id", "q1"."title" AS "title", "q1"."content" AS "content", "q1"."authorId" AS "authorId" FROM "public"."posts" AS "q1" WHERE "q0"."id" = "q1"."authorId" ORDER BY "q1"."title" DESC) AS "q2") AS "posts" FROM "public"."Author" AS "q0" WHERE TRUE[27m"[39m

 ❯ tests/contracts/engine/query/lateral-joins.core.test.ts:210:27
    208|         const statement = result.toStatement("$n");
    209| 
    210|         expect(statement).toContain("LEFT JOIN LATERAL");
       |                           ^
    211|         expect(statement).toContain("ORDER BY");
    212|         expect(statement).toContain("DESC");

⎯⎯⎯⎯⎯⎯⎯⎯⎯⎯⎯⎯⎯⎯⎯⎯⎯⎯⎯⎯[119/268]⎯

 FAIL  |layer-query-engine| tests/contracts/engine/query/lateral-joins.core.test.ts > Lateral Joins > SQL Generation > PostgreSQL (lateral joins enabled) > include with take/skip pagination
AssertionError: expected 'SELECT "q0"."id" AS "id", "q0"."name"…' to contain 'LEFT JOIN LATERAL'

Expected: [32m"LEFT JOIN LATERAL"[39m
Received: [31m"SELECT "q0"."id" AS "id", "q0"."name" AS "name", "q0"."email" AS "email", (SELECT COALESCE(COALESCE(json_agg(json_build_object($1::text, "q2"."id", $2::text, "q2"."title", $3::text, "q2"."content", $4::text, "q2"."authorId")), '[]'::json), '[]'::json) FROM (SELECT "q1"."id" AS "id", "q1"."title" AS "title", "q1"."content" AS "content", "q1"."authorId" AS "authorId" FROM "public"."posts" AS "q1" WHERE "q0"."id" = "q1"."authorId" ORDER BY "q1"."id" ASC LIMIT $5 OFFSET $6) AS "q2") AS "posts" FROM "public"."Author" AS "q0" WHERE TRUE"[39m

 ❯ tests/contracts/engine/query/lateral-joins.core.test.ts:226:27
    224|         const statement = result.toStatement("$n");
    225| 
    226|         expect(statement).toContain("LEFT JOIN LATERAL");
       |                           ^
    227|         expect(statement).toContain("LIMIT");
    228|         expect(statement).toContain("OFFSET");

⎯⎯⎯⎯⎯⎯⎯⎯⎯⎯⎯⎯⎯⎯⎯⎯⎯⎯⎯⎯[120/268]⎯

 FAIL  |layer-query-engine| tests/contracts/engine/query/lateral-joins.core.test.ts > Lateral Joins > SQL Generation > MySQL (lateral joins enabled) > to-many include uses lateral join
AssertionError: expected 'SELECT `q0`.`id` AS `id`, `q0`.`name`…' to contain 'LEFT JOIN LATERAL'

Expected: [32m"LEFT JOIN LATERAL"[39m
Received: [31m"SELECT `q0`.`id` AS `id`, `q0`.`name` AS `name`, `q0`.`email` AS `email`, (SELECT COALESCE(COALESCE(JSON_ARRAYAGG(JSON_OBJECT(?, `q2`.`id`, ?, `q2`.`title`, ?, `q2`.`content`, ?, `q2`.`authorId`)), JSON_ARRAY()), JSON_ARRAY()) FROM (SELECT `q1`.`id` AS `id`, `q1`.`title` AS `title`, `q1`.`content` AS `content`, `q1`.`authorId` AS `authorId` FROM `posts` AS `q1` WHERE `q0`.`id` = `q1`.`authorId`) AS `q2`) AS `posts` FROM `Author` AS `q0` WHERE TRUE"[39m

 ❯ tests/contracts/engine/query/lateral-joins.core.test.ts:281:27
    279| 
    280|         // Should use lateral join syntax
    281|         expect(statement).toContain("LEFT JOIN LATERAL");
       |                           ^
    282|         expect(statement).toContain("ON TRUE");
    283|         // Should have JSON aggregation in the lateral subquery

⎯⎯⎯⎯⎯⎯⎯⎯⎯⎯⎯⎯⎯⎯⎯⎯⎯⎯⎯⎯[121/268]⎯

 FAIL  |layer-query-engine| tests/contracts/engine/query/lateral-joins.core.test.ts > Lateral Joins > SQL Generation > MySQL (lateral joins enabled) > to-one include uses lateral join
AssertionError: expected 'SELECT `q0`.`id` AS `id`, `q0`.`title…' to contain 'LEFT JOIN LATERAL'

Expected: [32m"LEFT JOIN LATERAL"[39m
Received: [31m"SELECT `q0`.`id` AS `id`, `q0`.`title` AS `title`, `q0`.`content` AS `content`, `q0`.`authorId` AS `authorId`, (SELECT JSON_OBJECT(?, `q2`.`id`, ?, `q2`.`name`, ?, `q2`.`email`) FROM (SELECT `q1`.`id` AS `id`, `q1`.`name` AS `name`, `q1`.`email` AS `email` FROM `Author` AS `q1` WHERE `q0`.`authorId` = `q1`.`id` LIMIT 1) AS `q2`) AS `author` FROM `posts` AS `q0` WHERE TRUE"[39m

 ❯ tests/contracts/engine/query/lateral-joins.core.test.ts:294:27
    292| 
    293|         // Should use lateral join syntax
    294|         expect(statement).toContain("LEFT JOIN LATERAL");
       |                           ^
    295|         expect(statement).toContain("ON TRUE");
    296|         // MySQL inlines integer LIMIT values (mysql2 binds numbers as…

⎯⎯⎯⎯⎯⎯⎯⎯⎯⎯⎯⎯⎯⎯⎯⎯⎯⎯⎯⎯[122/268]⎯

 FAIL  |layer-query-engine| tests/contracts/engine/query/namespace-qualification.core.test.ts > object names come from the schema, not the namespace > a .map() name stays a bare object inside the namespace
AssertionError: expected 'SELECT "q0"."id" AS "id" FROM "billin…' to contain 'FROM "billing"."ns_users" AS "t0"'

Expected: [32m"FROM "billing"."ns_users" AS "[7mt[27m0""[39m
Received: [31m"[7mSELECT "q0"."id" AS "id" [27mFROM "billing"."ns_users" AS "[7mq[27m0"[7m WHERE TRUE[27m"[39m

 ❯ tests/contracts/engine/query/namespace-qualification.core.test.ts:369:18
    367|   test("a .map() name stays a bare object inside the namespace", () =>…
    368|     const { text } = pg(user, "findMany", { select: { id: true } });
    369|     expect(text).toContain('FROM "billing"."ns_users" AS "t0"');
       |                  ^
    370|     expect(text).not.toContain('"billing_ns_users"');
    371|     expect(text).not.toContain('"ns_users"."');

⎯⎯⎯⎯⎯⎯⎯⎯⎯⎯⎯⎯⎯⎯⎯⎯⎯⎯⎯⎯[123/268]⎯

 FAIL  |layer-query-engine| tests/contracts/engine/query/namespace-qualification.core.test.ts > both cursor spellings qualify the located-row subquery > the sargable and lexicographic branches both name the qualified table
AssertionError: expected 'SELECT "q0"."id" AS "id", "q0"."title…' to contain 'FROM "billing"."ns_posts" AS "t1"'

Expected: [32m"FROM "billing"."ns_posts" AS "t1""[39m
Received: [31m"SELECT "q0"."id" AS "id", "q0"."title" AS "title", "q0"."views" AS "views", "q0"."authorId" AS "authorId" FROM "billing"."ns_posts" AS "q0" WHERE "q0"."id" >= (SELECT "q1"."id" FROM "billing"."ns_posts" AS "q1" WHERE "q1"."id" = $1 LIMIT $2) ORDER BY "q0"."id" ASC LIMIT $3"[39m

 ❯ tests/contracts/engine/query/namespace-qualification.core.test.ts:402:22
    400| 
    401|     expect(sargable).not.toContain("__viborm_cursor_0");
    402|     expect(sargable).toContain('FROM "billing"."ns_posts" AS "t1"');
       |                      ^
    403| 
    404|     expect(lexicographic).toContain('AS "__viborm_cursor_0"');

⎯⎯⎯⎯⎯⎯⎯⎯⎯⎯⎯⎯⎯⎯⎯⎯⎯⎯⎯⎯[124/268]⎯

 FAIL  |layer-query-engine| tests/contracts/engine/query/operand-callback-sql.core.test.ts > 'PostgreSQL' operand callbacks > a fragment operand is spliced parenthesized, its values bound
 FAIL  |layer-query-engine| tests/contracts/engine/query/operand-callback-sql.core.test.ts > 'SQLite' operand callbacks > a fragment operand is spliced parenthesized, its values bound
AssertionError: expected 'SELECT "q0"."id" AS "id", "q0"."title…' to contain '($1 + $2)'

Expected: [32m"[7m([27m$1 + $2[7m)[27m"[39m
Received: [31m"[7mSELECT "q0"."id" AS "id", "q0"."title" AS "title", "q0"."slug_column" AS "slug", "q0"."views" AS "views", "q0"."likes" AS "likes", CAST("q0"."fee" AS TEXT) AS "fee", CAST("q0"."discount" AS TEXT) AS "discount", CAST("q0"."rate" AS TEXT) AS "rate", "q0"."status" AS "status", "q0"."review_status" AS "reviewStatus", "q0"."payload" AS "payload", "q0"."authorId" AS "authorId" FROM "public"."fieldref_posts" AS "q0" WHERE "q0"."views" > [27m$1 + $2"[39m

 ❯ tests/contracts/engine/query/operand-callback-sql.core.test.ts:190:29
    188|     // compiled statement and parameters beside it — never concatenate…
    189|     expect(query.values).toEqual([10, 20]);
    190|     expect(query.statement).toContain("($1 + $2)");
       |                             ^
    191|     expect(query.statement).not.toContain("10 + 20");
    192|   });

⎯⎯⎯⎯⎯⎯⎯⎯⎯⎯⎯⎯⎯⎯⎯⎯⎯⎯⎯⎯[125/268]⎯

 FAIL  |layer-query-engine| tests/contracts/engine/query/operand-callback-sql.core.test.ts > 'PostgreSQL' operand callbacks > a fragment, a reference and a literal mix in one where
 FAIL  |layer-query-engine| tests/contracts/engine/query/operand-callback-sql.core.test.ts > 'SQLite' operand callbacks > a fragment, a reference and a literal mix in one where
AssertionError: expected 'SELECT "q0"."id" AS "id", "q0"."title…' to contain '($1 - $2)'

Expected: [32m"[7m($1 - $2[27m)"[39m
Received: [31m"[7mSELECT "q0"."id" AS "id", "q0"."title" AS "title", "q0"."slug_column" AS "slug", "q0"."views" AS "views", "q0"."likes" AS "likes", CAST("q0"."fee" AS TEXT) AS "fee", CAST("q0"."discount" AS TEXT) AS "discount", CAST("q0"."rate" AS TEXT) AS "rate", "q0"."status" AS "status", "q0"."review_status" AS "reviewStatus", "q0"."payload" AS "payload", "q0"."authorId" AS "authorId" FROM "public"."fieldref_posts" AS "q0" WHERE ("q0"."views" > "q0"."likes" AND "q0"."views" < $1 - $2 AND "q0"."views" >= $3[27m)"[39m

 ❯ tests/contracts/engine/query/operand-callback-sql.core.test.ts:214:29
    212|     });
    213|     expect(query.statement).toContain(q("likes"));
    214|     expect(query.statement).toContain("($1 - $2)");
       |                             ^
    215|     expect(query.values).toEqual([1000, 1, 0]);
    216|   });

⎯⎯⎯⎯⎯⎯⎯⎯⎯⎯⎯⎯⎯⎯⎯⎯⎯⎯⎯⎯[126/268]⎯

 FAIL  |layer-query-engine| tests/contracts/engine/query/operand-callback-sql.core.test.ts > 'PostgreSQL' operand callbacks > a subquery fragment compiles as an operand
 FAIL  |layer-query-engine| tests/contracts/engine/query/operand-callback-sql.core.test.ts > 'SQLite' operand callbacks > a subquery fragment compiles as an operand
AssertionError: expected 'SELECT "q0"."id" AS "id", "q0"."title…' to contain '(SELECT MAX(v) FROM'

Expected: [32m"(SELECT MAX(v) FROM"[39m
Received: [31m"SELECT "q0"."id" AS "id", "q0"."title" AS "title", "q0"."slug_column" AS "slug", "q0"."views" AS "views", "q0"."likes" AS "likes", CAST("q0"."fee" AS TEXT) AS "fee", CAST("q0"."discount" AS TEXT) AS "discount", CAST("q0"."rate" AS TEXT) AS "rate", "q0"."status" AS "status", "q0"."review_status" AS "reviewStatus", "q0"."payload" AS "payload", "q0"."authorId" AS "authorId" FROM "public"."fieldref_posts" AS "q0" WHERE "q0"."views" > SELECT MAX(v) FROM (SELECT $1 AS v) AS m"[39m

 ❯ tests/contracts/engine/query/operand-callback-sql.core.test.ts:238:29
    236|       },
    237|     });
    238|     expect(query.statement).toContain("(SELECT MAX(v) FROM");
       |                             ^
    239|     expect(query.values).toEqual([5]);
    240|   });

⎯⎯⎯⎯⎯⎯⎯⎯⎯⎯⎯⎯⎯⎯⎯⎯⎯⎯⎯⎯[127/268]⎯

 FAIL  |layer-query-engine| tests/contracts/engine/query/operand-callback-sql.core.test.ts > 'MySQL' operand callbacks > a fragment operand is spliced parenthesized, its values bound
AssertionError: expected 'SELECT `q0`.`id` AS `id`, `q0`.`title…' to contain '($1 + $2)'

Expected: [32m"[7m([27m$1 + $2[7m)[27m"[39m
Received: [31m"[7mSELECT `q0`.`id` AS `id`, `q0`.`title` AS `title`, `q0`.`slug_column` AS `slug`, `q0`.`views` AS `views`, `q0`.`likes` AS `likes`, CAST(`q0`.`fee` AS CHAR) AS `fee`, CAST(`q0`.`discount` AS CHAR) AS `discount`, CAST(`q0`.`rate` AS CHAR) AS `rate`, `q0`.`status` AS `status`, `q0`.`review_status` AS `reviewStatus`, `q0`.`payload` AS `payload`, `q0`.`authorId` AS `authorId` FROM `fieldref_posts` AS `q0` WHERE `q0`.`views` > [27m$1 + $2"[39m

 ❯ tests/contracts/engine/query/operand-callback-sql.core.test.ts:190:29
    188|     // compiled statement and parameters beside it — never concatenate…
    189|     expect(query.values).toEqual([10, 20]);
    190|     expect(query.statement).toContain("($1 + $2)");
       |                             ^
    191|     expect(query.statement).not.toContain("10 + 20");
    192|   });

⎯⎯⎯⎯⎯⎯⎯⎯⎯⎯⎯⎯⎯⎯⎯⎯⎯⎯⎯⎯[128/268]⎯

 FAIL  |layer-query-engine| tests/contracts/engine/query/operand-callback-sql.core.test.ts > 'MySQL' operand callbacks > a fragment, a reference and a literal mix in one where
AssertionError: expected 'SELECT `q0`.`id` AS `id`, `q0`.`title…' to contain '($1 - $2)'

Expected: [32m"[7m($1 - $2[27m)"[39m
Received: [31m"[7mSELECT `q0`.`id` AS `id`, `q0`.`title` AS `title`, `q0`.`slug_column` AS `slug`, `q0`.`views` AS `views`, `q0`.`likes` AS `likes`, CAST(`q0`.`fee` AS CHAR) AS `fee`, CAST(`q0`.`discount` AS CHAR) AS `discount`, CAST(`q0`.`rate` AS CHAR) AS `rate`, `q0`.`status` AS `status`, `q0`.`review_status` AS `reviewStatus`, `q0`.`payload` AS `payload`, `q0`.`authorId` AS `authorId` FROM `fieldref_posts` AS `q0` WHERE (`q0`.`views` > `q0`.`likes` AND `q0`.`views` < $1 - $2 AND `q0`.`views` >= $3[27m)"[39m

 ❯ tests/contracts/engine/query/operand-callback-sql.core.test.ts:214:29
    212|     });
    213|     expect(query.statement).toContain(q("likes"));
    214|     expect(query.statement).toContain("($1 - $2)");
       |                             ^
    215|     expect(query.values).toEqual([1000, 1, 0]);
    216|   });

⎯⎯⎯⎯⎯⎯⎯⎯⎯⎯⎯⎯⎯⎯⎯⎯⎯⎯⎯⎯[129/268]⎯

 FAIL  |layer-query-engine| tests/contracts/engine/query/operand-callback-sql.core.test.ts > 'MySQL' operand callbacks > a subquery fragment compiles as an operand
AssertionError: expected 'SELECT `q0`.`id` AS `id`, `q0`.`title…' to contain '(SELECT MAX(v) FROM'

Expected: [32m"(SELECT MAX(v) FROM"[39m
Received: [31m"SELECT `q0`.`id` AS `id`, `q0`.`title` AS `title`, `q0`.`slug_column` AS `slug`, `q0`.`views` AS `views`, `q0`.`likes` AS `likes`, CAST(`q0`.`fee` AS CHAR) AS `fee`, CAST(`q0`.`discount` AS CHAR) AS `discount`, CAST(`q0`.`rate` AS CHAR) AS `rate`, `q0`.`status` AS `status`, `q0`.`review_status` AS `reviewStatus`, `q0`.`payload` AS `payload`, `q0`.`authorId` AS `authorId` FROM `fieldref_posts` AS `q0` WHERE `q0`.`views` > SELECT MAX(v) FROM (SELECT $1 AS v) AS m"[39m

 ❯ tests/contracts/engine/query/operand-callback-sql.core.test.ts:238:29
    236|       },
    237|     });
    238|     expect(query.statement).toContain("(SELECT MAX(v) FROM");
       |                             ^
    239|     expect(query.values).toEqual([5]);
    240|   });

⎯⎯⎯⎯⎯⎯⎯⎯⎯⎯⎯⎯⎯⎯⎯⎯⎯⎯⎯⎯[130/268]⎯

 FAIL  |layer-query-engine| tests/contracts/engine/query/operand-callback-sql.core.test.ts > surfaces that stay closed > a fragment is refused in JSON write data, as non-JSON
AssertionError: expected 'QueryEngineError' to be 'ValidationError' // Object.is equality

Expected: [32m"[7mValidation[27mError"[39m
Received: [31m"[7mQueryEngine[27mError"[39m

 ❯ tests/contracts/engine/query/operand-callback-sql.core.test.ts:486:26
    484|       })
    485|     );
    486|     expect(refusal.name).toBe("ValidationError");
       |                          ^
    487|     expect(JSON.stringify(refusal.issues)).toContain(
    488|       "Expected JSON-compatible value"

⎯⎯⎯⎯⎯⎯⎯⎯⎯⎯⎯⎯⎯⎯⎯⎯⎯⎯⎯⎯[131/268]⎯

 FAIL  |layer-query-engine| tests/contracts/engine/query/operand-callback-sql.core.test.ts > surfaces that stay closed > a JSON document that looks like a fragment still writes
AssertionError: expected [Function] to not throw an error but 'QueryEngineError: Operation \'updateM…' was thrown

[32m- Expected:[39m 
undefined

[31m+ Received:[39m 
"QueryEngineError: Operation 'updateMany' does not compile to one SQL statement. Execute the operation instead."

 ❯ tests/contracts/engine/query/operand-callback-sql.core.test.ts:500:11
    498|         data: { payload: { set: { strings: ["a"], values: [1] } } },
    499|       })
    500|     ).not.toThrow();
       |           ^
    501|   });
    502| 

⎯⎯⎯⎯⎯⎯⎯⎯⎯⎯⎯⎯⎯⎯⎯⎯⎯⎯⎯⎯[132/268]⎯

 FAIL  |layer-query-engine| tests/contracts/engine/query/operand-callback-sql.core.test.ts > surfaces that stay closed > write data takes no callback
AssertionError: expected 'QueryEngineError' to be 'ValidationError' // Object.is equality

Expected: [32m"[7mValidation[27mError"[39m
Received: [31m"[7mQueryEngine[27mError"[39m

 ❯ tests/contracts/engine/query/operand-callback-sql.core.test.ts:526:26
    524|       })
    525|     );
    526|     expect(refusal.name).toBe("ValidationError");
       |                          ^
    527|   });
    528| 

⎯⎯⎯⎯⎯⎯⎯⎯⎯⎯⎯⎯⎯⎯⎯⎯⎯⎯⎯⎯[133/268]⎯

 FAIL  |layer-query-engine| tests/contracts/engine/query/operation-equivalence-oracles.core.test.ts > operation SQL and parameter equivalence oracles > freezes representative postgresql read SQL
 FAIL  |layer-query-engine| tests/contracts/engine/query/operation-equivalence-oracles.core.test.ts > operation SQL and parameter equivalence oracles > freezes representative mysql read SQL
 FAIL  |layer-query-engine| tests/contracts/engine/query/operation-equivalence-oracles.core.test.ts > operation SQL and parameter equivalence oracles > freezes representative sqlite read SQL
AssertionError: expected { read: { …(2) } } to deeply equal { read: { …(2) } }

[32m- Expected[39m
[31m+ Received[39m

[33m@@ -3,8 +3,8 @@[39m
[2m      "params": [[22m
[2m        true,[22m
[2m        10,[22m
[2m        5,[22m
[2m      ],[22m
[32m-     "sql": "SELECT \"t0\".\"id\" AS \"id\", \"t0\".\"title\" AS \"title\" FROM \"public\".\"posts\" AS \"t0\" WHERE (\"t0\".\"published\" = $1 AND \"t0\".\"views\" >= $2) ORDER BY \"t0\".\"views\" DESC, \"t0\".\"id\" ASC LIMIT $3",[39m
[31m+     "sql": "SELECT \"q0\".\"id\" AS \"id\", \"q0\".\"title\" AS \"title\" FROM \"public\".\"posts\" AS \"q0\" WHERE (\"q0\".\"published\" = $1 AND \"q0\".\"views\" >= $2) ORDER BY \"q0\".\"views\" DESC, \"q0\".\"id\" ASC LIMIT $3",[39m
[2m    },[22m
[2m  }[22m

 ❯ tests/contracts/engine/query/operation-equivalence-oracles.core.test.ts:64:8
     62|     expect({
     63|       read: { sql: read.toStatement(placeholder), params: read.values …
     64|     }).toEqual(expected[dialect]);
       |        ^
     65|   });
     66| });

⎯⎯⎯⎯⎯⎯⎯⎯⎯⎯⎯⎯⎯⎯⎯⎯⎯⎯⎯⎯[134/268]⎯

 FAIL  |layer-query-engine| tests/contracts/engine/query/operation-program-read-contracts.core.test.ts > read result and lifecycle contracts > preserves public result shapes on the direct runtime path
AssertionError: promise rejected "QueryEngineError: Driver "read-contract-s… { …(4) }" instead of resolving
 ❯ tests/contracts/engine/query/operation-program-read-contracts.core.test.ts:85:51
     83|     ).resolves.toBeNull();
     84|     driver.rows = [{ [COUNT_RESULT_KEY]: 2 }];
     85|     await expect(engine.prepare(user, "count", {})).resolves.toBe(2);
       |                                                   ^
     86|     driver.rows = [{ [COUNT_RESULT_KEY]: 0 }];
     87|     await expect(engine.prepare(user, "exist", {})).resolves.toBe(fals…

Caused by: QueryEngineError: Driver "read-contract-sqlite" returned a malformed int scalar for operation "count": the value is absent.
⎯⎯⎯⎯⎯⎯⎯⎯⎯⎯⎯⎯⎯⎯⎯⎯⎯⎯⎯⎯⎯⎯⎯⎯⎯⎯⎯⎯⎯⎯
Serialized Error: { code: 'V9001', meta: { driver: 'read-contract-sqlite', operation: 'count', scalarType: 'int' }, timestamp: '2026-09-16T20:55:56.592Z' }
⎯⎯⎯⎯⎯⎯⎯⎯⎯⎯⎯⎯⎯⎯⎯⎯⎯⎯⎯⎯[135/268]⎯

 FAIL  |layer-query-engine| tests/contracts/engine/query/pending-operation-contracts.core.test.ts > PendingOperation frozen public contract > defers validation and execution until an execution or preparation method is used
AssertionError: expected function to throw an error, but it didn't
 ❯ tests/contracts/engine/query/pending-operation-contracts.core.test.ts:227:51
    225| 
    226|     if (operation === undefined) throw new Error("Expected pending ope…
    227|     expect(() => capability(operation).prepare()).toThrow(ValidationEr…
       |                                                   ^
    228|     await expect(operation).rejects.toBeInstanceOf(ValidationError);
    229|   });

⎯⎯⎯⎯⎯⎯⎯⎯⎯⎯⎯⎯⎯⎯⎯⎯⎯⎯⎯⎯[136/268]⎯

 FAIL  |layer-query-engine| tests/contracts/engine/query/pending-operation-contracts.core.test.ts > PendingOperation frozen public contract > prepares directly and as a bulk batch without executing
AssertionError: expected undefined to match object { sql: Any<String>, …(2) }

[32m- Expected:[39m 
{
  "context": {
    "correlationId": "761aa4f2-4439-47dc-b270-38a18d2a1080",
    "model": "user",
    "operation": "findMany",
  },
  "params": Any<Array>,
  "sql": Any<String>,
}

[31m+ Received:[39m 
undefined

 ❯ tests/contracts/engine/query/pending-operation-contracts.core.test.ts:299:46
    297| 
    298|     const directCapability = capability(direct);
    299|     expect(directCapability.prepare(driver)).toMatchObject({
       |                                              ^
    300|       sql: expect.any(String),
    301|       params: expect.any(Array),

⎯⎯⎯⎯⎯⎯⎯⎯⎯⎯⎯⎯⎯⎯⎯⎯⎯⎯⎯⎯[137/268]⎯

 FAIL  |layer-query-engine| tests/contracts/engine/query/pending-operation-contracts.core.test.ts > PendingOperation frozen public contract > preserves raw arguments, identity, attribution, and result parsing
QueryEngineError: Operation 'findMany' on model 'user' publishes no single driver result to parse.
⎯⎯⎯⎯⎯⎯⎯⎯⎯⎯⎯⎯⎯⎯⎯⎯⎯⎯⎯⎯[138/268]⎯

 FAIL  |layer-query-engine| tests/contracts/engine/query/pending-operation-contracts.core.test.ts > pending operation transaction coordination > normalizes OrThrow operation identity and refuses unknown routed names
AssertionError: expected [Function] to throw error matching /Unknown operation 'missing'/ but got 'Raptor 3 G1 operation is not implemen…'

[32m- Expected:[39m 
/Unknown operation 'missing'/

[31m+ Received:[39m 
"Raptor 3 G1 operation is not implemented: missing"

 ❯ tests/contracts/engine/query/pending-operation-contracts.core.test.ts:738:7
    736|         {},
    737|       ]).buildStatement()
    738|     ).toThrow(UNKNOWN_OPERATION_PATTERN);
       |       ^
    739|   });
    740| });

⎯⎯⎯⎯⎯⎯⎯⎯⎯⎯⎯⎯⎯⎯⎯⎯⎯⎯⎯⎯[139/268]⎯

 FAIL  |layer-query-engine| tests/contracts/engine/query/read-traversal-byte-pins.core.test.ts > self-relation many-to-many read SQL > PostgreSQL include of the forward side (follows)
Error: Snapshot `self-relation many-to-many read SQL > PostgreSQL include of the forward side (follows) 1` mismatched

[32m- Expected[39m
[31m+ Received[39m

[2m  {[22m
[2m    "params": [[22m
[2m      "id",[22m
[2m      "name",[22m
[2m    ],[22m
[32m-   "sql": "SELECT "[7mt[27m0"."id" AS "id", "[7mt[27m0"."name" AS "name", [7m"t3"."_result" AS "follows" FROM "public"."rtb_users" AS "t0" [27mLE[7mF[27mT [7mJOIN LATERAL (SELECT COALESCE(json_agg("t4"."_json"), '[]'::json) AS "_result" FROM (SELECT [27mjson_build_object($1::text, "[7mt2[27m"."id", $2::text, "[7mt2[27m"."name")[7m AS "_json[27m" FROM "public"."user[7m_follow[27ms" AS "[7mt[27m1"[7m, "public"."rtb_user[27ms" AS "[7mt[27m2" WHERE ("[7mt1[27m"."followerId" = "[7mt[27m0"."id" AND "[7mt[27m2"."[7mi[27md" = "[7mt[27m1"."[7mfollowedId")) "t4") AS "t3" ON[27m TRUE",[39m
[31m+   "sql": "SELECT "[7mq[27m0"."id" AS "id", "[7mq[27m0"."name" AS "name", [7m(SE[27mLE[7mC[27mT [7mCOALESCE(COALESCE(json_agg([27mjson_build_object($1::text, "[7mq3[27m"."id", $2::text, "[7mq3[27m"."name")[7m), '[]'::json), '[]'::json) FROM (SELECT "q1"."id" AS "id", "q1"."name" AS "name[27m" FROM "public"."[7mrtb_[27musers" AS "[7mq[27m1"[7m WHERE EXISTS (SELECT 1 FROM "public"."user_follow[27ms" AS "[7mq[27m2" WHERE ("[7mq2[27m"."followerId" = "[7mq[27m0"."id" AND "[7mq[27m2"."[7mfollowedI[27md" = "[7mq[27m1"."[7mid"))) AS "q3") AS "follows" FROM "public"."rtb_users" AS "q0" WHERE[27m TRUE",[39m
[2m  }[22m

 ❯ tests/contracts/engine/query/read-traversal-byte-pins.core.test.ts:372:7
    370|     expect(
    371|       pgPin(user, "findMany", { include: { follows: true } })
    372|     ).toMatchInlineSnapshot(`
       |       ^
    373|       {
    374|         "params": [

⎯⎯⎯⎯⎯⎯⎯⎯⎯⎯⎯⎯⎯⎯⎯⎯⎯⎯⎯⎯[140/268]⎯

 FAIL  |layer-query-engine| tests/contracts/engine/query/read-traversal-byte-pins.core.test.ts > self-relation many-to-many read SQL > SQLite include of the forward side (follows)
Error: Snapshot `self-relation many-to-many read SQL > SQLite include of the forward side (follows) 1` mismatched

[32m- Expected[39m
[31m+ Received[39m

[2m  {[22m
[2m    "params": [[22m
[2m      "id",[22m
[2m      "name",[22m
[2m    ],[22m
[32m-   "sql": "SELECT "[7mt[27m0"."id" AS "id", "[7mt[27m0"."name" AS "name", (SELECT COALESCE(json_group_array(json([7m"t3"."_json"[27m)), json_array()) FROM (SELECT [7mjson_object(?, "t2"."id", ?[27m, "[7mt2[27m"."name"[7m)[27m AS "[7m_json[27m" FROM "user[7m_follow[27ms" AS "[7mt[27m1"[7m, "rtb_user[27ms" AS "[7mt[27m2" WHERE ("[7mt1[27m"."followerId" = "[7mt[27m0"."id" AND "[7mt[27m2"."[7mi[27md" = "[7mt[27m1"."[7mfollowedI[27md")) "[7mt[27m3") AS "follows" FROM "rtb_users" AS "[7mt[27m0"",[39m
[31m+   "sql": "SELECT "[7mq[27m0"."id" AS "id", "[7mq[27m0"."name" AS "name", (SELECT [7mCOALESCE([27mCOALESCE(json_group_array(json([7mjson_object(?, "q3"."id", ?, "q3"."name"))), json_array([27m)), json_array()) FROM (SELECT [7m"q1"."id" AS "id"[27m, "[7mq1[27m"."name" AS "[7mname[27m" FROM "[7mrtb_[27musers" AS "[7mq[27m1"[7m WHERE EXISTS (SELECT 1 FROM "user_follow[27ms" AS "[7mq[27m2" WHERE ("[7mq2[27m"."followerId" = "[7mq[27m0"."id" AND "[7mq[27m2"."[7mfollowedI[27md" = "[7mq[27m1"."[7mi[27md"))[7m)[27m[7m AS[27m "[7mq[27m3") AS "follows" FROM "rtb_users" AS "[7mq[27m0"[7m WHERE 1[27m",[39m
[2m  }[22m

 ❯ tests/contracts/engine/query/read-traversal-byte-pins.core.test.ts:386:7
    384|     expect(
    385|       sqlitePin(user, "findMany", { include: { follows: true } })
    386|     ).toMatchInlineSnapshot(`
       |       ^
    387|       {
    388|         "params": [

⎯⎯⎯⎯⎯⎯⎯⎯⎯⎯⎯⎯⎯⎯⎯⎯⎯⎯⎯⎯[141/268]⎯

 FAIL  |layer-query-engine| tests/contracts/engine/query/read-traversal-byte-pins.core.test.ts > self-relation many-to-many read SQL > MySQL include of the forward side (follows)
Error: Snapshot `self-relation many-to-many read SQL > MySQL include of the forward side (follows) 1` mismatched

[32m- Expected[39m
[31m+ Received[39m

[2m  {[22m
[2m    "params": [[22m
[2m      "id",[22m
[2m      "name",[22m
[2m    ],[22m
[32m-   "sql": "SELECT `[7mt[27m0`.`id` AS `id`, `[7mt[27m0`.`name` AS `name`, [7m`t3`.`_result` AS `follows` FROM `rtb_users` AS `t0` [27mLE[7mF[27mT [7mJOIN LATERAL (SELECT [27mCOALESCE(JSON_ARRAYAGG([7m`t4`.`_json`), JSON_ARRAY()) AS `_result` FROM (SELECT JSON_OBJECT(?, `t2`.`id`, ?[27m, `[7mt2[27m`.`name`[7m)[27m AS `[7m_json[27m` FROM `user[7m_follow[27ms` AS `[7mt[27m1`[7m, `rtb_user[27ms` AS `[7mt[27m2` WHERE (`[7mt1[27m`.`followerId` = `[7mt[27m0`.`id` AND `[7mt[27m2`.`[7mi[27md` = `[7mt[27m1`.`[7mfollowedId`)) `t4`) AS `t3` ON[27m TRUE",[39m
[31m+   "sql": "SELECT `[7mq[27m0`.`id` AS `id`, `[7mq[27m0`.`name` AS `name`, [7m(SE[27mLE[7mC[27mT [7mCOALESCE([27mCOALESCE(JSON_ARRAYAGG([7mJSON_OBJECT(?, `q3`.`id`, ?, `q3`.`name`)), JSON_ARRAY()), JSON_ARRAY()) FROM (SELECT `q1`.`id` AS `id`[27m, `[7mq1[27m`.`name` AS `[7mname[27m` FROM `[7mrtb_[27musers` AS `[7mq[27m1`[7m WHERE EXISTS (SELECT 1 FROM `user_follow[27ms` AS `[7mq[27m2` WHERE (`[7mq2[27m`.`followerId` = `[7mq[27m0`.`id` AND `[7mq[27m2`.`[7mfollowedI[27md` = `[7mq[27m1`.`[7mid`))) AS `q3`) AS `follows` FROM `rtb_users` AS `q0` WHERE[27m TRUE",[39m
[2m  }[22m

 ❯ tests/contracts/engine/query/read-traversal-byte-pins.core.test.ts:400:7
    398|     expect(
    399|       mysqlPin(user, "findMany", { include: { follows: true } })
    400|     ).toMatchInlineSnapshot(`
       |       ^
    401|       {
    402|         "params": [

⎯⎯⎯⎯⎯⎯⎯⎯⎯⎯⎯⎯⎯⎯⎯⎯⎯⎯⎯⎯[142/268]⎯

 FAIL  |layer-query-engine| tests/contracts/engine/query/read-traversal-byte-pins.core.test.ts > self-relation many-to-many read SQL > PostgreSQL include of the reversed side (followedBy)
Error: Snapshot `self-relation many-to-many read SQL > PostgreSQL include of the reversed side (followedBy) 1` mismatched

[32m- Expected[39m
[31m+ Received[39m

[2m  {[22m
[2m    "params": [[22m
[2m      "id",[22m
[2m      "name",[22m
[2m    ],[22m
[32m-   "sql": "SELECT "[7mt[27m0"."id" AS "id", "[7mt[27m0"."name" AS "name", [7m"t3"."_result" AS "followedBy" FROM "public"."rtb_users" AS "t0" [27mLE[7mF[27mT [7mJOIN LATERAL (SELECT COALESCE(json_agg("t4"."_json"), '[]'::json) AS "_result" FROM (SELECT [27mjson_build_object($1::text, "[7mt2[27m"."id", $2::text, "[7mt2[27m"."name")[7m AS "_json[27m" FROM "public"."user[7m_follow[27ms" AS "[7mt[27m1"[7m, "public"."rtb_user[27ms" AS "[7mt[27m2" WHERE ("[7mt1[27m"."followe[7md[27mId" = "[7mt[27m0"."id" AND "[7mt[27m2"."[7mi[27md" = "[7mt[27m1"."[7mfollowerId")) "t4") AS "t3" ON[27m TRUE",[39m
[31m+   "sql": "SELECT "[7mq[27m0"."id" AS "id", "[7mq[27m0"."name" AS "name", [7m(SE[27mLE[7mC[27mT [7mCOALESCE(COALESCE(json_agg([27mjson_build_object($1::text, "[7mq3[27m"."id", $2::text, "[7mq3[27m"."name")[7m), '[]'::json), '[]'::json) FROM (SELECT "q1"."id" AS "id", "q1"."name" AS "name[27m" FROM "public"."[7mrtb_[27musers" AS "[7mq[27m1"[7m WHERE EXISTS (SELECT 1 FROM "public"."user_follow[27ms" AS "[7mq[27m2" WHERE ("[7mq2[27m"."followe[7mr[27mId" = "[7mq[27m0"."id" AND "[7mq[27m2"."[7mfollowedI[27md" = "[7mq[27m1"."[7mid"))) AS "q3") AS "followedBy" FROM "public"."rtb_users" AS "q0" WHERE[27m TRUE",[39m
[2m  }[22m

 ❯ tests/contracts/engine/query/read-traversal-byte-pins.core.test.ts:414:7
    412|     expect(
    413|       pgPin(user, "findMany", { include: { followedBy: true } })
    414|     ).toMatchInlineSnapshot(`
       |       ^
    415|       {
    416|         "params": [

⎯⎯⎯⎯⎯⎯⎯⎯⎯⎯⎯⎯⎯⎯⎯⎯⎯⎯⎯⎯[143/268]⎯

 FAIL  |layer-query-engine| tests/contracts/engine/query/read-traversal-byte-pins.core.test.ts > self-relation many-to-many read SQL > SQLite include of the reversed side (followedBy)
Error: Snapshot `self-relation many-to-many read SQL > SQLite include of the reversed side (followedBy) 1` mismatched

[32m- Expected[39m
[31m+ Received[39m

[2m  {[22m
[2m    "params": [[22m
[2m      "id",[22m
[2m      "name",[22m
[2m    ],[22m
[32m-   "sql": "SELECT "[7mt[27m0"."id" AS "id", "[7mt[27m0"."name" AS "name", (SELECT COALESCE(json_group_array(json([7m"t3"."_json"[27m)), json_array()) FROM (SELECT [7mjson_object(?, "t2"."id", ?[27m, "[7mt2[27m"."name"[7m)[27m AS "[7m_json[27m" FROM "user[7m_follow[27ms" AS "[7mt[27m1"[7m, "rtb_user[27ms" AS "[7mt[27m2" WHERE ("[7mt1[27m"."followe[7md[27mId" = "[7mt[27m0"."id" AND "[7mt[27m2"."[7mi[27md" = "[7mt[27m1"."[7mfollowerI[27md")) "[7mt[27m3") AS "followedBy" FROM "rtb_users" AS "[7mt[27m0"",[39m
[31m+   "sql": "SELECT "[7mq[27m0"."id" AS "id", "[7mq[27m0"."name" AS "name", (SELECT [7mCOALESCE([27mCOALESCE(json_group_array(json([7mjson_object(?, "q3"."id", ?, "q3"."name"))), json_array([27m)), json_array()) FROM (SELECT [7m"q1"."id" AS "id"[27m, "[7mq1[27m"."name" AS "[7mname[27m" FROM "[7mrtb_[27musers" AS "[7mq[27m1"[7m WHERE EXISTS (SELECT 1 FROM "user_follow[27ms" AS "[7mq[27m2" WHERE ("[7mq2[27m"."followe[7mr[27mId" = "[7mq[27m0"."id" AND "[7mq[27m2"."[7mfollowedI[27md" = "[7mq[27m1"."[7mi[27md"))[7m)[27m[7m AS[27m "[7mq[27m3") AS "followedBy" FROM "rtb_users" AS "[7mq[27m0"[7m WHERE 1[27m",[39m
[2m  }[22m

 ❯ tests/contracts/engine/query/read-traversal-byte-pins.core.test.ts:428:7
    426|     expect(
    427|       sqlitePin(user, "findMany", { include: { followedBy: true } })
    428|     ).toMatchInlineSnapshot(`
       |       ^
    429|       {
    430|         "params": [

⎯⎯⎯⎯⎯⎯⎯⎯⎯⎯⎯⎯⎯⎯⎯⎯⎯⎯⎯⎯[144/268]⎯

 FAIL  |layer-query-engine| tests/contracts/engine/query/read-traversal-byte-pins.core.test.ts > self-relation many-to-many read SQL > PostgreSQL some and none filters through the self junction
Error: Snapshot `self-relation many-to-many read SQL > PostgreSQL some and none filters through the self junction 1` mismatched

[32m- Expected[39m
[31m+ Received[39m

[2m  {[22m
[2m    "params": [[22m
[2m      "Alice",[22m
[2m    ],[22m
[32m-   "sql": "SELECT "[7mt[27m0"."id" AS "id", "[7mt[27m0"."name" AS "name" FROM "public"."rtb_users" AS "[7mt[27m0" WHERE EXISTS (SELECT 1 FROM "public"."user[7m_follow[27ms" AS "[7mt[27m1"[7m, "public"."rtb_user[27ms" AS "[7mt[27m2" WHERE ("[7mt1[27m"."followerId" = "[7mt[27m0"."id" AND "[7mt[27m2"."[7mi[27md" = "[7mt[27m1"."[7mfollowedId"[27m AND "[7mt2[27m"."name" = $1))",[39m
[31m+   "sql": "SELECT "[7mq[27m0"."id" AS "id", "[7mq[27m0"."name" AS "name" FROM "public"."rtb_users" AS "[7mq[27m0" WHERE EXISTS (SELECT 1 FROM "public"."[7mrtb_[27musers" AS "[7mq[27m1"[7m WHERE (EXISTS (SELECT 1 FROM "public"."user_follow[27ms" AS "[7mq[27m2" WHERE ("[7mq2[27m"."followerId" = "[7mq[27m0"."id" AND "[7mq[27m2"."[7mfollowedI[27md" = "[7mq[27m1"."[7mid"))[27m AND "[7mq1[27m"."name" = $1))",[39m
[2m  }[22m

 ❯ tests/contracts/engine/query/read-traversal-byte-pins.core.test.ts:444:7
    442|         where: { follows: { some: { name: "Alice" } } },
    443|       })
    444|     ).toMatchInlineSnapshot(`
       |       ^
    445|       {
    446|         "params": [

⎯⎯⎯⎯⎯⎯⎯⎯⎯⎯⎯⎯⎯⎯⎯⎯⎯⎯⎯⎯[145/268]⎯

 FAIL  |layer-query-engine| tests/contracts/engine/query/read-traversal-byte-pins.core.test.ts > self-relation many-to-many read SQL > SQLite some and none filters through the self junction
Error: Snapshot `self-relation many-to-many read SQL > SQLite some and none filters through the self junction 1` mismatched

[32m- Expected[39m
[31m+ Received[39m

[2m  {[22m
[2m    "params": [[22m
[2m      "Alice",[22m
[2m    ],[22m
[32m-   "sql": "SELECT "[7mt[27m0"."id" AS "id", "[7mt[27m0"."name" AS "name" FROM "rtb_users" AS "[7mt[27m0" WHERE EXISTS (SELECT 1 FROM "user[7m_follow[27ms" AS "[7mt[27m1"[7m, "rtb_user[27ms" AS "[7mt[27m2" WHERE ("[7mt1[27m"."followerId" = "[7mt[27m0"."id" AND "[7mt[27m2"."[7mi[27md" = "[7mt[27m1"."[7mfollowedId"[27m AND "[7mt2[27m"."name" COLLATE BINARY = ?))",[39m
[31m+   "sql": "SELECT "[7mq[27m0"."id" AS "id", "[7mq[27m0"."name" AS "name" FROM "rtb_users" AS "[7mq[27m0" WHERE EXISTS (SELECT 1 FROM "[7mrtb_[27musers" AS "[7mq[27m1"[7m WHERE (EXISTS (SELECT 1 FROM "user_follow[27ms" AS "[7mq[27m2" WHERE ("[7mq2[27m"."followerId" = "[7mq[27m0"."id" AND "[7mq[27m2"."[7mfollowedI[27md" = "[7mq[27m1"."[7mid"))[27m AND "[7mq1[27m"."name" COLLATE BINARY = ?))",[39m
[2m  }[22m

 ❯ tests/contracts/engine/query/read-traversal-byte-pins.core.test.ts:471:7
    469|         where: { follows: { some: { name: "Alice" } } },
    470|       })
    471|     ).toMatchInlineSnapshot(`
       |       ^
    472|       {
    473|         "params": [

⎯⎯⎯⎯⎯⎯⎯⎯⎯⎯⎯⎯⎯⎯⎯⎯⎯⎯⎯⎯[146/268]⎯

 FAIL  |layer-query-engine| tests/contracts/engine/query/read-traversal-byte-pins.core.test.ts > self-relation many-to-many read SQL > PostgreSQL _count of the self relation
Error: Snapshot `self-relation many-to-many read SQL > PostgreSQL _count of the self relation 1` mismatched

[32m- Expected[39m
[31m+ Received[39m

[2m  {[22m
[2m    "params": [[22m
[2m      "follows",[22m
[31m+     0,[39m
[2m    ],[22m
[32m-   "sql": "SELECT "[7mt[27m0"."id" AS "id", json_build_object($1::text, (SELECT COUNT(*) FROM "public"."user[7m_follow[27ms" AS "[7mt[27m1"[7m, "public"."rtb_user[27ms" AS "[7mt[27m2" WHERE ("[7mt1[27m"."followerId" = "[7mt[27m0"."id" AND "[7mt[27m2"."[7mi[27md" = "[7mt[27m1"."[7mfollowedId"))) AS "0viborm_relation[27m_count[7ms[27m" FROM "public"."rtb_users" AS "[7mt[27m0"",[39m
[31m+   "sql": "SELECT "[7mq[27m0"."id" AS "id", json_build_object($1::text, [7mCOALESCE([27m(SELECT COUNT(*) FROM "public"."[7mrtb_[27musers" AS "[7mq[27m1"[7m WHERE EXISTS (SELECT 1 FROM "public"."user_follow[27ms" AS "[7mq[27m2" WHERE ("[7mq2[27m"."followerId" = "[7mq[27m0"."id" AND "[7mq[27m2"."[7mfollowedI[27md" = "[7mq[27m1"."[7mid"))), $2)) AS "[27m_count" FROM "public"."rtb_users" AS "[7mq[27m0"[7m WHERE TRUE[27m",[39m
[2m  }[22m

 ❯ tests/contracts/engine/query/read-traversal-byte-pins.core.test.ts:498:7
    496|         select: { id: true, _count: { select: { follows: true } } },
    497|       })
    498|     ).toMatchInlineSnapshot(`
       |       ^
    499|       {
    500|         "params": [

⎯⎯⎯⎯⎯⎯⎯⎯⎯⎯⎯⎯⎯⎯⎯⎯⎯⎯⎯⎯[147/268]⎯

 FAIL  |layer-query-engine| tests/contracts/engine/query/read-traversal-byte-pins.core.test.ts > self-relation many-to-many read SQL > SQLite _count of the self relation
Error: Snapshot `self-relation many-to-many read SQL > SQLite _count of the self relation 1` mismatched

[32m- Expected[39m
[31m+ Received[39m

[2m  {[22m
[2m    "params": [[22m
[2m      "follows",[22m
[31m+     0,[39m
[2m    ],[22m
[32m-   "sql": "SELECT "[7mt[27m0"."id" AS "id", json_object(?, (SELECT COUNT(*) FROM "user[7m_follow[27ms" AS "[7mt[27m1"[7m, "rtb_user[27ms" AS "[7mt[27m2" WHERE ("[7mt1[27m"."followerId" = "[7mt[27m0"."id" AND "[7mt[27m2"."[7mi[27md" = "[7mt[27m1"."[7mfollowedId"))) AS "0viborm_relation[27m_count[7ms[27m" FROM "rtb_users" AS "[7mt[27m0"",[39m
[31m+   "sql": "SELECT "[7mq[27m0"."id" AS "id", json_object(?, [7mCOALESCE([27m(SELECT COUNT(*) FROM "[7mrtb_[27musers" AS "[7mq[27m1"[7m WHERE EXISTS (SELECT 1 FROM "user_follow[27ms" AS "[7mq[27m2" WHERE ("[7mq2[27m"."followerId" = "[7mq[27m0"."id" AND "[7mq[27m2"."[7mfollowedI[27md" = "[7mq[27m1"."[7mid"))), ?)) AS "[27m_count" FROM "rtb_users" AS "[7mq[27m0"[7m WHERE 1[27m",[39m
[2m  }[22m

 ❯ tests/contracts/engine/query/read-traversal-byte-pins.core.test.ts:513:7
    511|         select: { id: true, _count: { select: { follows: true } } },
    512|       })
    513|     ).toMatchInlineSnapshot(`
       |       ^
    514|       {
    515|         "params": [

⎯⎯⎯⎯⎯⎯⎯⎯⎯⎯⎯⎯⎯⎯⎯⎯⎯⎯⎯⎯[148/268]⎯

 FAIL  |layer-query-engine| tests/contracts/engine/query/read-traversal-byte-pins.core.test.ts > ordinary many-to-many read SQL > PostgreSQL include takes the LATERAL strategy
Error: Snapshot `ordinary many-to-many read SQL > PostgreSQL include takes the LATERAL strategy 1` mismatched

[32m- Expected[39m
[31m+ Received[39m

[2m  {[22m
[2m    "params": [[22m
[2m      "id",[22m
[2m      "name",[22m
[2m    ],[22m
[32m-   "sql": "SELECT "[7mt[27m0"."id" AS "id", "[7mt[27m0"."title" AS "title", "[7mt[27m0"."authorId" AS "authorId", [7m"t3"."_result" AS "tags" FROM "public"."rtb_posts" AS "t0" [27mLE[7mF[27mT [7mJOIN LATERAL (SELECT COALESCE(json_agg("t4"."_json"), '[]'::json) AS "_result" FROM (SELECT [27mjson_build_object($1::text, "[7mt2[27m"."id", $2::text, "[7mt2[27m"."name")[7m AS "_json[27m" FROM "public"."[7mpost[27m_tag" AS "[7mt[27m1"[7m,[27m "public"."[7mrtb[27m_tag[7ms[27m" AS "[7mt[27m2" WHERE ("[7mt1[27m"."postId" = "[7mt[27m0"."id" AND "[7mt[27m2"."[7mi[27md" = "[7mt[27m1"."[7mtagI[27md")) [7m"t4[27m") AS "t[7m3" ON[27m TRUE",[39m
[31m+   "sql": "SELECT "[7mq[27m0"."id" AS "id", "[7mq[27m0"."title" AS "title", "[7mq[27m0"."authorId" AS "authorId", [7m(SE[27mLE[7mC[27mT [7mCOALESCE(COALESCE(json_agg([27mjson_build_object($1::text, "[7mq3[27m"."id", $2::text, "[7mq3[27m"."name")[7m), '[]'::json), '[]'::json) FROM (SELECT "q1"."id" AS "id", "q1"."name" AS "name[27m" FROM "public"."[7mrtb[27m_tag[7ms[27m" AS "[7mq[27m1"[7m WHERE EXISTS (SELECT 1 FROM[27m "public"."[7mpost[27m_tag" AS "[7mq[27m2" WHERE ("[7mq2[27m"."postId" = "[7mq[27m0"."id" AND "[7mq[27m2"."[7mtagI[27md" = "[7mq[27m1"."[7mi[27md"))[7m)[27m [7mAS "q3[27m") AS "t[7mags" FROM "public"."rtb_posts" AS "q0" WHERE[27m TRUE",[39m
[2m  }[22m

 ❯ tests/contracts/engine/query/read-traversal-byte-pins.core.test.ts:532:7
    530|     expect(
    531|       pgPin(post, "findMany", { include: { tags: true } })
    532|     ).toMatchInlineSnapshot(`
       |       ^
    533|       {
    534|         "params": [

⎯⎯⎯⎯⎯⎯⎯⎯⎯⎯⎯⎯⎯⎯⎯⎯⎯⎯⎯⎯[149/268]⎯

 FAIL  |layer-query-engine| tests/contracts/engine/query/read-traversal-byte-pins.core.test.ts > ordinary many-to-many read SQL > SQLite include takes the correlated-subquery strategy
Error: Snapshot `ordinary many-to-many read SQL > SQLite include takes the correlated-subquery strategy 1` mismatched

[32m- Expected[39m
[31m+ Received[39m

[2m  {[22m
[2m    "params": [[22m
[2m      "id",[22m
[2m      "name",[22m
[2m    ],[22m
[32m-   "sql": "SELECT "[7mt[27m0"."id" AS "id", "[7mt[27m0"."title" AS "title", "[7mt[27m0"."authorId" AS "authorId", (SELECT COALESCE(json_group_array(json([7m"t3"."_json"[27m)), json_array()) FROM (SELECT [7mjson_object(?, "t2"."id", ?[27m, "[7mt2[27m"."name"[7m)[27m AS "[7m_json[27m" FROM "[7mpost[27m_tag" AS "[7mt[27m1"[7m, "rtb[27m_tag[7ms[27m" AS "[7mt[27m2" WHERE ("[7mt1[27m"."postId" = "[7mt[27m0"."id" AND "[7mt[27m2"."[7mi[27md" = "[7mt[27m1"."[7mtagId")) "t[27m3") AS "tags" FROM "rtb_posts" AS "[7mt[27m0"",[39m
[31m+   "sql": "SELECT "[7mq[27m0"."id" AS "id", "[7mq[27m0"."title" AS "title", "[7mq[27m0"."authorId" AS "authorId", (SELECT [7mCOALESCE([27mCOALESCE(json_group_array(json([7mjson_object(?, "q3"."id", ?, "q3"."name"))), json_array([27m)), json_array()) FROM (SELECT [7m"q1"."id" AS "id"[27m, "[7mq1[27m"."name" AS "[7mname[27m" FROM "[7mrtb[27m_tag[7ms[27m" AS "[7mq[27m1"[7m WHERE EXISTS (SELECT 1 FROM "post[27m_tag" AS "[7mq[27m2" WHERE ("[7mq2[27m"."postId" = "[7mq[27m0"."id" AND "[7mq[27m2"."[7mtagI[27md" = "[7mq[27m1"."[7mid"))) AS "q[27m3") AS "tags" FROM "rtb_posts" AS "[7mq[27m0"[7m WHERE 1[27m",[39m
[2m  }[22m

 ❯ tests/contracts/engine/query/read-traversal-byte-pins.core.test.ts:546:7
    544|     expect(
    545|       sqlitePin(post, "findMany", { include: { tags: true } })
    546|     ).toMatchInlineSnapshot(`
       |       ^
    547|       {
    548|         "params": [

⎯⎯⎯⎯⎯⎯⎯⎯⎯⎯⎯⎯⎯⎯⎯⎯⎯⎯⎯⎯[150/268]⎯

 FAIL  |layer-query-engine| tests/contracts/engine/query/read-traversal-byte-pins.core.test.ts > ordinary many-to-many read SQL > PostgreSQL some, every and none filters through the junction
Error: Snapshot `ordinary many-to-many read SQL > PostgreSQL some, every and none filters through the junction 1` mismatched

[32m- Expected[39m
[31m+ Received[39m

[2m  {[22m
[2m    "params": [[22m
[2m      "typescript",[22m
[2m    ],[22m
[32m-   "sql": "SELECT "[7mt[27m0"."id" AS "id", "[7mt[27m0"."title" AS "title", "[7mt[27m0"."authorId" AS "authorId" FROM "public"."rtb_posts" AS "[7mt[27m0" WHERE EXISTS (SELECT 1 FROM "public"."[7mpost[27m_tag" AS "[7mt[27m1"[7m,[27m "public"."[7mrtb[27m_tag[7ms[27m" AS "[7mt[27m2" WHERE ("[7mt1[27m"."postId" = "[7mt[27m0"."id" AND "[7mt[27m2"."[7mi[27md" = "[7mt[27m1"."[7mtagId"[27m AND "[7mt2[27m"."name" = $1))",[39m
[31m+   "sql": "SELECT "[7mq[27m0"."id" AS "id", "[7mq[27m0"."title" AS "title", "[7mq[27m0"."authorId" AS "authorId" FROM "public"."rtb_posts" AS "[7mq[27m0" WHERE EXISTS (SELECT 1 FROM "public"."[7mrtb[27m_tag[7ms[27m" AS "[7mq[27m1"[7m WHERE (EXISTS (SELECT 1 FROM[27m "public"."[7mpost[27m_tag" AS "[7mq[27m2" WHERE ("[7mq2[27m"."postId" = "[7mq[27m0"."id" AND "[7mq[27m2"."[7mtagI[27md" = "[7mq[27m1"."[7mid"))[27m AND "[7mq1[27m"."name" = $1))",[39m
[2m  }[22m

 ❯ tests/contracts/engine/query/read-traversal-byte-pins.core.test.ts:562:7
    560|         where: { tags: { some: { name: "typescript" } } },
    561|       })
    562|     ).toMatchInlineSnapshot(`
       |       ^
    563|       {
    564|         "params": [

⎯⎯⎯⎯⎯⎯⎯⎯⎯⎯⎯⎯⎯⎯⎯⎯⎯⎯⎯⎯[151/268]⎯

 FAIL  |layer-query-engine| tests/contracts/engine/query/read-traversal-byte-pins.core.test.ts > ordinary many-to-many read SQL > PostgreSQL _count through the junction
Error: Snapshot `ordinary many-to-many read SQL > PostgreSQL _count through the junction 1` mismatched

[32m- Expected[39m
[31m+ Received[39m

[2m  {[22m
[2m    "params": [[22m
[2m      "tags",[22m
[31m+     0,[39m
[2m    ],[22m
[32m-   "sql": "SELECT "[7mt[27m0"."id" AS "id", json_build_object($1::text, (SELECT COUNT(*) FROM "public"."[7mpost[27m_tag" AS "[7mt[27m1"[7m,[27m "public"."[7mrtb[27m_tag[7ms[27m" AS "[7mt[27m2" WHERE ("[7mt1[27m"."postId" = "[7mt[27m0"."id" AND "[7mt[27m2"."[7mi[27md" = "[7mt[27m1"."[7mtagId"))) AS "0viborm_relation[27m_count[7ms[27m" FROM "public"."rtb_posts" AS "[7mt[27m0"",[39m
[31m+   "sql": "SELECT "[7mq[27m0"."id" AS "id", json_build_object($1::text, [7mCOALESCE([27m(SELECT COUNT(*) FROM "public"."[7mrtb[27m_tag[7ms[27m" AS "[7mq[27m1"[7m WHERE EXISTS (SELECT 1 FROM[27m "public"."[7mpost[27m_tag" AS "[7mq[27m2" WHERE ("[7mq2[27m"."postId" = "[7mq[27m0"."id" AND "[7mq[27m2"."[7mtagI[27md" = "[7mq[27m1"."[7mid"))), $2)) AS "[27m_count" FROM "public"."rtb_posts" AS "[7mq[27m0"[7m WHERE TRUE[27m",[39m
[2m  }[22m

 ❯ tests/contracts/engine/query/read-traversal-byte-pins.core.test.ts:601:7
    599|         select: { id: true, _count: { select: { tags: true } } },
    600|       })
    601|     ).toMatchInlineSnapshot(`
       |       ^
    602|       {
    603|         "params": [

⎯⎯⎯⎯⎯⎯⎯⎯⎯⎯⎯⎯⎯⎯⎯⎯⎯⎯⎯⎯[152/268]⎯

 FAIL  |layer-query-engine| tests/contracts/engine/query/read-traversal-byte-pins.core.test.ts > foreign-key read SQL > PostgreSQL scalar-FK include, to-one then to-many
Error: Snapshot `foreign-key read SQL > PostgreSQL scalar-FK include, to-one then to-many 1` mismatched

[32m- Expected[39m
[31m+ Received[39m

[33m@@ -2,7 +2,7 @@[39m
[2m    "params": [[22m
[2m      "id",[22m
[2m      "name",[22m
[2m      1,[22m
[2m    ],[22m
[32m-   "sql": "SELECT "[7mt[27m0"."id" AS "id", "[7mt[27m0"."title" AS "title", "[7mt[27m0"."authorId" AS "authorId",[7m "t2"."_result" AS "author" FROM "public"."rtb_posts" AS "t0" LEFT JOIN LATERAL[27m (SELECT json_build_object($1::text, "[7mt1[27m"."id", $2::text, "[7mt1[27m"."name") [7mAS "_result[27m" FROM "public"."rtb_authors" AS "[7mt[27m1" WHERE "[7mt[27m0"."authorId" = "[7mt[27m1"."id" LIMIT $3) AS "[7mt2" ON[27m TRUE",[39m
[31m+   "sql": "SELECT "[7mq[27m0"."id" AS "id", "[7mq[27m0"."title" AS "title", "[7mq[27m0"."authorId" AS "authorId", (SELECT json_build_object($1::text, "[7mq2[27m"."id", $2::text, "[7mq2[27m"."name") [7mFROM (SELECT "q1"."id" AS "id", "q1"."name" AS "name[27m" FROM "public"."rtb_authors" AS "[7mq[27m1" WHERE "[7mq[27m0"."authorId" = "[7mq[27m1"."id" LIMIT $3) AS "[7mq2") AS "author" FROM "public"."rtb_posts" AS "q0" WHERE[27m TRUE",[39m
[2m  }[22m

 ❯ tests/contracts/engine/query/read-traversal-byte-pins.core.test.ts:620:7
    618|     expect(
    619|       pgPin(post, "findMany", { include: { author: true } })
    620|     ).toMatchInlineSnapshot(`
       |       ^
    621|       {
    622|         "params": [

⎯⎯⎯⎯⎯⎯⎯⎯⎯⎯⎯⎯⎯⎯⎯⎯⎯⎯⎯⎯[153/268]⎯

 FAIL  |layer-query-engine| tests/contracts/engine/query/read-traversal-byte-pins.core.test.ts > foreign-key read SQL > SQLite scalar-FK include, to-one then to-many
Error: Snapshot `foreign-key read SQL > SQLite scalar-FK include, to-one then to-many 1` mismatched

[32m- Expected[39m
[31m+ Received[39m

[33m@@ -2,7 +2,7 @@[39m
[2m    "params": [[22m
[2m      "id",[22m
[2m      "name",[22m
[2m      1,[22m
[2m    ],[22m
[32m-   "sql": "SELECT "[7mt[27m0"."id" AS "id", "[7mt[27m0"."title" AS "title", "[7mt[27m0"."authorId" AS "authorId", (SELECT json_object(?, "[7mt1[27m"."id", ?, "[7mt1"."name")[27m FROM "rtb_authors" AS "[7mt[27m1" WHERE "[7mt[27m0"."authorId" = "[7mt[27m1"."id" LIMIT ?) AS "author" FROM "rtb_posts" AS "[7mt[27m0"",[39m
[31m+   "sql": "SELECT "[7mq[27m0"."id" AS "id", "[7mq[27m0"."title" AS "title", "[7mq[27m0"."authorId" AS "authorId", (SELECT json_object(?, "[7mq2[27m"."id", ?, "[7mq2"."name") FROM (SELECT "q1"."id" AS "id", "q1"."name" AS "name"[27m FROM "rtb_authors" AS "[7mq[27m1" WHERE "[7mq[27m0"."authorId" = "[7mq[27m1"."id" LIMIT ?)[7m AS "q2")[27m AS "author" FROM "rtb_posts" AS "[7mq[27m0"[7m WHERE 1[27m",[39m
[2m  }[22m

 ❯ tests/contracts/engine/query/read-traversal-byte-pins.core.test.ts:647:7
    645|     expect(
    646|       sqlitePin(post, "findMany", { include: { author: true } })
    647|     ).toMatchInlineSnapshot(`
       |       ^
    648|       {
    649|         "params": [

⎯⎯⎯⎯⎯⎯⎯⎯⎯⎯⎯⎯⎯⎯⎯⎯⎯⎯⎯⎯[154/268]⎯

 FAIL  |layer-query-engine| tests/contracts/engine/query/read-traversal-byte-pins.core.test.ts > foreign-key read SQL > PostgreSQL compound-FK to-one include correlates on both members
Error: Snapshot `foreign-key read SQL > PostgreSQL compound-FK to-one include correlates on both members 1` mismatched

[32m- Expected[39m
[31m+ Received[39m

[33m@@ -3,7 +3,7 @@[39m
[2m      "id",[22m
[2m      "region",[22m
[2m      "slug",[22m
[2m      1,[22m
[2m    ],[22m
[32m-   "sql": "SELECT "[7mt[27m0"."id" AS "id", "[7mt[27m0"."role" AS "role", "[7mt[27m0"."tenantRegion" AS "tenantRegion", "[7mt[27m0"."tenantSlug" AS "tenantSlug",[7m "t2"."_result" AS "tenant" FROM "public"."rtb_memberships" AS "t0" LEFT JOIN LATERAL[27m (SELECT json_build_object($1::text, "[7mt1[27m"."id", $2::text, "[7mt1[27m"."region", $3::text, "[7mt1[27m"."slug") [7mAS "_result[27m" FROM "public"."rtb_tenants" AS "[7mt[27m1" WHERE ("[7mt[27m0"."tenantRegion" = "[7mt[27m1"."region" AND "[7mt[27m0"."tenantSlug" = "[7mt[27m1"."slug") LIMIT $4) AS "[7mt2" ON[27m TRUE",[39m
[31m+   "sql": "SELECT "[7mq[27m0"."id" AS "id", "[7mq[27m0"."role" AS "role", "[7mq[27m0"."tenantRegion" AS "tenantRegion", "[7mq[27m0"."tenantSlug" AS "tenantSlug", (SELECT json_build_object($1::text, "[7mq2[27m"."id", $2::text, "[7mq2[27m"."region", $3::text, "[7mq2[27m"."slug") [7mFROM (SELECT "q1"."id" AS "id", "q1"."region" AS "region", "q1"."slug" AS "slug[27m" FROM "public"."rtb_tenants" AS "[7mq[27m1" WHERE ("[7mq[27m0"."tenantRegion" = "[7mq[27m1"."region" AND "[7mq[27m0"."tenantSlug" = "[7mq[27m1"."slug") LIMIT $4) AS "[7mq2") AS "tenant" FROM "public"."rtb_memberships" AS "q0" WHERE[27m TRUE",[39m
[2m  }[22m

 ❯ tests/contracts/engine/query/read-traversal-byte-pins.core.test.ts:674:7
    672|     expect(
    673|       pgPin(membership, "findMany", { include: { tenant: true } })
    674|     ).toMatchInlineSnapshot(`
       |       ^
    675|       {
    676|         "params": [

⎯⎯⎯⎯⎯⎯⎯⎯⎯⎯⎯⎯⎯⎯⎯⎯⎯⎯⎯⎯[155/268]⎯

 FAIL  |layer-query-engine| tests/contracts/engine/query/read-traversal-byte-pins.core.test.ts > foreign-key read SQL > PostgreSQL findUnique by the named compound unique
Error: Snapshot `foreign-key read SQL > PostgreSQL findUnique by the named compound unique 1` mismatched

[32m- Expected[39m
[31m+ Received[39m

[2m  {[22m
[2m    "params": [[22m
[2m      "eu-west",[22m
[2m      "acme",[22m
[2m    ],[22m
[32m-   "sql": "SELECT "[7mt[27m0"."id" AS "id", "[7mt[27m0"."region" AS "region", "[7mt[27m0"."slug" AS "slug" FROM "public"."rtb_tenants" AS "[7mt[27m0" WHERE ("[7mt[27m0"."region" = $1 AND "[7mt[27m0"."slug" = $2)[7m LIMIT 1[27m",[39m
[31m+   "sql": "SELECT "[7mq[27m0"."id" AS "id", "[7mq[27m0"."region" AS "region", "[7mq[27m0"."slug" AS "slug" FROM "public"."rtb_tenants" AS "[7mq[27m0" WHERE ("[7mq[27m0"."region" = $1 AND "[7mq[27m0"."slug" = $2)",[39m
[2m  }[22m

 ❯ tests/contracts/engine/query/read-traversal-byte-pins.core.test.ts:692:7
    690|         where: { region_slug: { region: "eu-west", slug: "acme" } },
    691|       })
    692|     ).toMatchInlineSnapshot(`
       |       ^
    693|       {
    694|         "params": [

⎯⎯⎯⎯⎯⎯⎯⎯⎯⎯⎯⎯⎯⎯⎯⎯⎯⎯⎯⎯[156/268]⎯

 FAIL  |layer-query-engine| tests/contracts/engine/query/read-traversal-byte-pins.core.test.ts > relation ordering read SQL > PostgreSQL orderBy through a to-one chain joins the target
Error: Snapshot `relation ordering read SQL > PostgreSQL orderBy through a to-one chain joins the target 1` mismatched

[32m- Expected[39m
[31m+ Received[39m

[2m  {[22m
[32m-   "params": [],[39m
[31m+   "params": [[39m
[31m+     1,[39m
[31m+ [7m  [27m],[39m
[32m-   "sql": "SELECT "[7mt[27m0"."id" AS "id", "[7mt[27m0"."title" AS "title", "[7mt[27m0"."authorId" AS "authorId" FROM "public"."rtb_posts" AS "[7mt[27m0" LE[7mF[27mT [7mJOIN[27m "public"."rtb_authors" AS "[7mt[27m1" [7mON[27m "[7mt[27m0"."authorId" = "[7mt[27m1"."id" [7mORDER BY "t1"."name"[27m ASC",[39m
[31m+   "sql": "SELECT "[7mq[27m0"."id" AS "id", "[7mq[27m0"."title" AS "title", "[7mq[27m0"."authorId" AS "authorId" FROM "public"."rtb_posts" AS "[7mq[27m0" [7mWHERE TRUE ORDER BY (SE[27mLE[7mC[27mT [7m"q1"."name" FROM[27m "public"."rtb_authors" AS "[7mq[27m1" [7mWHERE[27m "[7mq[27m0"."authorId" = "[7mq[27m1"."id" [7mLIMIT $1)[27m ASC",[39m
[2m  }[22m

 ❯ tests/contracts/engine/query/read-traversal-byte-pins.core.test.ts:712:7
    710|     expect(
    711|       pgPin(post, "findMany", { orderBy: { author: { name: "asc" } } })
    712|     ).toMatchInlineSnapshot(`
       |       ^
    713|       {
    714|         "params": [],

⎯⎯⎯⎯⎯⎯⎯⎯⎯⎯⎯⎯⎯⎯⎯⎯⎯⎯⎯⎯[157/268]⎯

 FAIL  |layer-query-engine| tests/contracts/engine/query/read-traversal-byte-pins.core.test.ts > relation ordering read SQL > PostgreSQL orderBy on a to-many _count uses a count subquery
Error: Snapshot `relation ordering read SQL > PostgreSQL orderBy on a to-many _count uses a count subquery 1` mismatched

[32m- Expected[39m
[31m+ Received[39m

[2m  {[22m
[32m-   "params": [],[39m
[31m+   "params": [[39m
[31m+     0,[39m
[31m+ [7m  [27m],[39m
[32m-   "sql": "SELECT "[7mt[27m0"."id" AS "id", "[7mt[27m0"."name" AS "name" FROM "public"."rtb_authors" AS "[7mt[27m0" [7mORDER BY [27m(SELECT COUNT(*) FROM "public"."rtb_posts" AS "[7mt[27m1" WHERE "[7mt[27m0"."id" = "[7mt[27m1"."authorId") DESC",[39m
[31m+   "sql": "SELECT "[7mq[27m0"."id" AS "id", "[7mq[27m0"."name" AS "name" FROM "public"."rtb_authors" AS "[7mq[27m0" [7mWHERE TRUE ORDER BY COALESCE([27m(SELECT COUNT(*) FROM "public"."rtb_posts" AS "[7mq[27m1" WHERE "[7mq[27m0"."id" = "[7mq[27m1"."authorId")[7m, $1)[27m DESC",[39m
[2m  }[22m

 ❯ tests/contracts/engine/query/read-traversal-byte-pins.core.test.ts:723:7
    721|     expect(
    722|       pgPin(author, "findMany", { orderBy: { posts: { _count: "desc" }…
    723|     ).toMatchInlineSnapshot(`
       |       ^
    724|       {
    725|         "params": [],

⎯⎯⎯⎯⎯⎯⎯⎯⎯⎯⎯⎯⎯⎯⎯⎯⎯⎯⎯⎯[158/268]⎯

 FAIL  |layer-query-engine| tests/contracts/engine/query/read-traversal-byte-pins.core.test.ts > polymorphic inverse read SQL > PostgreSQL to-many inverse include takes the LATERAL strategy
Error: Snapshot `polymorphic inverse read SQL > PostgreSQL to-many inverse include takes the LATERAL strategy 1` mismatched

[32m- Expected[39m
[31m+ Received[39m

[33m@@ -2,7 +2,7 @@[39m
[2m    "params": [[22m
[2m      "id",[22m
[2m      "body",[22m
[2m      "content.post.v1",[22m
[2m    ],[22m
[32m-   "sql": "SELECT "[7mt[27m0"."post_pk" AS "id", [7m"t2"."_result" AS "comments" FROM "public"."post" AS "t0" [27mLE[7mF[27mT [7mJOIN LATERAL (SELECT COALESCE(json_agg("t3"."_json"), '[]'::json) AS "_result" FROM (SELECT json_build_object($1::text,[27m "[7mt[27m1"."id"[7m, $2::text[27m, "[7mt[27m1"."body"[7m)[27m AS "[7m_json[27m" FROM "public"."comment" AS "[7mt[27m1" WHERE ("[7mt[27m1"."subject_[7mid" = "t[27m0"."post_pk" [7mAND[27m "[7mt[27m1"."subject_[7mtype" = $3)) "t3") AS "t2" ON[27m TRUE",[39m
[31m+   "sql": "SELECT "[7mq[27m0"."post_pk" AS "id", [7m(SE[27mLE[7mC[27mT [7mCOALESCE(COALESCE(json_agg(json_build_object($1::text, "q2"."id", $2::text, "q2"."body")), '[]'::json), '[]'::json) FROM (SELECT[27m "[7mq[27m1"."id"[7m AS "id"[27m, "[7mq[27m1"."body" AS "[7mbody[27m" FROM "public"."comment" AS "[7mq[27m1" WHERE ("[7mq[27m1"."subject_[7mtype" = $3 AND "q[27m0"."post_pk" [7m=[27m "[7mq[27m1"."subject_[7mid")) AS "q2") AS "comments" FROM "public"."post" AS "q0" WHERE[27m TRUE",[39m
[2m  }[22m

 ❯ tests/contracts/engine/query/read-traversal-byte-pins.core.test.ts:740:7
    738|     expect(
    739|       pgPolyPin(subjectPost, "findMany", { include: { comments: true }…
    740|     ).toMatchInlineSnapshot(`
       |       ^
    741|       {
    742|         "params": [

⎯⎯⎯⎯⎯⎯⎯⎯⎯⎯⎯⎯⎯⎯⎯⎯⎯⎯⎯⎯[159/268]⎯

 FAIL  |layer-query-engine| tests/contracts/engine/query/read-traversal-byte-pins.core.test.ts > polymorphic inverse read SQL > SQLite to-many inverse include takes the correlated-subquery strategy
Error: Snapshot `polymorphic inverse read SQL > SQLite to-many inverse include takes the correlated-subquery strategy 1` mismatched

[32m- Expected[39m
[31m+ Received[39m

[33m@@ -2,7 +2,7 @@[39m
[2m    "params": [[22m
[2m      "id",[22m
[2m      "body",[22m
[2m      "content.post.v1",[22m
[2m    ],[22m
[32m-   "sql": "SELECT "[7mt[27m0"."post_pk" AS "id", (SELECT COALESCE(json_group_array(json([7m"t2"."_json"[27m)), json_array()) FROM (SELECT [7mjson_object(?, "t1"."id", ?[27m, "[7mt[27m1"."body"[7m)[27m AS "[7m_json[27m" FROM "comment" AS "[7mt[27m1" WHERE ("[7mt[27m1"."subject_[7mid" = "t[27m0"."post_pk" [7mAND[27m "[7mt[27m1"."subject_[7mtype" COLLATE BINARY = ?)) "t[27m2") AS "comments" FROM "post" AS "[7mt[27m0"",[39m
[31m+   "sql": "SELECT "[7mq[27m0"."post_pk" AS "id", (SELECT [7mCOALESCE([27mCOALESCE(json_group_array(json([7mjson_object(?, "q2"."id", ?, "q2"."body"))), json_array([27m)), json_array()) FROM (SELECT [7m"q1"."id" AS "id"[27m, "[7mq[27m1"."body" AS "[7mbody[27m" FROM "comment" AS "[7mq[27m1" WHERE ("[7mq[27m1"."subject_[7mtype" = ? AND "q[27m0"."post_pk" [7m=[27m "[7mq[27m1"."subject_[7mid")) AS "q[27m2") AS "comments" FROM "post" AS "[7mq[27m0"[7m WHERE 1[27m",[39m
[2m  }[22m

 ❯ tests/contracts/engine/query/read-traversal-byte-pins.core.test.ts:755:7
    753|     expect(
    754|       sqlitePolyPin(subjectPost, "findMany", { include: { comments: tr…
    755|     ).toMatchInlineSnapshot(`
       |       ^
    756|       {
    757|         "params": [

⎯⎯⎯⎯⎯⎯⎯⎯⎯⎯⎯⎯⎯⎯⎯⎯⎯⎯⎯⎯[160/268]⎯

 FAIL  |layer-query-engine| tests/contracts/engine/query/read-traversal-byte-pins.core.test.ts > polymorphic inverse read SQL > PostgreSQL fields-less singular inverse include
Error: Snapshot `polymorphic inverse read SQL > PostgreSQL fields-less singular inverse include 1` mismatched

[32m- Expected[39m
[31m+ Received[39m

[33m@@ -3,7 +3,7 @@[39m
[2m      "id",[22m
[2m      "body",[22m
[2m      "post",[22m
[2m      1,[22m
[2m    ],[22m
[32m-   "sql": "SELECT "[7mt[27m0"."post_pk" AS "id",[7m "t2"."_result" AS "featuredComment" FROM "public"."singularPost" AS "t0" LEFT JOIN LATERAL[27m (SELECT json_build_object($1::text, "[7mt1[27m"."id", $2::text, "[7mt1[27m"."body") [7mAS "_result[27m" FROM "public"."singularComment" AS "[7mt[27m1" WHERE ("[7mt[27m1"."commentable_[7mid" = "t[27m0"."post_pk" [7mAND[27m "[7mt[27m1"."commentable_[7mtype" = $3[27m) LIMIT $4) AS "[7mt2" ON[27m TRUE",[39m
[31m+   "sql": "SELECT "[7mq[27m0"."post_pk" AS "id", (SELECT json_build_object($1::text, "[7mq2[27m"."id", $2::text, "[7mq2[27m"."body") [7mFROM (SELECT "q1"."id" AS "id", "q1"."body" AS "body[27m" FROM "public"."singularComment" AS "[7mq[27m1" WHERE ("[7mq[27m1"."commentable_[7mtype" = $3 AND "q[27m0"."post_pk" [7m=[27m "[7mq[27m1"."commentable_[7mid"[27m) LIMIT $4) AS "[7mq2") AS "featuredComment" FROM "public"."singularPost" AS "q0" WHERE[27m TRUE",[39m
[2m  }[22m

 ❯ tests/contracts/engine/query/read-traversal-byte-pins.core.test.ts:772:7
    770|         include: { featuredComment: true },
    771|       })
    772|     ).toMatchInlineSnapshot(`
       |       ^
    773|       {
    774|         "params": [

⎯⎯⎯⎯⎯⎯⎯⎯⎯⎯⎯⎯⎯⎯⎯⎯⎯⎯⎯⎯[161/268]⎯

 FAIL  |layer-query-engine| tests/contracts/engine/query/read-traversal-byte-pins.core.test.ts > nested include read SQL > PostgreSQL depth-2 include with an inner where, orderBy and take
Error: Snapshot `nested include read SQL > PostgreSQL depth-2 include with an inner where, orderBy and take 1` mismatched

[32m- Expected[39m
[31m+ Received[39m

[33m@@ -7,7 +7,7 @@[39m
[2m      "id",[22m
[2m      "name",[22m
[2m      "type",[22m
[2m      3,[22m
[2m    ],[22m
[32m-   "sql": "SELECT "[7mt[27m0"."id" AS "id", "[7mt[27m0"."name" AS "name", [7m"t2"."_result" AS "posts" FROM "public"."rtb_authors" AS "t0" [27mLE[7mF[27mT [7mJOIN LATERAL (SELECT COALESCE(json_agg("t7"."_json"), '[]'::json) AS "_result" FROM (SELECT [27mjson_build_object($1::text, "[7mt1[27m"."id", $2::text, "[7mt1[27m"."title", $3::text, "[7mt1[27m"."authorId", $4::text, "[7mt[27m5"."[7m_result") AS "_[27mjson[7m"[27m FROM [7m"public"."rtb_posts" AS "t1" LEFT JOIN LATERAL (SELECT COALESCE(json_agg("t6"."_json"), '[]'::json) AS "_result" FROM (SELECT [27mjson_build_object($5::text, "[7mt[27m4"."id", $6::text, "[7mt[27m4"."name")[7m AS "_json[27m" FROM "public"."[7mpost[27m_tag" AS "[7mt3",[27m "public"."[7mrtb[27m_tag[7ms[27m" AS "[7mt4[27m" WHERE ("[7mt[27m3"."postId" = "[7mt[27m1"."id" AND "[7mt4[27m"."[7mi[27md" = "[7mt3[27m"."[7mtagId"[27m AND POSITION($7 IN "[7mt4[27m"."name") > 0) ORDER BY "[7mt4[27m"."name" DESC, "[7mt4[27m"."id" ASC LIMIT $8) [7m"t6[27m") AS "t[7m5" ON TRUE[27m WHERE "[7mt[27m0"."id" = "[7mt[27m1"."authorId") [7m"t7[27m") AS "[7mt2" ON[27m TRUE",[39m
[31m+   "sql": "SELECT "[7mq[27m0"."id" AS "id", "[7mq[27m0"."name" AS "name", [7m(SE[27mLE[7mC[27mT [7mCOALESCE(COALESCE(json_agg([27mjson_build_object($1::text, "[7mq5[27m"."id", $2::text, "[7mq5[27m"."title", $3::text, "[7mq5[27m"."authorId", $4::text, "[7mq[27m5"."[7mtags")), '[]'::json), '[]'::[27mjson[7m)[27m FROM [7m(SELECT "q1"."id" AS "id", "q1"."title" AS "title", "q1"."authorId" AS "authorId", (SELECT COALESCE(COALESCE(json_agg([27mjson_build_object($5::text, "[7mq[27m4"."id", $6::text, "[7mq[27m4"."name")[7m), '[]'::json), '[]'::json) FROM (SELECT "q2"."id" AS "id", "q2"."name" AS "name[27m" FROM "public"."[7mrtb[27m_tag[7ms[27m" AS "[7mq2" WHERE (EXISTS (SELECT 1 FROM[27m "public"."[7mpost[27m_tag" AS "[7mq3[27m" WHERE ("[7mq[27m3"."postId" = "[7mq[27m1"."id" AND "[7mq3[27m"."[7mtagI[27md" = "[7mq2[27m"."[7mid"))[27m AND POSITION($7 IN "[7mq2[27m"."name") > 0) ORDER BY "[7mq2[27m"."name" DESC, "[7mq2[27m"."id" ASC LIMIT $8) [7mAS "q4[27m") AS "t[7mags" FROM "public"."rtb_posts" AS "q1"[27m WHERE "[7mq[27m0"."id" = "[7mq[27m1"."authorId") [7mAS "q5[27m") AS "[7mposts" FROM "public"."rtb_authors" AS "q0" WHERE[27m TRUE",[39m
[2m  }[22m

 ❯ tests/contracts/engine/query/read-traversal-byte-pins.core.test.ts:806:7
    804|         },
    805|       })
    806|     ).toMatchInlineSnapshot(`
       |       ^
    807|       {
    808|         "params": [

⎯⎯⎯⎯⎯⎯⎯⎯⎯⎯⎯⎯⎯⎯⎯⎯⎯⎯⎯⎯[162/268]⎯

 FAIL  |layer-query-engine| tests/contracts/engine/query/read-traversal-byte-pins.core.test.ts > nested include read SQL > SQLite depth-2 include with an inner where, orderBy and take
Error: Snapshot `nested include read SQL > SQLite depth-2 include with an inner where, orderBy and take 1` mismatched

[32m- Expected[39m
[31m+ Received[39m

[33m@@ -7,7 +7,7 @@[39m
[2m      "id",[22m
[2m      "name",[22m
[2m      "type",[22m
[2m      3,[22m
[2m    ],[22m
[32m-   "sql": "SELECT "[7mt[27m0"."id" AS "id", "[7mt[27m0"."name" AS "name", (SELECT COALESCE(json_group_array(json([7m"t5"."_json"[27m)), json_array()) FROM (SELECT[7m json_object(?,[27m "[7mt[27m1"."id"[7m, ?[27m, "[7mt[27m1"."title"[7m, ?, "t1"."authorId", ?[27m, (SELECT COALESCE(json_group_array(json([7m"t4"."_json"[27m)), json_array()) FROM (SELECT [7mjson_object(?, "t3"."id", ?[27m, "[7mt3[27m"."name"[7m)[27m AS "[7m_json[27m" FROM "[7mpost[27m_tag" AS "[7mt[27m2"[7m, "rtb[27m_tag[7ms[27m" AS "[7mt[27m3" WHERE ("[7mt2[27m"."postId" = "[7mt[27m1"."id" AND "[7mt[27m3"."[7mi[27md" = "[7mt[27m2"."[7mtagId"[27m AND instr("[7mt3[27m"."name", ?) > 0) ORDER BY "[7mt3[27m"."name" DESC, "[7mt3[27m"."id" ASC LIMIT ?) "[7mt[27m4")[7m)[27m AS "[7m_json[27m" FROM "rtb_posts" AS "[7mt[27m1" WHERE "[7mt[27m0"."id" = "[7mt[27m1"."authorId") [7m"t[27m5") AS "posts" FROM "rtb_authors" AS "[7mt[27m0"",[39m
[31m+   "sql": "SELECT "[7mq[27m0"."id" AS "id", "[7mq[27m0"."name" AS "name", (SELECT [7mCOALESCE([27mCOALESCE(json_group_array(json([7mjson_object(?, "q5"."id", ?, "q5"."title", ?, "q5"."authorId", ?, json("q5"."tags")))), json_array([27m)), json_array()) FROM (SELECT "[7mq[27m1"."id"[7m AS "id"[27m, "[7mq[27m1"."title"[7m AS "title", "q1"."authorId" AS "authorId"[27m, (SELECT [7mCOALESCE([27mCOALESCE(json_group_array(json([7mjson_object(?, "q4"."id", ?, "q4"."name"))), json_array([27m)), json_array()) FROM (SELECT [7m"q2"."id" AS "id"[27m, "[7mq2[27m"."name" AS "[7mname[27m" FROM "[7mrtb[27m_tag[7ms[27m" AS "[7mq[27m2"[7m WHERE (EXISTS (SELECT 1 FROM "post[27m_tag" AS "[7mq[27m3" WHERE ("[7mq3[27m"."postId" = "[7mq[27m1"."id" AND "[7mq[27m3"."[7mtagI[27md" = "[7mq[27m2"."[7mid"))[27m AND instr("[7mq2[27m"."name", ?) > 0) ORDER BY "[7mq2[27m"."name" DESC, "[7mq2[27m"."id" ASC LIMIT ?)[7m AS[27m "[7mq[27m4") AS "[7mtags[27m" FROM "rtb_posts" AS "[7mq[27m1" WHERE "[7mq[27m0"."id" = "[7mq[27m1"."authorId") [7mAS "q[27m5") AS "posts" FROM "rtb_authors" AS "[7mq[27m0"[7m WHERE 1[27m",[39m
[2m  }[22m

 ❯ tests/contracts/engine/query/read-traversal-byte-pins.core.test.ts:838:7
    836|         },
    837|       })
    838|     ).toMatchInlineSnapshot(`
       |       ^
    839|       {
    840|         "params": [

⎯⎯⎯⎯⎯⎯⎯⎯⎯⎯⎯⎯⎯⎯⎯⎯⎯⎯⎯⎯[163/268]⎯

 FAIL  |layer-query-engine| tests/contracts/engine/query/read-traversal-byte-pins.core.test.ts > polymorphic collection read SQL > PostgreSQL direct collection include, every variant
Error: Snapshot `polymorphic collection read SQL > PostgreSQL direct collection include, every variant 1` mismatched

[32m- Expected[39m
[31m+ Received[39m

[2m  {[22m
[2m    "params": [[22m
[32m-     "[7m__viborm_state",[27m[39m
[32m-     "collection",[39m
[32m-     "arms",[39m
[32m-     "article",[39m
[32m-     "membership",[39m
[32m-     "orphans",[39m
[32m-     "rows",[39m
[32m-     "__viborm_state",[39m
[32m-     "linked",[39m
[32m-     "type",[39m
[32m-     "article",[39m
[32m-     "data",[39m
[32m-     "id",[39m
[32m-     "title",[39m
[32m-     "clip",[39m
[32m-     "membership",[39m
[32m-     "orphans",[39m
[32m-     "rows",[39m
[32m-     "__viborm_state",[39m
[32m-     "linked",[39m
[32m-     "type",[39m
[32m-     "clip",[39m
[32m- [7m    "data[27m",[39m
[31m+     "[7marticle",[27m[39m
[31m+     "id",[39m
[31m+     "title",[39m
[31m+ [7m    "clip[27m",[39m
[2m      "id",[22m
[2m      "seconds",[22m
[2m    ],[22m
[32m-   "sql": "SELECT "[7mt[27m0"."id" AS "id", "[7mt[27m0"."name" AS "name", json_build_object($1::text, [7mCAST($2 AS TEXT), $3::text, json_build_object($4::text, [27mjson_build_object($[7m5[27m::text, [7m(SELECT COUNT(*) FROM "public"."gallery_items_article" AS "t1" WHERE "t1"."galleryId" = "t0[27m"."id"[7m)[27m, $[7m6[27m::text, [7m(SELECT COUNT(*) FROM "public"."gallery_items_article" AS "t1" LEFT JOIN "public"."article" AS "t2" ON "t2"."id" = "t1"."articleId" WHERE ("t1"."galleryId" = "t0"."id" AND "t2"."id" IS NULL)), $7::text, (SELECT COALESCE(json_agg("t3"."_[27mjson[7m"[27m), '[]'::json) FROM (SELECT [7mjson_build_object($8::text, CAST($9 AS TEXT), $10::text, CAST($11 AS TEXT), $12::text, json_build_object($13::text, "t2"."id", $14::text, "t2[27m"."title"[7m))[27m AS "[7m_json[27m" FROM "public"."[7mgallery_items_article" AS "t1", "public"."article" AS "t2" WHERE ("t1"."galleryId" = "t0"."id" AND "t2"."id" = "t1"."articleId")) "t3")), $15::text, json_build_object($16::text, (SELECT COUNT(*)[27m FROM "public"."gallery_items_[7mclip[27m" AS "[7mt4[27m" WHERE [7m"t4[27m"."galleryId" = "[7mt[27m0"."id"[7m), $17::text, (SELECT COUNT(*) FROM "public"."gallery_items_clip" AS "t4" LEFT JOIN "public"."clip" AS "t5" ON "t5"."id" = "t4"."clipId" WHERE ("t4"."gallery[27mId" = "[7mt0[27m"."id"[7m AND "t5"."id" IS NULL)[27m), $[7m18[27m::text, (SELECT COALESCE(json_agg([7m"t6"."_json"), '[]'::json) FROM (SELECT [27mjson_build_object($[7m19[27m::text, [7mCAST($20 AS TEXT)[27m, $[7m21[27m::text, [7mCAST($22 AS TEXT), $23::text, json_build_object($24::text, "t5"."id", $25::text[27m, "[7mt5[27m"."seconds"[7m))[27m AS "[7m_json[27m" FROM "public"."[7mgallery_items_[27mclip" AS "[7mt[27m4"[7m, "public"."[27mclip" AS "[7mt[27m5" WHERE ("[7mt4[27m"."galleryId" = "[7mt[27m0"."id" AND "[7mt[27m5"."[7mi[27md" = "[7mt[27m4"."[7mclipI[27md")) "[7mt[27m6"))[7m)[27m[7m)[27m AS "items" FROM "public"."gallery" AS "[7mt[27m0"",[39m
[31m+   "sql": "SELECT "[7mq[27m0"."id" AS "id", "[7mq[27m0"."name" AS "name", json_build_object($1::text, [7m(SELECT COALESCE(COALESCE(json_agg([27mjson_build_object($[7m2[27m::text, [7m"q3[27m"."id", $[7m3[27m::text, [7m"q3"."title")), '[]'::[27mjson), '[]'::json) FROM (SELECT [7m"q1"."id" AS "id", "q1[27m"."title" AS "[7mtitle[27m" FROM "public"."[7marticle" AS "q1" WHERE EXISTS (SELECT 1[27m FROM "public"."gallery_items_[7marticle[27m" AS "[7mq2[27m" WHERE [7m("q2[27m"."galleryId" = "[7mq[27m0"."id"[7m AND "q2"."article[27mId" = "[7mq1[27m"."id"[7m))) AS "q3"[27m), $[7m4[27m::text, (SELECT COALESCE([7mCOALESCE([27mjson_agg(json_build_object($[7m5[27m::text, [7m"q6"."id"[27m, $[7m6[27m::text, [7m"q6"."seconds")), '[]'::json), '[]'::json) FROM (SELECT "q4"."id" AS "id"[27m, "[7mq4[27m"."seconds" AS "[7mseconds[27m" FROM "public"."clip" AS "[7mq[27m4"[7m WHERE EXISTS (SELECT 1 FROM "public"."gallery_items_[27mclip" AS "[7mq[27m5" WHERE ("[7mq5[27m"."galleryId" = "[7mq[27m0"."id" AND "[7mq[27m5"."[7mclipI[27md" = "[7mq[27m4"."[7mi[27md"))[7m)[27m[7m AS[27m "[7mq[27m6")) AS "items" FROM "public"."gallery" AS "[7mq[27m0"[7m WHERE TRUE[27m",[39m
[2m  }[22m

 ❯ tests/contracts/engine/query/read-traversal-byte-pins.core.test.ts:869:7
    867|         include: { items: true },
    868|       })
    869|     ).toMatchSnapshot();
       |       ^
    870|   });
    871| 

⎯⎯⎯⎯⎯⎯⎯⎯⎯⎯⎯⎯⎯⎯⎯⎯⎯⎯⎯⎯[164/268]⎯

 FAIL  |layer-query-engine| tests/contracts/engine/query/read-traversal-byte-pins.core.test.ts > polymorphic collection read SQL > SQLite direct collection include, every variant
Error: Snapshot `polymorphic collection read SQL > SQLite direct collection include, every variant 1` mismatched

[32m- Expected[39m
[31m+ Received[39m

[2m  {[22m
[2m    "params": [[22m
[32m-     "[7m__viborm_state",[27m[39m
[32m-     "collection",[39m
[32m-     "arms",[39m
[32m-     "article",[39m
[32m-     "membership",[39m
[32m-     "orphans",[39m
[32m-     "rows",[39m
[32m- [7m    "__viborm_stat[27me",[39m
[31m+     "[7marticl[27me",[39m
[32m-     "[7mlinke[27md",[39m
[31m+     "[7mi[27md",[39m
[32m-     "t[7mype",[27m[39m
[32m-     "article",[39m
[32m-     "data",[39m
[32m-     "id",[39m
[32m-     "title",[39m
[32m-     "clip",[39m
[32m-     "membership",[39m
[32m-     "orphans",[39m
[32m-     "rows",[39m
[32m-     "__viborm_state",[39m
[32m-     "linked",[39m
[32m- [7m    "typ[27me",[39m
[31m+     "t[7mitl[27me",[39m
[2m      "clip",[22m
[32m-     "data",[39m
[2m      "id",[22m
[2m      "seconds",[22m
[2m    ],[22m
[32m-   "sql": "SELECT "[7mt[27m0"."id" AS "id", "[7mt[27m0"."name" AS "name", json_object(?, [7mCAST(? AS TEXT), ?, json(json_object(?, json_object(?, (SELECT COUNT(*) FROM "gallery_items_article" AS "t1" WHERE "t1"."galleryId" = "t0[27m"."id"[7m)[27m, ?, [7m(SELECT COUNT(*) FROM "gallery_items_article" AS "t1" LEFT JOIN "article" AS "t2" ON "t2"."id" = "t1"."articleId" WHERE ("t1"."galleryId" = "t0"."id" AND "t2"."id" IS NULL)), ?, (SELECT COALESCE(json_group_array(json("t3"."_json")), json_array()) FROM (SELECT json_object(?, CAST(? AS TEXT), ?, CAST(? AS TEXT), ?, json(json_object(?, "t2"."id", ?, "t2[27m"."title"[7m)))[27m AS "[7m_json[27m" FROM "[7mgallery_items_article" AS "t1", "article" AS "t2" WHERE ("t1"."galleryId" = "t0"."id" AND "t2"."id" = "t1"."articleId")) "t3")), ?, json_object(?,[27m (SELECT [7mCOUNT(*)[27m FROM "gallery_items_[7mclip[27m" AS "[7mt4[27m" WHERE [7m"t4[27m"."galleryId" = "[7mt[27m0"."id"[7m), ?, (SELECT COUNT(*) FROM "gallery_items_clip" AS "t4" LEFT JOIN "clip" AS "t5" ON "t5"."id" = "t4"."clipId" WHERE ("t4"."gallery[27mId" = "[7mt0[27m"."id"[7m AND "t5"."id" IS NULL[27m)), ?, (SELECT COALESCE(json_group_array(json([7m"t6"."_json")), json_array()) FROM (SELECT json_object(?, CAST(? AS TEXT), ?, CAST(? AS TEXT), ?, json(json_object(?, "t5"."id", ?[27m, "[7mt5[27m"."seconds"[7m)))[27m AS "[7m_json[27m" FROM "[7mgallery_items_[27mclip" AS "[7mt[27m4"[7m, "[27mclip" AS "[7mt[27m5" WHERE ("[7mt4[27m"."galleryId" = "[7mt[27m0"."id" AND "[7mt[27m5"."[7mi[27md" = "[7mt[27m4"."[7mclipI[27md")) [7m"t6"))[27m))) AS "items" FROM "gallery" AS "[7mt[27m0"",[39m
[31m+   "sql": "SELECT "[7mq[27m0"."id" AS "id", "[7mq[27m0"."name" AS "name", json_object(?, [7mjson((SELECT COALESCE(COALESCE(json_group_array(json(json_object(?, "q3[27m"."id", ?, [7m"q3"."title"))), json_array()), json_array()) FROM (SELECT "q1"."id" AS "id", "q1[27m"."title" AS "[7mtitle[27m" FROM "[7marticle" AS "q1" WHERE EXISTS[27m (SELECT [7m1[27m FROM "gallery_items_[7marticle[27m" AS "[7mq2[27m" WHERE [7m("q2[27m"."galleryId" = "[7mq[27m0"."id"[7m AND "q2"."article[27mId" = "[7mq1[27m"."id"[7m))) AS "q3"[27m)), ?, [7mjson([27m(SELECT [7mCOALESCE([27mCOALESCE(json_group_array(json([7mjson_object(?, "q6"."id", ?, "q6"."seconds"))), json_array()), json_array()) FROM (SELECT "q4"."id" AS "id"[27m, "[7mq4[27m"."seconds" AS "[7mseconds[27m" FROM "clip" AS "[7mq[27m4"[7m WHERE EXISTS (SELECT 1 FROM "gallery_items_[27mclip" AS "[7mq[27m5" WHERE ("[7mq5[27m"."galleryId" = "[7mq[27m0"."id" AND "[7mq[27m5"."[7mclipI[27md" = "[7mq[27m4"."[7mi[27md"))[7m)[27m [7mAS "q6"[27m))) AS "items" FROM "gallery" AS "[7mq[27m0"[7m WHERE 1[27m",[39m
[2m  }[22m

 ❯ tests/contracts/engine/query/read-traversal-byte-pins.core.test.ts:877:7
    875|         include: { items: true },
    876|       })
    877|     ).toMatchSnapshot();
       |       ^
    878|   });
    879| 

⎯⎯⎯⎯⎯⎯⎯⎯⎯⎯⎯⎯⎯⎯⎯⎯⎯⎯⎯⎯[165/268]⎯

 FAIL  |layer-query-engine| tests/contracts/engine/query/read-traversal-byte-pins.core.test.ts > polymorphic collection read SQL > PostgreSQL direct collection include narrowed by only
Error: Snapshot `polymorphic collection read SQL > PostgreSQL direct collection include narrowed by only 1` mismatched

[32m- Expected[39m
[31m+ Received[39m

[2m  {[22m
[2m    "params": [[22m
[32m-     "[7m__viborm_state",[27m[39m
[32m-     "collection",[39m
[32m-     "arms",[39m
[32m-     "article",[39m
[32m-     "membership",[39m
[32m-     "orphans",[39m
[32m-     "rows",[39m
[32m- [7m    "__viborm_stat[27me",[39m
[31m+     "[7marticl[27me",[39m
[32m-     "[7mlinke[27md",[39m
[31m+     "[7mi[27md",[39m
[32m-     "t[7mype",[27m[39m
[32m-     "article",[39m
[32m-     "data",[39m
[32m-     "id",[39m
[32m-     "title",[39m
[32m-     2,[39m
[32m-     "clip",[39m
[32m-     "membership",[39m
[32m-     "orphans",[39m
[32m- [7m    "rows"[27m,[39m
[31m+     "t[7mitle",[27m[39m
[31m+ [7m    2[27m,[39m
[2m    ],[22m
[32m-   "sql": "SELECT "[7mt[27m0"."id" AS "id", "[7mt[27m0"."name" AS "name", json_build_object($1::text, [7mCAST($2 AS TEXT), $3::text, json_build_object($4::text, [27mjson_build_object($[7m5[27m::text, [7m(SELECT COUNT(*) FROM "public"."gallery_items_article" AS "t1" WHERE "t1"."galleryId" = "t0[27m"."id"[7m)[27m, $[7m6[27m::text, [7m(SELECT COUNT(*) FROM "public"."gallery_items_article" AS "t1" LEFT JOIN "public"."article" AS "t2" ON "t2"."id" = "t1"."articleId" WHERE ("t1"."galleryId" = "t0"."id" AND "t2"."id" IS NULL)), $7::text, (SELECT COALESCE(json_agg("t3"."_[27mjson[7m"[27m), '[]'::json) FROM (SELECT [7mjson_build_object($8::text, CAST($9 AS TEXT), $10::text, CAST($11 AS TEXT), $12::text, json_build_object($13::text, "t2"."id", $14::text, "t2[27m"."title"[7m))[27m AS "[7m_json[27m" FROM "public"."[7mgallery_items_[27marticle" AS "[7mt[27m1"[7m, "public"."article" AS "t2" WHERE ("t1"."galleryId" = "t0"."id" AND "t2"."id" = "t1"."articleId") ORDER BY "t2"."title" ASC, "t2"."id" ASC LIMIT $15) "t3")), $16::text, json_build_object($17::text,[27m (SELECT [7mCOUNT(*)[27m FROM "public"."gallery_items_[7mclip[27m" AS "[7mt4[27m" WHERE [7m"t4[27m"."galleryId" = "[7mt[27m0"."id"[7m), $18::text, (SELECT COUNT(*) FROM "public"."gallery_items_clip" AS "t4" LEFT JOIN "public"."clip" AS "t5" ON "t5"."i[27md" = "[7mt4[27m"."[7mclipId" WHERE ("t4"."galleryId" = "t0"."id" AND "t5"."id" IS NULL)), $19::text, NULL[27m))[7m)[27m AS "items" FROM "public"."gallery" AS "[7mt[27m0"",[39m
[31m+   "sql": "SELECT "[7mq[27m0"."id" AS "id", "[7mq[27m0"."name" AS "name", json_build_object($1::text, [7m(SELECT COALESCE(COALESCE(json_agg([27mjson_build_object($[7m2[27m::text, [7m"q3[27m"."id", $[7m3[27m::text, [7m"q3"."title")), '[]'::[27mjson), '[]'::json) FROM (SELECT [7m"q1"."id" AS "id", "q1[27m"."title" AS "[7mtitle[27m" FROM "public"."article" AS "[7mq[27m1"[7m WHERE EXISTS[27m (SELECT [7m1[27m FROM "public"."gallery_items_[7marticle[27m" AS "[7mq2[27m" WHERE [7m("q2[27m"."galleryId" = "[7mq[27m0"."id"[7m AND "q2"."articleI[27md" = "[7mq1[27m"."[7mid")) ORDER BY "q1"."title" ASC, "q1"."id" ASC LIMIT $4) AS "q3"[27m)) AS "items" FROM "public"."gallery" AS "[7mq[27m0"[7m WHERE TRUE[27m",[39m
[2m  }[22m

 ❯ tests/contracts/engine/query/read-traversal-byte-pins.core.test.ts:890:7
    888|         },
    889|       })
    890|     ).toMatchSnapshot();
       |       ^
    891|   });
    892| 

⎯⎯⎯⎯⎯⎯⎯⎯⎯⎯⎯⎯⎯⎯⎯⎯⎯⎯⎯⎯[166/268]⎯

 FAIL  |layer-query-engine| tests/contracts/engine/query/read-traversal-byte-pins.core.test.ts > polymorphic collection read SQL > PostgreSQL collection quantifier filters
Error: Snapshot `polymorphic collection read SQL > PostgreSQL collection quantifier filters 1` mismatched

[32m- Expected[39m
[31m+ Received[39m

[2m  {[22m
[2m    "params": [[22m
[2m      "x",[22m
[2m    ],[22m
[32m-   "sql": "SELECT "[7mt[27m0"."id" AS "id", "[7mt[27m0"."name" AS "name" FROM "public"."gallery" AS "[7mt[27m0" WHERE EXISTS (SELECT 1 FROM "public"."[7mgallery_items_[27marticle" AS "[7mt[27m1"[7m, "public"."[27marticle" AS "[7mt[27m2" WHERE ("[7mt1[27m"."galleryId" = "[7mt[27m0"."id" AND "[7mt[27m2"."[7mi[27md" = "[7mt[27m1"."[7marticleId"[27m AND "[7mt2[27m"."title" = $1))",[39m
[31m+   "sql": "SELECT "[7mq[27m0"."id" AS "id", "[7mq[27m0"."name" AS "name" FROM "public"."gallery" AS "[7mq[27m0" WHERE EXISTS (SELECT 1 FROM "public"."article" AS "[7mq[27m1"[7m WHERE (EXISTS (SELECT 1 FROM "public"."gallery_items_[27marticle" AS "[7mq[27m2" WHERE ("[7mq2[27m"."galleryId" = "[7mq[27m0"."id" AND "[7mq[27m2"."[7marticleI[27md" = "[7mq[27m1"."[7mid"))[27m AND "[7mq1[27m"."title" = $1))",[39m
[2m  }[22m

 ❯ tests/contracts/engine/query/read-traversal-byte-pins.core.test.ts:898:7
    896|         where: { items: { some: { type: "article", is: { title: "x" } …
    897|       })
    898|     ).toMatchSnapshot();
       |       ^
    899|     expect(
    900|       pgCollectionPin(collectionGallery, "findMany", {

⎯⎯⎯⎯⎯⎯⎯⎯⎯⎯⎯⎯⎯⎯⎯⎯⎯⎯⎯⎯[167/268]⎯

 FAIL  |layer-query-engine| tests/contracts/engine/query/read-traversal-byte-pins.core.test.ts > polymorphic collection read SQL > PostgreSQL collection _count projection and ordering
Error: Snapshot `polymorphic collection read SQL > PostgreSQL collection _count projection and ordering 1` mismatched

[32m- Expected[39m
[31m+ Received[39m

[2m  {[22m
[2m    "params": [[22m
[2m      "items",[22m
[31m+     0,[39m
[31m+     0,[39m
[2m    ],[22m
[32m-   "sql": "SELECT "[7mt[27m0"."id" AS "id", json_build_object($1::text, ((SELECT COUNT(*) FROM "public"."gallery_items_article" AS "[7mt1[27m" WHERE [7m"t1[27m"."galleryId" = "[7mt0"."id") + (SELECT COUNT(*)[27m FROM "public"."gallery_items_clip" AS "[7mt3[27m" WHERE [7m"t3[27m"."galleryId" = "[7mt0"."id"))) AS "0viborm_relation[27m_count[7ms[27m" FROM "public"."gallery" AS "[7mt[27m0"",[39m
[31m+   "sql": "SELECT "[7mq[27m0"."id" AS "id", json_build_object($1::text, [7m(COALESCE[27m((SELECT COUNT(*)[7m FROM "public"."article" AS "q1" WHERE EXISTS (SELECT 1[27m FROM "public"."gallery_items_article" AS "[7mq2[27m" WHERE [7m("q2[27m"."galleryId" = "[7mq0"."id" AND "q2"."articleId" = "q1"."id"))), $2) + COALESCE((SELECT COUNT(*) FROM "public"."clip" AS "q3" WHERE EXISTS (SELECT 1[27m FROM "public"."gallery_items_clip" AS "[7mq4[27m" WHERE [7m("q4[27m"."galleryId" = "[7mq0"."id" AND "q4"."clipId" = "q3"."id"))), $3))) AS "[27m_count" FROM "public"."gallery" AS "[7mq[27m0"[7m WHERE TRUE[27m",[39m
[2m  }[22m

 ❯ tests/contracts/engine/query/read-traversal-byte-pins.core.test.ts:911:7
    909|         select: { id: true, _count: { select: { items: true } } },
    910|       })
    911|     ).toMatchSnapshot();
       |       ^
    912|     expect(
    913|       pgCollectionPin(collectionGallery, "findMany", {

⎯⎯⎯⎯⎯⎯⎯⎯⎯⎯⎯⎯⎯⎯⎯⎯⎯⎯⎯⎯[168/268]⎯

 FAIL  |layer-query-engine| tests/contracts/engine/query/read-traversal-byte-pins.core.test.ts > polymorphic collection read SQL > PostgreSQL singular collection inverse include
Error: Snapshot `polymorphic collection read SQL > PostgreSQL singular collection inverse include 1` mismatched

[32m- Expected[39m
[31m+ Received[39m

[2m  {[22m
[2m    "params": [[22m
[32m-     0,[39m
[32m-     1,[39m
[2m      "id",[22m
[2m      "name",[22m
[2m      1,[22m
[2m    ],[22m
[32m-   "sql": "SELECT "[7mt[27m0"."id" AS "id", "[7mt[27m0"."title" AS "title", [7mCASE WHEN (SELECT COUNT(*) FROM "public"."gallery_items_article" AS "t1" LEFT JOIN "public"."gallery" AS "t2" ON "t2"."id" = "t1"."galleryId" WHERE ("t1"."articleId" = "t0"."id" AND "t2"."id[27m" [7mI[27mS [7mNULL)) > $1 THEN '[]'::json WHEN (SELECT COUNT(*)[27m FROM "public"."gallery[7m_items_article[27m" AS "[7mt[27m1" WHERE [7m"t1"."articleId" = "t0"."id") > $2 THEN '[]'::json ELSE (SELECT json_build_object($3::text, "t2"."id", $4::text, "t2"."name")[27m FROM "public"."gallery_items_article" AS "[7mt1", "public"."gallery" AS "t[27m2" WHERE ("[7mt1[27m"."articleId" = "[7mt[27m0"."id" AND "[7mt[27m2"."[7mi[27md" = "[7mt[27m1"."[7mgalleryI[27md") LIMIT $[7m5[27m) [7mEND[27m AS "gallery" FROM "public"."article" AS "[7mt[27m0"",[39m
[31m+   "sql": "SELECT "[7mq[27m0"."id" AS "id", "[7mq[27m0"."title" AS "title", [7m(SELECT json_build_object($1::text, "q3"."id", $2::text, "q3"."name") FROM (SELECT "q1"."id" AS "id", "q1"."name[27m" [7mA[27mS [7m"name"[27m FROM "public"."gallery" AS "[7mq[27m1" WHERE [7mEXISTS (SELECT 1[27m FROM "public"."gallery_items_article" AS "[7mq[27m2" WHERE ("[7mq2[27m"."articleId" = "[7mq[27m0"."id" AND "[7mq[27m2"."[7mgalleryI[27md" = "[7mq[27m1"."[7mi[27md")[7m)[27m LIMIT $[7m3[27m) [7mAS "q3")[27m AS "gallery" FROM "public"."article" AS "[7mq[27m0"[7m WHERE TRUE[27m",[39m
[2m  }[22m

 ❯ tests/contracts/engine/query/read-traversal-byte-pins.core.test.ts:924:7
    922|         include: { gallery: true },
    923|       })
    924|     ).toMatchSnapshot();
       |       ^
    925|   });
    926| 

⎯⎯⎯⎯⎯⎯⎯⎯⎯⎯⎯⎯⎯⎯⎯⎯⎯⎯⎯⎯[169/268]⎯

 FAIL  |layer-query-engine| tests/contracts/engine/query/read-traversal-byte-pins.core.test.ts > polymorphic collection read SQL > PostgreSQL plural collection inverse include
Error: Snapshot `polymorphic collection read SQL > PostgreSQL plural collection inverse include 1` mismatched

[32m- Expected[39m
[31m+ Received[39m

[2m  {[22m
[2m    "params": [[22m
[32m-     0,[39m
[2m      "id",[22m
[2m      "name",[22m
[2m    ],[22m
[32m-   "sql": "SELECT "[7mt[27m0"."id" AS "id", "[7mt[27m0"."seconds" AS "seconds", [7mCASE WHEN (SELECT COUNT(*) FROM "public"."gallery_items_clip" AS "t1" LEFT JOIN "public"."gallery" AS "t2" ON "t2"."id" = "t1"."galleryId" WHERE ("t1"."clipId" = "t0"."id" AND "t2"."id" IS NULL)) > $1 THEN '{}'::json ELSE (SELECT COALESCE(json_agg("t3"."_json"), '[]'::json) FROM (SELECT json_build_object($2::text, "t2"."id", $3::text[27m, "[7mt2[27m"."name"[7m)[27m AS "[7m_json[27m" FROM "public"."gallery[7m_items_clip[27m" AS "[7mt[27m1"[7m,[27m "public"."gallery" AS "[7mt[27m2" WHERE ("[7mt1[27m"."clipId" = "[7mt[27m0"."id" AND "[7mt[27m2"."[7mi[27md" = "[7mt[27m1"."[7mgalleryI[27md")) [7m"t3") END[27m AS "galleries" FROM "public"."clip" AS "[7mt[27m0"",[39m
[31m+   "sql": "SELECT "[7mq[27m0"."id" AS "id", "[7mq[27m0"."seconds" AS "seconds", [7m(SELECT COALESCE(COALESCE(json_agg(json_build_object($1::text, "q3"."id", $2::text, "q3"."name")), '[]'::json), '[]'::json) FROM (SELECT "q1"."id" AS "id"[27m, "[7mq1[27m"."name" AS "[7mname[27m" FROM "public"."gallery" AS "[7mq[27m1"[7m WHERE EXISTS (SELECT 1 FROM[27m "public"."gallery[7m_items_clip[27m" AS "[7mq[27m2" WHERE ("[7mq2[27m"."clipId" = "[7mq[27m0"."id" AND "[7mq[27m2"."[7mgalleryI[27md" = "[7mq[27m1"."[7mi[27md"))[7m)[27m [7mAS "q3")[27m AS "galleries" FROM "public"."clip" AS "[7mq[27m0"[7m WHERE TRUE[27m",[39m
[2m  }[22m

 ❯ tests/contracts/engine/query/read-traversal-byte-pins.core.test.ts:932:7
    930|         include: { galleries: true },
    931|       })
    932|     ).toMatchSnapshot();
       |       ^
    933|   });
    934| 

⎯⎯⎯⎯⎯⎯⎯⎯⎯⎯⎯⎯⎯⎯⎯⎯⎯⎯⎯⎯[170/268]⎯

 FAIL  |layer-query-engine| tests/contracts/engine/query/read-traversal-byte-pins.core.test.ts > polymorphic collection read SQL > PostgreSQL parent ordering through a singular collection inverse
Error: Snapshot `polymorphic collection read SQL > PostgreSQL parent ordering through a singular collection inverse 1` mismatched

[32m- Expected[39m
[31m+ Received[39m

[2m  {[22m
[32m-   "params": [],[39m
[31m+   "params": [[39m
[31m+     1,[39m
[31m+ [7m  [27m],[39m
[32m-   "sql": "SELECT "[7mt[27m0"."id" AS "id", "[7mt[27m0"."title" AS "title" FROM "public"."article" AS "[7mt[27m0" [7mLEFT JOIN[27m "public"."gallery_items_article" AS "[7mt1" ON "t1[27m"."articleId" = "[7mt[27m0"."id" [7mLEFT JOIN "public"."gallery" AS "t2" ON "t2"."i[27md" = "[7mt[27m1"."[7mgalleryId" ORDER BY "t2"."name"[27m ASC",[39m
[31m+   "sql": "SELECT "[7mq[27m0"."id" AS "id", "[7mq[27m0"."title" AS "title" FROM "public"."article" AS "[7mq[27m0" [7mWHERE TRUE ORDER BY (SELECT "q1"."name" FROM "public"."gallery" AS "q1" WHERE EXISTS (SELECT 1 FROM[27m "public"."gallery_items_article" AS "[7mq2" WHERE ("q2[27m"."articleId" = "[7mq[27m0"."id" [7mAND "q2"."galleryI[27md" = "[7mq[27m1"."[7mid")) LIMIT $1)[27m ASC",[39m
[2m  }[22m

 ❯ tests/contracts/engine/query/read-traversal-byte-pins.core.test.ts:940:7
    938|         orderBy: { gallery: { name: "asc" } },
    939|       })
    940|     ).toMatchSnapshot();
       |       ^
    941|   });
    942| });

⎯⎯⎯⎯⎯⎯⎯⎯⎯⎯⎯⎯⎯⎯⎯⎯⎯⎯⎯⎯[171/268]⎯

 FAIL  |layer-query-engine| tests/contracts/engine/query/request-result-shape-contracts.core.test.ts > request-aware result shapes > enforces the requested projection on direct execution
AssertionError: promise resolved "[ { id: 'parent-1' } ]" instead of rejecting

[32m- Expected:[39m 
Error {
  "message": "rejected promise",
}

[31m+ Received:[39m 
[
  {
    "id": "parent-1",
  },
]

 ❯ tests/contracts/engine/query/request-result-shape-contracts.core.test.ts:211:5
    209|         select: { id: true },
    210|       })
    211|     ).rejects.toBeInstanceOf(QueryEngineError);
       |     ^
    212|   });
    213| 

⎯⎯⎯⎯⎯⎯⎯⎯⎯⎯⎯⎯⎯⎯⎯⎯⎯⎯⎯⎯[172/268]⎯

 FAIL  |layer-query-engine| tests/contracts/engine/query/request-result-shape-contracts.core.test.ts > request-aware result shapes > enforces requested nested include shapes and preserves empty relations
QueryEngineError: Operation 'findMany' on model 'parent' publishes no single driver result to parse.
⎯⎯⎯⎯⎯⎯⎯⎯⎯⎯⎯⎯⎯⎯⎯⎯⎯⎯⎯⎯[173/268]⎯

 FAIL  |layer-query-engine| tests/contracts/engine/query/request-result-shape-contracts.core.test.ts > request-aware result shapes > honors model-level omit in default SQL and result parsing
AssertionError: expected 'SELECT "q0"."id" AS "id" FROM "public…' to contain '"t0"."id" AS "id"'

Expected: [32m"[7m"t[27m0"."id" AS "id""[39m
Received: [31m"[7mSELECT "q[27m0"."id" AS "id"[7m FROM "public"."omitted" AS "q0" WHERE TRUE[27m"[39m

 ❯ tests/contracts/engine/query/request-result-shape-contracts.core.test.ts:254:23
    252|       .toStatement("$n");
    253| 
    254|     expect(statement).toContain('"t0"."id" AS "id"');
       |                       ^
    255|     expect(statement).not.toContain('"t0"."secret" AS "secret"');
    256|     expect(

⎯⎯⎯⎯⎯⎯⎯⎯⎯⎯⎯⎯⎯⎯⎯⎯⎯⎯⎯⎯[174/268]⎯

 FAIL  |layer-query-engine| tests/contracts/engine/query/request-result-shape-contracts.core.test.ts > request-aware result shapes > row keys are checked as a set, not as an order
AssertionError: expected 'SELECT "q0"."_count_children" AS "_co…' to contain '"t0"."id" AS "id", "t0"."secret" AS "…'

Expected: [32m"[7m"t0"."id" AS "id[27m", "[7mt[27m0"."secret" AS "secret", "[7mt[27m0"."[7m_count_children" AS "_count_children"[27m"[39m
Received: [31m"[7mSELECT "q0"."_count_children" AS "_count_children[27m", "[7mq[27m0"."secret" AS "secret", "[7mq[27m0"."[7mid" AS "id" FROM "public"."parent" AS "q0" WHERE TRUE[27m"[39m

 ❯ tests/contracts/engine/query/request-result-shape-contracts.core.test.ts:295:23
    293| 
    294|     // The SQL list is schema order, though the request asked in the r…
    295|     expect(statement).toContain(
       |                       ^
    296|       '"t0"."id" AS "id", "t0"."secret" AS "secret", "t0"."_count_chil…
    297|     );

⎯⎯⎯⎯⎯⎯⎯⎯⎯⎯⎯⎯⎯⎯⎯⎯⎯⎯⎯⎯[175/268]⎯

 FAIL  |layer-query-engine| tests/contracts/engine/query/request-result-shape-contracts.core.test.ts > request-aware result shapes > keeps relation-count carriers distinct from same-named scalars
AssertionError: expected 'SELECT "q0"."id" AS "id", "q0"."_coun…' to contain 'AS "0viborm_relation_counts"'

Expected: [32m"AS "0viborm_relation_counts""[39m
Received: [31m"SELECT "q0"."id" AS "id", "q0"."_count_children" AS "_count_children", json_build_object($1::text, COALESCE((SELECT COUNT(*) FROM "public"."child" AS "q1" WHERE "q0"."id" = "q1"."parentId"), $2)) AS "_count" FROM "public"."parent" AS "q0" WHERE TRUE"[39m

 ❯ tests/contracts/engine/query/request-result-shape-contracts.core.test.ts:333:23
    331| 
    332|     expect(statement).toContain('AS "_count_children"');
    333|     expect(statement).toContain(`AS "${RELATION_COUNTS_RESULT_KEY}"`);
       |                       ^
    334|     expect(
    335|       parsePrepared(models.parent, "findMany", args, [

⎯⎯⎯⎯⎯⎯⎯⎯⎯⎯⎯⎯⎯⎯⎯⎯⎯⎯⎯⎯[176/268]⎯

 FAIL  |layer-query-engine| tests/contracts/engine/query/request-result-shape-contracts.core.test.ts > request-aware result shapes > uses one short exact relation-count carrier across dialects
AssertionError: expected [ Array(1) ] to have a length of 2 but got 1

[32m- Expected[39m
[31m+ Received[39m

[32m- 2[39m
[31m+ 1[39m

 ❯ tests/contracts/engine/query/request-result-shape-contracts.core.test.ts:365:43
    363|     const carrierAlias = `AS "${RELATION_COUNTS_RESULT_KEY}"`;
    364| 
    365|     expect(statement.split(carrierAlias)).toHaveLength(2);
       |                                           ^
    366|     expect(LONG_RELATION_NAME).toHaveLength(63);
    367|     expect(

⎯⎯⎯⎯⎯⎯⎯⎯⎯⎯⎯⎯⎯⎯⎯⎯⎯⎯⎯⎯[177/268]⎯

 FAIL  |layer-query-engine| tests/contracts/engine/query/request-result-shape-contracts.core.test.ts > request-aware result shapes > maps private aggregate carriers and rejects missing aggregate fields
QueryEngineError: Operation 'aggregate' on model 'grouped' publishes no single driver result to parse.
⎯⎯⎯⎯⎯⎯⎯⎯⎯⎯⎯⎯⎯⎯⎯⎯⎯⎯⎯⎯[178/268]⎯

 FAIL  |layer-query-engine| tests/contracts/engine/query/request-result-shape-contracts.core.test.ts > request-aware result shapes > fails closed when grouped scalars collide with public aggregates
AssertionError: expected [Function] to throw error including 'both grouped scalar \'_count\' and ag…' but got 'by.map is not a function'

Expected: [32m"b[7moth grouped scalar '_count' and aggregate '_count'[27m"[39m
Received: [31m"b[7my.map is not a function[27m"[39m

 ❯ tests/contracts/engine/query/request-result-shape-contracts.core.test.ts:478:7
    476|         _count: true,
    477|       })
    478|     ).toThrow("both grouped scalar '_count' and aggregate '_count'");
       |       ^
    479|     expect(() =>
    480|       engine.build(models.grouped, "groupBy", {

⎯⎯⎯⎯⎯⎯⎯⎯⎯⎯⎯⎯⎯⎯⎯⎯⎯⎯⎯⎯[179/268]⎯

 FAIL  |layer-query-engine| tests/contracts/engine/query/request-result-shape-contracts.core.test.ts > request-aware result shapes > rejects duplicate groupBy fields for a empty result
 FAIL  |layer-query-engine| tests/contracts/engine/query/request-result-shape-contracts.core.test.ts > request-aware result shapes > rejects duplicate groupBy fields for a non-empty result
AssertionError: expected [Function] to throw error matching /duplicate/i but got 'Operation \'groupBy\' on model \'grou…'

[32m- Expected:[39m 
/duplicate/i

[31m+ Received:[39m 
"Operation 'groupBy' on model 'grouped' publishes no single driver result to parse."

 ❯ tests/contracts/engine/query/request-result-shape-contracts.core.test.ts:515:7
    513|         rows
    514|       )
    515|     ).toThrow(DUPLICATE_GROUP_BY_PATTERN);
       |       ^
    516|   });
    517| 

⎯⎯⎯⎯⎯⎯⎯⎯⎯⎯⎯⎯⎯⎯⎯⎯⎯⎯⎯⎯[180/268]⎯

 FAIL  |layer-query-engine| tests/contracts/engine/query/request-result-shape-contracts.core.test.ts > request-aware result shapes > rejects inherited request key "__proto__" without a raw TypeError
 FAIL  |layer-query-engine| tests/contracts/engine/query/request-result-shape-contracts.core.test.ts > request-aware result shapes > rejects inherited request key "constructor" without a raw TypeError
 FAIL  |layer-query-engine| tests/contracts/engine/query/request-result-shape-contracts.core.test.ts > request-aware result shapes > rejects inherited request key "toString" without a raw TypeError
AssertionError: expected function to throw an error, but it didn't
 ❯ tests/contracts/engine/query/request-result-shape-contracts.core.test.ts:653:60
    651|     // request at construction, so both the prepare and the parse seam…
    652|     // same typed rejection.
    653|     expect(() => transactionOperation(findMany).prepare()).toThrow(
       |                                                            ^
    654|       ValidationError
    655|     );

⎯⎯⎯⎯⎯⎯⎯⎯⎯⎯⎯⎯⎯⎯⎯⎯⎯⎯⎯⎯[181/268]⎯

 FAIL  |layer-query-engine| tests/contracts/engine/query/request-result-shape-contracts.core.test.ts > request-aware result shapes > preserves cardinality for models with no public default scalars
AssertionError: expected 'SELECT  FROM "public"."emptyParent" A…' to contain '0viborm_empty_row'

Expected: [32m"0viborm_empty_row"[39m
Received: [31m"SELECT  FROM "public"."emptyParent" AS "q0" WHERE TRUE"[39m

 ❯ tests/contracts/engine/query/request-result-shape-contracts.core.test.ts:676:25
    674|         .build(models.emptyParent, "findMany", {})
    675|         .toStatement();
    676|       expect(statement).toContain(EMPTY_ROW_RESULT_KEY);
       |                         ^
    677|     }
    678| 

⎯⎯⎯⎯⎯⎯⎯⎯⎯⎯⎯⎯⎯⎯⎯⎯⎯⎯⎯⎯[182/268]⎯

 FAIL  |layer-query-engine| tests/contracts/engine/query/request-result-shape-contracts.core.test.ts > request-aware result shapes > fails closed on simultaneous scalar and computed _distance output
AssertionError: expected [Function] to throw error including 'cannot be selected together' but got 'Distance select supports only one _di…'

Expected: [32m"cannot be selected together"[39m
Received: [31m"Distance select supports only one _distance field per select."[39m

 ❯ tests/contracts/engine/query/request-result-shape-contracts.core.test.ts:733:7
    731|         },
    732|       })
    733|     ).toThrow("cannot be selected together");
       |       ^
    734|   });
    735| 

⎯⎯⎯⎯⎯⎯⎯⎯⎯⎯⎯⎯⎯⎯⎯⎯⎯⎯⎯⎯[183/268]⎯

 FAIL  |layer-query-engine| tests/contracts/engine/query/select-mode-capability-matrix.core.test.ts > operation executor atomic-capability refusal > operation 'create' fails before dispatch
AssertionError: expected 'Driver "no-atomic-planning" supports …' to be 'Driver \'no-atomic-planning\' support…' // Object.is equality

Expected: [32m"Driver [7m'[27mno-atomic-planning[7m'[27m supports neither transactions nor atomic batch execution."[39m
Received: [31m"Driver [7m"[27mno-atomic-planning[7m"[27m supports neither transactions nor atomic batch execution."[39m

 ❯ tests/contracts/engine/query/select-mode-capability-matrix.core.test.ts:71:30
     69|         throw new Error("Expected a TransactionError.");
     70|       }
     71|       expect(thrown.message).toBe(
       |                              ^
     72|         `Driver '${driver.driverName}' supports neither transactions n…
     73|       );

⎯⎯⎯⎯⎯⎯⎯⎯⎯⎯⎯⎯⎯⎯⎯⎯⎯⎯⎯⎯[184/268]⎯

 FAIL  |layer-query-engine| tests/contracts/engine/query/select-mode-capability-matrix.core.test.ts > operation executor atomic-capability refusal > operation 'update' fails before dispatch
 FAIL  |layer-query-engine| tests/contracts/engine/query/select-mode-capability-matrix.core.test.ts > operation executor atomic-capability refusal > operation 'upsert' fails before dispatch
AssertionError: expected QueryError: Query execution failed { …(4) } to be an instance of TransactionError
 ❯ tests/contracts/engine/query/select-mode-capability-matrix.core.test.ts:67:22
     65|       }
     66| 
     67|       expect(thrown).toBeInstanceOf(TransactionError);
       |                      ^
     68|       if (!(thrown instanceof TransactionError)) {
     69|         throw new Error("Expected a TransactionError.");

⎯⎯⎯⎯⎯⎯⎯⎯⎯⎯⎯⎯⎯⎯⎯⎯⎯⎯⎯⎯[185/268]⎯

 FAIL  |layer-query-engine| tests/contracts/engine/query/sql-generation.core.test.ts > Basic CRUD Operations > findMany > cursor without orderBy defaults to cursor field order
AssertionError: expected 'SELECT "q0"."id" AS "id", "q0"."name"…' to contain '"t0"."id" ASC'

Expected: [32m"[7m"t[27m0"."id" ASC"[39m
Received: [31m"[7mSELECT "q0"."id" AS "id", "q0"."name" AS "name", "q0"."email" AS "email", "q0"."age" AS "age", "q0"."metadata" AS "metadata" FROM "public"."Author" AS "q0" WHERE "q0"."id" >= (SELECT "q1"."id" FROM "public"."Author" AS "q1" WHERE "q1"."id" = $1 LIMIT $2) ORDER BY "q[27m0"."id" ASC[7m LIMIT $3[27m"[39m

 ❯ tests/contracts/engine/query/sql-generation.core.test.ts:301:25
    299| 
    300|       expect(statement).toContain("ORDER BY");
    301|       expect(statement).toContain('"t0"."id" ASC');
       |                         ^
    302|       expect(values).toContain("cursor-id");
    303|     });

⎯⎯⎯⎯⎯⎯⎯⎯⎯⎯⎯⎯⎯⎯⎯⎯⎯⎯⎯⎯[186/268]⎯

 FAIL  |layer-query-engine| tests/contracts/engine/query/sql-generation.core.test.ts > Basic CRUD Operations > findMany > negative take reverses a relation-order fallback recursively
AssertionError: expected 'SELECT "q0"."id" AS "id", "q0"."label…' to match /ORDER BY .*"nextId" DESC NULLS FIRST/

[32m- Expected:[39m 
/ORDER BY .*"nextId" DESC NULLS FIRST/

[31m+ Received:[39m 
"SELECT \"q0\".\"id\" AS \"id\", \"q0\".\"label\" AS \"label\", \"q0\".\"nextId\" AS \"nextId\" FROM \"public\".\"nested_order_links\" AS \"q0\" WHERE TRUE ORDER BY (SELECT \"q1\".\"nextId\" FROM \"public\".\"nested_order_links\" AS \"q1\" WHERE \"q0\".\"nextId\" = \"q1\".\"id\" LIMIT $1) DESC NULLS FIRST LIMIT $2"

 ❯ tests/contracts/engine/query/sql-generation.core.test.ts:329:25
    327|         .toStatement("$n");
    328| 
    329|       expect(statement).toMatch(ORDER_BY_NEXT_ID_DESC_NULLS_FIRST_PATT…
       |                         ^
    330|     });
    331| 

⎯⎯⎯⎯⎯⎯⎯⎯⎯⎯⎯⎯⎯⎯⎯⎯⎯⎯⎯⎯[187/268]⎯

 FAIL  |layer-query-engine| tests/contracts/engine/query/sql-generation.core.test.ts > Basic CRUD Operations > findMany > compound unique cursor uses compound whereUnique fields
AssertionError: expected 'SELECT "q0"."orgId" AS "orgId", "q0".…' to contain '"t0"."orgId"'

Expected: [32m""t0"."orgId""[39m
Received: [31m"SELECT "q0"."orgId" AS "orgId", "q0"."memberId" AS "memberId", "q0"."tenantId" AS "tenantId", "q0"."email" AS "email", "q0"."role" AS "role" FROM "public"."Membership" AS "q0" WHERE ("q0"."orgId", "q0"."memberId") >= (SELECT "q1"."orgId", "q1"."memberId" FROM "public"."Membership" AS "q1" WHERE ("q1"."orgId" = $1 AND "q1"."memberId" = $2) LIMIT $3) ORDER BY "q0"."orgId" ASC, "q0"."memberId" ASC LIMIT $4"[39m

 ❯ tests/contracts/engine/query/sql-generation.core.test.ts:340:25
    338|       });
    339| 
    340|       expect(statement).toContain('"t0"."orgId"');
       |                         ^
    341|       expect(statement).toContain('"t0"."memberId"');
    342|       expect(statement).toContain("ORDER BY");

⎯⎯⎯⎯⎯⎯⎯⎯⎯⎯⎯⎯⎯⎯⎯⎯⎯⎯⎯⎯[188/268]⎯

 FAIL  |layer-query-engine| tests/contracts/engine/query/sql-generation.core.test.ts > Basic CRUD Operations > findMany > cursor with non-cursor orderBy builds a keyset comparison (Prisma parity)
AssertionError: expected 'SELECT "q0"."id" AS "id", "q0"."name"…' to contain '"t0"."name"'

Expected: [32m""t0"."name""[39m
Received: [31m"SELECT "q0"."id" AS "id", "q0"."name" AS "name", "q0"."email" AS "email", "q0"."age" AS "age", "q0"."metadata" AS "metadata" FROM "public"."Author" AS "q0" WHERE ("q0"."name", "q0"."id") >= (SELECT "q1"."name", "q1"."id" FROM "public"."Author" AS "q1" WHERE "q1"."id" = $1 LIMIT $2) ORDER BY "q0"."name" ASC, "q0"."id" ASC LIMIT $3"[39m

 ❯ tests/contracts/engine/query/sql-generation.core.test.ts:357:25
    355|       // comes from a scalar subquery on the cursor's unique field.
    356|       expect(statement).toContain("ORDER BY");
    357|       expect(statement).toContain('"t0"."name"');
       |                         ^
    358|       expect(statement).toContain("(SELECT");
    359|       expect(values).toContain("cursor-id");

⎯⎯⎯⎯⎯⎯⎯⎯⎯⎯⎯⎯⎯⎯⎯⎯⎯⎯⎯⎯[189/268]⎯

 FAIL  |layer-query-engine| tests/contracts/engine/query/sql-generation.core.test.ts > Basic CRUD Operations > findMany > json string paths compile to the same SQL as the array form
AssertionError: expected [ 'ball', [] ] to deeply equal [ 'ball', [ 'pet', 'toys', '0' ] ]

[32m- Expected[39m
[31m+ Received[39m

[2m  [[22m
[2m    "ball",[22m
[32m-   [[39m
[32m-     "pet",[39m
[32m-     "toys",[39m
[32m-     "0",[39m
[32m-   ],[39m
[31m+   [],[39m
[2m  ][22m

 ❯ tests/contracts/engine/query/sql-generation.core.test.ts:409:33
    407| 
    408|       expect(fromString.statement).toBe(fromArray.statement);
    409|       expect(fromString.values).toEqual(fromArray.values);
       |                                 ^
    410|       expect(fromString.values).toContainEqual(["pet", "toys", "0"]);
    411|     });

⎯⎯⎯⎯⎯⎯⎯⎯⎯⎯⎯⎯⎯⎯⎯⎯⎯⎯⎯⎯[190/268]⎯

 FAIL  |layer-query-engine| tests/contracts/engine/query/sql-generation.core.test.ts > Basic CRUD Operations > findMany > json filter with only a path fails closed
AssertionError: expected [Function] to throw an error

[32m- Expected:[39m 
null

[31m+ Received:[39m 
undefined

 ❯ tests/contracts/engine/query/sql-generation.core.test.ts:422:9
    420|           },
    421|         })
    422|       ).toThrow(
       |         ^
    423|         "Filter for field 'metadata' must contain at least one operati…
    424|       );

⎯⎯⎯⎯⎯⎯⎯⎯⎯⎯⎯⎯⎯⎯⎯⎯⎯⎯⎯⎯[191/268]⎯

 FAIL  |layer-query-engine| tests/contracts/engine/query/sql-generation.core.test.ts > Basic CRUD Operations > findMany > json root and path comparisons keep number and string classes distinct
AssertionError: expected [ Array(13) ] to deeply equal ArrayContaining{…}

[32m- Expected[39m
[31m+ Received[39m

[32m- ArrayContaining [[39m
[2m  [[22m
[32m-     "score",[39m
[32m-   ],[39m
[31m+   [],[39m
[31m+   [],[39m
[2m    10,[22m
[31m+   [],[39m
[31m+   [],[39m
[2m    11,[22m
[31m+   [],[39m
[31m+   [],[39m
[2m    1,[22m
[31m+   [],[39m
[31m+   [],[39m
[2m    2,[22m
[31m+   5,[39m
[2m  ][22m

 ❯ tests/contracts/engine/query/sql-generation.core.test.ts:455:29
    453|         expect.arrayContaining(['{"status":"active"}', '{"archived":tr…
    454|       );
    455|       expect(scoped.values).toEqual(
       |                             ^
    456|         expect.arrayContaining([["score"], 10, 11, 1, 2])
    457|       );

⎯⎯⎯⎯⎯⎯⎯⎯⎯⎯⎯⎯⎯⎯⎯⎯⎯⎯⎯⎯[192/268]⎯

 FAIL  |layer-query-engine| tests/contracts/engine/query/sql-generation.core.test.ts > Basic CRUD Operations > findMany > json string operators inherit and can override case-folding scope
AssertionError: expected [ 'TRANSLATE', 'TRANSLATE', …(2) ] to have a length of 2 but got 4

[32m- Expected[39m
[31m+ Received[39m

[32m- 2[39m
[31m+ 4[39m

 ❯ tests/contracts/engine/query/sql-generation.core.test.ts:493:56
    491|         expect.arrayContaining(["AR", "A", "D", "BOT"])
    492|       );
    493|       expect(overridden.statement.match(/TRANSLATE/g)).toHaveLength(2);
       |                                                        ^
    494|       expect(overridden.values).toEqual(
    495|         expect.arrayContaining(["AR", "Exact"])

⎯⎯⎯⎯⎯⎯⎯⎯⎯⎯⎯⎯⎯⎯⎯⎯⎯⎯⎯⎯[193/268]⎯

 FAIL  |layer-query-engine| tests/contracts/engine/query/sql-generation.core.test.ts > Basic CRUD Operations > findMany > json null at the root and under a path remain different questions
AssertionError: expected 'SELECT "q0"."id" AS "id", "q0"."name"…' to contain 'IS NOT NULL'

Expected: [32m"[7mIS NOT[27m NULL"[39m
Received: [31m"[7mSELECT "q0"."id" AS "id", "q0"."name" AS "name", "q0"."email" AS "email", "q0"."age" AS "age", "q0"."metadata" AS "metadata" FROM "public"."Author" AS "q0" WHERE NOT ("q0"."metadata" IS[27m NULL[7m)[27m"[39m

 ❯ tests/contracts/engine/query/sql-generation.core.test.ts:553:33
    551| 
    552|       expect(root.statement).toContain("IS NULL");
    553|       expect(rootNot.statement).toContain("IS NOT NULL");
       |                                 ^
    554|       expect(nested.statement).not.toContain('"metadata" IS NULL');
    555|       expect(nestedNot.statement).not.toContain('"metadata" IS NOT NUL…

⎯⎯⎯⎯⎯⎯⎯⎯⎯⎯⎯⎯⎯⎯⎯⎯⎯⎯⎯⎯[194/268]⎯

 FAIL  |layer-query-engine| tests/contracts/engine/query/sql-generation.core.test.ts > Basic CRUD Operations > findMany > refuses non-portable JSON string path status
 FAIL  |layer-query-engine| tests/contracts/engine/query/sql-generation.core.test.ts > Basic CRUD Operations > findMany > refuses non-portable JSON string path $.
 FAIL  |layer-query-engine| tests/contracts/engine/query/sql-generation.core.test.ts > Basic CRUD Operations > findMany > refuses non-portable JSON string path $.*
 FAIL  |layer-query-engine| tests/contracts/engine/query/sql-generation.core.test.ts > Basic CRUD Operations > findMany > refuses non-portable JSON string path $[last]
 FAIL  |layer-query-engine| tests/contracts/engine/query/sql-generation.core.test.ts > Basic CRUD Operations > findMany > refuses non-portable JSON string path $[0
 FAIL  |layer-query-engine| tests/contracts/engine/query/sql-generation.core.test.ts > Basic CRUD Operations > findMany > refuses non-portable JSON string path $status
AssertionError: expected [Function] to throw an error

[32m- Expected:[39m 
null

[31m+ Received:[39m 
undefined

 ❯ tests/contracts/engine/query/sql-generation.core.test.ts:570:9
    568|           where: { metadata: { path, equals: "active" } },
    569|         })
    570|       ).toThrow(message);
       |         ^
    571|     });
    572| 

⎯⎯⎯⎯⎯⎯⎯⎯⎯⎯⎯⎯⎯⎯⎯⎯⎯⎯⎯⎯[195/268]⎯

 FAIL  |layer-query-engine| tests/contracts/engine/query/sql-generation.core.test.ts > Basic CRUD Operations > findMany > refuses path segments whose escaping is not portable
AssertionError: expected [Function] to throw an error

[32m- Expected:[39m 
null

[31m+ Received:[39m 
undefined

 ❯ tests/contracts/engine/query/sql-generation.core.test.ts:579:11
    577|             where: { metadata: { path, equals: "active" } },
    578|           })
    579|         ).toThrow(PORTABLE_JSON_PATH_PATTERN);
       |           ^
    580|       }
    581|     });

⎯⎯⎯⎯⎯⎯⎯⎯⎯⎯⎯⎯⎯⎯⎯⎯⎯⎯⎯⎯[196/268]⎯

 FAIL  |layer-query-engine| tests/contracts/engine/query/sql-generation.core.test.ts > Basic CRUD Operations > findMany > empty accepted scalar filter fails closed
AssertionError: expected [Function] to throw an error

[32m- Expected:[39m 
null

[31m+ Received:[39m 
undefined

 ❯ tests/contracts/engine/query/sql-generation.core.test.ts:590:9
    588|           },
    589|         })
    590|       ).toThrow("Filter for field 'name' must contain at least one ope…
       |         ^
    591|     });
    592| 

⎯⎯⎯⎯⎯⎯⎯⎯⎯⎯⎯⎯⎯⎯⎯⎯⎯⎯⎯⎯[197/268]⎯

 FAIL  |layer-query-engine| tests/contracts/engine/query/sql-generation.core.test.ts > Basic CRUD Operations > findMany > empty accepted relation filter fails closed
AssertionError: expected [Function] to throw an error

[32m- Expected:[39m 
null

[31m+ Received:[39m 
undefined

 ❯ tests/contracts/engine/query/sql-generation.core.test.ts:600:9
    598|           },
    599|         })
    600|       ).toThrow("Relation filter 'posts' requires one of: some, every,…
       |         ^
    601|     });
    602| 

⎯⎯⎯⎯⎯⎯⎯⎯⎯⎯⎯⎯⎯⎯⎯⎯⎯⎯⎯⎯[198/268]⎯

 FAIL  |layer-query-engine| tests/contracts/engine/query/sql-generation.core.test.ts > Basic CRUD Operations > findMany > to-one relation scalar orderBy joins related table
AssertionError: expected 'SELECT "q0"."id" AS "id", "q0"."title…' to match /LEFT JOIN/i

[32m- Expected:[39m 
/LEFT JOIN/i

[31m+ Received:[39m 
"SELECT \"q0\".\"id\" AS \"id\", \"q0\".\"title\" AS \"title\", \"q0\".\"content\" AS \"content\", \"q0\".\"published\" AS \"published\", \"q0\".\"views\" AS \"views\", \"q0\".\"authorId\" AS \"authorId\" FROM \"public\".\"posts\" AS \"q0\" WHERE TRUE ORDER BY (SELECT \"q1\".\"name\" FROM \"public\".\"Author\" AS \"q1\" WHERE \"q0\".\"authorId\" = \"q1\".\"id\" LIMIT $1) ASC"

 ❯ tests/contracts/engine/query/sql-generation.core.test.ts:619:25
    617|       });
    618| 
    619|       expect(statement).toMatch(LEFT_JOIN_SQL);
       |                         ^
    620|       expect(statement).toContain('ORDER BY "t1"."name" ASC');
    621|     });

⎯⎯⎯⎯⎯⎯⎯⎯⎯⎯⎯⎯⎯⎯⎯⎯⎯⎯⎯⎯[199/268]⎯

 FAIL  |layer-query-engine| tests/contracts/engine/query/sql-generation.core.test.ts > Basic CRUD Operations > findMany > to-many relation _count orderBy uses count subquery
AssertionError: expected 'SELECT "q0"."id" AS "id", "q0"."name"…' to match /ORDER BY \(SELECT COUNT\(\*\)/i

[32m- Expected:[39m 
/ORDER BY \(SELECT COUNT\(\*\)/i

[31m+ Received:[39m 
"SELECT \"q0\".\"id\" AS \"id\", \"q0\".\"name\" AS \"name\", \"q0\".\"email\" AS \"email\", \"q0\".\"age\" AS \"age\", \"q0\".\"metadata\" AS \"metadata\" FROM \"public\".\"Author\" AS \"q0\" WHERE TRUE ORDER BY COALESCE((SELECT COUNT(*) FROM \"public\".\"posts\" AS \"q1\" WHERE \"q0\".\"id\" = \"q1\".\"authorId\"), $1) DESC"

 ❯ tests/contracts/engine/query/sql-generation.core.test.ts:740:25
    738| 
    739|       expect(statement).not.toMatch(LEFT_JOIN_SQL);
    740|       expect(statement).toMatch(ORDER_BY_COUNT_SQL);
       |                         ^
    741|       expect(statement).toContain('FROM "public"."posts" AS "t1"');
    742|       expect(statement).toMatch(DESC_SQL);

⎯⎯⎯⎯⎯⎯⎯⎯⎯⎯⎯⎯⎯⎯⎯⎯⎯⎯⎯⎯[200/268]⎯

 FAIL  |layer-query-engine| tests/contracts/engine/query/sql-generation.core.test.ts > Basic CRUD Operations > findUnique > by id
AssertionError: expected 'SELECT "q0"."id" AS "id", "q0"."name"…' to contain 'LIMIT'

Expected: [32m"LIMIT"[39m
Received: [31m"SELECT "q0"."id" AS "id", "q0"."name" AS "name", "q0"."email" AS "email", "q0"."age" AS "age", "q0"."metadata" AS "metadata" FROM "public"."Author" AS "q0" WHERE "q0"."id" = $1"[39m

 ❯ tests/contracts/engine/query/sql-generation.core.test.ts:821:25
    819|       expect(statement).toContain("WHERE");
    820|       expect(values).toContain("author-1");
    821|       expect(statement).toContain("LIMIT");
       |                         ^
    822|     });
    823| 

⎯⎯⎯⎯⎯⎯⎯⎯⎯⎯⎯⎯⎯⎯⎯⎯⎯⎯⎯⎯[201/268]⎯

 FAIL  |layer-query-engine| tests/contracts/engine/query/sql-generation.core.test.ts > Basic CRUD Operations > create > simple create
QueryEngineError: Operation 'create' does not compile to one SQL statement. Execute the operation instead.
⎯⎯⎯⎯⎯⎯⎯⎯⎯⎯⎯⎯⎯⎯⎯⎯⎯⎯⎯⎯[202/268]⎯

 FAIL  |layer-query-engine| tests/contracts/engine/query/sql-generation.core.test.ts > Basic CRUD Operations > create > with defaults
QueryEngineError: Operation 'create' does not compile to one SQL statement. Execute the operation instead.
⎯⎯⎯⎯⎯⎯⎯⎯⎯⎯⎯⎯⎯⎯⎯⎯⎯⎯⎯⎯[203/268]⎯

 FAIL  |layer-query-engine| tests/contracts/engine/query/sql-generation.core.test.ts > Basic CRUD Operations > update > simple update
QueryEngineError: Operation 'update' does not compile to one SQL statement. Execute the operation instead.
⎯⎯⎯⎯⎯⎯⎯⎯⎯⎯⎯⎯⎯⎯⎯⎯⎯⎯⎯⎯[204/268]⎯

 FAIL  |layer-query-engine| tests/contracts/engine/query/sql-generation.core.test.ts > Basic CRUD Operations > update > empty where fails before SQL generation
AssertionError: expected [Function] to throw error including 'Object cannot be empty' but got 'Operation \'update\' does not compile…'

Expected: [32m"O[7mbject cannot be empty[27m"[39m
Received: [31m"O[7mperation 'update' does not compile to one SQL statement. Execute the operation instead.[27m"[39m

 ❯ tests/contracts/engine/query/sql-generation.core.test.ts:906:9
    904|           data: { name: "Alice Updated" },
    905|         })
    906|       ).toThrow("Object cannot be empty");
       |         ^
    907|     });
    908|   });

⎯⎯⎯⎯⎯⎯⎯⎯⎯⎯⎯⎯⎯⎯⎯⎯⎯⎯⎯⎯[205/268]⎯

 FAIL  |layer-query-engine| tests/contracts/engine/query/sql-generation.core.test.ts > Basic CRUD Operations > delete > a scalar delete on a RETURNING driver is ONE statement
QueryEngineError: Operation 'delete' does not compile to one SQL statement. Execute the operation instead.
⎯⎯⎯⎯⎯⎯⎯⎯⎯⎯⎯⎯⎯⎯⎯⎯⎯⎯⎯⎯[206/268]⎯

 FAIL  |layer-query-engine| tests/contracts/engine/query/sql-generation.core.test.ts > Basic CRUD Operations > delete > empty where fails before SQL generation
AssertionError: expected [Function] to throw error including 'Object cannot be empty' but got 'Operation \'delete\' does not compile…'

Expected: [32m"O[7mbject cannot be empty[27m"[39m
Received: [31m"O[7mperation 'delete' does not compile to one SQL statement. Execute the operation instead.[27m"[39m

 ❯ tests/contracts/engine/query/sql-generation.core.test.ts:954:9
    952|           where: {},
    953|         })
    954|       ).toThrow("Object cannot be empty");
       |         ^
    955|     });
    956|   });

⎯⎯⎯⎯⎯⎯⎯⎯⎯⎯⎯⎯⎯⎯⎯⎯⎯⎯⎯⎯[207/268]⎯

 FAIL  |layer-query-engine| tests/contracts/engine/query/sql-generation.core.test.ts > Basic CRUD Operations > upsert > empty where fails before SQL generation
AssertionError: expected [Function] to throw error including 'Object cannot be empty' but got 'Operation \'upsert\' does not compile…'

Expected: [32m"O[7mbject cannot be empty[27m"[39m
Received: [31m"O[7mperation 'upsert' does not compile to one SQL statement. Execute the operation instead.[27m"[39m

 ❯ tests/contracts/engine/query/sql-generation.core.test.ts:1000:9
    998|           update: { name: "Alice Updated" },
    999|         })
    1000|       ).toThrow("Object cannot be empty");
       |         ^
    1001|     });
    1002| 

⎯⎯⎯⎯⎯⎯⎯⎯⎯⎯⎯⎯⎯⎯⎯⎯⎯⎯⎯⎯[208/268]⎯

 FAIL  |layer-query-engine| tests/contracts/engine/query/sql-generation.core.test.ts > Select/Include (Relation Loading) > nested selects (2-3 levels deep) > author -> posts -> comments
AssertionError: expected 0 to be greater than or equal to 2
 ❯ tests/contracts/engine/query/sql-generation.core.test.ts:1096:28
    1094|       // Should use recursive LATERAL joins for nested includes (posts…
    1095|       const lateralCount = (statement.match(/LEFT JOIN LATERAL/g) ?? […
    1096|       expect(lateralCount).toBeGreaterThanOrEqual(2);
       |                            ^
    1097|     });
    1098|   });

⎯⎯⎯⎯⎯⎯⎯⎯⎯⎯⎯⎯⎯⎯⎯⎯⎯⎯⎯⎯[209/268]⎯

 FAIL  |layer-query-engine| tests/contracts/engine/query/sql-generation.core.test.ts > Relation Filters in WHERE > to-many filters > combines all supplied filters independent of key order
AssertionError: expected 'SELECT "q0"."id" AS "id", "q0"."name"…' to be 'SELECT "q0"."id" AS "id", "q0"."name"…' // Object.is equality

Expected: [32m"SELECT "q0"."id" AS "id", "q0"."name" AS "name", "q0"."email" AS "email", "q0"."age" AS "age", "q0"."metadata" AS "metadata" FROM "public"."Author" AS "q0" WHERE ([7mNOT [27mEXISTS (SELECT 1 FROM "public"."posts" AS "q1" WHERE ("q0"."id" = "q1"."authorId" AND "q1"."title" = $1)) AND NOT EXISTS (SELECT 1 FROM "public"."posts" AS "q2" WHERE ("q0"."id" = "q2"."authorId" AND NOT ("q2"."title" = $2))) AND EXISTS (SELECT 1 FROM "public"."posts" AS "q3" WHERE ("q0"."id" = "q3"."authorId" AND "q3"."title" = $3)))"[39m
Received: [31m"SELECT "q0"."id" AS "id", "q0"."name" AS "name", "q0"."email" AS "email", "q0"."age" AS "age", "q0"."metadata" AS "metadata" FROM "public"."Author" AS "q0" WHERE (EXISTS (SELECT 1 FROM "public"."posts" AS "q1" WHERE ("q0"."id" = "q1"."authorId" AND "q1"."title" = $1)) AND NOT EXISTS (SELECT 1 FROM "public"."posts" AS "q2" WHERE ("q0"."id" = "q2"."authorId" AND NOT ("q2"."title" = $2))) AND [7mNOT [27mEXISTS (SELECT 1 FROM "public"."posts" AS "q3" WHERE ("q0"."id" = "q3"."authorId" AND "q3"."title" = $3)))"[39m

 ❯ tests/contracts/engine/query/sql-generation.core.test.ts:1242:33
    1240|       });
    1241| 
    1242|       expect(ordered.statement).toBe(reordered.statement);
       |                                 ^
    1243|       expect(ordered.values).toEqual(reordered.values);
    1244|       expect(ordered.statement.match(/EXISTS/g)).toHaveLength(3);

⎯⎯⎯⎯⎯⎯⎯⎯⎯⎯⎯⎯⎯⎯⎯⎯⎯⎯⎯⎯[210/268]⎯

 FAIL  |layer-query-engine| tests/contracts/engine/query/sql-generation.core.test.ts > Relation Filters in WHERE > to-many filters > empty every predicates lower to portable true
AssertionError: expected 'SELECT "q0"."id" AS "id", "q0"."name"…' not to contain 'EXISTS'

Expected: [32m"EXISTS"[39m
Received: [31m"SELECT "q0"."id" AS "id", "q0"."name" AS "name", "q0"."email" AS "email", "q0"."age" AS "age", "q0"."metadata" AS "metadata" FROM "public"."Author" AS "q0" WHERE NOT EXISTS (SELECT 1 FROM "public"."posts" AS "q1" WHERE ("q0"."id" = "q1"."authorId" AND NOT (TRUE)))"[39m

 ❯ tests/contracts/engine/query/sql-generation.core.test.ts:1261:35
    1259|       });
    1260| 
    1261|       expect(empty.statement).not.toContain("EXISTS");
       |                                   ^
    1262|       expect(normalizedEmpty.statement).not.toContain("EXISTS");
    1263|       expect(empty.statement).toContain("TRUE");

⎯⎯⎯⎯⎯⎯⎯⎯⎯⎯⎯⎯⎯⎯⎯⎯⎯⎯⎯⎯[211/268]⎯

 FAIL  |layer-query-engine| tests/contracts/engine/query/sql-generation.core.test.ts > Relation Filters in WHERE > to-one filters > combines is and isNot independent of key order
AssertionError: expected 'SELECT "q0"."id" AS "id", "q0"."title…' to be 'SELECT "q0"."id" AS "id", "q0"."title…' // Object.is equality

Expected: [32m"SELECT "q0"."id" AS "id", "q0"."title" AS "title", "q0"."content" AS "content", "q0"."published" AS "published", "q0"."views" AS "views", "q0"."authorId" AS "authorId" FROM "public"."posts" AS "q0" WHERE ([7mNOT [27mEXISTS (SELECT 1 FROM "public"."Author" AS "q1" WHERE ("q0"."authorId" = "q1"."id" AND "q1"."name" = $1)) AND EXISTS (SELECT 1 FROM "public"."Author" AS "q2" WHERE ("q0"."authorId" = "q2"."id" AND "q2"."name" = $2)))"[39m
Received: [31m"SELECT "q0"."id" AS "id", "q0"."title" AS "title", "q0"."content" AS "content", "q0"."published" AS "published", "q0"."views" AS "views", "q0"."authorId" AS "authorId" FROM "public"."posts" AS "q0" WHERE (EXISTS (SELECT 1 FROM "public"."Author" AS "q1" WHERE ("q0"."authorId" = "q1"."id" AND "q1"."name" = $1)) AND [7mNOT [27mEXISTS (SELECT 1 FROM "public"."Author" AS "q2" WHERE ("q0"."authorId" = "q2"."id" AND "q2"."name" = $2)))"[39m

 ❯ tests/contracts/engine/query/sql-generation.core.test.ts:1312:33
    1310|       });
    1311| 
    1312|       expect(ordered.statement).toBe(reordered.statement);
       |                                 ^
    1313|       expect(ordered.values).toEqual(reordered.values);
    1314|       expect(ordered.statement.match(/EXISTS/g)).toHaveLength(2);

⎯⎯⎯⎯⎯⎯⎯⎯⎯⎯⎯⎯⎯⎯⎯⎯⎯⎯⎯⎯[212/268]⎯

 FAIL  |layer-query-engine| tests/contracts/engine/query/sql-generation.core.test.ts > Many-to-Many Relations > select with manyToMany relation > select tags on post
AssertionError: expected 'SELECT "q0"."id" AS "id", "q0"."title…' to contain 'LEFT JOIN LATERAL'

Expected: [32m"LEFT JOIN LATERAL"[39m
Received: [31m"SELECT "q0"."id" AS "id", "q0"."title" AS "title", (SELECT COALESCE(COALESCE(json_agg(json_build_object($1::text, "q3"."id", $2::text, "q3"."name")), '[]'::json), '[]'::json) FROM (SELECT "q1"."id" AS "id", "q1"."name" AS "name" FROM "public"."tags" AS "q1" WHERE EXISTS (SELECT 1 FROM "public"."post_tag" AS "q2" WHERE ("q2"."postId" = "q0"."id" AND "q2"."tagId" = "q1"."id"))) AS "q3") AS "tags" FROM "public"."posts" AS "q0" WHERE TRUE"[39m

 ❯ tests/contracts/engine/query/sql-generation.core.test.ts:1386:25
    1384|       expect(statement).toContain("SELECT");
    1385|       // Should use LATERAL join strategy for includes (PostgreSQL ada…
    1386|       expect(statement).toContain("LEFT JOIN LATERAL");
       |                         ^
    1387|       expect(statement).toContain('"post_tag"');
    1388|     });

⎯⎯⎯⎯⎯⎯⎯⎯⎯⎯⎯⎯⎯⎯⎯⎯⎯⎯⎯⎯[213/268]⎯

 FAIL  |layer-query-engine| tests/contracts/engine/query/sql-generation.core.test.ts > Many-to-Many Relations > select with manyToMany relation > select posts on tag
AssertionError: expected 'SELECT "q0"."id" AS "id", "q0"."name"…' to contain 'LEFT JOIN LATERAL'

Expected: [32m"LEFT JOIN LATERAL"[39m
Received: [31m"SELECT "q0"."id" AS "id", "q0"."name" AS "name", (SELECT COALESCE(COALESCE(json_agg(json_build_object($1::text, "q3"."id", $2::text, "q3"."title")), '[]'::json), '[]'::json) FROM (SELECT "q1"."id" AS "id", "q1"."title" AS "title" FROM "public"."posts" AS "q1" WHERE EXISTS (SELECT 1 FROM "public"."post_tag" AS "q2" WHERE ("q2"."tagId" = "q0"."id" AND "q2"."postId" = "q1"."id"))) AS "q3") AS "posts" FROM "public"."tags" AS "q0" WHERE TRUE"[39m

 ❯ tests/contracts/engine/query/sql-generation.core.test.ts:1400:25
    1398| 
    1399|       expect(statement).toContain("SELECT");
    1400|       expect(statement).toContain("LEFT JOIN LATERAL");
       |                         ^
    1401|       expect(statement).toContain('"post_tag"');
    1402|     });

⎯⎯⎯⎯⎯⎯⎯⎯⎯⎯⎯⎯⎯⎯⎯⎯⎯⎯⎯⎯[214/268]⎯

 FAIL  |layer-query-engine| tests/contracts/engine/query/sql-generation.core.test.ts > Many-to-Many Relations > filter with manyToMany > combines all supplied filters through the junction independent of key order
AssertionError: expected 'SELECT "q0"."id" AS "id", "q0"."title…' to be 'SELECT "q0"."id" AS "id", "q0"."title…' // Object.is equality

Expected: [32m"SELECT "q0"."id" AS "id", "q0"."title" AS "title", "q0"."content" AS "content", "q0"."published" AS "published", "q0"."views" AS "views", "q0"."authorId" AS "authorId" FROM "public"."posts" AS "q0" WHERE ([7mNOT [27mEXISTS (SELECT 1 FROM "public"."tags" AS "q1" WHERE (EXISTS (SELECT 1 FROM "public"."post_tag" AS "q2" WHERE ("q2"."postId" = "q0"."id" AND "q2"."tagId" = "q1"."id")) AND "q1"."name" = $1)) AND NOT EXISTS (SELECT 1 FROM "public"."tags" AS "q3" WHERE (EXISTS (SELECT 1 FROM "public"."post_tag" AS "q4" WHERE ("q4"."postId" = "q0"."id" AND "q4"."tagId" = "q3"."id")) AND NOT ("q3"."name" = $2))) AND EXISTS (SELECT 1 FROM "public"."tags" AS "q5" WHERE (EXISTS (SELECT 1 FROM "public"."post_tag" AS "q6" WHERE ("q6"."postId" = "q0"."id" AND "q6"."tagId" = "q5"."id")) AND "q5"."name" = $3)))"[39m
Received: [31m"SELECT "q0"."id" AS "id", "q0"."title" AS "title", "q0"."content" AS "content", "q0"."published" AS "published", "q0"."views" AS "views", "q0"."authorId" AS "authorId" FROM "public"."posts" AS "q0" WHERE (EXISTS (SELECT 1 FROM "public"."tags" AS "q1" WHERE (EXISTS (SELECT 1 FROM "public"."post_tag" AS "q2" WHERE ("q2"."postId" = "q0"."id" AND "q2"."tagId" = "q1"."id")) AND "q1"."name" = $1)) AND NOT EXISTS (SELECT 1 FROM "public"."tags" AS "q3" WHERE (EXISTS (SELECT 1 FROM "public"."post_tag" AS "q4" WHERE ("q4"."postId" = "q0"."id" AND "q4"."tagId" = "q3"."id")) AND NOT ("q3"."name" = $2))) AND [7mNOT [27mEXISTS (SELECT 1 FROM "public"."tags" AS "q5" WHERE (EXISTS (SELECT 1 FROM "public"."post_tag" AS "q6" WHERE ("q6"."postId" = "q0"."id" AND "q6"."tagId" = "q5"."id")) AND "q5"."name" = $3)))"[39m

 ❯ tests/contracts/engine/query/sql-generation.core.test.ts:1462:33
    1460|       });
    1461| 
    1462|       expect(ordered.statement).toBe(reordered.statement);
       |                                 ^
    1463|       expect(ordered.values).toEqual(reordered.values);
    1464|       expect(ordered.statement.match(/EXISTS/g)).toHaveLength(3);

⎯⎯⎯⎯⎯⎯⎯⎯⎯⎯⎯⎯⎯⎯⎯⎯⎯⎯⎯⎯[215/268]⎯

 FAIL  |layer-query-engine| tests/contracts/engine/query/sql-generation.core.test.ts > Many-to-Many Relations > filter with manyToMany > empty every through the junction lowers to portable true
AssertionError: expected 'SELECT "q0"."id" AS "id", "q0"."title…' not to contain 'EXISTS'

Expected: [32m"EXISTS"[39m
Received: [31m"SELECT "q0"."id" AS "id", "q0"."title" AS "title", "q0"."content" AS "content", "q0"."published" AS "published", "q0"."views" AS "views", "q0"."authorId" AS "authorId" FROM "public"."posts" AS "q0" WHERE NOT EXISTS (SELECT 1 FROM "public"."tags" AS "q1" WHERE (EXISTS (SELECT 1 FROM "public"."post_tag" AS "q2" WHERE ("q2"."postId" = "q0"."id" AND "q2"."tagId" = "q1"."id")) AND NOT (TRUE)))"[39m

 ❯ tests/contracts/engine/query/sql-generation.core.test.ts:1477:35
    1475|       });
    1476| 
    1477|       expect(empty.statement).not.toContain("EXISTS");
       |                                   ^
    1478|       expect(empty.statement).not.toContain("post_tag");
    1479|       expect(normalizedEmpty.statement).not.toContain("EXISTS");

⎯⎯⎯⎯⎯⎯⎯⎯⎯⎯⎯⎯⎯⎯⎯⎯⎯⎯⎯⎯[216/268]⎯

 FAIL  |layer-query-engine| tests/contracts/engine/query/sql-generation.core.test.ts > Multi-step writes > create with nested > create with nested create builds ONE folded statement
QueryEngineError: Operation 'create' does not compile to one SQL statement. Execute the operation instead.
⎯⎯⎯⎯⎯⎯⎯⎯⎯⎯⎯⎯⎯⎯⎯⎯⎯⎯⎯⎯[217/268]⎯

 FAIL  |layer-query-engine| tests/contracts/engine/query/sql-generation.core.test.ts > Multi-step writes > create with nested > create with nested createMany builds ONE folded statement
QueryEngineError: Operation 'create' does not compile to one SQL statement. Execute the operation instead.
⎯⎯⎯⎯⎯⎯⎯⎯⎯⎯⎯⎯⎯⎯⎯⎯⎯⎯⎯⎯[218/268]⎯

 FAIL  |layer-query-engine| tests/contracts/engine/query/sql-generation.core.test.ts > Multi-step writes > update with nested > a required relation publishes no disconnect at all
AssertionError: expected error to be instance of ValidationError

[32m- Expected:[39m 
[Function ValidationError]

[31m+ Received:[39m 
QueryEngineError {
  "message": "Operation 'update' does not compile to one SQL statement. Execute the operation instead.",
  "code": "V9001",
  "originalCause": undefined,
  "meta": {},
  "timestamp": 2026-09-16T20:55:46.957Z,
  "name": "QueryEngineError",
}

 ❯ tests/contracts/engine/query/sql-generation.core.test.ts:1657:9
    1655|           },
    1656|         })
    1657|       ).toThrow(ValidationError);
       |         ^
    1658|     });
    1659| 

⎯⎯⎯⎯⎯⎯⎯⎯⎯⎯⎯⎯⎯⎯⎯⎯⎯⎯⎯⎯[219/268]⎯

 FAIL  |layer-query-engine| tests/contracts/engine/query/sql-generation.core.test.ts > Multi-step writes > dialect top-level relation-filter mutations > 'PostgreSQL' updateMany relation filter stays correlated to the target table
QueryEngineError: Operation 'updateMany' does not compile to one SQL statement. Execute the operation instead.
⎯⎯⎯⎯⎯⎯⎯⎯⎯⎯⎯⎯⎯⎯⎯⎯⎯⎯⎯⎯[220/268]⎯

 FAIL  |layer-query-engine| tests/contracts/engine/query/sql-generation.core.test.ts > Multi-step writes > dialect top-level relation-filter mutations > 'SQLite' updateMany relation filter stays correlated to the target table
QueryEngineError: Operation 'updateMany' does not compile to one SQL statement. Execute the operation instead.
⎯⎯⎯⎯⎯⎯⎯⎯⎯⎯⎯⎯⎯⎯⎯⎯⎯⎯⎯⎯[221/268]⎯

 FAIL  |layer-query-engine| tests/contracts/engine/query/sql-generation.core.test.ts > Multi-step writes > dialect top-level relation-filter mutations > 'MySQL' updateMany relation filter stays correlated to the target table
QueryEngineError: Operation 'updateMany' does not compile to one SQL statement. Execute the operation instead.
⎯⎯⎯⎯⎯⎯⎯⎯⎯⎯⎯⎯⎯⎯⎯⎯⎯⎯⎯⎯[222/268]⎯

 FAIL  |layer-query-engine| tests/contracts/engine/query/sql-generation.core.test.ts > Multi-step writes > dialect top-level relation-filter mutations > 'PostgreSQL' deleteMany relation filter stays correlated to the target table
QueryEngineError: Operation 'deleteMany' does not compile to one SQL statement. Execute the operation instead.
⎯⎯⎯⎯⎯⎯⎯⎯⎯⎯⎯⎯⎯⎯⎯⎯⎯⎯⎯⎯[223/268]⎯

 FAIL  |layer-query-engine| tests/contracts/engine/query/sql-generation.core.test.ts > Multi-step writes > dialect top-level relation-filter mutations > 'SQLite' deleteMany relation filter stays correlated to the target table
QueryEngineError: Operation 'deleteMany' does not compile to one SQL statement. Execute the operation instead.
⎯⎯⎯⎯⎯⎯⎯⎯⎯⎯⎯⎯⎯⎯⎯⎯⎯⎯⎯⎯[224/268]⎯

 FAIL  |layer-query-engine| tests/contracts/engine/query/sql-generation.core.test.ts > Multi-step writes > dialect top-level relation-filter mutations > 'MySQL' deleteMany relation filter stays correlated to the target table
QueryEngineError: Operation 'deleteMany' does not compile to one SQL statement. Execute the operation instead.
⎯⎯⎯⎯⎯⎯⎯⎯⎯⎯⎯⎯⎯⎯⎯⎯⎯⎯⎯⎯[225/268]⎯

 FAIL  |layer-query-engine| tests/contracts/engine/query/sql-generation.core.test.ts > Aggregates > count > with order and pagination counts an input subquery
AssertionError: expected 'SELECT COUNT(*) AS "_count" FROM (SEL…' to contain 'aggregate_input'

Expected: [32m"aggregate_input"[39m
Received: [31m"SELECT COUNT(*) AS "_count" FROM (SELECT $1 AS "0viborm_row" FROM "public"."Author" AS "q0" WHERE TRUE ORDER BY "q0"."age" DESC NULLS FIRST, "q0"."id" ASC LIMIT $2 OFFSET $3) AS "q1""[39m

 ❯ tests/contracts/engine/query/sql-generation.core.test.ts:1762:25
    1760|       expect(statement).toContain("COUNT");
    1761|       expect(statement).toContain("FROM (SELECT");
    1762|       expect(statement).toContain("aggregate_input");
       |                         ^
    1763|       expect(statement).toContain("ORDER BY");
    1764|       expect(statement).toMatch(DESC_REGEX);

⎯⎯⎯⎯⎯⎯⎯⎯⎯⎯⎯⎯⎯⎯⎯⎯⎯⎯⎯⎯[226/268]⎯

 FAIL  |layer-query-engine| tests/contracts/engine/query/sql-generation.core.test.ts > Aggregates > count > with cursor pagination counts an input subquery
AssertionError: expected 'SELECT COUNT(*) AS "_count" FROM (SEL…' to contain 'aggregate_input'

Expected: [32m"aggregate_input"[39m
Received: [31m"SELECT COUNT(*) AS "_count" FROM (SELECT $1 AS "0viborm_row" FROM "public"."Author" AS "q0" WHERE "q0"."id" >= (SELECT "q1"."id" FROM "public"."Author" AS "q1" WHERE "q1"."id" = $2 LIMIT $3) ORDER BY "q0"."id" ASC LIMIT $4 OFFSET $5) AS "q2""[39m

 ❯ tests/contracts/engine/query/sql-generation.core.test.ts:1780:25
    1778|       expect(statement).toContain("COUNT");
    1779|       expect(statement).toContain("FROM (SELECT");
    1780|       expect(statement).toContain("aggregate_input");
       |                         ^
    1781|       expect(statement).toContain("ORDER BY");
    1782|       expect(statement).toContain("LIMIT");

⎯⎯⎯⎯⎯⎯⎯⎯⎯⎯⎯⎯⎯⎯⎯⎯⎯⎯⎯⎯[227/268]⎯

 FAIL  |layer-query-engine| tests/contracts/engine/query/sql-generation.core.test.ts > Aggregates > count > with supported relation order counts an input subquery
AssertionError: expected 'SELECT COUNT(*) AS "_count" FROM (SEL…' to match /LEFT JOIN/i

[32m- Expected:[39m 
/LEFT JOIN/i

[31m+ Received:[39m 
"SELECT COUNT(*) AS \"_count\" FROM (SELECT $1 AS \"0viborm_row\" FROM \"public\".\"posts\" AS \"q0\" WHERE TRUE ORDER BY (SELECT \"q1\".\"name\" FROM \"public\".\"Author\" AS \"q1\" WHERE \"q0\".\"authorId\" = \"q1\".\"id\" LIMIT $2) ASC LIMIT $3) AS \"q2\""

 ❯ tests/contracts/engine/query/sql-generation.core.test.ts:1796:25
    1794| 
    1795|       expect(statement).toContain("FROM (SELECT");
    1796|       expect(statement).toMatch(LEFT_JOIN_SQL);
       |                         ^
    1797|       expect(statement).toContain('ORDER BY "t1"."name" ASC');
    1798|       expect(statement).toContain("LIMIT");

⎯⎯⎯⎯⎯⎯⎯⎯⎯⎯⎯⎯⎯⎯⎯⎯⎯⎯⎯⎯[228/268]⎯

 FAIL  |layer-query-engine| tests/contracts/engine/query/sql-generation.core.test.ts > Aggregates > aggregate > projects selected count members and ignores false selections
AssertionError: expected 'SELECT json_build_object($1::text, CO…' to contain 'COUNT("aggregate_input"."id")'

Expected: [32m"COUNT("aggregate_input"."id")"[39m
Received: [31m"SELECT json_build_object($1::text, COUNT(*), $2::text, COUNT("q1"."id")) AS "_count" FROM (SELECT "q0"."id" AS "id" FROM "public"."posts" AS "q0" WHERE TRUE) AS "q1""[39m

 ❯ tests/contracts/engine/query/sql-generation.core.test.ts:1818:25
    1816| 
    1817|       expect(statement).toContain("COUNT(*)");
    1818|       expect(statement).toContain('COUNT("aggregate_input"."id")');
       |                         ^
    1819|       expect(statement).not.toContain('COUNT("aggregate_input"."views"…
    1820|     });

⎯⎯⎯⎯⎯⎯⎯⎯⎯⎯⎯⎯⎯⎯⎯⎯⎯⎯⎯⎯[229/268]⎯

 FAIL  |layer-query-engine| tests/contracts/engine/query/sql-generation.core.test.ts > Aggregates > aggregate > with order and pagination aggregates an input subquery
AssertionError: expected 'SELECT COUNT(*) AS "_count", json_bui…' to contain 'aggregate_input'

Expected: [32m"aggregate_input"[39m
Received: [31m"SELECT COUNT(*) AS "_count", json_build_object($1::text, SUM("q1"."views")) AS "_sum" FROM (SELECT "q0"."views" AS "views" FROM "public"."posts" AS "q0" WHERE TRUE ORDER BY "q0"."views" DESC, "q0"."id" ASC LIMIT $2 OFFSET $3) AS "q1""[39m

 ❯ tests/contracts/engine/query/sql-generation.core.test.ts:1848:25
    1846|       expect(statement).toContain("SUM");
    1847|       expect(statement).toContain("FROM (SELECT");
    1848|       expect(statement).toContain("aggregate_input");
       |                         ^
    1849|       expect(statement).toContain("ORDER BY");
    1850|       expect(statement).toContain("LIMIT");

⎯⎯⎯⎯⎯⎯⎯⎯⎯⎯⎯⎯⎯⎯⎯⎯⎯⎯⎯⎯[230/268]⎯

 FAIL  |layer-query-engine| tests/contracts/engine/query/sql-generation.core.test.ts > Aggregates > aggregate > with supported relation order aggregates an input subquery
AssertionError: expected 'SELECT COUNT(*) AS "_count" FROM (SEL…' to match /LEFT JOIN/i

[32m- Expected:[39m 
/LEFT JOIN/i

[31m+ Received:[39m 
"SELECT COUNT(*) AS \"_count\" FROM (SELECT $1 AS \"0viborm_row\" FROM \"public\".\"posts\" AS \"q0\" WHERE TRUE ORDER BY (SELECT \"q1\".\"name\" FROM \"public\".\"Author\" AS \"q1\" WHERE \"q0\".\"authorId\" = \"q1\".\"id\" LIMIT $2) ASC LIMIT $3) AS \"q2\""

 ❯ tests/contracts/engine/query/sql-generation.core.test.ts:1863:25
    1861| 
    1862|       expect(statement).toContain("FROM (SELECT");
    1863|       expect(statement).toMatch(LEFT_JOIN_SQL);
       |                         ^
    1864|       expect(statement).toContain('ORDER BY "t1"."name" ASC');
    1865|       expect(statement).toContain("LIMIT");

⎯⎯⎯⎯⎯⎯⎯⎯⎯⎯⎯⎯⎯⎯⎯⎯⎯⎯⎯⎯[231/268]⎯

 FAIL  |layer-query-engine| tests/contracts/engine/query/sql-generation.core.test.ts > Aggregates > groupBy > with direct value filter in having
AssertionError: expected 'SELECT "q0"."authorId" AS "authorId" …' to contain '"t0"."authorId" ='

Expected: [32m"[7m"t[27m0"."authorId" ="[39m
Received: [31m"[7mSELECT "q0"."authorId" AS "authorId" FROM "public"."posts" AS "q0" GROUP BY "q0"."authorId" HAVING "q[27m0"."authorId" =[7m $1[27m"[39m

 ❯ tests/contracts/engine/query/sql-generation.core.test.ts:1941:25
    1939|       expect(statement).toContain("GROUP BY");
    1940|       expect(statement).toContain("HAVING");
    1941|       expect(statement).toContain('"t0"."authorId" =');
       |                         ^
    1942|       expect(values).toContain("author-1");
    1943|     });

⎯⎯⎯⎯⎯⎯⎯⎯⎯⎯⎯⎯⎯⎯⎯⎯⎯⎯⎯⎯[232/268]⎯

 FAIL  |layer-query-engine| tests/contracts/engine/query/sql-generation.core.test.ts > Aggregates > groupBy > with direct object filter (equals)
AssertionError: expected 'SELECT "q0"."authorId" AS "authorId" …' to contain '"t0"."authorId" ='

Expected: [32m"[7m"t[27m0"."authorId" ="[39m
Received: [31m"[7mSELECT "q0"."authorId" AS "authorId" FROM "public"."posts" AS "q0" GROUP BY "q0"."authorId" HAVING "q[27m0"."authorId" =[7m $1[27m"[39m

 ❯ tests/contracts/engine/query/sql-generation.core.test.ts:1955:25
    1953|       expect(statement).toContain("GROUP BY");
    1954|       expect(statement).toContain("HAVING");
    1955|       expect(statement).toContain('"t0"."authorId" =');
       |                         ^
    1956|       expect(values).toContain("author-1");
    1957|     });

⎯⎯⎯⎯⎯⎯⎯⎯⎯⎯⎯⎯⎯⎯⎯⎯⎯⎯⎯⎯[233/268]⎯

 FAIL  |layer-query-engine| tests/contracts/engine/query/sql-generation.core.test.ts > Aggregates > groupBy > with mixed aggregate and direct filters
AssertionError: expected 'SELECT "q0"."authorId" AS "authorId" …' to contain '"t0"."authorId" ='

Expected: [32m"[7m"t[27m0"."authorId" ="[39m
Received: [31m"[7mSELECT "q0"."authorId" AS "authorId" FROM "public"."posts" AS "q0" GROUP BY "q0"."authorId" HAVING (COUNT("q0"."id") > $1 AND "q[27m0"."authorId" =[7m $2)[27m"[39m

 ❯ tests/contracts/engine/query/sql-generation.core.test.ts:2001:25
    1999|       expect(statement).toContain("HAVING");
    2000|       expect(statement).toContain("COUNT");
    2001|       expect(statement).toContain('"t0"."authorId" =');
       |                         ^
    2002|       expect(statement).toContain("AND");
    2003|       expect(values).toContain(5);

⎯⎯⎯⎯⎯⎯⎯⎯⎯⎯⎯⎯⎯⎯⎯⎯⎯⎯⎯⎯[234/268]⎯

 FAIL  |layer-query-engine| tests/contracts/engine/query/sql-generation.core.test.ts > Aggregates > groupBy > throws when direct having filter field is not in by
AssertionError: expected [Function] to throw an error

[32m- Expected:[39m 
null

[31m+ Received:[39m 
undefined

 ❯ tests/contracts/engine/query/sql-generation.core.test.ts:2015:9
    2013|           },
    2014|         })
    2015|       ).toThrow("must be included in 'by'");
       |         ^
    2016|     });
    2017| 

⎯⎯⎯⎯⎯⎯⎯⎯⎯⎯⎯⎯⎯⎯⎯⎯⎯⎯⎯⎯[235/268]⎯

 FAIL  |layer-query-engine| tests/contracts/engine/query/sql-generation.core.test.ts > explicit undefined args behave like absent args > update with undefined data field does not touch the column
QueryEngineError: Operation 'update' does not compile to one SQL statement. Execute the operation instead.
⎯⎯⎯⎯⎯⎯⎯⎯⎯⎯⎯⎯⎯⎯⎯⎯⎯⎯⎯⎯[236/268]⎯


  Snapshots  32 failed
             2 obsolete
             ↳ tests/contracts/engine/query/read-traversal-byte-pins.core.test.ts
               · polymorphic collection read SQL > PostgreSQL collection _count projection and ordering 2
               · polymorphic collection read SQL > PostgreSQL collection quantifier filters 2

 Test Files  29 failed | 438 passed (467)
      Tests  268 failed | 9274 passed (9542)
   Start at  22:55:32
   Duration  70.86s (transform 19.01s, setup 570ms, collect 56.47s, tests 9.83s, environment 1ms, prepare 628ms)

Vitest resources: 74.38s wall, 1315.8 MiB peak sampled process-group RSS (sampled ceiling 1536 MiB). Teardown verified.
