
 RUN  v3.1.4 /Users/arnaud/code/viborm

 ❯ |layer-query-engine| tests/contracts/engine/query/sql-generation.core.test.ts (147 tests | 56 failed) 44ms
   ✓ Basic CRUD Operations > findFirst > simple query 2ms
   ✓ Basic CRUD Operations > findFirst > with where clause 1ms
   ✓ Basic CRUD Operations > findFirst > with orderBy 0ms
   ✓ Basic CRUD Operations > findMany > simple query 0ms
   ✓ Basic CRUD Operations > findMany > with pagination (take/skip) 0ms
   ✓ Basic CRUD Operations > findMany > with cursor pagination 0ms
   × Basic CRUD Operations > findMany > cursor without orderBy defaults to cursor field order 4ms
     → expected 'SELECT "q0"."id" AS "id", "q0"."name"…' to contain '"t0"."id" ASC'
   ✓ Basic CRUD Operations > findMany > negative take inverts SQL order and uses absolute limit 0ms
   × Basic CRUD Operations > findMany > negative take reverses a relation-order fallback recursively 1ms
     → expected 'SELECT "q0"."id" AS "id", "q0"."label…' to match /ORDER BY .*"nextId" DESC NULLS FIRST/
   × Basic CRUD Operations > findMany > compound unique cursor uses compound whereUnique fields 1ms
     → expected 'SELECT "q0"."orgId" AS "orgId", "q0".…' to contain '"t0"."orgId"'
   × Basic CRUD Operations > findMany > cursor with non-cursor orderBy builds a keyset comparison (Prisma parity) 0ms
     → expected 'SELECT "q0"."id" AS "id", "q0"."name"…' to contain '"t0"."name"'
   ✓ Basic CRUD Operations > findMany > invalid pagination values reject before SQL generation 1ms
   ✓ Basic CRUD Operations > findMany > json path filter scopes string matching to the path 0ms
   × Basic CRUD Operations > findMany > json string paths compile to the same SQL as the array form 1ms
     → expected [ 'ball', [] ] to deeply equal [ 'ball', [ 'pet', 'toys', '0' ] ]
   × Basic CRUD Operations > findMany > json filter with only a path fails closed 1ms
     → expected [Function] to throw an error
   × Basic CRUD Operations > findMany > json root and path comparisons keep number and string classes distinct 1ms
     → expected [ Array(13) ] to deeply equal ArrayContaining{…}
   × Basic CRUD Operations > findMany > json string operators inherit and can override case-folding scope 1ms
     → expected [ 'TRANSLATE', 'TRANSLATE', …(2) ] to have a length of 2 but got 4
   ✓ Basic CRUD Operations > findMany > json array predicates preserve scalar containment and endpoint meaning 0ms
   × Basic CRUD Operations > findMany > json null at the root and under a path remain different questions 0ms
     → expected 'SELECT "q0"."id" AS "id", "q0"."name"…' to contain 'IS NOT NULL'
   × Basic CRUD Operations > findMany > refuses non-portable JSON string path status 0ms
     → expected [Function] to throw an error
   × Basic CRUD Operations > findMany > refuses non-portable JSON string path $. 0ms
     → expected [Function] to throw an error
   × Basic CRUD Operations > findMany > refuses non-portable JSON string path $.* 0ms
     → expected [Function] to throw an error
   × Basic CRUD Operations > findMany > refuses non-portable JSON string path $[last] 0ms
     → expected [Function] to throw an error
   × Basic CRUD Operations > findMany > refuses non-portable JSON string path $[0 0ms
     → expected [Function] to throw an error
   × Basic CRUD Operations > findMany > refuses non-portable JSON string path $status 0ms
     → expected [Function] to throw an error
   × Basic CRUD Operations > findMany > refuses path segments whose escaping is not portable 0ms
     → expected [Function] to throw an error
   × Basic CRUD Operations > findMany > empty accepted scalar filter fails closed 0ms
     → expected [Function] to throw an error
   × Basic CRUD Operations > findMany > empty accepted relation filter fails closed 0ms
     → expected [Function] to throw an error
   ✓ Basic CRUD Operations > findMany > empty OR filter does not broaden the query 0ms
   × Basic CRUD Operations > findMany > to-one relation scalar orderBy joins related table 0ms
     → expected 'SELECT "q0"."id" AS "id", "q0"."title…' to match /LEFT JOIN/i
   ✓ Basic CRUD Operations > findMany > builder chains 2-hop to-one relation orderBy joins 1ms
   ✓ Basic CRUD Operations > findMany > builder chains 3-hop to-one relation orderBy joins 0ms
   ✓ Basic CRUD Operations > findMany > builder rejects to-many relation orderBy mid-chain 0ms
   ✓ Basic CRUD Operations > findMany > builder accepts a four-hop to-one relation orderBy 0ms
   ✓ Basic CRUD Operations > findMany > builder accepts a to-one relation orderBy at the depth cap 0ms
   ✓ Basic CRUD Operations > findMany > builder rejects relation orderBy past the depth cap 0ms
   × Basic CRUD Operations > findMany > to-many relation _count orderBy uses count subquery 0ms
     → expected 'SELECT "q0"."id" AS "id", "q0"."name"…' to match /ORDER BY \(SELECT COUNT\(\*\)/i
   ✓ Basic CRUD Operations > findMany > to-many relation scalar orderBy fails closed 0ms
   ✓ Basic CRUD Operations > findMany > nested relation orderBy shape fails closed 0ms
   ✓ Basic CRUD Operations > findMany > unknown builder filter operation fails closed 0ms
   ✓ Basic CRUD Operations > findMany > unknown builder where field fails closed 0ms
   ✓ Basic CRUD Operations > findMany > empty unique builder fails closed 0ms
   ✓ Basic CRUD Operations > findMany > a filter-only unique builder input fails closed 0ms
   ✓ Basic CRUD Operations > findMany > an unknown field in the filter half still fails closed 0ms
   × Basic CRUD Operations > findUnique > by id 1ms
     → expected 'SELECT "q0"."id" AS "id", "q0"."name"…' to contain 'LIMIT'
   ✓ Basic CRUD Operations > findUnique > by unique field 0ms
   ✓ Basic CRUD Operations > findUnique > empty where fails before SQL generation 0ms
   ✓ Basic CRUD Operations > findUnique > by compound id 0ms
   ✓ Basic CRUD Operations > findUnique > by compound unique 0ms
   × Basic CRUD Operations > create > simple create 0ms
     → Operation 'create' does not compile to one SQL statement. Execute the operation instead.
   × Basic CRUD Operations > create > with defaults 0ms
     → Operation 'create' does not compile to one SQL statement. Execute the operation instead.
   × Basic CRUD Operations > update > simple update 0ms
     → Operation 'update' does not compile to one SQL statement. Execute the operation instead.
   × Basic CRUD Operations > update > empty where fails before SQL generation 0ms
     → expected [Function] to throw error including 'Object cannot be empty' but got 'Operation \'update\' does not compile…'
   × Basic CRUD Operations > delete > a scalar delete on a RETURNING driver is ONE statement 0ms
     → Operation 'delete' does not compile to one SQL statement. Execute the operation instead.
   ✓ Basic CRUD Operations > delete > a non-returning driver keeps the multi-step path 0ms
   × Basic CRUD Operations > delete > empty where fails before SQL generation 0ms
     → expected [Function] to throw error including 'Object cannot be empty' but got 'Operation \'delete\' does not compile…'
   ✓ Basic CRUD Operations > upsert > assembles filtered conflict and update clauses through the adapter 1ms
   × Basic CRUD Operations > upsert > empty where fails before SQL generation 0ms
     → expected [Function] to throw error including 'Object cannot be empty' but got 'Operation \'upsert\' does not compile…'
   ✓ Basic CRUD Operations > upsert > multi-step upsert rejects the single-statement build API 0ms
   ✓ Select/Include (Relation Loading) > select scalar fields only > select specific fields 0ms
   ✓ Select/Include (Relation Loading) > select with to-one relation > select author on post (manyToOne) 0ms
   ✓ Select/Include (Relation Loading) > select with to-many relation > select posts on author (oneToMany) 0ms
   × Select/Include (Relation Loading) > nested selects (2-3 levels deep) > author -> posts -> comments 0ms
     → expected 0 to be greater than or equal to 2
   ✓ Select/Include (Relation Loading) > select with where filter on relation > select posts with where 0ms
   ✓ Select/Include (Relation Loading) > select with orderBy on relation > select posts ordered by title 0ms
   ✓ Select/Include (Relation Loading) > select with take/skip on relation > select first 5 posts 0ms
   ✓ Select/Include (Relation Loading) > select with take/skip on relation > select posts with skip 0ms
   ✓ Select/Include (Relation Loading) > select with take/skip on relation > select posts with take and skip 0ms
   ✓ Relation Filters in WHERE > to-many filters > some filter 0ms
   ✓ Relation Filters in WHERE > to-many filters > every filter 0ms
   ✓ Relation Filters in WHERE > to-many filters > none filter 0ms
   × Relation Filters in WHERE > to-many filters > combines all supplied filters independent of key order 0ms
     → expected 'SELECT "q0"."id" AS "id", "q0"."name"…' to be 'SELECT "q0"."id" AS "id", "q0"."name"…' // Object.is equality
   × Relation Filters in WHERE > to-many filters > empty every predicates lower to portable true 0ms
     → expected 'SELECT "q0"."id" AS "id", "q0"."name"…' not to contain 'EXISTS'
   ✓ Relation Filters in WHERE > to-one filters > is filter 0ms
   ✓ Relation Filters in WHERE > to-one filters > isNot filter 0ms
   × Relation Filters in WHERE > to-one filters > combines is and isNot independent of key order 0ms
     → expected 'SELECT "q0"."id" AS "id", "q0"."title…' to be 'SELECT "q0"."id" AS "id", "q0"."title…' // Object.is equality
   ✓ Relation Filters in WHERE > null checks on a to-one > a required slot refuses the null form 0ms
   ✓ Relation Filters in WHERE > null checks on a to-one > is null 0ms
   ✓ Relation Filters in WHERE > null checks on a to-one > isNot null 0ms
   ✓ Relation Filters in WHERE > null checks on a to-one > combines null and object forms 0ms
   × Many-to-Many Relations > select with manyToMany relation > select tags on post 0ms
     → expected 'SELECT "q0"."id" AS "id", "q0"."title…' to contain 'LEFT JOIN LATERAL'
   × Many-to-Many Relations > select with manyToMany relation > select posts on tag 0ms
     → expected 'SELECT "q0"."id" AS "id", "q0"."name"…' to contain 'LEFT JOIN LATERAL'
   ✓ Many-to-Many Relations > filter with manyToMany > some filter through junction 0ms
   ✓ Many-to-Many Relations > filter with manyToMany > every filter through junction 0ms
   ✓ Many-to-Many Relations > filter with manyToMany > none filter through junction 0ms
   × Many-to-Many Relations > filter with manyToMany > combines all supplied filters through the junction independent of key order 0ms
     → expected 'SELECT "q0"."id" AS "id", "q0"."title…' to be 'SELECT "q0"."id" AS "id", "q0"."title…' // Object.is equality
   × Many-to-Many Relations > filter with manyToMany > empty every through the junction lowers to portable true 0ms
     → expected 'SELECT "q0"."id" AS "id", "q0"."title…' not to contain 'EXISTS'
   ✓ Relation _count > count posts on author 0ms
   ✓ Relation _count > count with filter 0ms
   ✓ Multi-step writes > create with nested > create with connect rejects the single-statement build API 0ms
   × Multi-step writes > create with nested > create with nested create builds ONE folded statement 0ms
     → Operation 'create' does not compile to one SQL statement. Execute the operation instead.
   × Multi-step writes > create with nested > create with nested createMany builds ONE folded statement 0ms
     → Operation 'create' does not compile to one SQL statement. Execute the operation instead.
   ✓ Multi-step writes > create with nested > create with nested create list rejects the single-statement build API 0ms
   ✓ Multi-step writes > update with nested > update with connect rejects the single-statement build API 0ms
   × Multi-step writes > update with nested > a required relation publishes no disconnect at all 0ms
     → expected error to be instance of ValidationError
   ✓ Multi-step writes > update with nested > update with nested update rejects the single-statement build API 0ms
   × Multi-step writes > dialect top-level relation-filter mutations > 'PostgreSQL' updateMany relation filter stays correlated to the target table 0ms
     → Operation 'updateMany' does not compile to one SQL statement. Execute the operation instead.
   × Multi-step writes > dialect top-level relation-filter mutations > 'SQLite' updateMany relation filter stays correlated to the target table 0ms
     → Operation 'updateMany' does not compile to one SQL statement. Execute the operation instead.
   × Multi-step writes > dialect top-level relation-filter mutations > 'MySQL' updateMany relation filter stays correlated to the target table 0ms
     → Operation 'updateMany' does not compile to one SQL statement. Execute the operation instead.
   × Multi-step writes > dialect top-level relation-filter mutations > 'PostgreSQL' deleteMany relation filter stays correlated to the target table 0ms
     → Operation 'deleteMany' does not compile to one SQL statement. Execute the operation instead.
   × Multi-step writes > dialect top-level relation-filter mutations > 'SQLite' deleteMany relation filter stays correlated to the target table 0ms
     → Operation 'deleteMany' does not compile to one SQL statement. Execute the operation instead.
   × Multi-step writes > dialect top-level relation-filter mutations > 'MySQL' deleteMany relation filter stays correlated to the target table 0ms
     → Operation 'deleteMany' does not compile to one SQL statement. Execute the operation instead.
   ✓ Aggregates > count > simple count 0ms
   ✓ Aggregates > count > count with where 0ms
   × Aggregates > count > with order and pagination counts an input subquery 0ms
     → expected 'SELECT COUNT(*) AS "_count" FROM (SEL…' to contain 'aggregate_input'
   × Aggregates > count > with cursor pagination counts an input subquery 0ms
     → expected 'SELECT COUNT(*) AS "_count" FROM (SEL…' to contain 'aggregate_input'
   × Aggregates > count > with supported relation order counts an input subquery 0ms
     → expected 'SELECT COUNT(*) AS "_count" FROM (SEL…' to match /LEFT JOIN/i
   ✓ Aggregates > count > with unsupported relation order fails closed 0ms
   × Aggregates > aggregate > projects selected count members and ignores false selections 0ms
     → expected 'SELECT json_build_object($1::text, CO…' to contain 'COUNT("aggregate_input"."id")'
   ✓ Aggregates > aggregate > with _sum, _avg, _min, _max 0ms
   × Aggregates > aggregate > with order and pagination aggregates an input subquery 0ms
     → expected 'SELECT COUNT(*) AS "_count", json_bui…' to contain 'aggregate_input'
   × Aggregates > aggregate > with supported relation order aggregates an input subquery 0ms
     → expected 'SELECT COUNT(*) AS "_count" FROM (SEL…' to match /LEFT JOIN/i
   ✓ Aggregates > aggregate > with unsupported relation order fails closed 0ms
   ✓ Aggregates > groupBy > with aggregate having (_count) 1ms
   ✓ Aggregates > groupBy > with multiple aggregates on same field 0ms
   ✓ Aggregates > groupBy > with multiple fields (aggregate having) 0ms
   × Aggregates > groupBy > with direct value filter in having 0ms
     → expected 'SELECT "q0"."authorId" AS "authorId" …' to contain '"t0"."authorId" ='
   × Aggregates > groupBy > with direct object filter (equals) 0ms
     → expected 'SELECT "q0"."authorId" AS "authorId" …' to contain '"t0"."authorId" ='
   ✓ Aggregates > groupBy > with direct object filter (in) 0ms
   ✓ Aggregates > groupBy > with direct object filter (notIn) 0ms
   × Aggregates > groupBy > with mixed aggregate and direct filters 0ms
     → expected 'SELECT "q0"."authorId" AS "authorId" …' to contain '"t0"."authorId" ='
   × Aggregates > groupBy > throws when direct having filter field is not in by 0ms
     → expected [Function] to throw an error
   ✓ Aggregates > groupBy > combines logical having arms without widening empty disjunctions 0ms
   ✓ Aggregates > groupBy > orders groups by every aggregate expression and applies a window 0ms
   ✓ Aggregates > groupBy > keeps empty aggregate membership comparisons mathematically exact 0ms
   ✓ Aggregates > groupBy > compares nullable aggregate answers with IS NULL semantics 0ms
   ✓ assembleInnerQuery helper > basic query: SELECT FROM WHERE 0ms
   ✓ assembleInnerQuery helper > with joins 0ms
   ✓ assembleInnerQuery helper > with ORDER BY 0ms
   ✓ assembleInnerQuery helper > with LIMIT 0ms
   ✓ assembleInnerQuery helper > with OFFSET 0ms
   ✓ assembleInnerQuery helper > full query: SELECT FROM JOIN WHERE ORDER LIMIT OFFSET 0ms
   ✓ assembleInnerQuery helper > empty joins array is ignored 0ms
   ✓ assembleInnerQuery helper > distinct without an order uses PostgreSQL's DISTINCT ON 0ms
   ✓ assembleInnerQuery helper > distinct with an order uses the ROW_NUMBER partition emulation 0ms
   ✓ batch ref adapter SQL > PostgreSQL adapter owns batch ref storage SQL 0ms
   ✓ batch ref adapter SQL > SQLite adapter owns batch ref storage SQL 0ms
   ✓ batch ref adapter SQL > MySQL retains exact statement-local generated identity storage 0ms
   ✓ explicit undefined args behave like absent args > findMany with { where: undefined } matches {} 0ms
   ✓ explicit undefined args behave like absent args > findMany with undefined where field matches omitting it 0ms
   ✓ explicit undefined args behave like absent args > findMany with undefined select/orderBy/take matches {} 0ms
   × explicit undefined args behave like absent args > update with undefined data field does not touch the column 0ms
     → Operation 'update' does not compile to one SQL statement. Execute the operation instead.
   ✓ explicit undefined args behave like absent args > relation count with { where: undefined } matches plain count 0ms
   ✓ coverage low value > operation builders fail closed on shapes excluded by validation 1ms
   ✓ coverage low value > relation order helpers fail closed on shapes excluded by validation 0ms
   ✓ coverage low value > sort order helper refuses invalid directions excluded by validation 0ms
   ✓ coverage low value > distinct helper refuses a non-scalar field excluded by validation 0ms
 ❯ |layer-query-engine| tests/contracts/engine/query/operand-callback-sql.core.test.ts (74 tests | 12 failed) 41ms
   ✓ 'PostgreSQL' operand callbacks > the callback form and the token form compile identically 2ms
   ✓ 'PostgreSQL' operand callbacks > every comparison operator takes the callback 4ms
   ✓ 'PostgreSQL' operand callbacks > the bare shorthand takes the callback too 0ms
   ✓ 'PostgreSQL' operand callbacks > the callback resolves through .map(), like the token 0ms
   × 'PostgreSQL' operand callbacks > a fragment operand is spliced parenthesized, its values bound 1ms
     → expected 'SELECT "q0"."id" AS "id", "q0"."title…' to contain '($1 + $2)'
   ✓ 'PostgreSQL' operand callbacks > a fragment operand that carries a hostile string stays a parameter 0ms
   × 'PostgreSQL' operand callbacks > a fragment, a reference and a literal mix in one where 0ms
     → expected 'SELECT "q0"."id" AS "id", "q0"."title…' to contain '($1 - $2)'
   ✓ 'PostgreSQL' operand callbacks > a bare Sql fragment is accepted without the callback 0ms
   × 'PostgreSQL' operand callbacks > a subquery fragment compiles as an operand 0ms
     → expected 'SELECT "q0"."id" AS "id", "q0"."title…' to contain '(SELECT MAX(v) FROM'
   ✓ 'PostgreSQL' operand callbacks > `ctx.fields` at depth 2 names the nested model's columns 1ms
   ✓ 'PostgreSQL' operand callbacks > a nested `ctx.fields` cannot reach the enclosing model's columns 1ms
   ✓ 'PostgreSQL' operand callbacks > the scope pops back out of a nested relation filter 0ms
   ✓ 'PostgreSQL' operand callbacks > an extended unique where takes a callback in its filter portion 1ms
   ✓ 'MySQL' operand callbacks > the callback form and the token form compile identically 1ms
   ✓ 'MySQL' operand callbacks > every comparison operator takes the callback 2ms
   ✓ 'MySQL' operand callbacks > the bare shorthand takes the callback too 0ms
   ✓ 'MySQL' operand callbacks > the callback resolves through .map(), like the token 0ms
   × 'MySQL' operand callbacks > a fragment operand is spliced parenthesized, its values bound 0ms
     → expected 'SELECT `q0`.`id` AS `id`, `q0`.`title…' to contain '($1 + $2)'
   ✓ 'MySQL' operand callbacks > a fragment operand that carries a hostile string stays a parameter 0ms
   × 'MySQL' operand callbacks > a fragment, a reference and a literal mix in one where 0ms
     → expected 'SELECT `q0`.`id` AS `id`, `q0`.`title…' to contain '($1 - $2)'
   ✓ 'MySQL' operand callbacks > a bare Sql fragment is accepted without the callback 0ms
   × 'MySQL' operand callbacks > a subquery fragment compiles as an operand 0ms
     → expected 'SELECT `q0`.`id` AS `id`, `q0`.`title…' to contain '(SELECT MAX(v) FROM'
   ✓ 'MySQL' operand callbacks > `ctx.fields` at depth 2 names the nested model's columns 0ms
   ✓ 'MySQL' operand callbacks > a nested `ctx.fields` cannot reach the enclosing model's columns 1ms
   ✓ 'MySQL' operand callbacks > the scope pops back out of a nested relation filter 0ms
   ✓ 'MySQL' operand callbacks > an extended unique where takes a callback in its filter portion 0ms
   ✓ 'SQLite' operand callbacks > the callback form and the token form compile identically 1ms
   ✓ 'SQLite' operand callbacks > every comparison operator takes the callback 3ms
   ✓ 'SQLite' operand callbacks > the bare shorthand takes the callback too 0ms
   ✓ 'SQLite' operand callbacks > the callback resolves through .map(), like the token 0ms
   × 'SQLite' operand callbacks > a fragment operand is spliced parenthesized, its values bound 0ms
     → expected 'SELECT "q0"."id" AS "id", "q0"."title…' to contain '($1 + $2)'
   ✓ 'SQLite' operand callbacks > a fragment operand that carries a hostile string stays a parameter 0ms
   × 'SQLite' operand callbacks > a fragment, a reference and a literal mix in one where 0ms
     → expected 'SELECT "q0"."id" AS "id", "q0"."title…' to contain '($1 - $2)'
   ✓ 'SQLite' operand callbacks > a bare Sql fragment is accepted without the callback 0ms
   × 'SQLite' operand callbacks > a subquery fragment compiles as an operand 0ms
     → expected 'SELECT "q0"."id" AS "id", "q0"."title…' to contain '(SELECT MAX(v) FROM'
   ✓ 'SQLite' operand callbacks > `ctx.fields` at depth 2 names the nested model's columns 1ms
   ✓ 'SQLite' operand callbacks > a nested `ctx.fields` cannot reach the enclosing model's columns 0ms
   ✓ 'SQLite' operand callbacks > the scope pops back out of a nested relation filter 0ms
   ✓ 'SQLite' operand callbacks > an extended unique where takes a callback in its filter portion 0ms
   ✓ what a callback may return > a plain value is refused, naming the operation and the path 0ms
   ✓ what a callback may return > an async callback is refused as a promise, not awaited 0ms
   ✓ what a callback may return > a throwing callback surfaces as a validation issue at its path 0ms
   ✓ what a callback may return > a mistyped `ctx.fields` key throws, naming the field and the model 0ms
   ✓ what a callback may return > a reference of the wrong scalar type is refused 0ms
   ✓ what a callback may return > another model's token, smuggled in, is still refused 0ms
   ✓ surfaces that stay closed > `in` takes values, not fragments 0ms
   ✓ surfaces that stay closed > a fragment is refused in `having` 1ms
   ✓ surfaces that stay closed > a fragment is refused in `having` at any `not` depth 2ms
   ✓ surfaces that stay closed > a callback cannot smuggle a fragment into `having` either 0ms
   ✓ surfaces that stay closed > a fragment is refused in a JSON filter operand, as non-JSON 0ms
   × surfaces that stay closed > a fragment is refused in JSON write data, as non-JSON 0ms
     → expected 'QueryEngineError' to be 'ValidationError' // Object.is equality
   × surfaces that stay closed > a JSON document that looks like a fragment still writes 0ms
     → expected [Function] to not throw an error but 'QueryEngineError: Operation \'updateM…' was thrown
   ✓ surfaces that stay closed > a JSON document that looks like a fragment FILTERS as a value 0ms
   × surfaces that stay closed > write data takes no callback 0ms
     → expected 'QueryEngineError' to be 'ValidationError' // Object.is equality
   ✓ surfaces that stay closed > a text predicate keeps the token but takes no fragment 1ms
   ✓ the public entry point > exports the token factory the docs teach, and it filters 0ms
   ✓ every filter position the scope has to reach > a nested write's own `where` scopes to the relation TARGET 1ms
   ✓ every filter position the scope has to reach > a nested write's `where` cannot reach the PARENT's columns 1ms
   ✓ every filter position the scope has to reach > a relation `where` under `include` and under `_count` both scope 1ms
   ✓ every filter position the scope has to reach > the aggregate families take the callback in their `where` 1ms
   ✓ every filter position the scope has to reach > a selector that is not a filter takes no callback 1ms
   ✓ operand typing > `ctx` is inferred — the model in scope needs no annotation 1ms
   ✓ operand typing > a mistyped `ctx.fields` key is a compile error 0ms
   ✓ operand typing > the callback's return carries the operand's scalar type 0ms
   ✓ operand typing > a nested `ctx` is the target model's, at the type level 0ms
   ✓ operand typing > a callback is a compile error in `cursor` and in `orderBy` 0ms
   ✓ an unknown key is refused the same way beside every operand kind > unknown operator beside a value 0ms
   ✓ an unknown key is refused the same way beside every operand kind > unknown operator beside a token 0ms
   ✓ an unknown key is refused the same way beside every operand kind > unknown operator beside a fragment 0ms
   ✓ an unknown key is refused the same way beside every operand kind > unknown operator beside a callback 0ms
   ✓ an unknown key is refused the same way beside every operand kind > unknown field beside a value 0ms
   ✓ an unknown key is refused the same way beside every operand kind > unknown field beside a token 0ms
   ✓ an unknown key is refused the same way beside every operand kind > unknown field beside a fragment 0ms
   ✓ an unknown key is refused the same way beside every operand kind > unknown field beside a callback 0ms
 ❯ |layer-query-engine| tests/contracts/engine/query/field-reference-sql.core.test.ts (89 tests | 40 failed) 27ms
   ✓ 'PostgreSQL' field-reference SQL > a reference becomes a qualified column, not a bound parameter 2ms
   ✓ 'PostgreSQL' field-reference SQL > the reference resolves through .map(), not the field key 1ms
   ✓ 'PostgreSQL' field-reference SQL > a literal beside a reference is still bound 0ms
   ✓ 'PostgreSQL' field-reference SQL > a nested relation where resolves the reference on the relation's alias 1ms
   × 'PostgreSQL' field-reference SQL > collation and folding of a referenced operand > default mode compares both sides under the case-sensitive collation 1ms
     → expected '"q0"."title" = "q0"."slug_col"' to be '"t0"."title" = "t0"."slug_col"' // Object.is equality
   × 'PostgreSQL' field-reference SQL > collation and folding of a referenced operand > insensitive mode folds AND collates both sides 1ms
     → expected 'TRANSLATE("q0"."title", \'ABCDEFGHIJK…' to be 'TRANSLATE("t0"."title", \'ABCDEFGHIJK…' // Object.is equality
   × 'PostgreSQL' field-reference SQL > collation and folding of a referenced operand > insensitive `not` negates the folded comparison 0ms
     → expected 'NOT (TRANSLATE("q0"."title", \'ABCDEF…' to be 'NOT (TRANSLATE("t0"."title", \'ABCDEF…' // Object.is equality
   × 'PostgreSQL' field-reference SQL > collation and folding of a referenced operand > insensitive contains carries the fold onto the referenced operand 0ms
     → expected 'POSITION(TRANSLATE("q0"."slug_col", \…' to contain 'TRANSLATE("t0"."title", \'ABCDEFGHIJK…'
   × 'PostgreSQL' field-reference SQL > collation and folding of a referenced operand > insensitive startsWith carries the fold onto the referenced operand 0ms
     → expected 'LEFT(TRANSLATE("q0"."title", \'ABCDEF…' to contain 'TRANSLATE("t0"."title", \'ABCDEFGHIJK…'
   × 'PostgreSQL' field-reference SQL > collation and folding of a referenced operand > insensitive endsWith carries the fold onto the referenced operand 0ms
     → expected 'RIGHT(TRANSLATE("q0"."title", \'ABCDE…' to contain 'TRANSLATE("t0"."title", \'ABCDEFGHIJK…'
   × 'PostgreSQL' field-reference SQL > collation and folding of a referenced operand > default mode leaves the string predicates unwrapped on both sides 0ms
     → expected 'POSITION("q0"."slug_col" IN "q0"."tit…' to contain '"t0"."title"'
   × 'PostgreSQL' field-reference SQL > collation and folding of a referenced operand > a literal operand is folded but not collation-wrapped 0ms
     → expected 'TRANSLATE("q0"."title", \'ABCDEFGHIJK…' to be 'TRANSLATE("t0"."title", \'ABCDEFGHIJK…' // Object.is equality
   × 'PostgreSQL' field-reference SQL > enum operands > equals against a reference casts both sides to text 0ms
     → expected '"q0"."status" = CAST("q0"."review_sta…' to be 'CAST("t0"."status" AS TEXT) = CAST("t…' // Object.is equality
   × 'PostgreSQL' field-reference SQL > enum operands > not against a reference negates the same comparison 0ms
     → expected 'NOT ("q0"."status" = CAST("q0"."revie…' to be 'NOT (CAST("t0"."status" AS TEXT) = CA…' // Object.is equality
   × 'PostgreSQL' field-reference SQL > enum operands > a literal operand leaves the column uncast and bound 1ms
     → expected '"q0"."status" = $1' to be '"t0"."status" = $1' // Object.is equality
   ✓ 'PostgreSQL' field-reference SQL > a cross-model reference is refused at build time 0ms
   ✓ 'PostgreSQL' field-reference SQL > a reference to a scalar of another type is refused by validation 0ms
   ✓ 'PostgreSQL' field-reference SQL > a list-scalar reference is refused 0ms
   ✓ 'MySQL' field-reference SQL > a reference becomes a qualified column, not a bound parameter 0ms
   ✓ 'MySQL' field-reference SQL > the reference resolves through .map(), not the field key 0ms
   ✓ 'MySQL' field-reference SQL > a literal beside a reference is still bound 0ms
   ✓ 'MySQL' field-reference SQL > a nested relation where resolves the reference on the relation's alias 0ms
   × 'MySQL' field-reference SQL > collation and folding of a referenced operand > default mode compares both sides under the case-sensitive collation 0ms
     → expected 'BINARY `q0`.`title` = BINARY `q0`.`sl…' to be 'BINARY `t0`.`title` = BINARY `t0`.`sl…' // Object.is equality
   × 'MySQL' field-reference SQL > collation and folding of a referenced operand > insensitive mode folds AND collates both sides 0ms
     → expected 'BINARY REPLACE(REPLACE(REPLACE(REPLAC…' to be 'BINARY REPLACE(REPLACE(REPLACE(REPLAC…' // Object.is equality
   × 'MySQL' field-reference SQL > collation and folding of a referenced operand > insensitive `not` negates the folded comparison 0ms
     → expected 'NOT (BINARY REPLACE(REPLACE(REPLACE(R…' to be 'NOT (BINARY REPLACE(REPLACE(REPLACE(R…' // Object.is equality
   × 'MySQL' field-reference SQL > collation and folding of a referenced operand > insensitive contains carries the fold onto the referenced operand 1ms
     → expected 'LOCATE(BINARY BINARY REPLACE(REPLACE(…' to contain 'BINARY REPLACE(REPLACE(REPLACE(REPLAC…'
   × 'MySQL' field-reference SQL > collation and folding of a referenced operand > insensitive startsWith carries the fold onto the referenced operand 0ms
     → expected 'LEFT(BINARY BINARY REPLACE(REPLACE(RE…' to contain 'BINARY REPLACE(REPLACE(REPLACE(REPLAC…'
   × 'MySQL' field-reference SQL > collation and folding of a referenced operand > insensitive endsWith carries the fold onto the referenced operand 0ms
     → expected 'RIGHT(BINARY BINARY REPLACE(REPLACE(R…' to contain 'BINARY REPLACE(REPLACE(REPLACE(REPLAC…'
   × 'MySQL' field-reference SQL > collation and folding of a referenced operand > default mode leaves the string predicates unwrapped on both sides 0ms
     → expected 'LOCATE(BINARY BINARY `q0`.`slug_col`,…' to contain '`t0`.`title`'
   × 'MySQL' field-reference SQL > collation and folding of a referenced operand > a literal operand is folded but not collation-wrapped 0ms
     → expected 'BINARY REPLACE(REPLACE(REPLACE(REPLAC…' to be 'BINARY REPLACE(REPLACE(REPLACE(REPLAC…' // Object.is equality
   × 'MySQL' field-reference SQL > enum operands > equals against a reference casts both sides to text 0ms
     → expected 'BINARY `q0`.`status` = BINARY CAST(`q…' to be 'BINARY CAST(`t0`.`status` AS CHAR) = …' // Object.is equality
   × 'MySQL' field-reference SQL > enum operands > not against a reference negates the same comparison 0ms
     → expected 'NOT (BINARY `q0`.`status` = BINARY CA…' to be 'NOT (BINARY CAST(`t0`.`status` AS CHA…' // Object.is equality
   × 'MySQL' field-reference SQL > enum operands > a literal operand leaves the column uncast and bound 0ms
     → expected '(`q0`.`status` = $1 AND BINARY `q0`.`…' to be '(`t0`.`status` = $1 AND BINARY `t0`.`…' // Object.is equality
   ✓ 'MySQL' field-reference SQL > a cross-model reference is refused at build time 0ms
   ✓ 'MySQL' field-reference SQL > a reference to a scalar of another type is refused by validation 0ms
   ✓ 'MySQL' field-reference SQL > a list-scalar reference is refused 0ms
   ✓ 'SQLite' field-reference SQL > a reference becomes a qualified column, not a bound parameter 0ms
   ✓ 'SQLite' field-reference SQL > the reference resolves through .map(), not the field key 0ms
   ✓ 'SQLite' field-reference SQL > a literal beside a reference is still bound 0ms
   ✓ 'SQLite' field-reference SQL > a nested relation where resolves the reference on the relation's alias 0ms
   × 'SQLite' field-reference SQL > collation and folding of a referenced operand > default mode compares both sides under the case-sensitive collation 0ms
     → expected '"q0"."title" COLLATE BINARY = "q0"."s…' to be '"t0"."title" COLLATE BINARY = "t0"."s…' // Object.is equality
   × 'SQLite' field-reference SQL > collation and folding of a referenced operand > insensitive mode folds AND collates both sides 0ms
     → expected 'lower("q0"."title") COLLATE BINARY = …' to be 'lower("t0"."title") COLLATE BINARY = …' // Object.is equality
   × 'SQLite' field-reference SQL > collation and folding of a referenced operand > insensitive `not` negates the folded comparison 0ms
     → expected 'NOT (lower("q0"."title") COLLATE BINA…' to be 'NOT (lower("t0"."title") COLLATE BINA…' // Object.is equality
   × 'SQLite' field-reference SQL > collation and folding of a referenced operand > insensitive contains carries the fold onto the referenced operand 0ms
     → expected 'instr(lower("q0"."title") COLLATE BIN…' to contain 'lower("t0"."title") COLLATE BINARY'
   × 'SQLite' field-reference SQL > collation and folding of a referenced operand > insensitive startsWith carries the fold onto the referenced operand 0ms
     → expected 'substr(lower("q0"."title") COLLATE BI…' to contain 'lower("t0"."title") COLLATE BINARY'
   × 'SQLite' field-reference SQL > collation and folding of a referenced operand > insensitive endsWith carries the fold onto the referenced operand 0ms
     → expected 'CASE WHEN length(lower("q0"."slug_col…' to contain 'lower("t0"."title") COLLATE BINARY'
   × 'SQLite' field-reference SQL > collation and folding of a referenced operand > default mode leaves the string predicates unwrapped on both sides 0ms
     → expected 'instr("q0"."title", "q0"."slug_col" C…' to contain '"t0"."title"'
   × 'SQLite' field-reference SQL > collation and folding of a referenced operand > a literal operand is folded but not collation-wrapped 0ms
     → expected 'lower("q0"."title") COLLATE BINARY = …' to be 'lower("t0"."title") COLLATE BINARY = …' // Object.is equality
   × 'SQLite' field-reference SQL > enum operands > equals against a reference casts both sides to text 0ms
     → expected '"q0"."status" COLLATE BINARY = CAST("…' to be 'CAST("t0"."status" AS TEXT) COLLATE B…' // Object.is equality
   × 'SQLite' field-reference SQL > enum operands > not against a reference negates the same comparison 0ms
     → expected 'NOT ("q0"."status" COLLATE BINARY = C…' to be 'NOT (CAST("t0"."status" AS TEXT) COLL…' // Object.is equality
   × 'SQLite' field-reference SQL > enum operands > a literal operand leaves the column uncast and bound 1ms
     → expected '"q0"."status" COLLATE BINARY = $1' to be '"t0"."status" COLLATE BINARY = $1' // Object.is equality
   ✓ 'SQLite' field-reference SQL > a cross-model reference is refused at build time 0ms
   ✓ 'SQLite' field-reference SQL > a reference to a scalar of another type is refused by validation 0ms
   ✓ 'SQLite' field-reference SQL > a list-scalar reference is refused 0ms
   ✓ surfaces that stay closed to field references > groupBy having refuses a reference (Prisma excludes it too) 0ms
   ✓ surfaces that stay closed to field references > groupBy having refuses a reference nested 0 `not` levels deep 0ms
   ✓ surfaces that stay closed to field references > groupBy having refuses a reference nested 1 `not` levels deep 0ms
   ✓ surfaces that stay closed to field references > groupBy having refuses a reference nested 2 `not` levels deep 0ms
   ✓ surfaces that stay closed to field references > groupBy having refuses a reference nested 3 `not` levels deep 0ms
   ✓ surfaces that stay closed to field references > groupBy having refuses a reference nested 4 `not` levels deep 0ms
   ✓ surfaces that stay closed to field references > groupBy having refuses a reference nested 5 `not` levels deep 0ms
   ✓ surfaces that stay closed to field references > groupBy having refuses a reference nested 6 `not` levels deep 0ms
   ✓ surfaces that stay closed to field references > groupBy having refuses a reference nested 12 `not` levels deep 0ms
   ✓ surfaces that stay closed to field references > groupBy having refuses a reference nested 64 `not` levels deep 0ms
   ✓ surfaces that stay closed to field references > groupBy having refuses a deeply nested reference under AND 0ms
   ✓ surfaces that stay closed to field references > groupBy having refuses a deeply nested reference under OR 0ms
   ✓ surfaces that stay closed to field references > groupBy having refuses a deeply nested reference under NOT 0ms
   ✓ surfaces that stay closed to field references > the same deep chain is still legal in `where` 0ms
   ✓ surfaces that stay closed to field references > having still accepts ordinary scalar and aggregate filters 1ms
   ✓ surfaces that stay closed to field references > a reference is refused in set-membership operands 0ms
   ✓ surfaces that stay closed to field references > a reference is refused in whereUnique 0ms
   × surfaces that stay closed to field references > a reference is refused in create data 0ms
     → expected [Function] to not throw an error but 'QueryEngineError: Operation \'create\…' was thrown
   ✓ surfaces that stay closed to field references > a reference is refused in update data 0ms
   ✓ surfaces that stay closed to field references > a reference is refused in orderBy 0ms
   ✓ JSON operands stay closed to field references > a JSON filter refuses a reference in equals 0ms
   ✓ JSON operands stay closed to field references > a JSON filter refuses a reference in array_contains 0ms
   ✓ JSON operands stay closed to field references > a JSON filter refuses a reference in array_starts_with 0ms
   ✓ JSON operands stay closed to field references > a JSON filter refuses a reference in array_ends_with 0ms
   ✓ JSON operands stay closed to field references > a JSON filter refuses a reference in equals under a path 0ms
   ✓ JSON operands stay closed to field references > a JSON filter refuses a reference in equals under not 0ms
   ✓ JSON operands stay closed to field references > a JSON filter refuses a reference in buried inside a document 0ms
   × JSON operands stay closed to field references > JSON write data refuses a reference in a create data slot 0ms
     → expected [Function] to throw error matching /Field reference 'Post\.meta2' is not …/ but got 'Operation \'create\' does not compile…'
   × JSON operands stay closed to field references > JSON write data refuses a reference in a create data slot, buried 0ms
     → expected [Function] to throw error matching /Field reference 'Post\.meta2' is not …/ but got 'Operation \'create\' does not compile…'
   × JSON operands stay closed to field references > JSON update data refuses a reference in the shorthand form 0ms
     → expected [Function] to throw error matching /Field reference 'Post\.meta2' is not …/ but got 'Operation \'update\' does not compile…'
   × JSON operands stay closed to field references > JSON update data refuses a reference in the { set } form 0ms
     → expected [Function] to throw error matching /Field reference 'Post\.meta2' is not …/ but got 'Operation \'update\' does not compile…'
   × JSON operands stay closed to field references > JSON update data refuses a reference in a buried position 0ms
     → expected [Function] to throw error matching /Field reference 'Post\.meta2' is not …/ but got 'Operation \'update\' does not compile…'
   × JSON operands stay closed to field references > ordinary JSON documents still compile in filters and writes 0ms
     → expected [Function] to not throw an error but 'QueryEngineError: Operation \'create\…' was thrown
   ✓ field-reference typing > an Int reference is not assignable to a String filter operand 0ms
   ✓ field-reference typing > a model's reference table exposes scalar fields only, typed per model 0ms
 ❯ |layer-query-engine| tests/contracts/engine/query/request-result-shape-contracts.core.test.ts (29 tests | 18 failed) 13ms
   × request-aware result shapes > rejects known but unrequested and uniformly missing scalar columns 2ms
     → expected function to throw an error, but it didn't
   × request-aware result shapes > enforces the requested projection on direct execution 1ms
     → promise resolved "[ { id: 'parent-1' } ]" instead of rejecting
   × request-aware result shapes > enforces requested nested include shapes and preserves empty relations 1ms
     → expected error to be instance of QueryEngineError
   × request-aware result shapes > honors model-level omit in default SQL and result parsing 0ms
     → expected 'SELECT "q0"."id" AS "id" FROM "public…' to contain '"t0"."id" AS "id"'
   × request-aware result shapes > row keys are checked as a set, not as an order 0ms
     → expected 'SELECT "q0"."_count_children" AS "_co…' to contain '"t0"."id" AS "id", "t0"."secret" AS "…'
   × request-aware result shapes > keeps relation-count carriers distinct from same-named scalars 0ms
     → expected 'SELECT "q0"."id" AS "id", "q0"."_coun…' to contain 'AS "0viborm_relation_counts"'
   × request-aware result shapes > uses one short exact relation-count carrier across dialects 0ms
     → expected [ Array(1) ] to have a length of 2 but got 1
   × request-aware result shapes > rejects a relation-count row with missing carrier 0ms
     → expected error to be instance of QueryEngineError
   × request-aware result shapes > rejects a relation-count row with missing inner relation 0ms
     → expected error to be instance of QueryEngineError
   × request-aware result shapes > rejects a relation-count row with extra inner relation 0ms
     → expected error to be instance of QueryEngineError
   × request-aware result shapes > rejects a relation-count row with primitive carrier 0ms
     → expected error to be instance of QueryEngineError
   × request-aware result shapes > maps private aggregate carriers and rejects missing aggregate fields 3ms
     → Invalid provider integer
   × request-aware result shapes > fails closed when grouped scalars collide with public aggregates 1ms
     → expected [Function] to throw error including 'both grouped scalar \'_count\' and ag…' but got 'by.map is not a function'
   × request-aware result shapes > rejects duplicate groupBy fields for a empty result 0ms
     → expected [Function] to throw an error
   × request-aware result shapes > rejects duplicate groupBy fields for a non-empty result 0ms
     → expected [Function] to throw an error
   × request-aware result shapes > rejects private carriers that were not requested 0ms
     → expected error to be instance of QueryEngineError
   ✓ request-aware result shapes > rejects private carrier names during client hydration 1ms
   ✓ request-aware result shapes > rejects empty mapped identifiers during client hydration 0ms
   ✓ request-aware result shapes > rejects scalar and relation key "__proto__" during client hydration 0ms
   ✓ request-aware result shapes > rejects scalar and relation key "constructor" during client hydration 0ms
   ✓ request-aware result shapes > rejects scalar and relation key "toString" during client hydration 0ms
   ✓ request-aware result shapes > rejects inherited request key "__proto__" without a raw TypeError 0ms
   ✓ request-aware result shapes > rejects inherited request key "constructor" without a raw TypeError 0ms
   ✓ request-aware result shapes > rejects inherited request key "toString" without a raw TypeError 0ms
   × request-aware result shapes > preserves cardinality for models with no public default scalars 0ms
     → expected 'SELECT  FROM "public"."emptyParent" A…' to contain '0viborm_empty_row'
   ✓ request-aware result shapes > carries and strips all-omitted held records 1ms
   × request-aware result shapes > fails closed on simultaneous scalar and computed _distance output 0ms
     → expected [Function] to throw error including 'cannot be selected together' but got 'Distance select supports only one _di…'
   ✓ request-aware result shapes > retains the scalar that owns a computed distance 0ms
   ✓ request-aware result shapes > rejects only nullable-vector distance selection 0ms
 ❯ |layer-query-engine| tests/contracts/engine/query/geopoint-sql.core.test.ts (20 tests | 6 failed) 13ms
   ✓ GeoPoint adapter SQL > settles each adapter GeoPoint protocol as one immutable fact 1ms
   ✓ GeoPoint adapter SQL > binds longitude before latitude in every physical constructor 0ms
   ✓ GeoPoint adapter SQL > binds canonical polygons and never concatenates caller geometry 1ms
   ✓ GeoPoint adapter SQL > spells the same fixed-radius distance on PostgreSQL and MySQL 0ms
   ✓ GeoPoint adapter SQL > lowers whole-world, polar, and degenerate bounds on 'PostgreSQL' 0ms
   ✓ GeoPoint adapter SQL > lowers whole-world, polar, and degenerate bounds on 'MySQL' 0ms
   ✓ GeoPoint adapter SQL > lowers whole-world, polar, and degenerate bounds on 'SQLite' 0ms
   ✓ GeoPoint adapter SQL > adds an index-usable superset to ordinary bounds on 'PostgreSQL' 0ms
   ✓ GeoPoint adapter SQL > adds an index-usable superset to ordinary bounds on 'MySQL' 0ms
   × GeoPoint query lowering > lowers point values for writes on 'PostgreSQL' 1ms
     → Operation 'create' does not compile to one SQL statement. Execute the operation instead.
   × GeoPoint query lowering > lowers point values for writes on 'MySQL' 0ms
     → Operation 'createMany' does not compile to one SQL statement. Execute the operation instead.
   × GeoPoint query lowering > lowers point values for writes on 'SQLite' 0ms
     → Operation 'create' does not compile to one SQL statement. Execute the operation instead.
   ✓ GeoPoint query lowering > lowers exact equality and inclusive bounds on 'PostgreSQL' 1ms
   ✓ GeoPoint query lowering > lowers exact equality and inclusive bounds on 'MySQL' 0ms
   ✓ GeoPoint query lowering > lowers exact equality and inclusive bounds on 'SQLite' 0ms
   × GeoPoint query lowering > uses the smallest positive upper bound only in positive polarity 1ms
     → expected 'SELECT "q0"."id" AS "id" FROM "public…' to contain ' && '
   × GeoPoint query lowering > threads distance-prefilter polarity through relation quantifiers 1ms
     → expected 'SELECT "q0"."id" AS "id" FROM "public…' to contain ' && '
   × GeoPoint query lowering > combines every distance comparator and uses null-last point ordering 1ms
     → expected 'SELECT "q0"."id" AS "id", CASE WHEN "…' to contain 'AS "0viborm_distance"'
   ✓ GeoPoint query lowering > refuses unsupported SQLite work while keeping bounds portable 1ms
   ✓ GeoPoint query lowering > refuses every unsupported SQLite point operation before cache lookup 3ms
 ❯ |layer-query-engine| tests/contracts/engine/query/decimal-having-operand-sql.core.test.ts (48 tests | 6 failed) 23ms
   ✓ SQLite widened decimal sum operand range > admits every pinned in-range 19-digit coefficient 2ms
   ✓ SQLite widened decimal sum operand range > refuses the first coefficient beyond each signed-int64 endpoint 1ms
   ✓ SQLite widened decimal sum operand range > refuses a very wide coefficient through the same pre-I/O boundary 0ms
   ✓ 'PostgreSQL' decimal having operands > the where operand is itself lowered through the decimal literal 1ms
   ✓ 'PostgreSQL' decimal having operands > having _min binds its operand exactly as where does 1ms
   ✓ 'PostgreSQL' decimal having operands > having _max binds its operand exactly as where does 0ms
   ✓ 'PostgreSQL' decimal having operands > having _sum binds its operand exactly as where does 0ms
   ✓ 'PostgreSQL' decimal having operands > having _avg binds its operand exactly as where does 0ms
   ✓ 'PostgreSQL' decimal having operands > every element of a having in-list is lowered, not just the first 0ms
   ✓ 'PostgreSQL' decimal having operands > a _sum operand wider than the field's precision still binds 0ms
   ✓ 'PostgreSQL' decimal having operands > a _sum operand past the provider's exact cast domain is refused pre-I/O 0ms
   ✓ 'PostgreSQL' decimal having operands > the widened _sum operand stops at the provider's exact cast boundary 0ms
   × 'PostgreSQL' decimal having operands > grouped decimal lists project through their transport but group on the physical column 1ms
     → expected 'CAST("q0"."amounts" AS TEXT[]) AS "am…' to contain 'CAST("t0"."amounts" AS TEXT[]) AS "am…'
   ✓ 'PostgreSQL' decimal having operands > groupBy ORDER BY _avg orders by the exact average, not AVG() 0ms
   ✓ 'PostgreSQL' decimal having operands > having _avg filters on the exact average, not AVG() 0ms
   ✓ 'PostgreSQL' decimal having operands > the projection, the ordering and the filter emit ONE expression 1ms
   ✓ 'PostgreSQL' decimal having operands > a _sum operand finer than the field's scale is refused 0ms
   × 'PostgreSQL' decimal having operands > having _count compares a row count, so it does NOT get the cast 0ms
     → expected 'CAST($1 AS NUMERIC(16,2))' to match /^\$\d+$/
   ✓ 'MySQL' decimal having operands > the where operand is itself lowered through the decimal literal 0ms
   ✓ 'MySQL' decimal having operands > having _min binds its operand exactly as where does 0ms
   ✓ 'MySQL' decimal having operands > having _max binds its operand exactly as where does 0ms
   ✓ 'MySQL' decimal having operands > having _sum binds its operand exactly as where does 1ms
   ✓ 'MySQL' decimal having operands > having _avg binds its operand exactly as where does 1ms
   ✓ 'MySQL' decimal having operands > every element of a having in-list is lowered, not just the first 0ms
   ✓ 'MySQL' decimal having operands > a _sum operand wider than the field's precision still binds 0ms
   ✓ 'MySQL' decimal having operands > a _sum operand past the provider's exact cast domain is refused pre-I/O 0ms
   ✓ 'MySQL' decimal having operands > the widened _sum operand stops at the provider's exact cast boundary 0ms
   × 'MySQL' decimal having operands > grouped decimal lists project through their transport but group on the physical column 0ms
     → expected 'CAST(`q0`.`amounts` AS CHAR) AS `amou…' to contain 'CAST(`t0`.`amounts` AS CHAR) AS `amou…'
   ✓ 'MySQL' decimal having operands > groupBy ORDER BY _avg orders by the exact average, not AVG() 0ms
   ✓ 'MySQL' decimal having operands > having _avg filters on the exact average, not AVG() 0ms
   ✓ 'MySQL' decimal having operands > the projection, the ordering and the filter emit ONE expression 1ms
   ✓ 'MySQL' decimal having operands > a _sum operand finer than the field's scale is refused 0ms
   × 'MySQL' decimal having operands > having _count compares a row count, so it does NOT get the cast 0ms
     → expected 'CAST($1 AS DECIMAL(16,2))' to match /^\$\d+$/
   ✓ 'SQLite' decimal having operands > the where operand is itself lowered through the decimal literal 0ms
   ✓ 'SQLite' decimal having operands > having _min binds its operand exactly as where does 1ms
   ✓ 'SQLite' decimal having operands > having _max binds its operand exactly as where does 1ms
   ✓ 'SQLite' decimal having operands > having _sum binds its operand exactly as where does 1ms
   ✓ 'SQLite' decimal having operands > having _avg binds its operand exactly as where does 0ms
   ✓ 'SQLite' decimal having operands > every element of a having in-list is lowered, not just the first 0ms
   ✓ 'SQLite' decimal having operands > a _sum operand wider than the field's precision still binds 0ms
   ✓ 'SQLite' decimal having operands > a _sum operand past the provider's exact cast domain is refused pre-I/O 0ms
   ✓ 'SQLite' decimal having operands > the widened _sum operand stops at the provider's exact cast boundary 4ms
   × 'SQLite' decimal having operands > grouped decimal lists project through their transport but group on the physical column 0ms
     → expected 'CAST("q0"."amounts" AS TEXT) AS "amou…' to contain 'CAST("t0"."amounts" AS TEXT) AS "amou…'
   ✓ 'SQLite' decimal having operands > groupBy ORDER BY _avg orders by the exact average, not AVG() 0ms
   ✓ 'SQLite' decimal having operands > having _avg filters on the exact average, not AVG() 0ms
   ✓ 'SQLite' decimal having operands > the projection, the ordering and the filter emit ONE expression 0ms
   ✓ 'SQLite' decimal having operands > a _sum operand finer than the field's scale is refused 0ms
   × 'SQLite' decimal having operands > having _count compares a row count, so it does NOT get the cast 0ms
     → expected 'CAST($1 AS INTEGER)' to match /^\$\d+$/
 ❯ |layer-query-engine| tests/contracts/engine/query/cursor-pagination-sql.core.test.ts (44 tests | 30 failed) 17ms
   × 'PostgreSQL' cursor SQL > one normalized order drives ORDER BY and one derived cursor row 1ms
     → expected null not to be null
   × 'PostgreSQL' cursor SQL > preserves frozen multi-entry order while appending the identity 1ms
     → expected 'ORDER BY "q0"."age" DESC NULLS FIRST,…' to contain '"t0"."age" DESC NULLS FIRST'
   × 'PostgreSQL' cursor SQL > bare directions resolve portable null placement explicitly 1ms
     → expected 'ORDER BY "q0"."age" ASC NULLS LAST, "…' to contain '"t0"."age" ASC NULLS LAST'
   × 'PostgreSQL' cursor SQL > negative take flips direction and null placement together 1ms
     → expected 'ORDER BY "q0"."age" DESC NULLS LAST, …' to contain '"t0"."age" DESC NULLS LAST'
   × 'PostgreSQL' cursor SQL > include aliases remain distinct from the cursor derived row 1ms
     → expected 'SELECT "q0"."alternate" AS "alternate…' to contain '__viborm_cursor_0'
   × 'PostgreSQL' cursor SQL > count uses the normalized cursor order and derived row 1ms
     → expected 'SELECT COUNT(*) AS "_count" FROM (SEL…' to contain '__viborm_cursor_0'
   × 'PostgreSQL' cursor SQL > NOT NULL sort columns compare as a row value against a row subquery 1ms
     → expected 'SELECT "q0"."alternate" AS "alternate…' to contain '("t0"."alternate", "t0"."id") >= (SEL…'
   ✓ 'PostgreSQL' cursor SQL > a backward window over an ascending order compares the other way 0ms
   ✓ 'PostgreSQL' cursor SQL > a descending order keeps the null-guarded predicate 0ms
   × 'PostgreSQL' cursor SQL > a single NOT NULL sort column needs no row constructor 0ms
     → expected 'SELECT "q0"."alternate" AS "alternate…' to contain '"t0"."id" >= (SELECT'
   × 'PostgreSQL' cursor SQL > a nullable sort column keeps the null-guarded predicate 0ms
     → expected 'SELECT "q0"."alternate" AS "alternate…' to contain '__viborm_cursor_0'
   ✓ 'PostgreSQL' cursor SQL > mixed sort directions keep the null-guarded predicate 0ms
   ✓ 'PostgreSQL' cursor SQL > relation cursor ordering fails explicitly 0ms
   × 'PostgreSQL' cursor SQL > vector-distance cursor ordering fails explicitly 0ms
     → expected [Function] to throw error including 'Cursor pagination supports direct sca…' but got 'vector.orderBy is not supported. vect…'
   × 'MySQL' cursor SQL > one normalized order drives ORDER BY and one derived cursor row 0ms
     → expected null not to be null
   × 'MySQL' cursor SQL > preserves frozen multi-entry order while appending the identity 0ms
     → expected 'ORDER BY (`q0`.`age` IS NULL) DESC, `…' to contain '(`t0`.`age` IS NULL) DESC, `t0`.`age`…'
   × 'MySQL' cursor SQL > bare directions resolve portable null placement explicitly 0ms
     → expected 'ORDER BY (`q0`.`age` IS NULL) ASC, `q…' to contain '(`t0`.`age` IS NULL) ASC, `t0`.`age` …'
   × 'MySQL' cursor SQL > negative take flips direction and null placement together 0ms
     → expected 'ORDER BY (`q0`.`age` IS NULL) ASC, `q…' to contain '(`t0`.`age` IS NULL) ASC, `t0`.`age` …'
   × 'MySQL' cursor SQL > include aliases remain distinct from the cursor derived row 0ms
     → expected 'SELECT `q0`.`alternate` AS `alternate…' to contain '__viborm_cursor_0'
   × 'MySQL' cursor SQL > count uses the normalized cursor order and derived row 0ms
     → expected 'SELECT COUNT(*) AS `_count` FROM (SEL…' to contain '__viborm_cursor_0'
   × 'MySQL' cursor SQL > NOT NULL sort columns compare as a row value against a row subquery 0ms
     → expected 'SELECT `q0`.`alternate` AS `alternate…' to contain '(`t0`.`alternate`, `t0`.`id`) >= (SEL…'
   ✓ 'MySQL' cursor SQL > a backward window over an ascending order compares the other way 0ms
   ✓ 'MySQL' cursor SQL > a descending order keeps the null-guarded predicate 0ms
   × 'MySQL' cursor SQL > a single NOT NULL sort column needs no row constructor 0ms
     → expected 'SELECT `q0`.`alternate` AS `alternate…' to contain '`t0`.`id` >= (SELECT'
   × 'MySQL' cursor SQL > a nullable sort column keeps the null-guarded predicate 0ms
     → expected 'SELECT `q0`.`alternate` AS `alternate…' to contain '__viborm_cursor_0'
   ✓ 'MySQL' cursor SQL > mixed sort directions keep the null-guarded predicate 0ms
   ✓ 'MySQL' cursor SQL > relation cursor ordering fails explicitly 0ms
   × 'MySQL' cursor SQL > vector-distance cursor ordering fails explicitly 0ms
     → expected [Function] to throw error including 'Cursor pagination supports direct sca…' but got 'vector.orderBy is not supported. vect…'
   × 'SQLite' cursor SQL > one normalized order drives ORDER BY and one derived cursor row 0ms
     → expected null not to be null
   × 'SQLite' cursor SQL > preserves frozen multi-entry order while appending the identity 0ms
     → expected 'ORDER BY "q0"."age" DESC NULLS FIRST,…' to contain '"t0"."age" DESC NULLS FIRST'
   × 'SQLite' cursor SQL > bare directions resolve portable null placement explicitly 0ms
     → expected 'ORDER BY "q0"."age" ASC NULLS LAST, "…' to contain '"t0"."age" ASC NULLS LAST'
   × 'SQLite' cursor SQL > negative take flips direction and null placement together 0ms
     → expected 'ORDER BY "q0"."age" DESC NULLS LAST, …' to contain '"t0"."age" DESC NULLS LAST'
   × 'SQLite' cursor SQL > include aliases remain distinct from the cursor derived row 2ms
     → expected 'SELECT "q0"."alternate" AS "alternate…' to contain '__viborm_cursor_0'
   × 'SQLite' cursor SQL > count uses the normalized cursor order and derived row 0ms
     → expected 'SELECT COUNT(*) AS "_count" FROM (SEL…' to contain '__viborm_cursor_0'
   × 'SQLite' cursor SQL > NOT NULL sort columns compare as a row value against a row subquery 0ms
     → expected 'SELECT "q0"."alternate" AS "alternate…' to contain '("t0"."alternate", "t0"."id") >= (SEL…'
   ✓ 'SQLite' cursor SQL > a backward window over an ascending order compares the other way 0ms
   ✓ 'SQLite' cursor SQL > a descending order keeps the null-guarded predicate 0ms
   × 'SQLite' cursor SQL > a single NOT NULL sort column needs no row constructor 0ms
     → expected 'SELECT "q0"."alternate" AS "alternate…' to contain '"t0"."id" >= (SELECT'
   × 'SQLite' cursor SQL > a nullable sort column keeps the null-guarded predicate 0ms
     → expected 'SELECT "q0"."alternate" AS "alternate…' to contain '__viborm_cursor_0'
   ✓ 'SQLite' cursor SQL > mixed sort directions keep the null-guarded predicate 0ms
   ✓ 'SQLite' cursor SQL > relation cursor ordering fails explicitly 0ms
   × 'SQLite' cursor SQL > vector-distance cursor ordering fails explicitly 0ms
     → expected [Function] to throw error including 'Cursor pagination supports direct sca…' but got 'vector.orderBy is not supported. vect…'
   ✓ find pagination fallback planning > reverses every nested fallback item without interpreting its shape 0ms
   ✓ find pagination fallback planning > coverage low value: validated pagination numbers > fails closed when called below the public validation boundary 0ms
 ❯ |layer-query-engine| tests/contracts/engine/query/batch-attribution-hazard-signature.core.test.ts (17 tests | 12 failed) 3ms
   × 'PostgreSQL' batch attribution hazard signature > the adapter spells both hazard shapes the way the table expects 1ms
     → Operation 'updateMany' does not compile to one SQL statement. Execute the operation instead.
   × 'PostgreSQL' batch attribution hazard signature > an ordinary statement carrying this dialect's trick blocks attribution 0ms
     → Operation 'updateMany' does not compile to one SQL statement. Execute the operation instead.
   × 'PostgreSQL' batch attribution hazard signature > the other dialect's trick is not this dialect's, so attribution stands 0ms
     → Operation 'updateMany' does not compile to one SQL statement. Execute the operation instead.
   × 'PostgreSQL' batch attribution hazard signature > a batch of nothing but its own assertion attributes 0ms
     → Operation 'updateMany' does not compile to one SQL statement. Execute the operation instead.
   × 'MySQL' batch attribution hazard signature > the adapter spells both hazard shapes the way the table expects 0ms
     → Operation 'updateMany' does not compile to one SQL statement. Execute the operation instead.
   × 'MySQL' batch attribution hazard signature > an ordinary statement carrying this dialect's trick blocks attribution 0ms
     → Operation 'updateMany' does not compile to one SQL statement. Execute the operation instead.
   × 'MySQL' batch attribution hazard signature > the other dialect's trick is not this dialect's, so attribution stands 0ms
     → Operation 'updateMany' does not compile to one SQL statement. Execute the operation instead.
   × 'MySQL' batch attribution hazard signature > a batch of nothing but its own assertion attributes 0ms
     → Operation 'updateMany' does not compile to one SQL statement. Execute the operation instead.
   × 'SQLite' batch attribution hazard signature > the adapter spells both hazard shapes the way the table expects 0ms
     → Operation 'updateMany' does not compile to one SQL statement. Execute the operation instead.
   × 'SQLite' batch attribution hazard signature > an ordinary statement carrying this dialect's trick blocks attribution 0ms
     → Operation 'updateMany' does not compile to one SQL statement. Execute the operation instead.
   × 'SQLite' batch attribution hazard signature > the other dialect's trick is not this dialect's, so attribution stands 0ms
     → Operation 'updateMany' does not compile to one SQL statement. Execute the operation instead.
   × 'SQLite' batch attribution hazard signature > a batch of nothing but its own assertion attributes 0ms
     → Operation 'updateMany' does not compile to one SQL statement. Execute the operation instead.
   ✓ batch guard attribution contracts > leaves non-assertion and unmatched indexed failures authoritative 0ms
   ✓ batch guard attribution contracts > uses an exact provider statement index without re-probing 0ms
   ✓ batch guard attribution contracts > attributes both violated probe premise forms 0ms
   ✓ batch guard attribution contracts > does not invent one attribution when guards disagree 0ms
   ✓ batch guard attribution contracts > returns the assertion floor when no guard can own the failure 0ms
 ❯ |layer-query-engine| tests/contracts/engine/query/lateral-joins.core.test.ts (18 tests | 7 failed) 4ms
   ✓ Lateral Joins > Adapter Capabilities > PostgreSQL adapter supports lateral joins 0ms
   ✓ Lateral Joins > Adapter Capabilities > MySQL adapter supports lateral joins 0ms
   ✓ Lateral Joins > Adapter Capabilities > SQLite adapter does not support lateral joins 0ms
   ✓ Lateral Joins > Adapter Join Methods > PostgreSQL lateral join methods > lateral() generates correct SQL 0ms
   ✓ Lateral Joins > Adapter Join Methods > PostgreSQL lateral join methods > lateralLeft() generates correct SQL 0ms
   ✓ Lateral Joins > Adapter Join Methods > MySQL lateral join methods > lateral() generates correct SQL 0ms
   ✓ Lateral Joins > Adapter Join Methods > MySQL lateral join methods > lateralLeft() generates correct SQL 0ms
   ✓ Lateral Joins > Adapter Join Methods > SQLite lateral join methods > lateral() throws error 0ms
   ✓ Lateral Joins > Adapter Join Methods > SQLite lateral join methods > lateralLeft() throws error 0ms
   × Lateral Joins > SQL Generation > PostgreSQL (lateral joins enabled) > to-many include uses lateral join 1ms
     → expected 'SELECT "q0"."id" AS "id", "q0"."name"…' to contain 'LEFT JOIN LATERAL'
   × Lateral Joins > SQL Generation > PostgreSQL (lateral joins enabled) > to-one include uses lateral join 0ms
     → expected 'SELECT "q0"."id" AS "id", "q0"."title…' to contain 'LEFT JOIN LATERAL'
   × Lateral Joins > SQL Generation > PostgreSQL (lateral joins enabled) > include with where filter 1ms
     → expected 'SELECT "q0"."id" AS "id", "q0"."name"…' to contain 'LEFT JOIN LATERAL'
   × Lateral Joins > SQL Generation > PostgreSQL (lateral joins enabled) > include with orderBy 0ms
     → expected 'SELECT "q0"."id" AS "id", "q0"."name"…' to contain 'LEFT JOIN LATERAL'
   × Lateral Joins > SQL Generation > PostgreSQL (lateral joins enabled) > include with take/skip pagination 0ms
     → expected 'SELECT "q0"."id" AS "id", "q0"."name"…' to contain 'LEFT JOIN LATERAL'
   ✓ Lateral Joins > SQL Generation > SQLite (correlated subquery fallback) > to-many include uses correlated subquery (no lateral) 0ms
   ✓ Lateral Joins > SQL Generation > SQLite (correlated subquery fallback) > to-one include uses correlated subquery (no lateral) 0ms
   × Lateral Joins > SQL Generation > MySQL (lateral joins enabled) > to-many include uses lateral join 0ms
     → expected 'SELECT `q0`.`id` AS `id`, `q0`.`name`…' to contain 'LEFT JOIN LATERAL'
   × Lateral Joins > SQL Generation > MySQL (lateral joins enabled) > to-one include uses lateral join 0ms
     → expected 'SELECT `q0`.`id` AS `id`, `q0`.`title…' to contain 'LEFT JOIN LATERAL'
 ❯ |layer-query-engine| tests/contracts/engine/query/json-null-sentinel-sql.core.test.ts (30 tests | 9 failed) 6ms
   ✓ 'PostgreSQL' json null sentinel SQL > equals DbNull is IS NULL and binds nothing 1ms
   ✓ 'PostgreSQL' json null sentinel SQL > equals JsonNull compares against the serialized JSON null 0ms
   ✓ 'PostgreSQL' json null sentinel SQL > equals AnyNull is the disjunction of the two 0ms
   × 'PostgreSQL' json null sentinel SQL > not DbNull is IS NOT NULL 0ms
     → expected 'WHERE NOT ("q0"."meta" IS NULL)' to contain '"meta" IS NOT NULL'
   × 'PostgreSQL' json null sentinel SQL > not JsonNull is a value inequality 0ms
     → expected 'WHERE NOT ("q0"."meta" = ?)' to contain '"meta" <> ?'
   × 'PostgreSQL' json null sentinel SQL > not AnyNull is the conjunction of both complements 0ms
     → expected 'WHERE NOT (("q0"."meta" IS NULL OR "q…' to contain '"meta" IS NOT NULL'
   ✓ 'PostgreSQL' json null sentinel SQL > the write serialization of JsonNull is the one filters compare 0ms
   ✓ 'PostgreSQL' json null sentinel SQL > DbNull lowers to a SQL NULL literal, bound to nothing 0ms
   ✓ 'PostgreSQL' json null sentinel SQL > a sentinel under a path is refused before SQL exists 0ms
   ✓ 'PostgreSQL' json null sentinel SQL > a bare null keeps its pre-sentinel meaning 0ms
   ✓ 'MySQL' json null sentinel SQL > equals DbNull is IS NULL and binds nothing 0ms
   ✓ 'MySQL' json null sentinel SQL > equals JsonNull compares against the serialized JSON null 0ms
   ✓ 'MySQL' json null sentinel SQL > equals AnyNull is the disjunction of the two 0ms
   × 'MySQL' json null sentinel SQL > not DbNull is IS NOT NULL 0ms
     → expected 'WHERE NOT (`q0`.`meta` IS NULL)' to contain '`meta` IS NOT NULL'
   × 'MySQL' json null sentinel SQL > not JsonNull is a value inequality 0ms
     → expected 'WHERE NOT (`q0`.`meta` = CAST(? AS JS…' to contain '`meta` <> CAST(? AS JSON)'
   × 'MySQL' json null sentinel SQL > not AnyNull is the conjunction of both complements 0ms
     → expected 'WHERE NOT ((`q0`.`meta` IS NULL OR `q…' to contain '`meta` IS NOT NULL'
   ✓ 'MySQL' json null sentinel SQL > the write serialization of JsonNull is the one filters compare 0ms
   ✓ 'MySQL' json null sentinel SQL > DbNull lowers to a SQL NULL literal, bound to nothing 0ms
   ✓ 'MySQL' json null sentinel SQL > a sentinel under a path is refused before SQL exists 0ms
   ✓ 'MySQL' json null sentinel SQL > a bare null keeps its pre-sentinel meaning 0ms
   ✓ 'SQLite' json null sentinel SQL > equals DbNull is IS NULL and binds nothing 0ms
   ✓ 'SQLite' json null sentinel SQL > equals JsonNull compares against the serialized JSON null 0ms
   ✓ 'SQLite' json null sentinel SQL > equals AnyNull is the disjunction of the two 0ms
   × 'SQLite' json null sentinel SQL > not DbNull is IS NOT NULL 0ms
     → expected 'WHERE NOT ("q0"."meta" IS NULL)' to contain '"meta" IS NOT NULL'
   × 'SQLite' json null sentinel SQL > not JsonNull is a value inequality 0ms
     → expected 'WHERE NOT ("q0"."meta" = ?)' to contain '"meta" <> ?'
   × 'SQLite' json null sentinel SQL > not AnyNull is the conjunction of both complements 0ms
     → expected 'WHERE NOT (("q0"."meta" IS NULL OR "q…' to contain '"meta" IS NOT NULL'
   ✓ 'SQLite' json null sentinel SQL > the write serialization of JsonNull is the one filters compare 0ms
   ✓ 'SQLite' json null sentinel SQL > DbNull lowers to a SQL NULL literal, bound to nothing 0ms
   ✓ 'SQLite' json null sentinel SQL > a sentinel under a path is refused before SQL exists 0ms
   ✓ 'SQLite' json null sentinel SQL > a bare null keeps its pre-sentinel meaning 0ms
 ✓ |layer-query-engine| tests/contracts/engine/query/result-parser-architecture-gates.core.test.ts (4 tests) 71ms
 ❯ |layer-query-engine| tests/contracts/engine/query/operation-equivalence-oracles.core.test.ts (3 tests | 3 failed) 2ms
   × operation SQL and parameter equivalence oracles > freezes representative postgresql read SQL 2ms
     → expected { read: { …(2) } } to deeply equal { read: { …(2) } }
   × operation SQL and parameter equivalence oracles > freezes representative mysql read SQL 0ms
     → expected { read: { …(2) } } to deeply equal { read: { …(2) } }
   × operation SQL and parameter equivalence oracles > freezes representative sqlite read SQL 0ms
     → expected { read: { …(2) } } to deeply equal { read: { …(2) } }
 ❯ |layer-write-engine| tests/contracts/engine/write/parse-boundary-gate.core.test.ts (6 tests | 3 failed) 16ms
   ✓ write engine parse-boundary gate (X2 — one home for validation) > (1) parseValidated is defined once — in the boundary — with the lone whole-tree cast 6ms
   × write engine parse-boundary gate (X2 — one home for validation) > (2) create/update/delete validate their whole args through the boundary 2ms
     → ENOENT: no such file or directory, open '/Users/arnaud/code/viborm/src/query-engine/write-engine/CreateOperation.ts'
   ✓ write engine parse-boundary gate (X2 — one home for validation) > (3) no key gate survives anywhere — assertUpsertKeys was the last 3ms
   × write engine parse-boundary gate (X2 — one home for validation) > (5) the upsert envelope is a schema at the boundary, wired at the one construction path 0ms
     → ENOENT: no such file or directory, open '/Users/arnaud/code/viborm/src/query-engine/write-engine/routing.ts'
   ✓ write engine parse-boundary gate (X2 — one home for validation) > (4) the in-engine shape-check surface may only shrink (X2 ratchet) 3ms
   × write engine parse-boundary gate (X2 — one home for validation) > (ratchet self-check) the current counts equal the pinned ceilings 2ms
     → expected 2 to be 6 // Object.is equality
 ❯ |layer-write-engine| tests/contracts/engine/write/architecture-gates.core.test.ts (6 tests | 1 failed) 575ms
   ✓ write engine structural gates (PLAN P0) > (a) keeps the executor free of operation semantics 26ms
   ✓ write engine structural gates (PLAN P0) > (b) forbids adapters from constructing a Step 32ms
   ✓ write engine structural gates (PLAN P0) > (c) freezes the fragment module's exported type surface 7ms
   ✓ write engine structural gates (PLAN P0) > (d) keeps the step vocabulary at exactly read/write/guard/recordSeries + census types 1ms
   ✓ write engine structural gates (PLAN P0) > (e) keeps write-engine runtime imports acyclic  507ms
   × write engine structural gates (PLAN P0) > (f) gives child-held membership one lowering owner 1ms
     → ENOENT: no such file or directory, open '/Users/arnaud/code/viborm/src/query-engine/write-engine/CreateOperation.ts'
 ❯ |layer-drivers| tests/contracts/drivers/namespace-execution-target.core.test.ts (5 tests | 5 failed) 9ms
   × two drivers over one supplied pool address different namespaces > MySQL2 drivers sharing a pool never name each other's database 6ms
     → Operation 'createMany' does not compile to one SQL statement. Execute the operation instead.
   × two drivers over one supplied pool address different namespaces > pg drivers sharing a pool never name each other's schema 1ms
     → Operation 'createMany' does not compile to one SQL statement. Execute the operation instead.
   × transaction views execute against the base driver's namespace > a root, a transaction and a nested transaction compile identical SQL 0ms
     → Operation 'createMany' does not compile to one SQL statement. Execute the operation instead.
   × transaction views execute against the base driver's namespace > an unbound MySQL base stays unbound through its views 0ms
     → Operation 'createMany' does not compile to one SQL statement. Execute the operation instead.
   × no session-scoped target statement is compiled > neither dialect emits USE or SET search_path 0ms
     → Operation 'createMany' does not compile to one SQL statement. Execute the operation instead.

⎯⎯⎯⎯⎯⎯ Failed Tests 208 ⎯⎯⎯⎯⎯⎯

 FAIL  |layer-drivers| tests/contracts/drivers/namespace-execution-target.core.test.ts > two drivers over one supplied pool address different namespaces > MySQL2 drivers sharing a pool never name each other's database
QueryEngineError: Operation 'createMany' does not compile to one SQL statement. Execute the operation instead.
⎯⎯⎯⎯⎯⎯⎯⎯⎯⎯⎯⎯⎯⎯⎯⎯⎯⎯⎯⎯⎯⎯[1/208]⎯

 FAIL  |layer-drivers| tests/contracts/drivers/namespace-execution-target.core.test.ts > two drivers over one supplied pool address different namespaces > pg drivers sharing a pool never name each other's schema
QueryEngineError: Operation 'createMany' does not compile to one SQL statement. Execute the operation instead.
⎯⎯⎯⎯⎯⎯⎯⎯⎯⎯⎯⎯⎯⎯⎯⎯⎯⎯⎯⎯⎯⎯[2/208]⎯

 FAIL  |layer-drivers| tests/contracts/drivers/namespace-execution-target.core.test.ts > transaction views execute against the base driver's namespace > a root, a transaction and a nested transaction compile identical SQL
QueryEngineError: Operation 'createMany' does not compile to one SQL statement. Execute the operation instead.
⎯⎯⎯⎯⎯⎯⎯⎯⎯⎯⎯⎯⎯⎯⎯⎯⎯⎯⎯⎯⎯⎯[3/208]⎯

 FAIL  |layer-drivers| tests/contracts/drivers/namespace-execution-target.core.test.ts > transaction views execute against the base driver's namespace > an unbound MySQL base stays unbound through its views
QueryEngineError: Operation 'createMany' does not compile to one SQL statement. Execute the operation instead.
⎯⎯⎯⎯⎯⎯⎯⎯⎯⎯⎯⎯⎯⎯⎯⎯⎯⎯⎯⎯⎯⎯[4/208]⎯

 FAIL  |layer-drivers| tests/contracts/drivers/namespace-execution-target.core.test.ts > no session-scoped target statement is compiled > neither dialect emits USE or SET search_path
QueryEngineError: Operation 'createMany' does not compile to one SQL statement. Execute the operation instead.
⎯⎯⎯⎯⎯⎯⎯⎯⎯⎯⎯⎯⎯⎯⎯⎯⎯⎯⎯⎯⎯⎯[5/208]⎯

 FAIL  |layer-write-engine| tests/contracts/engine/write/architecture-gates.core.test.ts > write engine structural gates (PLAN P0) > (f) gives child-held membership one lowering owner
Error: ENOENT: no such file or directory, open '/Users/arnaud/code/viborm/src/query-engine/write-engine/CreateOperation.ts'
 ❯ tests/contracts/engine/write/architecture-gates.core.test.ts:240:22
    238|   it("(f) gives child-held membership one lowering owner", () => {
    239|     const compilerSource = ["CreateOperation.ts", "RecordUpdateCompile…
    240|       .map((name) => readFileSync(join(WRITE_ENGINE_ROOT, name), "utf8…
       |                      ^
    241|       .join("\n");
    242|     expect(compilerSource).not.toMatch(LEGACY_MEMBERSHIP_INPUTS);
 ❯ tests/contracts/engine/write/architecture-gates.core.test.ts:240:8

⎯⎯⎯⎯⎯⎯⎯⎯⎯⎯⎯⎯⎯⎯⎯⎯⎯⎯⎯⎯⎯⎯[6/208]⎯

 FAIL  |layer-write-engine| tests/contracts/engine/write/parse-boundary-gate.core.test.ts > write engine parse-boundary gate (X2 — one home for validation) > (2) create/update/delete validate their whole args through the boundary
Error: ENOENT: no such file or directory, open '/Users/arnaud/code/viborm/src/query-engine/write-engine/CreateOperation.ts'
 ❯ read tests/contracts/engine/write/parse-boundary-gate.core.test.ts:58:10
     56| 
     57| function read(file: string): string {
     58|   return readFileSync(join(ENGINE, file), "utf8");
       |          ^
     59| }
     60| 
 ❯ tests/contracts/engine/write/parse-boundary-gate.core.test.ts:161:35
 ❯ tests/contracts/engine/write/parse-boundary-gate.core.test.ts:157:42

⎯⎯⎯⎯⎯⎯⎯⎯⎯⎯⎯⎯⎯⎯⎯⎯⎯⎯⎯⎯⎯⎯[7/208]⎯

 FAIL  |layer-write-engine| tests/contracts/engine/write/parse-boundary-gate.core.test.ts > write engine parse-boundary gate (X2 — one home for validation) > (5) the upsert envelope is a schema at the boundary, wired at the one construction path
Error: ENOENT: no such file or directory, open '/Users/arnaud/code/viborm/src/query-engine/write-engine/routing.ts'
 ❯ read tests/contracts/engine/write/parse-boundary-gate.core.test.ts:58:10
     56| 
     57| function read(file: string): string {
     58|   return readFileSync(join(ENGINE, file), "utf8");
       |          ^
     59| }
     60| 
 ❯ tests/contracts/engine/write/parse-boundary-gate.core.test.ts:183:12

⎯⎯⎯⎯⎯⎯⎯⎯⎯⎯⎯⎯⎯⎯⎯⎯⎯⎯⎯⎯⎯⎯[8/208]⎯

 FAIL  |layer-write-engine| tests/contracts/engine/write/parse-boundary-gate.core.test.ts > write engine parse-boundary gate (X2 — one home for validation) > (ratchet self-check) the current counts equal the pinned ceilings
AssertionError: expected 2 to be 6 // Object.is equality

[32m- Expected[39m
[31m+ Received[39m

[32m- 6[39m
[31m+ 2[39m

 ❯ tests/contracts/engine/write/parse-boundary-gate.core.test.ts:201:43
    199|     // If a change legitimately reduces the surface, drop the ceiling …
    200|     // ratchet keeps biting at the new floor. This equality tripwire f…
    201|     expect(countAll(PAYLOAD_RECORD_CAST)).toBe(MAX_PAYLOAD_RECORD_CAST…
       |                                           ^
    202|     expect(countAll(SHAPE_THROW_MESSAGE)).toBe(MAX_SHAPE_THROW_MESSAGE…
    203|   });

⎯⎯⎯⎯⎯⎯⎯⎯⎯⎯⎯⎯⎯⎯⎯⎯⎯⎯⎯⎯⎯⎯[9/208]⎯

 FAIL  |layer-query-engine| tests/contracts/engine/query/batch-attribution-hazard-signature.core.test.ts > 'PostgreSQL' batch attribution hazard signature > the adapter spells both hazard shapes the way the table expects
QueryEngineError: Operation 'updateMany' does not compile to one SQL statement. Execute the operation instead.
⎯⎯⎯⎯⎯⎯⎯⎯⎯⎯⎯⎯⎯⎯⎯⎯⎯⎯⎯⎯⎯[10/208]⎯

 FAIL  |layer-query-engine| tests/contracts/engine/query/batch-attribution-hazard-signature.core.test.ts > 'PostgreSQL' batch attribution hazard signature > an ordinary statement carrying this dialect's trick blocks attribution
QueryEngineError: Operation 'updateMany' does not compile to one SQL statement. Execute the operation instead.
⎯⎯⎯⎯⎯⎯⎯⎯⎯⎯⎯⎯⎯⎯⎯⎯⎯⎯⎯⎯⎯[11/208]⎯

 FAIL  |layer-query-engine| tests/contracts/engine/query/batch-attribution-hazard-signature.core.test.ts > 'PostgreSQL' batch attribution hazard signature > the other dialect's trick is not this dialect's, so attribution stands
QueryEngineError: Operation 'updateMany' does not compile to one SQL statement. Execute the operation instead.
⎯⎯⎯⎯⎯⎯⎯⎯⎯⎯⎯⎯⎯⎯⎯⎯⎯⎯⎯⎯⎯[12/208]⎯

 FAIL  |layer-query-engine| tests/contracts/engine/query/batch-attribution-hazard-signature.core.test.ts > 'PostgreSQL' batch attribution hazard signature > a batch of nothing but its own assertion attributes
QueryEngineError: Operation 'updateMany' does not compile to one SQL statement. Execute the operation instead.
⎯⎯⎯⎯⎯⎯⎯⎯⎯⎯⎯⎯⎯⎯⎯⎯⎯⎯⎯⎯⎯[13/208]⎯

 FAIL  |layer-query-engine| tests/contracts/engine/query/batch-attribution-hazard-signature.core.test.ts > 'MySQL' batch attribution hazard signature > the adapter spells both hazard shapes the way the table expects
QueryEngineError: Operation 'updateMany' does not compile to one SQL statement. Execute the operation instead.
⎯⎯⎯⎯⎯⎯⎯⎯⎯⎯⎯⎯⎯⎯⎯⎯⎯⎯⎯⎯⎯[14/208]⎯

 FAIL  |layer-query-engine| tests/contracts/engine/query/batch-attribution-hazard-signature.core.test.ts > 'MySQL' batch attribution hazard signature > an ordinary statement carrying this dialect's trick blocks attribution
QueryEngineError: Operation 'updateMany' does not compile to one SQL statement. Execute the operation instead.
⎯⎯⎯⎯⎯⎯⎯⎯⎯⎯⎯⎯⎯⎯⎯⎯⎯⎯⎯⎯⎯[15/208]⎯

 FAIL  |layer-query-engine| tests/contracts/engine/query/batch-attribution-hazard-signature.core.test.ts > 'MySQL' batch attribution hazard signature > the other dialect's trick is not this dialect's, so attribution stands
QueryEngineError: Operation 'updateMany' does not compile to one SQL statement. Execute the operation instead.
⎯⎯⎯⎯⎯⎯⎯⎯⎯⎯⎯⎯⎯⎯⎯⎯⎯⎯⎯⎯⎯[16/208]⎯

 FAIL  |layer-query-engine| tests/contracts/engine/query/batch-attribution-hazard-signature.core.test.ts > 'MySQL' batch attribution hazard signature > a batch of nothing but its own assertion attributes
QueryEngineError: Operation 'updateMany' does not compile to one SQL statement. Execute the operation instead.
⎯⎯⎯⎯⎯⎯⎯⎯⎯⎯⎯⎯⎯⎯⎯⎯⎯⎯⎯⎯⎯[17/208]⎯

 FAIL  |layer-query-engine| tests/contracts/engine/query/batch-attribution-hazard-signature.core.test.ts > 'SQLite' batch attribution hazard signature > the adapter spells both hazard shapes the way the table expects
QueryEngineError: Operation 'updateMany' does not compile to one SQL statement. Execute the operation instead.
⎯⎯⎯⎯⎯⎯⎯⎯⎯⎯⎯⎯⎯⎯⎯⎯⎯⎯⎯⎯⎯[18/208]⎯

 FAIL  |layer-query-engine| tests/contracts/engine/query/batch-attribution-hazard-signature.core.test.ts > 'SQLite' batch attribution hazard signature > an ordinary statement carrying this dialect's trick blocks attribution
QueryEngineError: Operation 'updateMany' does not compile to one SQL statement. Execute the operation instead.
⎯⎯⎯⎯⎯⎯⎯⎯⎯⎯⎯⎯⎯⎯⎯⎯⎯⎯⎯⎯⎯[19/208]⎯

 FAIL  |layer-query-engine| tests/contracts/engine/query/batch-attribution-hazard-signature.core.test.ts > 'SQLite' batch attribution hazard signature > the other dialect's trick is not this dialect's, so attribution stands
QueryEngineError: Operation 'updateMany' does not compile to one SQL statement. Execute the operation instead.
⎯⎯⎯⎯⎯⎯⎯⎯⎯⎯⎯⎯⎯⎯⎯⎯⎯⎯⎯⎯⎯[20/208]⎯

 FAIL  |layer-query-engine| tests/contracts/engine/query/batch-attribution-hazard-signature.core.test.ts > 'SQLite' batch attribution hazard signature > a batch of nothing but its own assertion attributes
QueryEngineError: Operation 'updateMany' does not compile to one SQL statement. Execute the operation instead.
⎯⎯⎯⎯⎯⎯⎯⎯⎯⎯⎯⎯⎯⎯⎯⎯⎯⎯⎯⎯⎯[21/208]⎯

 FAIL  |layer-query-engine| tests/contracts/engine/query/cursor-pagination-sql.core.test.ts > 'PostgreSQL' cursor SQL > one normalized order drives ORDER BY and one derived cursor row
 FAIL  |layer-query-engine| tests/contracts/engine/query/cursor-pagination-sql.core.test.ts > 'MySQL' cursor SQL > one normalized order drives ORDER BY and one derived cursor row
 FAIL  |layer-query-engine| tests/contracts/engine/query/cursor-pagination-sql.core.test.ts > 'SQLite' cursor SQL > one normalized order drives ORDER BY and one derived cursor row
AssertionError: expected null not to be null
 ❯ tests/contracts/engine/query/cursor-pagination-sql.core.test.ts:102:58
    100|       query.values.filter((value) => value === "alternate-cursor")
    101|     ).toHaveLength(1);
    102|     expect(query.statement.match(CURSOR_ZERO_REGEX)).not.toBeNull();
       |                                                          ^
    103|     expect(query.statement.match(CURSOR_ONE_REGEX)).not.toBeNull();
    104|     expect(query.statement.match(CURSOR_TWO_REGEX)).not.toBeNull();

⎯⎯⎯⎯⎯⎯⎯⎯⎯⎯⎯⎯⎯⎯⎯⎯⎯⎯⎯⎯⎯[22/208]⎯

 FAIL  |layer-query-engine| tests/contracts/engine/query/cursor-pagination-sql.core.test.ts > 'PostgreSQL' cursor SQL > preserves frozen multi-entry order while appending the identity
 FAIL  |layer-query-engine| tests/contracts/engine/query/cursor-pagination-sql.core.test.ts > 'SQLite' cursor SQL > preserves frozen multi-entry order while appending the identity
AssertionError: expected 'ORDER BY "q0"."age" DESC NULLS FIRST,…' to contain '"t0"."age" DESC NULLS FIRST'

Expected: [32m"[7m"t[27m0"."age" DESC NULLS FIRST"[39m
Received: [31m"[7mORDER BY "q[27m0"."age" DESC NULLS FIRST[7m, "q0"."alternate" ASC, "q0"."id" ASC LIMIT $1[27m"[39m

 ❯ tests/contracts/engine/query/cursor-pagination-sql.core.test.ts:124:25
    122|     const idIndex = orderClause.indexOf(quoted(dialectCase, "id"));
    123| 
    124|     expect(orderClause).toContain(
       |                         ^
    125|       expectedOrder(dialectCase, "age", "desc", "first")
    126|     );

⎯⎯⎯⎯⎯⎯⎯⎯⎯⎯⎯⎯⎯⎯⎯⎯⎯⎯⎯⎯⎯[23/208]⎯

 FAIL  |layer-query-engine| tests/contracts/engine/query/cursor-pagination-sql.core.test.ts > 'PostgreSQL' cursor SQL > bare directions resolve portable null placement explicitly
 FAIL  |layer-query-engine| tests/contracts/engine/query/cursor-pagination-sql.core.test.ts > 'SQLite' cursor SQL > bare directions resolve portable null placement explicitly
AssertionError: expected 'ORDER BY "q0"."age" ASC NULLS LAST, "…' to contain '"t0"."age" ASC NULLS LAST'

Expected: [32m"[7m"t[27m0"."age" ASC NULLS LAST"[39m
Received: [31m"[7mORDER BY "q[27m0"."age" ASC NULLS LAST[7m, "q0"."id" ASC LIMIT $1[27m"[39m

 ❯ tests/contracts/engine/query/cursor-pagination-sql.core.test.ts:142:39
    140|     }).statement;
    141| 
    142|     expect(getOrderClause(ascending)).toContain(
       |                                       ^
    143|       expectedOrder(dialectCase, "age", "asc", "last")
    144|     );

⎯⎯⎯⎯⎯⎯⎯⎯⎯⎯⎯⎯⎯⎯⎯⎯⎯⎯⎯⎯⎯[24/208]⎯

 FAIL  |layer-query-engine| tests/contracts/engine/query/cursor-pagination-sql.core.test.ts > 'PostgreSQL' cursor SQL > negative take flips direction and null placement together
 FAIL  |layer-query-engine| tests/contracts/engine/query/cursor-pagination-sql.core.test.ts > 'SQLite' cursor SQL > negative take flips direction and null placement together
AssertionError: expected 'ORDER BY "q0"."age" DESC NULLS LAST, …' to contain '"t0"."age" DESC NULLS LAST'

Expected: [32m"[7m"t[27m0"."age" DESC NULLS LAST"[39m
Received: [31m"[7mORDER BY "q[27m0"."age" DESC NULLS LAST[7m, "q0"."id" DESC LIMIT $3 OFFSET $4[27m"[39m

 ❯ tests/contracts/engine/query/cursor-pagination-sql.core.test.ts:159:25
    157|     const orderClause = getOrderClause(query.statement);
    158| 
    159|     expect(orderClause).toContain(
       |                         ^
    160|       expectedOrder(dialectCase, "age", "desc", "last")
    161|     );

⎯⎯⎯⎯⎯⎯⎯⎯⎯⎯⎯⎯⎯⎯⎯⎯⎯⎯⎯⎯⎯[25/208]⎯

 FAIL  |layer-query-engine| tests/contracts/engine/query/cursor-pagination-sql.core.test.ts > 'PostgreSQL' cursor SQL > include aliases remain distinct from the cursor derived row
 FAIL  |layer-query-engine| tests/contracts/engine/query/cursor-pagination-sql.core.test.ts > 'SQLite' cursor SQL > include aliases remain distinct from the cursor derived row
AssertionError: expected 'SELECT "q0"."alternate" AS "alternate…' to contain '__viborm_cursor_0'

Expected: [32m"__viborm_cursor_0"[39m
Received: [31m"SELECT "q0"."alternate" AS "alternate", "q0"."id" AS "id", "q0"."age" AS "age", (SELECT COALESCE(COALESCE(json_agg(json_build_object($1::text, "q4"."id", $2::text, "q4"."userId")), '[]'::json), '[]'::json) FROM (SELECT "q3"."id" AS "id", "q3"."userId" AS "userId" FROM "public"."cursor_sql_posts" AS "q3" WHERE "q0"."id" = "q3"."userId") AS "q4") AS "posts" FROM "public"."cursor_sql_users" AS "q0" WHERE EXISTS (SELECT TRUE FROM (SELECT "q1"."age" AS "0viborm_cursor_0", "q1"."id" AS "0viborm_cursor_1" FROM "public"."cursor_sql_users" AS "q1" WHERE "q1"."id" = $3 LIMIT $4) AS "q2" WHERE (("q2"."0viborm_cursor_0" IS NOT NULL AND ("q0"."age" IS NULL OR ("q0"."age" IS NOT NULL AND "q0"."age" > "q2"."0viborm_cursor_0"))) OR ((("q0"."age" IS NULL AND "q2"."0viborm_cursor_0" IS NULL) OR ("q0"."age" IS NOT NULL AND "q2"."0viborm_cursor_0" IS NOT NULL AND "q0"."age" = "q2"."0viborm_cursor_0")) AND ("q2"."0viborm_cursor_1" IS NOT NULL AND ("q0"."id" IS NULL OR ("q0"."id" IS NOT NULL AND "q0"."id" > "q2"."0viborm_cursor_1")))) OR ((("q0"."age" IS NULL AND "q2"."0viborm_cursor_0" IS NULL) OR ("q0"."age" IS NOT NULL AND "q2"."0viborm_cursor_0" IS NOT NULL AND "q0"."age" = "q2"."0viborm_cursor_0")) AND (("q0"."id" IS NULL AND "q2"."0viborm_cursor_1" IS NULL) OR ("q0"."id" IS NOT NULL AND "q2"."0viborm_cursor_1" IS NOT NULL AND "q0"."id" = "q2"."0viborm_cursor_1"))))) ORDER BY "q0"."age" ASC NULLS LAST, "q0"."id" ASC LIMIT $5"[39m

 ❯ tests/contracts/engine/query/cursor-pagination-sql.core.test.ts:189:29
    187| 
    188|     expect(query.statement).toContain("cursor_sql_posts");
    189|     expect(query.statement).toContain("__viborm_cursor_0");
       |                             ^
    190|     expect(query.statement).toContain("__viborm_cursor_1");
    191|   });

⎯⎯⎯⎯⎯⎯⎯⎯⎯⎯⎯⎯⎯⎯⎯⎯⎯⎯⎯⎯⎯[26/208]⎯

 FAIL  |layer-query-engine| tests/contracts/engine/query/cursor-pagination-sql.core.test.ts > 'PostgreSQL' cursor SQL > count uses the normalized cursor order and derived row
 FAIL  |layer-query-engine| tests/contracts/engine/query/cursor-pagination-sql.core.test.ts > 'SQLite' cursor SQL > count uses the normalized cursor order and derived row
AssertionError: expected 'SELECT COUNT(*) AS "_count" FROM (SEL…' to contain '__viborm_cursor_0'

Expected: [32m"__viborm_cursor_0"[39m
Received: [31m"SELECT COUNT(*) AS "_count" FROM (SELECT $1 AS "0viborm_row" FROM "public"."cursor_sql_users" AS "q0" WHERE EXISTS (SELECT TRUE FROM (SELECT "q1"."age" AS "0viborm_cursor_0", "q1"."id" AS "0viborm_cursor_1" FROM "public"."cursor_sql_users" AS "q1" WHERE "q1"."id" = $2 LIMIT $3) AS "q2" WHERE (("q2"."0viborm_cursor_0" IS NOT NULL AND ("q0"."age" IS NULL OR ("q0"."age" IS NOT NULL AND "q0"."age" > "q2"."0viborm_cursor_0"))) OR ((("q0"."age" IS NULL AND "q2"."0viborm_cursor_0" IS NULL) OR ("q0"."age" IS NOT NULL AND "q2"."0viborm_cursor_0" IS NOT NULL AND "q0"."age" = "q2"."0viborm_cursor_0")) AND ("q2"."0viborm_cursor_1" IS NOT NULL AND ("q0"."id" IS NULL OR ("q0"."id" IS NOT NULL AND "q0"."id" > "q2"."0viborm_cursor_1")))) OR ((("q0"."age" IS NULL AND "q2"."0viborm_cursor_0" IS NULL) OR ("q0"."age" IS NOT NULL AND "q2"."0viborm_cursor_0" IS NOT NULL AND "q0"."age" = "q2"."0viborm_cursor_0")) AND (("q0"."id" IS NULL AND "q2"."0viborm_cursor_1" IS NULL) OR ("q0"."id" IS NOT NULL AND "q2"."0viborm_cursor_1" IS NOT NULL AND "q0"."id" = "q2"."0viborm_cursor_1"))))) ORDER BY "q0"."age" ASC NULLS LAST, "q0"."id" ASC LIMIT $4 OFFSET $5) AS "q3""[39m

 ❯ tests/contracts/engine/query/cursor-pagination-sql.core.test.ts:203:23
    201|     const statement = query.toStatement("$n");
    202| 
    203|     expect(statement).toContain("__viborm_cursor_0");
       |                       ^
    204|     expect(statement).toContain("__viborm_cursor_1");
    205|     expect(getOrderClause(statement)).toContain(

⎯⎯⎯⎯⎯⎯⎯⎯⎯⎯⎯⎯⎯⎯⎯⎯⎯⎯⎯⎯⎯[27/208]⎯

 FAIL  |layer-query-engine| tests/contracts/engine/query/cursor-pagination-sql.core.test.ts > 'PostgreSQL' cursor SQL > NOT NULL sort columns compare as a row value against a row subquery
 FAIL  |layer-query-engine| tests/contracts/engine/query/cursor-pagination-sql.core.test.ts > 'SQLite' cursor SQL > NOT NULL sort columns compare as a row value against a row subquery
AssertionError: expected 'SELECT "q0"."alternate" AS "alternate…' to contain '("t0"."alternate", "t0"."id") >= (SEL…'

Expected: [32m"[7m("t[27m0"."alternate"[7m, "t0"."id") >= (SELECT[27m"[39m
Received: [31m"[7mSELECT "q[27m0"."alternate"[7m AS "alternate", "q0"."id" AS "id", "q0"."age" AS "age" FROM "public"."cursor_sql_users" AS "q0" WHERE ("q0"."alternate", "q0"."id") >= (SELECT "q1"."alternate", "q1"."id" FROM "public"."cursor_sql_users" AS "q1" WHERE "q1"."id" = $1 LIMIT $2) ORDER BY "q0"."alternate" ASC, "q0"."id" ASC LIMIT $3[27m"[39m

 ❯ tests/contracts/engine/query/cursor-pagination-sql.core.test.ts:225:23
    223|     const t0 = quoted(dialectCase, "t0");
    224| 
    225|     expect(statement).toContain(`(${t0}.${alternate}, ${t0}.${id}) >= …
       |                       ^
    226|     // The derived-row EXISTS wrapper is what blocked the seek; it is …
    227|     expect(statement).not.toContain("EXISTS");

⎯⎯⎯⎯⎯⎯⎯⎯⎯⎯⎯⎯⎯⎯⎯⎯⎯⎯⎯⎯⎯[28/208]⎯

 FAIL  |layer-query-engine| tests/contracts/engine/query/cursor-pagination-sql.core.test.ts > 'PostgreSQL' cursor SQL > a single NOT NULL sort column needs no row constructor
 FAIL  |layer-query-engine| tests/contracts/engine/query/cursor-pagination-sql.core.test.ts > 'SQLite' cursor SQL > a single NOT NULL sort column needs no row constructor
AssertionError: expected 'SELECT "q0"."alternate" AS "alternate…' to contain '"t0"."id" >= (SELECT'

Expected: [32m""t0"."id" >= (SELECT"[39m
Received: [31m"SELECT "q0"."alternate" AS "alternate", "q0"."id" AS "id", "q0"."age" AS "age" FROM "public"."cursor_sql_users" AS "q0" WHERE "q0"."id" >= (SELECT "q1"."id" FROM "public"."cursor_sql_users" AS "q1" WHERE "q1"."id" = $1 LIMIT $2) ORDER BY "q0"."id" ASC LIMIT $3"[39m

 ❯ tests/contracts/engine/query/cursor-pagination-sql.core.test.ts:272:23
    270|     const column = `${quoted(dialectCase, "t0")}.${quoted(dialectCase,…
    271| 
    272|     expect(statement).toContain(`${column} >= (SELECT`);
       |                       ^
    273|     expect(statement).not.toContain("EXISTS");
    274|   });

⎯⎯⎯⎯⎯⎯⎯⎯⎯⎯⎯⎯⎯⎯⎯⎯⎯⎯⎯⎯⎯[29/208]⎯

 FAIL  |layer-query-engine| tests/contracts/engine/query/cursor-pagination-sql.core.test.ts > 'PostgreSQL' cursor SQL > a nullable sort column keeps the null-guarded predicate
 FAIL  |layer-query-engine| tests/contracts/engine/query/cursor-pagination-sql.core.test.ts > 'SQLite' cursor SQL > a nullable sort column keeps the null-guarded predicate
AssertionError: expected 'SELECT "q0"."alternate" AS "alternate…' to contain '__viborm_cursor_0'

Expected: [32m"__viborm_cursor_0"[39m
Received: [31m"SELECT "q0"."alternate" AS "alternate", "q0"."id" AS "id", "q0"."age" AS "age" FROM "public"."cursor_sql_users" AS "q0" WHERE EXISTS (SELECT TRUE FROM (SELECT "q1"."age" AS "0viborm_cursor_0", "q1"."id" AS "0viborm_cursor_1" FROM "public"."cursor_sql_users" AS "q1" WHERE "q1"."id" = $1 LIMIT $2) AS "q2" WHERE (("q2"."0viborm_cursor_0" IS NOT NULL AND ("q0"."age" IS NULL OR ("q0"."age" IS NOT NULL AND "q0"."age" > "q2"."0viborm_cursor_0"))) OR ((("q0"."age" IS NULL AND "q2"."0viborm_cursor_0" IS NULL) OR ("q0"."age" IS NOT NULL AND "q2"."0viborm_cursor_0" IS NOT NULL AND "q0"."age" = "q2"."0viborm_cursor_0")) AND ("q2"."0viborm_cursor_1" IS NOT NULL AND ("q0"."id" IS NULL OR ("q0"."id" IS NOT NULL AND "q0"."id" > "q2"."0viborm_cursor_1")))) OR ((("q0"."age" IS NULL AND "q2"."0viborm_cursor_0" IS NULL) OR ("q0"."age" IS NOT NULL AND "q2"."0viborm_cursor_0" IS NOT NULL AND "q0"."age" = "q2"."0viborm_cursor_0")) AND (("q0"."id" IS NULL AND "q2"."0viborm_cursor_1" IS NULL) OR ("q0"."id" IS NOT NULL AND "q2"."0viborm_cursor_1" IS NOT NULL AND "q0"."id" = "q2"."0viborm_cursor_1"))))) ORDER BY "q0"."age" ASC NULLS LAST, "q0"."id" ASC LIMIT $3"[39m

 ❯ tests/contracts/engine/query/cursor-pagination-sql.core.test.ts:285:23
    283|     // No row value can order around SQL NULL, so this keeps the gener…
    284|     expect(statement).toContain("EXISTS");
    285|     expect(statement).toContain("__viborm_cursor_0");
       |                       ^
    286|     expect(statement).toContain("IS NULL");
    287|     expect(statement).not.toContain(") >= (SELECT");

⎯⎯⎯⎯⎯⎯⎯⎯⎯⎯⎯⎯⎯⎯⎯⎯⎯⎯⎯⎯⎯[30/208]⎯

 FAIL  |layer-query-engine| tests/contracts/engine/query/cursor-pagination-sql.core.test.ts > 'PostgreSQL' cursor SQL > vector-distance cursor ordering fails explicitly
 FAIL  |layer-query-engine| tests/contracts/engine/query/cursor-pagination-sql.core.test.ts > 'MySQL' cursor SQL > vector-distance cursor ordering fails explicitly
 FAIL  |layer-query-engine| tests/contracts/engine/query/cursor-pagination-sql.core.test.ts > 'SQLite' cursor SQL > vector-distance cursor ordering fails explicitly
AssertionError: expected [Function] to throw error including 'Cursor pagination supports direct sca…' but got 'vector.orderBy is not supported. vect…'

Expected: [32m"[7mCursor pagination supports direct scala[27mr [7ms[27mor[7mt directions only[27m"[39m
Received: [31m"[7mvector.orderBy is not supported. vecto[27mr or[7mdering requires a pgvector-enabled PostgreSQL driver[27m"[39m

 ❯ tests/contracts/engine/query/cursor-pagination-sql.core.test.ts:329:7
    327|         take: 2,
    328|       })
    329|     ).toThrow("Cursor pagination supports direct scalar sort direction…
       |       ^
    330|   });
    331| });

⎯⎯⎯⎯⎯⎯⎯⎯⎯⎯⎯⎯⎯⎯⎯⎯⎯⎯⎯⎯⎯[31/208]⎯

 FAIL  |layer-query-engine| tests/contracts/engine/query/cursor-pagination-sql.core.test.ts > 'MySQL' cursor SQL > preserves frozen multi-entry order while appending the identity
AssertionError: expected 'ORDER BY (`q0`.`age` IS NULL) DESC, `…' to contain '(`t0`.`age` IS NULL) DESC, `t0`.`age`…'

Expected: [32m"(`[7mt[27m0`.`age` IS NULL) DESC, `[7mt[27m0`.`age` DESC"[39m
Received: [31m"[7mORDER BY [27m(`[7mq[27m0`.`age` IS NULL) DESC, `[7mq[27m0`.`age` DESC[7m, `q0`.`alternate` ASC, `q0`.`id` ASC LIMIT 2[27m"[39m

 ❯ tests/contracts/engine/query/cursor-pagination-sql.core.test.ts:124:25
    122|     const idIndex = orderClause.indexOf(quoted(dialectCase, "id"));
    123| 
    124|     expect(orderClause).toContain(
       |                         ^
    125|       expectedOrder(dialectCase, "age", "desc", "first")
    126|     );

⎯⎯⎯⎯⎯⎯⎯⎯⎯⎯⎯⎯⎯⎯⎯⎯⎯⎯⎯⎯⎯[32/208]⎯

 FAIL  |layer-query-engine| tests/contracts/engine/query/cursor-pagination-sql.core.test.ts > 'MySQL' cursor SQL > bare directions resolve portable null placement explicitly
AssertionError: expected 'ORDER BY (`q0`.`age` IS NULL) ASC, `q…' to contain '(`t0`.`age` IS NULL) ASC, `t0`.`age` …'

Expected: [32m"(`[7mt[27m0`.`age` IS NULL) ASC, `[7mt[27m0`.`age` ASC"[39m
Received: [31m"[7mORDER BY [27m(`[7mq[27m0`.`age` IS NULL) ASC, `[7mq[27m0`.`age` ASC[7m, `q0`.`id` ASC LIMIT 2[27m"[39m

 ❯ tests/contracts/engine/query/cursor-pagination-sql.core.test.ts:142:39
    140|     }).statement;
    141| 
    142|     expect(getOrderClause(ascending)).toContain(
       |                                       ^
    143|       expectedOrder(dialectCase, "age", "asc", "last")
    144|     );

⎯⎯⎯⎯⎯⎯⎯⎯⎯⎯⎯⎯⎯⎯⎯⎯⎯⎯⎯⎯⎯[33/208]⎯

 FAIL  |layer-query-engine| tests/contracts/engine/query/cursor-pagination-sql.core.test.ts > 'MySQL' cursor SQL > negative take flips direction and null placement together
AssertionError: expected 'ORDER BY (`q0`.`age` IS NULL) ASC, `q…' to contain '(`t0`.`age` IS NULL) ASC, `t0`.`age` …'

Expected: [32m"(`[7mt[27m0`.`age` IS NULL) ASC, `[7mt[27m0`.`age` DESC"[39m
Received: [31m"[7mORDER BY [27m(`[7mq[27m0`.`age` IS NULL) ASC, `[7mq[27m0`.`age` DESC[7m, `q0`.`id` DESC LIMIT 2 OFFSET 1[27m"[39m

 ❯ tests/contracts/engine/query/cursor-pagination-sql.core.test.ts:159:25
    157|     const orderClause = getOrderClause(query.statement);
    158| 
    159|     expect(orderClause).toContain(
       |                         ^
    160|       expectedOrder(dialectCase, "age", "desc", "last")
    161|     );

⎯⎯⎯⎯⎯⎯⎯⎯⎯⎯⎯⎯⎯⎯⎯⎯⎯⎯⎯⎯⎯[34/208]⎯

 FAIL  |layer-query-engine| tests/contracts/engine/query/cursor-pagination-sql.core.test.ts > 'MySQL' cursor SQL > include aliases remain distinct from the cursor derived row
AssertionError: expected 'SELECT `q0`.`alternate` AS `alternate…' to contain '__viborm_cursor_0'

Expected: [32m"__viborm_cursor_0"[39m
Received: [31m"SELECT `q0`.`alternate` AS `alternate`, `q0`.`id` AS `id`, `q0`.`age` AS `age`, (SELECT COALESCE(COALESCE(JSON_ARRAYAGG(JSON_OBJECT($1, `q4`.`id`, $2, `q4`.`userId`)), JSON_ARRAY()), JSON_ARRAY()) FROM (SELECT `q3`.`id` AS `id`, `q3`.`userId` AS `userId` FROM `cursor_sql_posts` AS `q3` WHERE `q0`.`id` = `q3`.`userId`) AS `q4`) AS `posts` FROM `cursor_sql_users` AS `q0` WHERE EXISTS (SELECT TRUE FROM (SELECT `q1`.`age` AS `0viborm_cursor_0`, `q1`.`id` AS `0viborm_cursor_1` FROM `cursor_sql_users` AS `q1` WHERE `q1`.`id` = $3 LIMIT 1) AS `q2` WHERE ((`q2`.`0viborm_cursor_0` IS NOT NULL AND (`q0`.`age` IS NULL OR (`q0`.`age` IS NOT NULL AND `q0`.`age` > `q2`.`0viborm_cursor_0`))) OR (((`q0`.`age` IS NULL AND `q2`.`0viborm_cursor_0` IS NULL) OR (`q0`.`age` IS NOT NULL AND `q2`.`0viborm_cursor_0` IS NOT NULL AND `q0`.`age` = `q2`.`0viborm_cursor_0`)) AND (`q2`.`0viborm_cursor_1` IS NOT NULL AND (`q0`.`id` IS NULL OR (`q0`.`id` IS NOT NULL AND `q0`.`id` > `q2`.`0viborm_cursor_1`)))) OR (((`q0`.`age` IS NULL AND `q2`.`0viborm_cursor_0` IS NULL) OR (`q0`.`age` IS NOT NULL AND `q2`.`0viborm_cursor_0` IS NOT NULL AND `q0`.`age` = `q2`.`0viborm_cursor_0`)) AND ((`q0`.`id` IS NULL AND `q2`.`0viborm_cursor_1` IS NULL) OR (`q0`.`id` IS NOT NULL AND `q2`.`0viborm_cursor_1` IS NOT NULL AND `q0`.`id` = `q2`.`0viborm_cursor_1`))))) ORDER BY (`q0`.`age` IS NULL) ASC, `q0`.`age` ASC, `q0`.`id` ASC LIMIT 2"[39m

 ❯ tests/contracts/engine/query/cursor-pagination-sql.core.test.ts:189:29
    187| 
    188|     expect(query.statement).toContain("cursor_sql_posts");
    189|     expect(query.statement).toContain("__viborm_cursor_0");
       |                             ^
    190|     expect(query.statement).toContain("__viborm_cursor_1");
    191|   });

⎯⎯⎯⎯⎯⎯⎯⎯⎯⎯⎯⎯⎯⎯⎯⎯⎯⎯⎯⎯⎯[35/208]⎯

 FAIL  |layer-query-engine| tests/contracts/engine/query/cursor-pagination-sql.core.test.ts > 'MySQL' cursor SQL > count uses the normalized cursor order and derived row
AssertionError: expected 'SELECT COUNT(*) AS `_count` FROM (SEL…' to contain '__viborm_cursor_0'

Expected: [32m"__viborm_cursor_0"[39m
Received: [31m"SELECT COUNT(*) AS `_count` FROM (SELECT $1 AS `0viborm_row` FROM `cursor_sql_users` AS `q0` WHERE EXISTS (SELECT TRUE FROM (SELECT `q1`.`age` AS `0viborm_cursor_0`, `q1`.`id` AS `0viborm_cursor_1` FROM `cursor_sql_users` AS `q1` WHERE `q1`.`id` = $2 LIMIT 1) AS `q2` WHERE ((`q2`.`0viborm_cursor_0` IS NOT NULL AND (`q0`.`age` IS NULL OR (`q0`.`age` IS NOT NULL AND `q0`.`age` > `q2`.`0viborm_cursor_0`))) OR (((`q0`.`age` IS NULL AND `q2`.`0viborm_cursor_0` IS NULL) OR (`q0`.`age` IS NOT NULL AND `q2`.`0viborm_cursor_0` IS NOT NULL AND `q0`.`age` = `q2`.`0viborm_cursor_0`)) AND (`q2`.`0viborm_cursor_1` IS NOT NULL AND (`q0`.`id` IS NULL OR (`q0`.`id` IS NOT NULL AND `q0`.`id` > `q2`.`0viborm_cursor_1`)))) OR (((`q0`.`age` IS NULL AND `q2`.`0viborm_cursor_0` IS NULL) OR (`q0`.`age` IS NOT NULL AND `q2`.`0viborm_cursor_0` IS NOT NULL AND `q0`.`age` = `q2`.`0viborm_cursor_0`)) AND ((`q0`.`id` IS NULL AND `q2`.`0viborm_cursor_1` IS NULL) OR (`q0`.`id` IS NOT NULL AND `q2`.`0viborm_cursor_1` IS NOT NULL AND `q0`.`id` = `q2`.`0viborm_cursor_1`))))) ORDER BY (`q0`.`age` IS NULL) ASC, `q0`.`age` ASC, `q0`.`id` ASC LIMIT 2 OFFSET 1) AS `q3`"[39m

 ❯ tests/contracts/engine/query/cursor-pagination-sql.core.test.ts:203:23
    201|     const statement = query.toStatement("$n");
    202| 
    203|     expect(statement).toContain("__viborm_cursor_0");
       |                       ^
    204|     expect(statement).toContain("__viborm_cursor_1");
    205|     expect(getOrderClause(statement)).toContain(

⎯⎯⎯⎯⎯⎯⎯⎯⎯⎯⎯⎯⎯⎯⎯⎯⎯⎯⎯⎯⎯[36/208]⎯

 FAIL  |layer-query-engine| tests/contracts/engine/query/cursor-pagination-sql.core.test.ts > 'MySQL' cursor SQL > NOT NULL sort columns compare as a row value against a row subquery
AssertionError: expected 'SELECT `q0`.`alternate` AS `alternate…' to contain '(`t0`.`alternate`, `t0`.`id`) >= (SEL…'

Expected: [32m"[7m(`t[27m0`.`alternate`[7m, `t0`.`id`) >= (SELECT[27m"[39m
Received: [31m"[7mSELECT `q[27m0`.`alternate`[7m AS `alternate`, `q0`.`id` AS `id`, `q0`.`age` AS `age` FROM `cursor_sql_users` AS `q0` WHERE (`q0`.`alternate`, `q0`.`id`) >= (SELECT `q1`.`alternate`, `q1`.`id` FROM `cursor_sql_users` AS `q1` WHERE `q1`.`id` = $1 LIMIT 1) ORDER BY `q0`.`alternate` ASC, `q0`.`id` ASC LIMIT 2[27m"[39m

 ❯ tests/contracts/engine/query/cursor-pagination-sql.core.test.ts:225:23
    223|     const t0 = quoted(dialectCase, "t0");
    224| 
    225|     expect(statement).toContain(`(${t0}.${alternate}, ${t0}.${id}) >= …
       |                       ^
    226|     // The derived-row EXISTS wrapper is what blocked the seek; it is …
    227|     expect(statement).not.toContain("EXISTS");

⎯⎯⎯⎯⎯⎯⎯⎯⎯⎯⎯⎯⎯⎯⎯⎯⎯⎯⎯⎯⎯[37/208]⎯

 FAIL  |layer-query-engine| tests/contracts/engine/query/cursor-pagination-sql.core.test.ts > 'MySQL' cursor SQL > a single NOT NULL sort column needs no row constructor
AssertionError: expected 'SELECT `q0`.`alternate` AS `alternate…' to contain '`t0`.`id` >= (SELECT'

Expected: [32m"`t0`.`id` >= (SELECT"[39m
Received: [31m"SELECT `q0`.`alternate` AS `alternate`, `q0`.`id` AS `id`, `q0`.`age` AS `age` FROM `cursor_sql_users` AS `q0` WHERE `q0`.`id` >= (SELECT `q1`.`id` FROM `cursor_sql_users` AS `q1` WHERE `q1`.`id` = $1 LIMIT 1) ORDER BY `q0`.`id` ASC LIMIT 2"[39m

 ❯ tests/contracts/engine/query/cursor-pagination-sql.core.test.ts:272:23
    270|     const column = `${quoted(dialectCase, "t0")}.${quoted(dialectCase,…
    271| 
    272|     expect(statement).toContain(`${column} >= (SELECT`);
       |                       ^
    273|     expect(statement).not.toContain("EXISTS");
    274|   });

⎯⎯⎯⎯⎯⎯⎯⎯⎯⎯⎯⎯⎯⎯⎯⎯⎯⎯⎯⎯⎯[38/208]⎯

 FAIL  |layer-query-engine| tests/contracts/engine/query/cursor-pagination-sql.core.test.ts > 'MySQL' cursor SQL > a nullable sort column keeps the null-guarded predicate
AssertionError: expected 'SELECT `q0`.`alternate` AS `alternate…' to contain '__viborm_cursor_0'

Expected: [32m"__viborm_cursor_0"[39m
Received: [31m"SELECT `q0`.`alternate` AS `alternate`, `q0`.`id` AS `id`, `q0`.`age` AS `age` FROM `cursor_sql_users` AS `q0` WHERE EXISTS (SELECT TRUE FROM (SELECT `q1`.`age` AS `0viborm_cursor_0`, `q1`.`id` AS `0viborm_cursor_1` FROM `cursor_sql_users` AS `q1` WHERE `q1`.`id` = $1 LIMIT 1) AS `q2` WHERE ((`q2`.`0viborm_cursor_0` IS NOT NULL AND (`q0`.`age` IS NULL OR (`q0`.`age` IS NOT NULL AND `q0`.`age` > `q2`.`0viborm_cursor_0`))) OR (((`q0`.`age` IS NULL AND `q2`.`0viborm_cursor_0` IS NULL) OR (`q0`.`age` IS NOT NULL AND `q2`.`0viborm_cursor_0` IS NOT NULL AND `q0`.`age` = `q2`.`0viborm_cursor_0`)) AND (`q2`.`0viborm_cursor_1` IS NOT NULL AND (`q0`.`id` IS NULL OR (`q0`.`id` IS NOT NULL AND `q0`.`id` > `q2`.`0viborm_cursor_1`)))) OR (((`q0`.`age` IS NULL AND `q2`.`0viborm_cursor_0` IS NULL) OR (`q0`.`age` IS NOT NULL AND `q2`.`0viborm_cursor_0` IS NOT NULL AND `q0`.`age` = `q2`.`0viborm_cursor_0`)) AND ((`q0`.`id` IS NULL AND `q2`.`0viborm_cursor_1` IS NULL) OR (`q0`.`id` IS NOT NULL AND `q2`.`0viborm_cursor_1` IS NOT NULL AND `q0`.`id` = `q2`.`0viborm_cursor_1`))))) ORDER BY (`q0`.`age` IS NULL) ASC, `q0`.`age` ASC, `q0`.`id` ASC LIMIT 2"[39m

 ❯ tests/contracts/engine/query/cursor-pagination-sql.core.test.ts:285:23
    283|     // No row value can order around SQL NULL, so this keeps the gener…
    284|     expect(statement).toContain("EXISTS");
    285|     expect(statement).toContain("__viborm_cursor_0");
       |                       ^
    286|     expect(statement).toContain("IS NULL");
    287|     expect(statement).not.toContain(") >= (SELECT");

⎯⎯⎯⎯⎯⎯⎯⎯⎯⎯⎯⎯⎯⎯⎯⎯⎯⎯⎯⎯⎯[39/208]⎯

 FAIL  |layer-query-engine| tests/contracts/engine/query/decimal-having-operand-sql.core.test.ts > 'PostgreSQL' decimal having operands > grouped decimal lists project through their transport but group on the physical column
AssertionError: expected 'CAST("q0"."amounts" AS TEXT[]) AS "am…' to contain 'CAST("t0"."amounts" AS TEXT[]) AS "am…'

Expected: [32m"CAST("[7mt[27m0"."amounts" AS TEXT[]) AS "amounts""[39m
Received: [31m"CAST("[7mq[27m0"."amounts" AS TEXT[]) AS "amounts"[7m, COUNT(*) AS "_count"[27m"[39m

 ❯ tests/contracts/engine/query/decimal-having-operand-sql.core.test.ts:349:24
    347|     const groupBy = clauseBetween(grouped.statement, "GROUP BY").trim(…
    348| 
    349|     expect(projection).toContain(dialectCase.listProjection);
       |                        ^
    350|     expect(groupBy).toBe(dialectCase.groupedList);
    351|     expect(groupBy).not.toContain("CAST(");

⎯⎯⎯⎯⎯⎯⎯⎯⎯⎯⎯⎯⎯⎯⎯⎯⎯⎯⎯⎯⎯[40/208]⎯

 FAIL  |layer-query-engine| tests/contracts/engine/query/decimal-having-operand-sql.core.test.ts > 'PostgreSQL' decimal having operands > having _count compares a row count, so it does NOT get the cast
AssertionError: expected 'CAST($1 AS NUMERIC(16,2))' to match /^\$\d+$/

[32m- Expected:[39m 
/^\$\d+$/

[31m+ Received:[39m 
"CAST($1 AS NUMERIC(16,2))"

 ❯ tests/contracts/engine/query/decimal-having-operand-sql.core.test.ts:431:49
    429|     });
    430| 
    431|     expect(operandAfter(having.statement, ">")).toMatch(BARE_PARAMETER…
       |                                                 ^
    432|     // A row count is an integer and stays one — no decimal canonicali…
    433|     expect(having.values).toEqual([1]);

⎯⎯⎯⎯⎯⎯⎯⎯⎯⎯⎯⎯⎯⎯⎯⎯⎯⎯⎯⎯⎯[41/208]⎯

 FAIL  |layer-query-engine| tests/contracts/engine/query/decimal-having-operand-sql.core.test.ts > 'MySQL' decimal having operands > grouped decimal lists project through their transport but group on the physical column
AssertionError: expected 'CAST(`q0`.`amounts` AS CHAR) AS `amou…' to contain 'CAST(`t0`.`amounts` AS CHAR) AS `amou…'

Expected: [32m"CAST(`[7mt[27m0`.`amounts` AS CHAR) AS `amounts`"[39m
Received: [31m"CAST(`[7mq[27m0`.`amounts` AS CHAR) AS `amounts`[7m, COUNT(*) AS `_count`[27m"[39m

 ❯ tests/contracts/engine/query/decimal-having-operand-sql.core.test.ts:349:24
    347|     const groupBy = clauseBetween(grouped.statement, "GROUP BY").trim(…
    348| 
    349|     expect(projection).toContain(dialectCase.listProjection);
       |                        ^
    350|     expect(groupBy).toBe(dialectCase.groupedList);
    351|     expect(groupBy).not.toContain("CAST(");

⎯⎯⎯⎯⎯⎯⎯⎯⎯⎯⎯⎯⎯⎯⎯⎯⎯⎯⎯⎯⎯[42/208]⎯

 FAIL  |layer-query-engine| tests/contracts/engine/query/decimal-having-operand-sql.core.test.ts > 'MySQL' decimal having operands > having _count compares a row count, so it does NOT get the cast
AssertionError: expected 'CAST($1 AS DECIMAL(16,2))' to match /^\$\d+$/

[32m- Expected:[39m 
/^\$\d+$/

[31m+ Received:[39m 
"CAST($1 AS DECIMAL(16,2))"

 ❯ tests/contracts/engine/query/decimal-having-operand-sql.core.test.ts:431:49
    429|     });
    430| 
    431|     expect(operandAfter(having.statement, ">")).toMatch(BARE_PARAMETER…
       |                                                 ^
    432|     // A row count is an integer and stays one — no decimal canonicali…
    433|     expect(having.values).toEqual([1]);

⎯⎯⎯⎯⎯⎯⎯⎯⎯⎯⎯⎯⎯⎯⎯⎯⎯⎯⎯⎯⎯[43/208]⎯

 FAIL  |layer-query-engine| tests/contracts/engine/query/decimal-having-operand-sql.core.test.ts > 'SQLite' decimal having operands > grouped decimal lists project through their transport but group on the physical column
AssertionError: expected 'CAST("q0"."amounts" AS TEXT) AS "amou…' to contain 'CAST("t0"."amounts" AS TEXT) AS "amou…'

Expected: [32m"CAST("[7mt[27m0"."amounts" AS TEXT) AS "amounts""[39m
Received: [31m"CAST("[7mq[27m0"."amounts" AS TEXT) AS "amounts"[7m, COUNT(*) AS "_count"[27m"[39m

 ❯ tests/contracts/engine/query/decimal-having-operand-sql.core.test.ts:349:24
    347|     const groupBy = clauseBetween(grouped.statement, "GROUP BY").trim(…
    348| 
    349|     expect(projection).toContain(dialectCase.listProjection);
       |                        ^
    350|     expect(groupBy).toBe(dialectCase.groupedList);
    351|     expect(groupBy).not.toContain("CAST(");

⎯⎯⎯⎯⎯⎯⎯⎯⎯⎯⎯⎯⎯⎯⎯⎯⎯⎯⎯⎯⎯[44/208]⎯

 FAIL  |layer-query-engine| tests/contracts/engine/query/decimal-having-operand-sql.core.test.ts > 'SQLite' decimal having operands > having _count compares a row count, so it does NOT get the cast
AssertionError: expected 'CAST($1 AS INTEGER)' to match /^\$\d+$/

[32m- Expected:[39m 
/^\$\d+$/

[31m+ Received:[39m 
"CAST($1 AS INTEGER)"

 ❯ tests/contracts/engine/query/decimal-having-operand-sql.core.test.ts:431:49
    429|     });
    430| 
    431|     expect(operandAfter(having.statement, ">")).toMatch(BARE_PARAMETER…
       |                                                 ^
    432|     // A row count is an integer and stays one — no decimal canonicali…
    433|     expect(having.values).toEqual([1]);

⎯⎯⎯⎯⎯⎯⎯⎯⎯⎯⎯⎯⎯⎯⎯⎯⎯⎯⎯⎯⎯[45/208]⎯

 FAIL  |layer-query-engine| tests/contracts/engine/query/field-reference-sql.core.test.ts > 'PostgreSQL' field-reference SQL > collation and folding of a referenced operand > default mode compares both sides under the case-sensitive collation
AssertionError: expected '"q0"."title" = "q0"."slug_col"' to be '"t0"."title" = "t0"."slug_col"' // Object.is equality

Expected: [32m""[7mt[27m0"."title" = "[7mt[27m0"."slug_col""[39m
Received: [31m""[7mq[27m0"."title" = "[7mq[27m0"."slug_col""[39m

 ❯ tests/contracts/engine/query/field-reference-sql.core.test.ts:283:9
    281|       expect(
    282|         predicateOf({ where: { title: { equals: refs.Post.slug } } })
    283|       ).toBe(`${exact(titleCol())} = ${exact(slugCol())}`);
       |         ^
    284|     });
    285| 

⎯⎯⎯⎯⎯⎯⎯⎯⎯⎯⎯⎯⎯⎯⎯⎯⎯⎯⎯⎯⎯[46/208]⎯

 FAIL  |layer-query-engine| tests/contracts/engine/query/field-reference-sql.core.test.ts > 'PostgreSQL' field-reference SQL > collation and folding of a referenced operand > insensitive mode folds AND collates both sides
AssertionError: expected 'TRANSLATE("q0"."title", \'ABCDEFGHIJK…' to be 'TRANSLATE("t0"."title", \'ABCDEFGHIJK…' // Object.is equality

Expected: [32m"TRANSLATE("[7mt[27m0"."title", 'ABCDEFGHIJKLMNOPQRSTUVWXYZ', 'abcdefghijklmnopqrstuvwxyz') = TRANSLATE("[7mt[27m0"."slug_col", 'ABCDEFGHIJKLMNOPQRSTUVWXYZ', 'abcdefghijklmnopqrstuvwxyz')"[39m
Received: [31m"TRANSLATE("[7mq[27m0"."title", 'ABCDEFGHIJKLMNOPQRSTUVWXYZ', 'abcdefghijklmnopqrstuvwxyz') = TRANSLATE("[7mq[27m0"."slug_col", 'ABCDEFGHIJKLMNOPQRSTUVWXYZ', 'abcdefghijklmnopqrstuvwxyz')"[39m

 ❯ tests/contracts/engine/query/field-reference-sql.core.test.ts:291:9
    289|           where: { title: { equals: refs.Post.slug, mode: "insensitive…
    290|         })
    291|       ).toBe(`${folded(titleCol())} = ${folded(slugCol())}`);
       |         ^
    292|     });
    293| 

⎯⎯⎯⎯⎯⎯⎯⎯⎯⎯⎯⎯⎯⎯⎯⎯⎯⎯⎯⎯⎯[47/208]⎯

 FAIL  |layer-query-engine| tests/contracts/engine/query/field-reference-sql.core.test.ts > 'PostgreSQL' field-reference SQL > collation and folding of a referenced operand > insensitive `not` negates the folded comparison
AssertionError: expected 'NOT (TRANSLATE("q0"."title", \'ABCDEF…' to be 'NOT (TRANSLATE("t0"."title", \'ABCDEF…' // Object.is equality

Expected: [32m"NOT (TRANSLATE("[7mt[27m0"."title", 'ABCDEFGHIJKLMNOPQRSTUVWXYZ', 'abcdefghijklmnopqrstuvwxyz') = TRANSLATE("[7mt[27m0"."slug_col", 'ABCDEFGHIJKLMNOPQRSTUVWXYZ', 'abcdefghijklmnopqrstuvwxyz'))"[39m
Received: [31m"NOT (TRANSLATE("[7mq[27m0"."title", 'ABCDEFGHIJKLMNOPQRSTUVWXYZ', 'abcdefghijklmnopqrstuvwxyz') = TRANSLATE("[7mq[27m0"."slug_col", 'ABCDEFGHIJKLMNOPQRSTUVWXYZ', 'abcdefghijklmnopqrstuvwxyz'))"[39m

 ❯ tests/contracts/engine/query/field-reference-sql.core.test.ts:299:9
    297|           where: { title: { not: refs.Post.slug, mode: "insensitive" }…
    298|         })
    299|       ).toBe(`NOT (${folded(titleCol())} = ${folded(slugCol())})`);
       |         ^
    300|     });
    301| 

⎯⎯⎯⎯⎯⎯⎯⎯⎯⎯⎯⎯⎯⎯⎯⎯⎯⎯⎯⎯⎯[48/208]⎯

 FAIL  |layer-query-engine| tests/contracts/engine/query/field-reference-sql.core.test.ts > 'PostgreSQL' field-reference SQL > collation and folding of a referenced operand > insensitive contains carries the fold onto the referenced operand
AssertionError: expected 'POSITION(TRANSLATE("q0"."slug_col", \…' to contain 'TRANSLATE("t0"."title", \'ABCDEFGHIJK…'

Expected: [32m"[7mTRANSLATE("t[27m0"."title", 'ABCDEFGHIJKLMNOPQRSTUVWXYZ', 'abcdefghijklmnopqrstuvwxyz')"[39m
Received: [31m"[7mPOSITION(TRANSLATE("q0"."slug_col", 'ABCDEFGHIJKLMNOPQRSTUVWXYZ', 'abcdefghijklmnopqrstuvwxyz') IN TRANSLATE("q[27m0"."title", 'ABCDEFGHIJKLMNOPQRSTUVWXYZ', 'abcdefghijklmnopqrstuvwxyz')[7m) > 0[27m"[39m

 ❯ tests/contracts/engine/query/field-reference-sql.core.test.ts:314:25
    312|       // The substring/prefix/suffix templates differ per dialect, so …
    313|       // the two operand expressions rather than the whole predicate.
    314|       expect(predicate).toContain(folded(titleCol()));
       |                         ^
    315|       expect(predicate).toContain(folded(slugCol()));
    316|     });

⎯⎯⎯⎯⎯⎯⎯⎯⎯⎯⎯⎯⎯⎯⎯⎯⎯⎯⎯⎯⎯[49/208]⎯

 FAIL  |layer-query-engine| tests/contracts/engine/query/field-reference-sql.core.test.ts > 'PostgreSQL' field-reference SQL > collation and folding of a referenced operand > insensitive startsWith carries the fold onto the referenced operand
AssertionError: expected 'LEFT(TRANSLATE("q0"."title", \'ABCDEF…' to contain 'TRANSLATE("t0"."title", \'ABCDEFGHIJK…'

Expected: [32m"TRANSLATE("[7mt[27m0"."title", 'ABCDEFGHIJKLMNOPQRSTUVWXYZ', 'abcdefghijklmnopqrstuvwxyz')"[39m
Received: [31m"[7mLEFT([27mTRANSLATE("[7mq[27m0"."title", 'ABCDEFGHIJKLMNOPQRSTUVWXYZ', 'abcdefghijklmnopqrstuvwxyz')[7m, LENGTH(TRANSLATE("q0"."slug_col", 'ABCDEFGHIJKLMNOPQRSTUVWXYZ', 'abcdefghijklmnopqrstuvwxyz'))) = TRANSLATE("q0"."slug_col", 'ABCDEFGHIJKLMNOPQRSTUVWXYZ', 'abcdefghijklmnopqrstuvwxyz')[27m"[39m

 ❯ tests/contracts/engine/query/field-reference-sql.core.test.ts:314:25
    312|       // The substring/prefix/suffix templates differ per dialect, so …
    313|       // the two operand expressions rather than the whole predicate.
    314|       expect(predicate).toContain(folded(titleCol()));
       |                         ^
    315|       expect(predicate).toContain(folded(slugCol()));
    316|     });

⎯⎯⎯⎯⎯⎯⎯⎯⎯⎯⎯⎯⎯⎯⎯⎯⎯⎯⎯⎯⎯[50/208]⎯

 FAIL  |layer-query-engine| tests/contracts/engine/query/field-reference-sql.core.test.ts > 'PostgreSQL' field-reference SQL > collation and folding of a referenced operand > insensitive endsWith carries the fold onto the referenced operand
AssertionError: expected 'RIGHT(TRANSLATE("q0"."title", \'ABCDE…' to contain 'TRANSLATE("t0"."title", \'ABCDEFGHIJK…'

Expected: [32m"TRANSLATE("[7mt[27m0"."title", 'ABCDEFGHIJKLMNOPQRSTUVWXYZ', 'abcdefghijklmnopqrstuvwxyz')"[39m
Received: [31m"[7mRIGHT([27mTRANSLATE("[7mq[27m0"."title", 'ABCDEFGHIJKLMNOPQRSTUVWXYZ', 'abcdefghijklmnopqrstuvwxyz')[7m, LENGTH(TRANSLATE("q0"."slug_col", 'ABCDEFGHIJKLMNOPQRSTUVWXYZ', 'abcdefghijklmnopqrstuvwxyz'))) = TRANSLATE("q0"."slug_col", 'ABCDEFGHIJKLMNOPQRSTUVWXYZ', 'abcdefghijklmnopqrstuvwxyz')[27m"[39m

 ❯ tests/contracts/engine/query/field-reference-sql.core.test.ts:314:25
    312|       // The substring/prefix/suffix templates differ per dialect, so …
    313|       // the two operand expressions rather than the whole predicate.
    314|       expect(predicate).toContain(folded(titleCol()));
       |                         ^
    315|       expect(predicate).toContain(folded(slugCol()));
    316|     });

⎯⎯⎯⎯⎯⎯⎯⎯⎯⎯⎯⎯⎯⎯⎯⎯⎯⎯⎯⎯⎯[51/208]⎯

 FAIL  |layer-query-engine| tests/contracts/engine/query/field-reference-sql.core.test.ts > 'PostgreSQL' field-reference SQL > collation and folding of a referenced operand > default mode leaves the string predicates unwrapped on both sides
AssertionError: expected 'POSITION("q0"."slug_col" IN "q0"."tit…' to contain '"t0"."title"'

Expected: [32m"[7m"t[27m0"."title""[39m
Received: [31m"[7mPOSITION("q0"."slug_col" IN "q[27m0"."title"[7m) > 0[27m"[39m

 ❯ tests/contracts/engine/query/field-reference-sql.core.test.ts:324:25
    322|         where: { title: { contains: refs.Post.slug } },
    323|       });
    324|       expect(predicate).toContain(titleCol());
       |                         ^
    325|       expect(predicate).toContain(slugCol());
    326|       expect(predicate).not.toContain(dialectCase.asciiFold(titleCol()…

⎯⎯⎯⎯⎯⎯⎯⎯⎯⎯⎯⎯⎯⎯⎯⎯⎯⎯⎯⎯⎯[52/208]⎯

 FAIL  |layer-query-engine| tests/contracts/engine/query/field-reference-sql.core.test.ts > 'PostgreSQL' field-reference SQL > collation and folding of a referenced operand > a literal operand is folded but not collation-wrapped
AssertionError: expected 'TRANSLATE("q0"."title", \'ABCDEFGHIJK…' to be 'TRANSLATE("t0"."title", \'ABCDEFGHIJK…' // Object.is equality

Expected: [32m"TRANSLATE("[7mt[27m0"."title", 'ABCDEFGHIJKLMNOPQRSTUVWXYZ', 'abcdefghijklmnopqrstuvwxyz') = TRANSLATE($1, 'ABCDEFGHIJKLMNOPQRSTUVWXYZ', 'abcdefghijklmnopqrstuvwxyz')"[39m
Received: [31m"TRANSLATE("[7mq[27m0"."title", 'ABCDEFGHIJKLMNOPQRSTUVWXYZ', 'abcdefghijklmnopqrstuvwxyz') = TRANSLATE($1, 'ABCDEFGHIJKLMNOPQRSTUVWXYZ', 'abcdefghijklmnopqrstuvwxyz')"[39m

 ❯ tests/contracts/engine/query/field-reference-sql.core.test.ts:339:9
    337|           where: { title: { equals: "x", mode: "insensitive" } },
    338|         })
    339|       ).toBe(`${folded(titleCol())} = ${dialectCase.asciiFold("$1")}`);
       |         ^
    340|     });
    341|   });

⎯⎯⎯⎯⎯⎯⎯⎯⎯⎯⎯⎯⎯⎯⎯⎯⎯⎯⎯⎯⎯[53/208]⎯

 FAIL  |layer-query-engine| tests/contracts/engine/query/field-reference-sql.core.test.ts > 'PostgreSQL' field-reference SQL > enum operands > equals against a reference casts both sides to text
AssertionError: expected '"q0"."status" = CAST("q0"."review_sta…' to be 'CAST("t0"."status" AS TEXT) = CAST("t…' // Object.is equality

Expected: [32m"[7mCAST("t[27m0"."status"[7m AS TEXT)[27m = CAST("[7mt[27m0"."review_status" AS TEXT)"[39m
Received: [31m"[7m"q[27m0"."status" = CAST("[7mq[27m0"."review_status" AS TEXT)"[39m

 ❯ tests/contracts/engine/query/field-reference-sql.core.test.ts:371:9
    369|           where: { status: { equals: refs.Post.reviewStatus } },
    370|         })
    371|       ).toBe(`${statusText()} = ${reviewText()}`);
       |         ^
    372|     });
    373| 

⎯⎯⎯⎯⎯⎯⎯⎯⎯⎯⎯⎯⎯⎯⎯⎯⎯⎯⎯⎯⎯[54/208]⎯

 FAIL  |layer-query-engine| tests/contracts/engine/query/field-reference-sql.core.test.ts > 'PostgreSQL' field-reference SQL > enum operands > not against a reference negates the same comparison
AssertionError: expected 'NOT ("q0"."status" = CAST("q0"."revie…' to be 'NOT (CAST("t0"."status" AS TEXT) = CA…' // Object.is equality

Expected: [32m"NOT ([7mCAST("t[27m0"."status"[7m AS TEXT)[27m = CAST("[7mt[27m0"."review_status" AS TEXT))"[39m
Received: [31m"NOT ([7m"q[27m0"."status" = CAST("[7mq[27m0"."review_status" AS TEXT))"[39m

 ❯ tests/contracts/engine/query/field-reference-sql.core.test.ts:377:9
    375|       expect(
    376|         predicateOf({ where: { status: { not: refs.Post.reviewStatus }…
    377|       ).toBe(`NOT (${statusText()} = ${reviewText()})`);
       |         ^
    378|     });
    379| 

⎯⎯⎯⎯⎯⎯⎯⎯⎯⎯⎯⎯⎯⎯⎯⎯⎯⎯⎯⎯⎯[55/208]⎯

 FAIL  |layer-query-engine| tests/contracts/engine/query/field-reference-sql.core.test.ts > 'PostgreSQL' field-reference SQL > enum operands > a literal operand leaves the column uncast and bound
AssertionError: expected '"q0"."status" = $1' to be '"t0"."status" = $1' // Object.is equality

Expected: [32m""[7mt[27m0"."status" = $1"[39m
Received: [31m""[7mq[27m0"."status" = $1"[39m

 ❯ tests/contracts/engine/query/field-reference-sql.core.test.ts:387:71
    385|         `${q("t0")}.${q("status")}`
    386|       );
    387|       expect(predicateOf({ where: { status: { equals: "draft" } } })).…
       |                                                                       ^
    388|         expected.sql
    389|       );

⎯⎯⎯⎯⎯⎯⎯⎯⎯⎯⎯⎯⎯⎯⎯⎯⎯⎯⎯⎯⎯[56/208]⎯

 FAIL  |layer-query-engine| tests/contracts/engine/query/field-reference-sql.core.test.ts > 'MySQL' field-reference SQL > collation and folding of a referenced operand > default mode compares both sides under the case-sensitive collation
AssertionError: expected 'BINARY `q0`.`title` = BINARY `q0`.`sl…' to be 'BINARY `t0`.`title` = BINARY `t0`.`sl…' // Object.is equality

Expected: [32m"BINARY `[7mt[27m0`.`title` = BINARY `[7mt[27m0`.`slug_col`"[39m
Received: [31m"BINARY `[7mq[27m0`.`title` = BINARY `[7mq[27m0`.`slug_col`"[39m

 ❯ tests/contracts/engine/query/field-reference-sql.core.test.ts:283:9
    281|       expect(
    282|         predicateOf({ where: { title: { equals: refs.Post.slug } } })
    283|       ).toBe(`${exact(titleCol())} = ${exact(slugCol())}`);
       |         ^
    284|     });
    285| 

⎯⎯⎯⎯⎯⎯⎯⎯⎯⎯⎯⎯⎯⎯⎯⎯⎯⎯⎯⎯⎯[57/208]⎯

 FAIL  |layer-query-engine| tests/contracts/engine/query/field-reference-sql.core.test.ts > 'MySQL' field-reference SQL > collation and folding of a referenced operand > insensitive mode folds AND collates both sides
AssertionError: expected 'BINARY REPLACE(REPLACE(REPLACE(REPLAC…' to be 'BINARY REPLACE(REPLACE(REPLACE(REPLAC…' // Object.is equality

Expected: [32m"BINARY REPLACE(REPLACE(REPLACE(REPLACE(REPLACE(REPLACE(REPLACE(REPLACE(REPLACE(REPLACE(REPLACE(REPLACE(REPLACE(REPLACE(REPLACE(REPLACE(REPLACE(REPLACE(REPLACE(REPLACE(REPLACE(REPLACE(REPLACE(REPLACE(REPLACE(REPLACE(`[7mt[27m0`.`title`, 'A', 'a'), 'B', 'b'), 'C', 'c'), 'D', 'd'), 'E', 'e'), 'F', 'f'), 'G', 'g'), 'H', 'h'), 'I', 'i'), 'J', 'j'), 'K', 'k'), 'L', 'l'), 'M', 'm'), 'N', 'n'), 'O', 'o'), 'P', 'p'), 'Q', 'q'), 'R', 'r'), 'S', 's'), 'T', 't'), 'U', 'u'), 'V', 'v'), 'W', 'w'), 'X', 'x'), 'Y', 'y'), 'Z', 'z') = BINARY REPLACE(REPLACE(REPLACE(REPLACE(REPLACE(REPLACE(REPLACE(REPLACE(REPLACE(REPLACE(REPLACE(REPLACE(REPLACE(REPLACE(REPLACE(REPLACE(REPLACE(REPLACE(REPLACE(REPLACE(REPLACE(REPLACE(REPLACE(REPLACE(REPLACE(REPLACE(`[7mt[27m0`.`slug_col`, 'A', 'a'), 'B', 'b'), 'C', 'c'), 'D', 'd'), 'E', 'e'), 'F', 'f'), 'G', 'g'), 'H', 'h'), 'I', 'i'), 'J', 'j'), 'K', 'k'), 'L', 'l'), 'M', 'm'), 'N', 'n'), 'O', 'o'), 'P', 'p'), 'Q', 'q'), 'R', 'r'), 'S', 's'), 'T', 't'), 'U', 'u'), 'V', 'v'), 'W', 'w'), 'X', 'x'), 'Y', 'y'), 'Z', 'z')"[39m
Received: [31m"BINARY REPLACE(REPLACE(REPLACE(REPLACE(REPLACE(REPLACE(REPLACE(REPLACE(REPLACE(REPLACE(REPLACE(REPLACE(REPLACE(REPLACE(REPLACE(REPLACE(REPLACE(REPLACE(REPLACE(REPLACE(REPLACE(REPLACE(REPLACE(REPLACE(REPLACE(REPLACE(`[7mq[27m0`.`title`, 'A', 'a'), 'B', 'b'), 'C', 'c'), 'D', 'd'), 'E', 'e'), 'F', 'f'), 'G', 'g'), 'H', 'h'), 'I', 'i'), 'J', 'j'), 'K', 'k'), 'L', 'l'), 'M', 'm'), 'N', 'n'), 'O', 'o'), 'P', 'p'), 'Q', 'q'), 'R', 'r'), 'S', 's'), 'T', 't'), 'U', 'u'), 'V', 'v'), 'W', 'w'), 'X', 'x'), 'Y', 'y'), 'Z', 'z') = BINARY REPLACE(REPLACE(REPLACE(REPLACE(REPLACE(REPLACE(REPLACE(REPLACE(REPLACE(REPLACE(REPLACE(REPLACE(REPLACE(REPLACE(REPLACE(REPLACE(REPLACE(REPLACE(REPLACE(REPLACE(REPLACE(REPLACE(REPLACE(REPLACE(REPLACE(REPLACE(`[7mq[27m0`.`slug_col`, 'A', 'a'), 'B', 'b'), 'C', 'c'), 'D', 'd'), 'E', 'e'), 'F', 'f'), 'G', 'g'), 'H', 'h'), 'I', 'i'), 'J', 'j'), 'K', 'k'), 'L', 'l'), 'M', 'm'), 'N', 'n'), 'O', 'o'), 'P', 'p'), 'Q', 'q'), 'R', 'r'), 'S', 's'), 'T', 't'), 'U', 'u'), 'V', 'v'), 'W', 'w'), 'X', 'x'), 'Y', 'y'), 'Z', 'z')"[39m

 ❯ tests/contracts/engine/query/field-reference-sql.core.test.ts:291:9
    289|           where: { title: { equals: refs.Post.slug, mode: "insensitive…
    290|         })
    291|       ).toBe(`${folded(titleCol())} = ${folded(slugCol())}`);
       |         ^
    292|     });
    293| 

⎯⎯⎯⎯⎯⎯⎯⎯⎯⎯⎯⎯⎯⎯⎯⎯⎯⎯⎯⎯⎯[58/208]⎯

 FAIL  |layer-query-engine| tests/contracts/engine/query/field-reference-sql.core.test.ts > 'MySQL' field-reference SQL > collation and folding of a referenced operand > insensitive `not` negates the folded comparison
AssertionError: expected 'NOT (BINARY REPLACE(REPLACE(REPLACE(R…' to be 'NOT (BINARY REPLACE(REPLACE(REPLACE(R…' // Object.is equality

Expected: [32m"NOT (BINARY REPLACE(REPLACE(REPLACE(REPLACE(REPLACE(REPLACE(REPLACE(REPLACE(REPLACE(REPLACE(REPLACE(REPLACE(REPLACE(REPLACE(REPLACE(REPLACE(REPLACE(REPLACE(REPLACE(REPLACE(REPLACE(REPLACE(REPLACE(REPLACE(REPLACE(REPLACE(`[7mt[27m0`.`title`, 'A', 'a'), 'B', 'b'), 'C', 'c'), 'D', 'd'), 'E', 'e'), 'F', 'f'), 'G', 'g'), 'H', 'h'), 'I', 'i'), 'J', 'j'), 'K', 'k'), 'L', 'l'), 'M', 'm'), 'N', 'n'), 'O', 'o'), 'P', 'p'), 'Q', 'q'), 'R', 'r'), 'S', 's'), 'T', 't'), 'U', 'u'), 'V', 'v'), 'W', 'w'), 'X', 'x'), 'Y', 'y'), 'Z', 'z') = BINARY REPLACE(REPLACE(REPLACE(REPLACE(REPLACE(REPLACE(REPLACE(REPLACE(REPLACE(REPLACE(REPLACE(REPLACE(REPLACE(REPLACE(REPLACE(REPLACE(REPLACE(REPLACE(REPLACE(REPLACE(REPLACE(REPLACE(REPLACE(REPLACE(REPLACE(REPLACE(`[7mt[27m0`.`slug_col`, 'A', 'a'), 'B', 'b'), 'C', 'c'), 'D', 'd'), 'E', 'e'), 'F', 'f'), 'G', 'g'), 'H', 'h'), 'I', 'i'), 'J', 'j'), 'K', 'k'), 'L', 'l'), 'M', 'm'), 'N', 'n'), 'O', 'o'), 'P', 'p'), 'Q', 'q'), 'R', 'r'), 'S', 's'), 'T', 't'), 'U', 'u'), 'V', 'v'), 'W', 'w'), 'X', 'x'), 'Y', 'y'), 'Z', 'z'))"[39m
Received: [31m"NOT (BINARY REPLACE(REPLACE(REPLACE(REPLACE(REPLACE(REPLACE(REPLACE(REPLACE(REPLACE(REPLACE(REPLACE(REPLACE(REPLACE(REPLACE(REPLACE(REPLACE(REPLACE(REPLACE(REPLACE(REPLACE(REPLACE(REPLACE(REPLACE(REPLACE(REPLACE(REPLACE(`[7mq[27m0`.`title`, 'A', 'a'), 'B', 'b'), 'C', 'c'), 'D', 'd'), 'E', 'e'), 'F', 'f'), 'G', 'g'), 'H', 'h'), 'I', 'i'), 'J', 'j'), 'K', 'k'), 'L', 'l'), 'M', 'm'), 'N', 'n'), 'O', 'o'), 'P', 'p'), 'Q', 'q'), 'R', 'r'), 'S', 's'), 'T', 't'), 'U', 'u'), 'V', 'v'), 'W', 'w'), 'X', 'x'), 'Y', 'y'), 'Z', 'z') = BINARY REPLACE(REPLACE(REPLACE(REPLACE(REPLACE(REPLACE(REPLACE(REPLACE(REPLACE(REPLACE(REPLACE(REPLACE(REPLACE(REPLACE(REPLACE(REPLACE(REPLACE(REPLACE(REPLACE(REPLACE(REPLACE(REPLACE(REPLACE(REPLACE(REPLACE(REPLACE(`[7mq[27m0`.`slug_col`, 'A', 'a'), 'B', 'b'), 'C', 'c'), 'D', 'd'), 'E', 'e'), 'F', 'f'), 'G', 'g'), 'H', 'h'), 'I', 'i'), 'J', 'j'), 'K', 'k'), 'L', 'l'), 'M', 'm'), 'N', 'n'), 'O', 'o'), 'P', 'p'), 'Q', 'q'), 'R', 'r'), 'S', 's'), 'T', 't'), 'U', 'u'), 'V', 'v'), 'W', 'w'), 'X', 'x'), 'Y', 'y'), 'Z', 'z'))"[39m

 ❯ tests/contracts/engine/query/field-reference-sql.core.test.ts:299:9
    297|           where: { title: { not: refs.Post.slug, mode: "insensitive" }…
    298|         })
    299|       ).toBe(`NOT (${folded(titleCol())} = ${folded(slugCol())})`);
       |         ^
    300|     });
    301| 

⎯⎯⎯⎯⎯⎯⎯⎯⎯⎯⎯⎯⎯⎯⎯⎯⎯⎯⎯⎯⎯[59/208]⎯

 FAIL  |layer-query-engine| tests/contracts/engine/query/field-reference-sql.core.test.ts > 'MySQL' field-reference SQL > collation and folding of a referenced operand > insensitive contains carries the fold onto the referenced operand
AssertionError: expected 'LOCATE(BINARY BINARY REPLACE(REPLACE(…' to contain 'BINARY REPLACE(REPLACE(REPLACE(REPLAC…'

Expected: [32m"BINARY REPLACE(REPLACE(REPLACE(REPLACE(REPLACE(REPLACE(REPLACE(REPLACE(REPLACE(REPLACE(REPLACE(REPLACE(REPLACE(REPLACE(REPLACE(REPLACE(REPLACE(REPLACE(REPLACE(REPLACE(REPLACE(REPLACE(REPLACE(REPLACE(REPLACE(REPLACE(`[7mt[27m0`.`title`, 'A', 'a'), 'B', 'b'), 'C', 'c'), 'D', 'd'), 'E', 'e'), 'F', 'f'), 'G', 'g'), 'H', 'h'), 'I', 'i'), 'J', 'j'), 'K', 'k'), 'L', 'l'), 'M', 'm'), 'N', 'n'), 'O', 'o'), 'P', 'p'), 'Q', 'q'), 'R', 'r'), 'S', 's'), 'T', 't'), 'U', 'u'), 'V', 'v'), 'W', 'w'), 'X', 'x'), 'Y', 'y'), 'Z', 'z')"[39m
Received: [31m"[7mLOCATE(BINARY [27mBINARY REPLACE(REPLACE(REPLACE(REPLACE(REPLACE(REPLACE(REPLACE(REPLACE(REPLACE(REPLACE(REPLACE(REPLACE(REPLACE(REPLACE(REPLACE(REPLACE(REPLACE(REPLACE(REPLACE(REPLACE(REPLACE(REPLACE(REPLACE(REPLACE(REPLACE(REPLACE(`[7mq0`.`slug_col`, 'A', 'a'), 'B', 'b'), 'C', 'c'), 'D', 'd'), 'E', 'e'), 'F', 'f'), 'G', 'g'), 'H', 'h'), 'I', 'i'), 'J', 'j'), 'K', 'k'), 'L', 'l'), 'M', 'm'), 'N', 'n'), 'O', 'o'), 'P', 'p'), 'Q', 'q'), 'R', 'r'), 'S', 's'), 'T', 't'), 'U', 'u'), 'V', 'v'), 'W', 'w'), 'X', 'x'), 'Y', 'y'), 'Z', 'z'), BINARY BINARY REPLACE(REPLACE(REPLACE(REPLACE(REPLACE(REPLACE(REPLACE(REPLACE(REPLACE(REPLACE(REPLACE(REPLACE(REPLACE(REPLACE(REPLACE(REPLACE(REPLACE(REPLACE(REPLACE(REPLACE(REPLACE(REPLACE(REPLACE(REPLACE(REPLACE(REPLACE(`q[27m0`.`title`, 'A', 'a'), 'B', 'b'), 'C', 'c'), 'D', 'd'), 'E', 'e'), 'F', 'f'), 'G', 'g'), 'H', 'h'), 'I', 'i'), 'J', 'j'), 'K', 'k'), 'L', 'l'), 'M', 'm'), 'N', 'n'), 'O', 'o'), 'P', 'p'), 'Q', 'q'), 'R', 'r'), 'S', 's'), 'T', 't'), 'U', 'u'), 'V', 'v'), 'W', 'w'), 'X', 'x'), 'Y', 'y'), 'Z', 'z')[7m) > 0[27m"[39m

 ❯ tests/contracts/engine/query/field-reference-sql.core.test.ts:314:25
    312|       // The substring/prefix/suffix templates differ per dialect, so …
    313|       // the two operand expressions rather than the whole predicate.
    314|       expect(predicate).toContain(folded(titleCol()));
       |                         ^
    315|       expect(predicate).toContain(folded(slugCol()));
    316|     });

⎯⎯⎯⎯⎯⎯⎯⎯⎯⎯⎯⎯⎯⎯⎯⎯⎯⎯⎯⎯⎯[60/208]⎯

 FAIL  |layer-query-engine| tests/contracts/engine/query/field-reference-sql.core.test.ts > 'MySQL' field-reference SQL > collation and folding of a referenced operand > insensitive startsWith carries the fold onto the referenced operand
AssertionError: expected 'LEFT(BINARY BINARY REPLACE(REPLACE(RE…' to contain 'BINARY REPLACE(REPLACE(REPLACE(REPLAC…'

Expected: [32m"BINARY REPLACE(REPLACE(REPLACE(REPLACE(REPLACE(REPLACE(REPLACE(REPLACE(REPLACE(REPLACE(REPLACE(REPLACE(REPLACE(REPLACE(REPLACE(REPLACE(REPLACE(REPLACE(REPLACE(REPLACE(REPLACE(REPLACE(REPLACE(REPLACE(REPLACE(REPLACE(`[7mt[27m0`.`title`, 'A', 'a'), 'B', 'b'), 'C', 'c'), 'D', 'd'), 'E', 'e'), 'F', 'f'), 'G', 'g'), 'H', 'h'), 'I', 'i'), 'J', 'j'), 'K', 'k'), 'L', 'l'), 'M', 'm'), 'N', 'n'), 'O', 'o'), 'P', 'p'), 'Q', 'q'), 'R', 'r'), 'S', 's'), 'T', 't'), 'U', 'u'), 'V', 'v'), 'W', 'w'), 'X', 'x'), 'Y', 'y'), 'Z', 'z')"[39m
Received: [31m"[7mLEFT(BINARY [27mBINARY REPLACE(REPLACE(REPLACE(REPLACE(REPLACE(REPLACE(REPLACE(REPLACE(REPLACE(REPLACE(REPLACE(REPLACE(REPLACE(REPLACE(REPLACE(REPLACE(REPLACE(REPLACE(REPLACE(REPLACE(REPLACE(REPLACE(REPLACE(REPLACE(REPLACE(REPLACE(`[7mq[27m0`.`title`, 'A', 'a'), 'B', 'b'), 'C', 'c'), 'D', 'd'), 'E', 'e'), 'F', 'f'), 'G', 'g'), 'H', 'h'), 'I', 'i'), 'J', 'j'), 'K', 'k'), 'L', 'l'), 'M', 'm'), 'N', 'n'), 'O', 'o'), 'P', 'p'), 'Q', 'q'), 'R', 'r'), 'S', 's'), 'T', 't'), 'U', 'u'), 'V', 'v'), 'W', 'w'), 'X', 'x'), 'Y', 'y'), 'Z', 'z')[7m, OCTET_LENGTH(BINARY REPLACE(REPLACE(REPLACE(REPLACE(REPLACE(REPLACE(REPLACE(REPLACE(REPLACE(REPLACE(REPLACE(REPLACE(REPLACE(REPLACE(REPLACE(REPLACE(REPLACE(REPLACE(REPLACE(REPLACE(REPLACE(REPLACE(REPLACE(REPLACE(REPLACE(REPLACE(`q0`.`slug_col`, 'A', 'a'), 'B', 'b'), 'C', 'c'), 'D', 'd'), 'E', 'e'), 'F', 'f'), 'G', 'g'), 'H', 'h'), 'I', 'i'), 'J', 'j'), 'K', 'k'), 'L', 'l'), 'M', 'm'), 'N', 'n'), 'O', 'o'), 'P', 'p'), 'Q', 'q'), 'R', 'r'), 'S', 's'), 'T', 't'), 'U', 'u'), 'V', 'v'), 'W', 'w'), 'X', 'x'), 'Y', 'y'), 'Z', 'z'))) = BINARY BINARY REPLACE(REPLACE(REPLACE(REPLACE(REPLACE(REPLACE(REPLACE(REPLACE(REPLACE(REPLACE(REPLACE(REPLACE(REPLACE(REPLACE(REPLACE(REPLACE(REPLACE(REPLACE(REPLACE(REPLACE(REPLACE(REPLACE(REPLACE(REPLACE(REPLACE(REPLACE(`q0`.`slug_col`, 'A', 'a'), 'B', 'b'), 'C', 'c'), 'D', 'd'), 'E', 'e'), 'F', 'f'), 'G', 'g'), 'H', 'h'), 'I', 'i'), 'J', 'j'), 'K', 'k'), 'L', 'l'), 'M', 'm'), 'N', 'n'), 'O', 'o'), 'P', 'p'), 'Q', 'q'), 'R', 'r'), 'S', 's'), 'T', 't'), 'U', 'u'), 'V', 'v'), 'W', 'w'), 'X', 'x'), 'Y', 'y'), 'Z', 'z')[27m"[39m

 ❯ tests/contracts/engine/query/field-reference-sql.core.test.ts:314:25
    312|       // The substring/prefix/suffix templates differ per dialect, so …
    313|       // the two operand expressions rather than the whole predicate.
    314|       expect(predicate).toContain(folded(titleCol()));
       |                         ^
    315|       expect(predicate).toContain(folded(slugCol()));
    316|     });

⎯⎯⎯⎯⎯⎯⎯⎯⎯⎯⎯⎯⎯⎯⎯⎯⎯⎯⎯⎯⎯[61/208]⎯

 FAIL  |layer-query-engine| tests/contracts/engine/query/field-reference-sql.core.test.ts > 'MySQL' field-reference SQL > collation and folding of a referenced operand > insensitive endsWith carries the fold onto the referenced operand
AssertionError: expected 'RIGHT(BINARY BINARY REPLACE(REPLACE(R…' to contain 'BINARY REPLACE(REPLACE(REPLACE(REPLAC…'

Expected: [32m"BINARY REPLACE(REPLACE(REPLACE(REPLACE(REPLACE(REPLACE(REPLACE(REPLACE(REPLACE(REPLACE(REPLACE(REPLACE(REPLACE(REPLACE(REPLACE(REPLACE(REPLACE(REPLACE(REPLACE(REPLACE(REPLACE(REPLACE(REPLACE(REPLACE(REPLACE(REPLACE(`[7mt[27m0`.`title`, 'A', 'a'), 'B', 'b'), 'C', 'c'), 'D', 'd'), 'E', 'e'), 'F', 'f'), 'G', 'g'), 'H', 'h'), 'I', 'i'), 'J', 'j'), 'K', 'k'), 'L', 'l'), 'M', 'm'), 'N', 'n'), 'O', 'o'), 'P', 'p'), 'Q', 'q'), 'R', 'r'), 'S', 's'), 'T', 't'), 'U', 'u'), 'V', 'v'), 'W', 'w'), 'X', 'x'), 'Y', 'y'), 'Z', 'z')"[39m
Received: [31m"[7mRIGHT(BINARY [27mBINARY REPLACE(REPLACE(REPLACE(REPLACE(REPLACE(REPLACE(REPLACE(REPLACE(REPLACE(REPLACE(REPLACE(REPLACE(REPLACE(REPLACE(REPLACE(REPLACE(REPLACE(REPLACE(REPLACE(REPLACE(REPLACE(REPLACE(REPLACE(REPLACE(REPLACE(REPLACE(`[7mq[27m0`.`title`, 'A', 'a'), 'B', 'b'), 'C', 'c'), 'D', 'd'), 'E', 'e'), 'F', 'f'), 'G', 'g'), 'H', 'h'), 'I', 'i'), 'J', 'j'), 'K', 'k'), 'L', 'l'), 'M', 'm'), 'N', 'n'), 'O', 'o'), 'P', 'p'), 'Q', 'q'), 'R', 'r'), 'S', 's'), 'T', 't'), 'U', 'u'), 'V', 'v'), 'W', 'w'), 'X', 'x'), 'Y', 'y'), 'Z', 'z')[7m, OCTET_LENGTH(BINARY REPLACE(REPLACE(REPLACE(REPLACE(REPLACE(REPLACE(REPLACE(REPLACE(REPLACE(REPLACE(REPLACE(REPLACE(REPLACE(REPLACE(REPLACE(REPLACE(REPLACE(REPLACE(REPLACE(REPLACE(REPLACE(REPLACE(REPLACE(REPLACE(REPLACE(REPLACE(`q0`.`slug_col`, 'A', 'a'), 'B', 'b'), 'C', 'c'), 'D', 'd'), 'E', 'e'), 'F', 'f'), 'G', 'g'), 'H', 'h'), 'I', 'i'), 'J', 'j'), 'K', 'k'), 'L', 'l'), 'M', 'm'), 'N', 'n'), 'O', 'o'), 'P', 'p'), 'Q', 'q'), 'R', 'r'), 'S', 's'), 'T', 't'), 'U', 'u'), 'V', 'v'), 'W', 'w'), 'X', 'x'), 'Y', 'y'), 'Z', 'z'))) = BINARY BINARY REPLACE(REPLACE(REPLACE(REPLACE(REPLACE(REPLACE(REPLACE(REPLACE(REPLACE(REPLACE(REPLACE(REPLACE(REPLACE(REPLACE(REPLACE(REPLACE(REPLACE(REPLACE(REPLACE(REPLACE(REPLACE(REPLACE(REPLACE(REPLACE(REPLACE(REPLACE(`q0`.`slug_col`, 'A', 'a'), 'B', 'b'), 'C', 'c'), 'D', 'd'), 'E', 'e'), 'F', 'f'), 'G', 'g'), 'H', 'h'), 'I', 'i'), 'J', 'j'), 'K', 'k'), 'L', 'l'), 'M', 'm'), 'N', 'n'), 'O', 'o'), 'P', 'p'), 'Q', 'q'), 'R', 'r'), 'S', 's'), 'T', 't'), 'U', 'u'), 'V', 'v'), 'W', 'w'), 'X', 'x'), 'Y', 'y'), 'Z', 'z')[27m"[39m

 ❯ tests/contracts/engine/query/field-reference-sql.core.test.ts:314:25
    312|       // The substring/prefix/suffix templates differ per dialect, so …
    313|       // the two operand expressions rather than the whole predicate.
    314|       expect(predicate).toContain(folded(titleCol()));
       |                         ^
    315|       expect(predicate).toContain(folded(slugCol()));
    316|     });

⎯⎯⎯⎯⎯⎯⎯⎯⎯⎯⎯⎯⎯⎯⎯⎯⎯⎯⎯⎯⎯[62/208]⎯

 FAIL  |layer-query-engine| tests/contracts/engine/query/field-reference-sql.core.test.ts > 'MySQL' field-reference SQL > collation and folding of a referenced operand > default mode leaves the string predicates unwrapped on both sides
AssertionError: expected 'LOCATE(BINARY BINARY `q0`.`slug_col`,…' to contain '`t0`.`title`'

Expected: [32m"[7m`t[27m0`.`title`"[39m
Received: [31m"[7mLOCATE(BINARY BINARY `q0`.`slug_col`, BINARY `q[27m0`.`title`[7m) > 0[27m"[39m

 ❯ tests/contracts/engine/query/field-reference-sql.core.test.ts:324:25
    322|         where: { title: { contains: refs.Post.slug } },
    323|       });
    324|       expect(predicate).toContain(titleCol());
       |                         ^
    325|       expect(predicate).toContain(slugCol());
    326|       expect(predicate).not.toContain(dialectCase.asciiFold(titleCol()…

⎯⎯⎯⎯⎯⎯⎯⎯⎯⎯⎯⎯⎯⎯⎯⎯⎯⎯⎯⎯⎯[63/208]⎯

 FAIL  |layer-query-engine| tests/contracts/engine/query/field-reference-sql.core.test.ts > 'MySQL' field-reference SQL > collation and folding of a referenced operand > a literal operand is folded but not collation-wrapped
AssertionError: expected 'BINARY REPLACE(REPLACE(REPLACE(REPLAC…' to be 'BINARY REPLACE(REPLACE(REPLACE(REPLAC…' // Object.is equality

Expected: [32m"BINARY REPLACE(REPLACE(REPLACE(REPLACE(REPLACE(REPLACE(REPLACE(REPLACE(REPLACE(REPLACE(REPLACE(REPLACE(REPLACE(REPLACE(REPLACE(REPLACE(REPLACE(REPLACE(REPLACE(REPLACE(REPLACE(REPLACE(REPLACE(REPLACE(REPLACE(REPLACE(`[7mt[27m0`.`title`, 'A', 'a'), 'B', 'b'), 'C', 'c'), 'D', 'd'), 'E', 'e'), 'F', 'f'), 'G', 'g'), 'H', 'h'), 'I', 'i'), 'J', 'j'), 'K', 'k'), 'L', 'l'), 'M', 'm'), 'N', 'n'), 'O', 'o'), 'P', 'p'), 'Q', 'q'), 'R', 'r'), 'S', 's'), 'T', 't'), 'U', 'u'), 'V', 'v'), 'W', 'w'), 'X', 'x'), 'Y', 'y'), 'Z', 'z') = REPLACE(REPLACE(REPLACE(REPLACE(REPLACE(REPLACE(REPLACE(REPLACE(REPLACE(REPLACE(REPLACE(REPLACE(REPLACE(REPLACE(REPLACE(REPLACE(REPLACE(REPLACE(REPLACE(REPLACE(REPLACE(REPLACE(REPLACE(REPLACE(REPLACE(REPLACE($1, 'A', 'a'), 'B', 'b'), 'C', 'c'), 'D', 'd'), 'E', 'e'), 'F', 'f'), 'G', 'g'), 'H', 'h'), 'I', 'i'), 'J', 'j'), 'K', 'k'), 'L', 'l'), 'M', 'm'), 'N', 'n'), 'O', 'o'), 'P', 'p'), 'Q', 'q'), 'R', 'r'), 'S', 's'), 'T', 't'), 'U', 'u'), 'V', 'v'), 'W', 'w'), 'X', 'x'), 'Y', 'y'), 'Z', 'z')"[39m
Received: [31m"BINARY REPLACE(REPLACE(REPLACE(REPLACE(REPLACE(REPLACE(REPLACE(REPLACE(REPLACE(REPLACE(REPLACE(REPLACE(REPLACE(REPLACE(REPLACE(REPLACE(REPLACE(REPLACE(REPLACE(REPLACE(REPLACE(REPLACE(REPLACE(REPLACE(REPLACE(REPLACE(`[7mq[27m0`.`title`, 'A', 'a'), 'B', 'b'), 'C', 'c'), 'D', 'd'), 'E', 'e'), 'F', 'f'), 'G', 'g'), 'H', 'h'), 'I', 'i'), 'J', 'j'), 'K', 'k'), 'L', 'l'), 'M', 'm'), 'N', 'n'), 'O', 'o'), 'P', 'p'), 'Q', 'q'), 'R', 'r'), 'S', 's'), 'T', 't'), 'U', 'u'), 'V', 'v'), 'W', 'w'), 'X', 'x'), 'Y', 'y'), 'Z', 'z') = REPLACE(REPLACE(REPLACE(REPLACE(REPLACE(REPLACE(REPLACE(REPLACE(REPLACE(REPLACE(REPLACE(REPLACE(REPLACE(REPLACE(REPLACE(REPLACE(REPLACE(REPLACE(REPLACE(REPLACE(REPLACE(REPLACE(REPLACE(REPLACE(REPLACE(REPLACE($1, 'A', 'a'), 'B', 'b'), 'C', 'c'), 'D', 'd'), 'E', 'e'), 'F', 'f'), 'G', 'g'), 'H', 'h'), 'I', 'i'), 'J', 'j'), 'K', 'k'), 'L', 'l'), 'M', 'm'), 'N', 'n'), 'O', 'o'), 'P', 'p'), 'Q', 'q'), 'R', 'r'), 'S', 's'), 'T', 't'), 'U', 'u'), 'V', 'v'), 'W', 'w'), 'X', 'x'), 'Y', 'y'), 'Z', 'z')"[39m

 ❯ tests/contracts/engine/query/field-reference-sql.core.test.ts:339:9
    337|           where: { title: { equals: "x", mode: "insensitive" } },
    338|         })
    339|       ).toBe(`${folded(titleCol())} = ${dialectCase.asciiFold("$1")}`);
       |         ^
    340|     });
    341|   });

⎯⎯⎯⎯⎯⎯⎯⎯⎯⎯⎯⎯⎯⎯⎯⎯⎯⎯⎯⎯⎯[64/208]⎯

 FAIL  |layer-query-engine| tests/contracts/engine/query/field-reference-sql.core.test.ts > 'MySQL' field-reference SQL > enum operands > equals against a reference casts both sides to text
AssertionError: expected 'BINARY `q0`.`status` = BINARY CAST(`q…' to be 'BINARY CAST(`t0`.`status` AS CHAR) = …' // Object.is equality

Expected: [32m"BINARY [7mCAST(`t[27m0`.`status`[7m AS CHAR)[27m = BINARY CAST(`[7mt[27m0`.`review_status` AS CHAR)"[39m
Received: [31m"BINARY [7m`q[27m0`.`status` = BINARY CAST(`[7mq[27m0`.`review_status` AS CHAR)"[39m

 ❯ tests/contracts/engine/query/field-reference-sql.core.test.ts:371:9
    369|           where: { status: { equals: refs.Post.reviewStatus } },
    370|         })
    371|       ).toBe(`${statusText()} = ${reviewText()}`);
       |         ^
    372|     });
    373| 

⎯⎯⎯⎯⎯⎯⎯⎯⎯⎯⎯⎯⎯⎯⎯⎯⎯⎯⎯⎯⎯[65/208]⎯

 FAIL  |layer-query-engine| tests/contracts/engine/query/field-reference-sql.core.test.ts > 'MySQL' field-reference SQL > enum operands > not against a reference negates the same comparison
AssertionError: expected 'NOT (BINARY `q0`.`status` = BINARY CA…' to be 'NOT (BINARY CAST(`t0`.`status` AS CHA…' // Object.is equality

Expected: [32m"NOT (BINARY [7mCAST(`t[27m0`.`status`[7m AS CHAR)[27m = BINARY CAST(`[7mt[27m0`.`review_status` AS CHAR))"[39m
Received: [31m"NOT (BINARY [7m`q[27m0`.`status` = BINARY CAST(`[7mq[27m0`.`review_status` AS CHAR))"[39m

 ❯ tests/contracts/engine/query/field-reference-sql.core.test.ts:377:9
    375|       expect(
    376|         predicateOf({ where: { status: { not: refs.Post.reviewStatus }…
    377|       ).toBe(`NOT (${statusText()} = ${reviewText()})`);
       |         ^
    378|     });
    379| 

⎯⎯⎯⎯⎯⎯⎯⎯⎯⎯⎯⎯⎯⎯⎯⎯⎯⎯⎯⎯⎯[66/208]⎯

 FAIL  |layer-query-engine| tests/contracts/engine/query/field-reference-sql.core.test.ts > 'MySQL' field-reference SQL > enum operands > a literal operand leaves the column uncast and bound
AssertionError: expected '(`q0`.`status` = $1 AND BINARY `q0`.`…' to be '(`t0`.`status` = $1 AND BINARY `t0`.`…' // Object.is equality

Expected: [32m"(`[7mt[27m0`.`status` = $1 AND BINARY `[7mt[27m0`.`status` = $2)"[39m
Received: [31m"(`[7mq[27m0`.`status` = $1 AND BINARY `[7mq[27m0`.`status` = $2)"[39m

 ❯ tests/contracts/engine/query/field-reference-sql.core.test.ts:387:71
    385|         `${q("t0")}.${q("status")}`
    386|       );
    387|       expect(predicateOf({ where: { status: { equals: "draft" } } })).…
       |                                                                       ^
    388|         expected.sql
    389|       );

⎯⎯⎯⎯⎯⎯⎯⎯⎯⎯⎯⎯⎯⎯⎯⎯⎯⎯⎯⎯⎯[67/208]⎯

 FAIL  |layer-query-engine| tests/contracts/engine/query/field-reference-sql.core.test.ts > 'SQLite' field-reference SQL > collation and folding of a referenced operand > default mode compares both sides under the case-sensitive collation
AssertionError: expected '"q0"."title" COLLATE BINARY = "q0"."s…' to be '"t0"."title" COLLATE BINARY = "t0"."s…' // Object.is equality

Expected: [32m""[7mt[27m0"."title" COLLATE BINARY = "[7mt[27m0"."slug_col" COLLATE BINARY"[39m
Received: [31m""[7mq[27m0"."title" COLLATE BINARY = "[7mq[27m0"."slug_col" COLLATE BINARY"[39m

 ❯ tests/contracts/engine/query/field-reference-sql.core.test.ts:283:9
    281|       expect(
    282|         predicateOf({ where: { title: { equals: refs.Post.slug } } })
    283|       ).toBe(`${exact(titleCol())} = ${exact(slugCol())}`);
       |         ^
    284|     });
    285| 

⎯⎯⎯⎯⎯⎯⎯⎯⎯⎯⎯⎯⎯⎯⎯⎯⎯⎯⎯⎯⎯[68/208]⎯

 FAIL  |layer-query-engine| tests/contracts/engine/query/field-reference-sql.core.test.ts > 'SQLite' field-reference SQL > collation and folding of a referenced operand > insensitive mode folds AND collates both sides
AssertionError: expected 'lower("q0"."title") COLLATE BINARY = …' to be 'lower("t0"."title") COLLATE BINARY = …' // Object.is equality

Expected: [32m"lower("[7mt[27m0"."title") COLLATE BINARY = lower("[7mt[27m0"."slug_col") COLLATE BINARY"[39m
Received: [31m"lower("[7mq[27m0"."title") COLLATE BINARY = lower("[7mq[27m0"."slug_col") COLLATE BINARY"[39m

 ❯ tests/contracts/engine/query/field-reference-sql.core.test.ts:291:9
    289|           where: { title: { equals: refs.Post.slug, mode: "insensitive…
    290|         })
    291|       ).toBe(`${folded(titleCol())} = ${folded(slugCol())}`);
       |         ^
    292|     });
    293| 

⎯⎯⎯⎯⎯⎯⎯⎯⎯⎯⎯⎯⎯⎯⎯⎯⎯⎯⎯⎯⎯[69/208]⎯

 FAIL  |layer-query-engine| tests/contracts/engine/query/field-reference-sql.core.test.ts > 'SQLite' field-reference SQL > collation and folding of a referenced operand > insensitive `not` negates the folded comparison
AssertionError: expected 'NOT (lower("q0"."title") COLLATE BINA…' to be 'NOT (lower("t0"."title") COLLATE BINA…' // Object.is equality

Expected: [32m"NOT (lower("[7mt[27m0"."title") COLLATE BINARY = lower("[7mt[27m0"."slug_col") COLLATE BINARY)"[39m
Received: [31m"NOT (lower("[7mq[27m0"."title") COLLATE BINARY = lower("[7mq[27m0"."slug_col") COLLATE BINARY)"[39m

 ❯ tests/contracts/engine/query/field-reference-sql.core.test.ts:299:9
    297|           where: { title: { not: refs.Post.slug, mode: "insensitive" }…
    298|         })
    299|       ).toBe(`NOT (${folded(titleCol())} = ${folded(slugCol())})`);
       |         ^
    300|     });
    301| 

⎯⎯⎯⎯⎯⎯⎯⎯⎯⎯⎯⎯⎯⎯⎯⎯⎯⎯⎯⎯⎯[70/208]⎯

 FAIL  |layer-query-engine| tests/contracts/engine/query/field-reference-sql.core.test.ts > 'SQLite' field-reference SQL > collation and folding of a referenced operand > insensitive contains carries the fold onto the referenced operand
AssertionError: expected 'instr(lower("q0"."title") COLLATE BIN…' to contain 'lower("t0"."title") COLLATE BINARY'

Expected: [32m"lower("[7mt[27m0"."title") COLLATE BINARY"[39m
Received: [31m"[7minstr([27mlower("[7mq[27m0"."title") COLLATE BINARY[7m, lower("q0"."slug_col") COLLATE BINARY) > 0[27m"[39m

 ❯ tests/contracts/engine/query/field-reference-sql.core.test.ts:314:25
    312|       // The substring/prefix/suffix templates differ per dialect, so …
    313|       // the two operand expressions rather than the whole predicate.
    314|       expect(predicate).toContain(folded(titleCol()));
       |                         ^
    315|       expect(predicate).toContain(folded(slugCol()));
    316|     });

⎯⎯⎯⎯⎯⎯⎯⎯⎯⎯⎯⎯⎯⎯⎯⎯⎯⎯⎯⎯⎯[71/208]⎯

 FAIL  |layer-query-engine| tests/contracts/engine/query/field-reference-sql.core.test.ts > 'SQLite' field-reference SQL > collation and folding of a referenced operand > insensitive startsWith carries the fold onto the referenced operand
AssertionError: expected 'substr(lower("q0"."title") COLLATE BI…' to contain 'lower("t0"."title") COLLATE BINARY'

Expected: [32m"lower("[7mt[27m0"."title") COLLATE BINARY"[39m
Received: [31m"[7msubstr([27mlower("[7mq[27m0"."title") COLLATE BINARY[7m, 1, length(lower("q0"."slug_col") COLLATE BINARY)) COLLATE BINARY = lower("q0"."slug_col") COLLATE BINARY[27m"[39m

 ❯ tests/contracts/engine/query/field-reference-sql.core.test.ts:314:25
    312|       // The substring/prefix/suffix templates differ per dialect, so …
    313|       // the two operand expressions rather than the whole predicate.
    314|       expect(predicate).toContain(folded(titleCol()));
       |                         ^
    315|       expect(predicate).toContain(folded(slugCol()));
    316|     });

⎯⎯⎯⎯⎯⎯⎯⎯⎯⎯⎯⎯⎯⎯⎯⎯⎯⎯⎯⎯⎯[72/208]⎯

 FAIL  |layer-query-engine| tests/contracts/engine/query/field-reference-sql.core.test.ts > 'SQLite' field-reference SQL > collation and folding of a referenced operand > insensitive endsWith carries the fold onto the referenced operand
AssertionError: expected 'CASE WHEN length(lower("q0"."slug_col…' to contain 'lower("t0"."title") COLLATE BINARY'

Expected: [32m"lower("t0"."title") COLLATE BINARY"[39m
Received: [31m"CASE WHEN length(lower("q0"."slug_col") COLLATE BINARY) = 0 THEN 1 ELSE substr(lower("q0"."title") COLLATE BINARY, -length(lower("q0"."slug_col") COLLATE BINARY)) COLLATE BINARY = lower("q0"."slug_col") COLLATE BINARY END"[39m

 ❯ tests/contracts/engine/query/field-reference-sql.core.test.ts:314:25
    312|       // The substring/prefix/suffix templates differ per dialect, so …
    313|       // the two operand expressions rather than the whole predicate.
    314|       expect(predicate).toContain(folded(titleCol()));
       |                         ^
    315|       expect(predicate).toContain(folded(slugCol()));
    316|     });

⎯⎯⎯⎯⎯⎯⎯⎯⎯⎯⎯⎯⎯⎯⎯⎯⎯⎯⎯⎯⎯[73/208]⎯

 FAIL  |layer-query-engine| tests/contracts/engine/query/field-reference-sql.core.test.ts > 'SQLite' field-reference SQL > collation and folding of a referenced operand > default mode leaves the string predicates unwrapped on both sides
AssertionError: expected 'instr("q0"."title", "q0"."slug_col" C…' to contain '"t0"."title"'

Expected: [32m"[7m"t[27m0"."title""[39m
Received: [31m"[7minstr("q[27m0"."title"[7m, "q0"."slug_col" COLLATE BINARY) > 0[27m"[39m

 ❯ tests/contracts/engine/query/field-reference-sql.core.test.ts:324:25
    322|         where: { title: { contains: refs.Post.slug } },
    323|       });
    324|       expect(predicate).toContain(titleCol());
       |                         ^
    325|       expect(predicate).toContain(slugCol());
    326|       expect(predicate).not.toContain(dialectCase.asciiFold(titleCol()…

⎯⎯⎯⎯⎯⎯⎯⎯⎯⎯⎯⎯⎯⎯⎯⎯⎯⎯⎯⎯⎯[74/208]⎯

 FAIL  |layer-query-engine| tests/contracts/engine/query/field-reference-sql.core.test.ts > 'SQLite' field-reference SQL > collation and folding of a referenced operand > a literal operand is folded but not collation-wrapped
AssertionError: expected 'lower("q0"."title") COLLATE BINARY = …' to be 'lower("t0"."title") COLLATE BINARY = …' // Object.is equality

Expected: [32m"lower("[7mt[27m0"."title") COLLATE BINARY = lower($1)"[39m
Received: [31m"lower("[7mq[27m0"."title") COLLATE BINARY = lower($1)"[39m

 ❯ tests/contracts/engine/query/field-reference-sql.core.test.ts:339:9
    337|           where: { title: { equals: "x", mode: "insensitive" } },
    338|         })
    339|       ).toBe(`${folded(titleCol())} = ${dialectCase.asciiFold("$1")}`);
       |         ^
    340|     });
    341|   });

⎯⎯⎯⎯⎯⎯⎯⎯⎯⎯⎯⎯⎯⎯⎯⎯⎯⎯⎯⎯⎯[75/208]⎯

 FAIL  |layer-query-engine| tests/contracts/engine/query/field-reference-sql.core.test.ts > 'SQLite' field-reference SQL > enum operands > equals against a reference casts both sides to text
AssertionError: expected '"q0"."status" COLLATE BINARY = CAST("…' to be 'CAST("t0"."status" AS TEXT) COLLATE B…' // Object.is equality

Expected: [32m"[7mCAST("t[27m0"."status"[7m AS TEXT)[27m COLLATE BINARY = CAST("[7mt[27m0"."review_status" AS TEXT) COLLATE BINARY"[39m
Received: [31m"[7m"q[27m0"."status" COLLATE BINARY = CAST("[7mq[27m0"."review_status" AS TEXT) COLLATE BINARY"[39m

 ❯ tests/contracts/engine/query/field-reference-sql.core.test.ts:371:9
    369|           where: { status: { equals: refs.Post.reviewStatus } },
    370|         })
    371|       ).toBe(`${statusText()} = ${reviewText()}`);
       |         ^
    372|     });
    373| 

⎯⎯⎯⎯⎯⎯⎯⎯⎯⎯⎯⎯⎯⎯⎯⎯⎯⎯⎯⎯⎯[76/208]⎯

 FAIL  |layer-query-engine| tests/contracts/engine/query/field-reference-sql.core.test.ts > 'SQLite' field-reference SQL > enum operands > not against a reference negates the same comparison
AssertionError: expected 'NOT ("q0"."status" COLLATE BINARY = C…' to be 'NOT (CAST("t0"."status" AS TEXT) COLL…' // Object.is equality

Expected: [32m"NOT ([7mCAST("t[27m0"."status"[7m AS TEXT)[27m COLLATE BINARY = CAST("[7mt[27m0"."review_status" AS TEXT) COLLATE BINARY)"[39m
Received: [31m"NOT ([7m"q[27m0"."status" COLLATE BINARY = CAST("[7mq[27m0"."review_status" AS TEXT) COLLATE BINARY)"[39m

 ❯ tests/contracts/engine/query/field-reference-sql.core.test.ts:377:9
    375|       expect(
    376|         predicateOf({ where: { status: { not: refs.Post.reviewStatus }…
    377|       ).toBe(`NOT (${statusText()} = ${reviewText()})`);
       |         ^
    378|     });
    379| 

⎯⎯⎯⎯⎯⎯⎯⎯⎯⎯⎯⎯⎯⎯⎯⎯⎯⎯⎯⎯⎯[77/208]⎯

 FAIL  |layer-query-engine| tests/contracts/engine/query/field-reference-sql.core.test.ts > 'SQLite' field-reference SQL > enum operands > a literal operand leaves the column uncast and bound
AssertionError: expected '"q0"."status" COLLATE BINARY = $1' to be '"t0"."status" COLLATE BINARY = $1' // Object.is equality

Expected: [32m""[7mt[27m0"."status" COLLATE BINARY = $1"[39m
Received: [31m""[7mq[27m0"."status" COLLATE BINARY = $1"[39m

 ❯ tests/contracts/engine/query/field-reference-sql.core.test.ts:387:71
    385|         `${q("t0")}.${q("status")}`
    386|       );
    387|       expect(predicateOf({ where: { status: { equals: "draft" } } })).…
       |                                                                       ^
    388|         expected.sql
    389|       );

⎯⎯⎯⎯⎯⎯⎯⎯⎯⎯⎯⎯⎯⎯⎯⎯⎯⎯⎯⎯⎯[78/208]⎯

 FAIL  |layer-query-engine| tests/contracts/engine/query/field-reference-sql.core.test.ts > surfaces that stay closed to field references > a reference is refused in create data
AssertionError: expected [Function] to not throw an error but 'QueryEngineError: Operation \'create\…' was thrown

[32m- Expected:[39m 
undefined

[31m+ Received:[39m 
"QueryEngineError: Operation 'create' does not compile to one SQL statement. Execute the operation instead."

 ❯ tests/contracts/engine/query/field-reference-sql.core.test.ts:550:33
    548| 
    549|     // Otherwise valid: with a literal in that one slot, the payload c…
    550|     expect(() => create(1)).not.toThrow();
       |                                 ^
    551| 
    552|     const refusal = refusalOf(() => create(refs.Post.likes));

⎯⎯⎯⎯⎯⎯⎯⎯⎯⎯⎯⎯⎯⎯⎯⎯⎯⎯⎯⎯⎯[79/208]⎯

 FAIL  |layer-query-engine| tests/contracts/engine/query/field-reference-sql.core.test.ts > JSON operands stay closed to field references > JSON write data refuses a reference in a create data slot
 FAIL  |layer-query-engine| tests/contracts/engine/query/field-reference-sql.core.test.ts > JSON operands stay closed to field references > JSON write data refuses a reference in a create data slot, buried
AssertionError: expected [Function] to throw error matching /Field reference 'Post\.meta2' is not …/ but got 'Operation \'create\' does not compile…'

[32m- Expected:[39m 
/Field reference 'Post\.meta2' is not supported in JSON write data/

[31m+ Received:[39m 
"Operation 'create' does not compile to one SQL statement. Execute the operation instead."

 ❯ tests/contracts/engine/query/field-reference-sql.core.test.ts:629:7
    627|         },
    628|       })
    629|     ).toThrow(JSON_DATA_REFUSAL);
       |       ^
    630|   });
    631| 

⎯⎯⎯⎯⎯⎯⎯⎯⎯⎯⎯⎯⎯⎯⎯⎯⎯⎯⎯⎯⎯[80/208]⎯

 FAIL  |layer-query-engine| tests/contracts/engine/query/field-reference-sql.core.test.ts > JSON operands stay closed to field references > JSON update data refuses a reference in the shorthand form
 FAIL  |layer-query-engine| tests/contracts/engine/query/field-reference-sql.core.test.ts > JSON operands stay closed to field references > JSON update data refuses a reference in the { set } form
 FAIL  |layer-query-engine| tests/contracts/engine/query/field-reference-sql.core.test.ts > JSON operands stay closed to field references > JSON update data refuses a reference in a buried position
AssertionError: expected [Function] to throw error matching /Field reference 'Post\.meta2' is not …/ but got 'Operation \'update\' does not compile…'

[32m- Expected:[39m 
/Field reference 'Post\.meta2' is not supported in JSON write data/

[31m+ Received:[39m 
"Operation 'update' does not compile to one SQL statement. Execute the operation instead."

 ❯ tests/contracts/engine/query/field-reference-sql.core.test.ts:642:7
    640|         data: { meta: value() as never },
    641|       })
    642|     ).toThrow(JSON_DATA_REFUSAL);
       |       ^
    643|   });
    644| 

⎯⎯⎯⎯⎯⎯⎯⎯⎯⎯⎯⎯⎯⎯⎯⎯⎯⎯⎯⎯⎯[81/208]⎯

 FAIL  |layer-query-engine| tests/contracts/engine/query/field-reference-sql.core.test.ts > JSON operands stay closed to field references > ordinary JSON documents still compile in filters and writes
AssertionError: expected [Function] to not throw an error but 'QueryEngineError: Operation \'create\…' was thrown

[32m- Expected:[39m 
undefined

[31m+ Received:[39m 
"QueryEngineError: Operation 'create' does not compile to one SQL statement. Execute the operation instead."

 ❯ tests/contracts/engine/query/field-reference-sql.core.test.ts:677:11
    675|         },
    676|       })
    677|     ).not.toThrow();
       |           ^
    678|     expect(() =>
    679|       engine().build(Post, "update", {

⎯⎯⎯⎯⎯⎯⎯⎯⎯⎯⎯⎯⎯⎯⎯⎯⎯⎯⎯⎯⎯[82/208]⎯

 FAIL  |layer-query-engine| tests/contracts/engine/query/geopoint-sql.core.test.ts > GeoPoint query lowering > lowers point values for writes on 'PostgreSQL'
QueryEngineError: Operation 'create' does not compile to one SQL statement. Execute the operation instead.
⎯⎯⎯⎯⎯⎯⎯⎯⎯⎯⎯⎯⎯⎯⎯⎯⎯⎯⎯⎯⎯[83/208]⎯

 FAIL  |layer-query-engine| tests/contracts/engine/query/geopoint-sql.core.test.ts > GeoPoint query lowering > lowers point values for writes on 'MySQL'
QueryEngineError: Operation 'createMany' does not compile to one SQL statement. Execute the operation instead.
⎯⎯⎯⎯⎯⎯⎯⎯⎯⎯⎯⎯⎯⎯⎯⎯⎯⎯⎯⎯⎯[84/208]⎯

 FAIL  |layer-query-engine| tests/contracts/engine/query/geopoint-sql.core.test.ts > GeoPoint query lowering > lowers point values for writes on 'SQLite'
QueryEngineError: Operation 'create' does not compile to one SQL statement. Execute the operation instead.
⎯⎯⎯⎯⎯⎯⎯⎯⎯⎯⎯⎯⎯⎯⎯⎯⎯⎯⎯⎯⎯[85/208]⎯

 FAIL  |layer-query-engine| tests/contracts/engine/query/geopoint-sql.core.test.ts > GeoPoint query lowering > uses the smallest positive upper bound only in positive polarity
AssertionError: expected 'SELECT "q0"."id" AS "id" FROM "public…' to contain ' && '

Expected: [32m" && "[39m
Received: [31m"SELECT "q0"."id" AS "id" FROM "public"."places" AS "q0" WHERE (CASE WHEN "q0"."location" IS NULL OR ST_SetSRID(ST_MakePoint($1, $2), 4326)::geography IS NULL THEN NULL ELSE CAST($3 AS double precision) * 2 * ASIN(SQRT(LEAST(1, GREATEST(0, POWER(SIN((RADIANS(ST_Y(ST_SetSRID(ST_MakePoint($4, $5), 4326)::geography::geometry)) - RADIANS(ST_Y("q0"."location"::geometry))) / 2), 2) + COS(RADIANS(ST_Y("q0"."location"::geometry))) * COS(RADIANS(ST_Y(ST_SetSRID(ST_MakePoint($6, $7), 4326)::geography::geometry))) * POWER(SIN((RADIANS(ST_X(ST_SetSRID(ST_MakePoint($8, $9), 4326)::geography::geometry)) - RADIANS(ST_X("q0"."location"::geometry))) / 2), 2))))) END < $10 AND CASE WHEN "q0"."location" IS NULL OR ST_SetSRID(ST_MakePoint($11, $12), 4326)::geography IS NULL THEN NULL ELSE CAST($13 AS double precision) * 2 * ASIN(SQRT(LEAST(1, GREATEST(0, POWER(SIN((RADIANS(ST_Y(ST_SetSRID(ST_MakePoint($14, $15), 4326)::geography::geometry)) - RADIANS(ST_Y("q0"."location"::geometry))) / 2), 2) + COS(RADIANS(ST_Y("q0"."location"::geometry))) * COS(RADIANS(ST_Y(ST_SetSRID(ST_MakePoint($16, $17), 4326)::geography::geometry))) * POWER(SIN((RADIANS(ST_X(ST_SetSRID(ST_MakePoint($18, $19), 4326)::geography::geometry)) - RADIANS(ST_X("q0"."location"::geometry))) / 2), 2))))) END <= $20 AND CASE WHEN "q0"."location" IS NULL OR ST_SetSRID(ST_MakePoint($21, $22), 4326)::geography IS NULL THEN NULL ELSE CAST($23 AS double precision) * 2 * ASIN(SQRT(LEAST(1, GREATEST(0, POWER(SIN((RADIANS(ST_Y(ST_SetSRID(ST_MakePoint($24, $25), 4326)::geography::geometry)) - RADIANS(ST_Y("q0"."location"::geometry))) / 2), 2) + COS(RADIANS(ST_Y("q0"."location"::geometry))) * COS(RADIANS(ST_Y(ST_SetSRID(ST_MakePoint($26, $27), 4326)::geography::geometry))) * POWER(SIN((RADIANS(ST_X(ST_SetSRID(ST_MakePoint($28, $29), 4326)::geography::geometry)) - RADIANS(ST_X("q0"."location"::geometry))) / 2), 2))))) END >= $30)"[39m

 ❯ tests/contracts/engine/query/geopoint-sql.core.test.ts:515:40
    513|       select: { id: true },
    514|     });
    515|     expect(positive.toStatement("$n")).toContain(" && ");
       |                                        ^
    516|     expect(positive.values).toContain(expectedIndexPolygon);
    517| 

⎯⎯⎯⎯⎯⎯⎯⎯⎯⎯⎯⎯⎯⎯⎯⎯⎯⎯⎯⎯⎯[86/208]⎯

 FAIL  |layer-query-engine| tests/contracts/engine/query/geopoint-sql.core.test.ts > GeoPoint query lowering > threads distance-prefilter polarity through relation quantifiers
AssertionError: expected 'SELECT "q0"."id" AS "id" FROM "public…' to contain ' && '

Expected: [32m" && "[39m
Received: [31m"SELECT "q0"."id" AS "id" FROM "public"."regions" AS "q0" WHERE NOT EXISTS (SELECT 1 FROM "public"."venues" AS "q1" WHERE ("q0"."id" = "q1"."regionId" AND NOT (CASE WHEN "q1"."location" IS NULL OR ST_SetSRID(ST_MakePoint($1, $2), 4326)::geography IS NULL THEN NULL ELSE CAST($3 AS double precision) * 2 * ASIN(SQRT(LEAST(1, GREATEST(0, POWER(SIN((RADIANS(ST_Y(ST_SetSRID(ST_MakePoint($4, $5), 4326)::geography::geometry)) - RADIANS(ST_Y("q1"."location"::geometry))) / 2), 2) + COS(RADIANS(ST_Y("q1"."location"::geometry))) * COS(RADIANS(ST_Y(ST_SetSRID(ST_MakePoint($6, $7), 4326)::geography::geometry))) * POWER(SIN((RADIANS(ST_X(ST_SetSRID(ST_MakePoint($8, $9), 4326)::geography::geometry)) - RADIANS(ST_X("q1"."location"::geometry))) / 2), 2))))) END <= $10)))"[39m

 ❯ tests/contracts/engine/query/geopoint-sql.core.test.ts:564:37
    562|       select: { id: true },
    563|     });
    564|     expect(every.toStatement("$n")).toContain(" && ");
       |                                     ^
    565| 
    566|     const isNot = engine.build(venue, "findMany", {

⎯⎯⎯⎯⎯⎯⎯⎯⎯⎯⎯⎯⎯⎯⎯⎯⎯⎯⎯⎯⎯[87/208]⎯

 FAIL  |layer-query-engine| tests/contracts/engine/query/geopoint-sql.core.test.ts > GeoPoint query lowering > combines every distance comparator and uses null-last point ordering
AssertionError: expected 'SELECT "q0"."id" AS "id", CASE WHEN "…' to contain 'AS "0viborm_distance"'

Expected: [32m"AS "0viborm_distance""[39m
Received: [31m"SELECT "q0"."id" AS "id", CASE WHEN "q0"."optionalLocation" IS NULL OR ST_SetSRID(ST_MakePoint($1, $2), 4326)::geography IS NULL THEN NULL ELSE CAST($3 AS double precision) * 2 * ASIN(SQRT(LEAST(1, GREATEST(0, POWER(SIN((RADIANS(ST_Y(ST_SetSRID(ST_MakePoint($4, $5), 4326)::geography::geometry)) - RADIANS(ST_Y("q0"."optionalLocation"::geometry))) / 2), 2) + COS(RADIANS(ST_Y("q0"."optionalLocation"::geometry))) * COS(RADIANS(ST_Y(ST_SetSRID(ST_MakePoint($6, $7), 4326)::geography::geometry))) * POWER(SIN((RADIANS(ST_X(ST_SetSRID(ST_MakePoint($8, $9), 4326)::geography::geometry)) - RADIANS(ST_X("q0"."optionalLocation"::geometry))) / 2), 2))))) END AS "_distance" FROM "public"."places" AS "q0" WHERE (CASE WHEN "q0"."location" IS NULL OR ST_SetSRID(ST_MakePoint($10, $11), 4326)::geography IS NULL THEN NULL ELSE CAST($12 AS double precision) * 2 * ASIN(SQRT(LEAST(1, GREATEST(0, POWER(SIN((RADIANS(ST_Y(ST_SetSRID(ST_MakePoint($13, $14), 4326)::geography::geometry)) - RADIANS(ST_Y("q0"."location"::geometry))) / 2), 2) + COS(RADIANS(ST_Y("q0"."location"::geometry))) * COS(RADIANS(ST_Y(ST_SetSRID(ST_MakePoint($15, $16), 4326)::geography::geometry))) * POWER(SIN((RADIANS(ST_X(ST_SetSRID(ST_MakePoint($17, $18), 4326)::geography::geometry)) - RADIANS(ST_X("q0"."location"::geometry))) / 2), 2))))) END < $19 AND CASE WHEN "q0"."location" IS NULL OR ST_SetSRID(ST_MakePoint($20, $21), 4326)::geography IS NULL THEN NULL ELSE CAST($22 AS double precision) * 2 * ASIN(SQRT(LEAST(1, GREATEST(0, POWER(SIN((RADIANS(ST_Y(ST_SetSRID(ST_MakePoint($23, $24), 4326)::geography::geometry)) - RADIANS(ST_Y("q0"."location"::geometry))) / 2), 2) + COS(RADIANS(ST_Y("q0"."location"::geometry))) * COS(RADIANS(ST_Y(ST_SetSRID(ST_MakePoint($25, $26), 4326)::geography::geometry))) * POWER(SIN((RADIANS(ST_X(ST_SetSRID(ST_MakePoint($27, $28), 4326)::geography::geometry)) - RADIANS(ST_X("q0"."location"::geometry))) / 2), 2))))) END <= $29 AND CASE WHEN "q0"."location" IS NULL OR ST_SetSRID(ST_MakePoint($30, $31), 4326)::geography IS NULL THEN NULL ELSE CAST($32 AS double precision) * 2 * ASIN(SQRT(LEAST(1, GREATEST(0, POWER(SIN((RADIANS(ST_Y(ST_SetSRID(ST_MakePoint($33, $34), 4326)::geography::geometry)) - RADIANS(ST_Y("q0"."location"::geometry))) / 2), 2) + COS(RADIANS(ST_Y("q0"."location"::geometry))) * COS(RADIANS(ST_Y(ST_SetSRID(ST_MakePoint($35, $36), 4326)::geography::geometry))) * POWER(SIN((RADIANS(ST_X(ST_SetSRID(ST_MakePoint($37, $38), 4326)::geography::geometry)) - RADIANS(ST_X("q0"."location"::geometry))) / 2), 2))))) END > $39 AND CASE WHEN "q0"."location" IS NULL OR ST_SetSRID(ST_MakePoint($40, $41), 4326)::geography IS NULL THEN NULL ELSE CAST($42 AS double precision) * 2 * ASIN(SQRT(LEAST(1, GREATEST(0, POWER(SIN((RADIANS(ST_Y(ST_SetSRID(ST_MakePoint($43, $44), 4326)::geography::geometry)) - RADIANS(ST_Y("q0"."location"::geometry))) / 2), 2) + COS(RADIANS(ST_Y("q0"."location"::geometry))) * COS(RADIANS(ST_Y(ST_SetSRID(ST_MakePoint($45, $46), 4326)::geography::geometry))) * POWER(SIN((RADIANS(ST_X(ST_SetSRID(ST_MakePoint($47, $48), 4326)::geography::geometry)) - RADIANS(ST_X("q0"."location"::geometry))) / 2), 2))))) END >= $49) ORDER BY CASE WHEN "q0"."optionalLocation" IS NULL OR ST_SetSRID(ST_MakePoint($50, $51), 4326)::geography IS NULL THEN NULL ELSE CAST($52 AS double precision) * 2 * ASIN(SQRT(LEAST(1, GREATEST(0, POWER(SIN((RADIANS(ST_Y(ST_SetSRID(ST_MakePoint($53, $54), 4326)::geography::geometry)) - RADIANS(ST_Y("q0"."optionalLocation"::geometry))) / 2), 2) + COS(RADIANS(ST_Y("q0"."optionalLocation"::geometry))) * COS(RADIANS(ST_Y(ST_SetSRID(ST_MakePoint($55, $56), 4326)::geography::geometry))) * POWER(SIN((RADIANS(ST_X(ST_SetSRID(ST_MakePoint($57, $58), 4326)::geography::geometry)) - RADIANS(ST_X("q0"."optionalLocation"::geometry))) / 2), 2))))) END DESC NULLS LAST"[39m

 ❯ tests/contracts/engine/query/geopoint-sql.core.test.ts:608:23
    606|     expect(statement).toContain(" > ");
    607|     expect(statement).toContain(" >= ");
    608|     expect(statement).toContain('AS "0viborm_distance"');
       |                       ^
    609|     expect(statement).toContain("DESC NULLS LAST");
    610|   });

⎯⎯⎯⎯⎯⎯⎯⎯⎯⎯⎯⎯⎯⎯⎯⎯⎯⎯⎯⎯⎯[88/208]⎯

 FAIL  |layer-query-engine| tests/contracts/engine/query/json-null-sentinel-sql.core.test.ts > 'PostgreSQL' json null sentinel SQL > not DbNull is IS NOT NULL
 FAIL  |layer-query-engine| tests/contracts/engine/query/json-null-sentinel-sql.core.test.ts > 'SQLite' json null sentinel SQL > not DbNull is IS NOT NULL
AssertionError: expected 'WHERE NOT ("q0"."meta" IS NULL)' to contain '"meta" IS NOT NULL'

Expected: [32m""meta" IS [7mNOT [27mNULL"[39m
Received: [31m"[7mWHERE NOT ("q0".[27m"meta" IS NULL[7m)[27m"[39m

 ❯ tests/contracts/engine/query/json-null-sentinel-sql.core.test.ts:157:23
    155|   test("not DbNull is IS NOT NULL", () => {
    156|     const { predicate, values } = wherePredicate({ meta: { not: DbNull…
    157|     expect(predicate).toContain(`${q("meta")} IS NOT NULL`);
       |                       ^
    158|     expect(values).toEqual([]);
    159|   });

⎯⎯⎯⎯⎯⎯⎯⎯⎯⎯⎯⎯⎯⎯⎯⎯⎯⎯⎯⎯⎯[89/208]⎯

 FAIL  |layer-query-engine| tests/contracts/engine/query/json-null-sentinel-sql.core.test.ts > 'PostgreSQL' json null sentinel SQL > not JsonNull is a value inequality
 FAIL  |layer-query-engine| tests/contracts/engine/query/json-null-sentinel-sql.core.test.ts > 'SQLite' json null sentinel SQL > not JsonNull is a value inequality
AssertionError: expected 'WHERE NOT ("q0"."meta" = ?)' to contain '"meta" <> ?'

Expected: [32m""meta" [7m<>[27m ?"[39m
Received: [31m"[7mWHERE NOT ("q0".[27m"meta" [7m=[27m ?[7m)[27m"[39m

 ❯ tests/contracts/engine/query/json-null-sentinel-sql.core.test.ts:163:23
    161|   test("not JsonNull is a value inequality", () => {
    162|     const { predicate, values } = wherePredicate({ meta: { not: JsonNu…
    163|     expect(predicate).toContain(`${q("meta")} ${notEquals} ${jsonNull}…
       |                       ^
    164|     expect(jsonTexts(values)).toEqual(["null"]);
    165|   });

⎯⎯⎯⎯⎯⎯⎯⎯⎯⎯⎯⎯⎯⎯⎯⎯⎯⎯⎯⎯⎯[90/208]⎯

 FAIL  |layer-query-engine| tests/contracts/engine/query/json-null-sentinel-sql.core.test.ts > 'PostgreSQL' json null sentinel SQL > not AnyNull is the conjunction of both complements
 FAIL  |layer-query-engine| tests/contracts/engine/query/json-null-sentinel-sql.core.test.ts > 'SQLite' json null sentinel SQL > not AnyNull is the conjunction of both complements
AssertionError: expected 'WHERE NOT (("q0"."meta" IS NULL OR "q…' to contain '"meta" IS NOT NULL'

Expected: [32m""meta" IS [7mNOT [27mNULL"[39m
Received: [31m"[7mWHERE NOT (("q0".[27m"meta" IS NULL[7m OR "q0"."meta" = ?))[27m"[39m

 ❯ tests/contracts/engine/query/json-null-sentinel-sql.core.test.ts:169:23
    167|   test("not AnyNull is the conjunction of both complements", () => {
    168|     const { predicate, values } = wherePredicate({ meta: { not: AnyNul…
    169|     expect(predicate).toContain(`${q("meta")} IS NOT NULL`);
       |                       ^
    170|     expect(predicate).toContain(`${q("meta")} ${notEquals} ${jsonNull}…
    171|     expect(predicate).toContain(" AND ");

⎯⎯⎯⎯⎯⎯⎯⎯⎯⎯⎯⎯⎯⎯⎯⎯⎯⎯⎯⎯⎯[91/208]⎯

 FAIL  |layer-query-engine| tests/contracts/engine/query/json-null-sentinel-sql.core.test.ts > 'MySQL' json null sentinel SQL > not DbNull is IS NOT NULL
AssertionError: expected 'WHERE NOT (`q0`.`meta` IS NULL)' to contain '`meta` IS NOT NULL'

Expected: [32m"`meta` IS [7mNOT [27mNULL"[39m
Received: [31m"[7mWHERE NOT (`q0`.[27m`meta` IS NULL[7m)[27m"[39m

 ❯ tests/contracts/engine/query/json-null-sentinel-sql.core.test.ts:157:23
    155|   test("not DbNull is IS NOT NULL", () => {
    156|     const { predicate, values } = wherePredicate({ meta: { not: DbNull…
    157|     expect(predicate).toContain(`${q("meta")} IS NOT NULL`);
       |                       ^
    158|     expect(values).toEqual([]);
    159|   });

⎯⎯⎯⎯⎯⎯⎯⎯⎯⎯⎯⎯⎯⎯⎯⎯⎯⎯⎯⎯⎯[92/208]⎯

 FAIL  |layer-query-engine| tests/contracts/engine/query/json-null-sentinel-sql.core.test.ts > 'MySQL' json null sentinel SQL > not JsonNull is a value inequality
AssertionError: expected 'WHERE NOT (`q0`.`meta` = CAST(? AS JS…' to contain '`meta` <> CAST(? AS JSON)'

Expected: [32m"`meta` [7m<>[27m CAST(? AS JSON)"[39m
Received: [31m"[7mWHERE NOT (`q0`.[27m`meta` [7m=[27m CAST(? AS JSON)[7m)[27m"[39m

 ❯ tests/contracts/engine/query/json-null-sentinel-sql.core.test.ts:163:23
    161|   test("not JsonNull is a value inequality", () => {
    162|     const { predicate, values } = wherePredicate({ meta: { not: JsonNu…
    163|     expect(predicate).toContain(`${q("meta")} ${notEquals} ${jsonNull}…
       |                       ^
    164|     expect(jsonTexts(values)).toEqual(["null"]);
    165|   });

⎯⎯⎯⎯⎯⎯⎯⎯⎯⎯⎯⎯⎯⎯⎯⎯⎯⎯⎯⎯⎯[93/208]⎯

 FAIL  |layer-query-engine| tests/contracts/engine/query/json-null-sentinel-sql.core.test.ts > 'MySQL' json null sentinel SQL > not AnyNull is the conjunction of both complements
AssertionError: expected 'WHERE NOT ((`q0`.`meta` IS NULL OR `q…' to contain '`meta` IS NOT NULL'

Expected: [32m"`meta` IS NOT NULL"[39m
Received: [31m"WHERE NOT ((`q0`.`meta` IS NULL OR `q0`.`meta` = CAST(? AS JSON)))"[39m

 ❯ tests/contracts/engine/query/json-null-sentinel-sql.core.test.ts:169:23
    167|   test("not AnyNull is the conjunction of both complements", () => {
    168|     const { predicate, values } = wherePredicate({ meta: { not: AnyNul…
    169|     expect(predicate).toContain(`${q("meta")} IS NOT NULL`);
       |                       ^
    170|     expect(predicate).toContain(`${q("meta")} ${notEquals} ${jsonNull}…
    171|     expect(predicate).toContain(" AND ");

⎯⎯⎯⎯⎯⎯⎯⎯⎯⎯⎯⎯⎯⎯⎯⎯⎯⎯⎯⎯⎯[94/208]⎯

 FAIL  |layer-query-engine| tests/contracts/engine/query/lateral-joins.core.test.ts > Lateral Joins > SQL Generation > PostgreSQL (lateral joins enabled) > to-many include uses lateral join
AssertionError: expected 'SELECT "q0"."id" AS "id", "q0"."name"…' to contain 'LEFT JOIN LATERAL'

Expected: [32m"LEFT JOIN LATERAL"[39m
Received: [31m"SELECT "q0"."id" AS "id", "q0"."name" AS "name", "q0"."email" AS "email", (SELECT COALESCE(COALESCE(json_agg(json_build_object($1::text, "q2"."id", $2::text, "q2"."title", $3::text, "q2"."content", $4::text, "q2"."authorId")), '[]'::json), '[]'::json) FROM (SELECT "q1"."id" AS "id", "q1"."title" AS "title", "q1"."content" AS "content", "q1"."authorId" AS "authorId" FROM "public"."posts" AS "q1" WHERE "q0"."id" = "q1"."authorId") AS "q2") AS "posts" FROM "public"."Author" AS "q0" WHERE TRUE"[39m

 ❯ tests/contracts/engine/query/lateral-joins.core.test.ts:167:27
    165| 
    166|         // Should use lateral join syntax
    167|         expect(statement).toContain("LEFT JOIN LATERAL");
       |                           ^
    168|         expect(statement).toContain("ON TRUE");
    169|         // Should have JSON aggregation in the lateral subquery

⎯⎯⎯⎯⎯⎯⎯⎯⎯⎯⎯⎯⎯⎯⎯⎯⎯⎯⎯⎯⎯[95/208]⎯

 FAIL  |layer-query-engine| tests/contracts/engine/query/lateral-joins.core.test.ts > Lateral Joins > SQL Generation > PostgreSQL (lateral joins enabled) > to-one include uses lateral join
AssertionError: expected 'SELECT "q0"."id" AS "id", "q0"."title…' to contain 'LEFT JOIN LATERAL'

Expected: [32m"LEFT JOIN LATERAL"[39m
Received: [31m"SELECT "q0"."id" AS "id", "q0"."title" AS "title", "q0"."content" AS "content", "q0"."authorId" AS "authorId", (SELECT json_build_object($1::text, "q2"."id", $2::text, "q2"."name", $3::text, "q2"."email") FROM (SELECT "q1"."id" AS "id", "q1"."name" AS "name", "q1"."email" AS "email" FROM "public"."Author" AS "q1" WHERE "q0"."authorId" = "q1"."id" LIMIT $4) AS "q2") AS "author" FROM "public"."posts" AS "q0" WHERE TRUE"[39m

 ❯ tests/contracts/engine/query/lateral-joins.core.test.ts:180:27
    178| 
    179|         // Should use lateral join syntax
    180|         expect(statement).toContain("LEFT JOIN LATERAL");
       |                           ^
    181|         expect(statement).toContain("ON TRUE");
    182|         // LIMIT is parameterized (LIMIT $1, $2, etc.)

⎯⎯⎯⎯⎯⎯⎯⎯⎯⎯⎯⎯⎯⎯⎯⎯⎯⎯⎯⎯⎯[96/208]⎯

 FAIL  |layer-query-engine| tests/contracts/engine/query/lateral-joins.core.test.ts > Lateral Joins > SQL Generation > PostgreSQL (lateral joins enabled) > include with where filter
AssertionError: expected 'SELECT "q0"."id" AS "id", "q0"."name"…' to contain 'LEFT JOIN LATERAL'

Expected: [32m"LEFT JOIN LATERAL"[39m
Received: [31m"SELECT "q0"."id" AS "id", "q0"."name" AS "name", "q0"."email" AS "email", (SELECT COALESCE(COALESCE(json_agg(json_build_object($1::text, "q2"."id", $2::text, "q2"."title", $3::text, "q2"."content", $4::text, "q2"."authorId")), '[]'::json), '[]'::json) FROM (SELECT "q1"."id" AS "id", "q1"."title" AS "title", "q1"."content" AS "content", "q1"."authorId" AS "authorId" FROM "public"."posts" AS "q1" WHERE ("q0"."id" = "q1"."authorId" AND POSITION($5 IN "q1"."title") > 0)) AS "q2") AS "posts" FROM "public"."Author" AS "q0" WHERE TRUE"[39m

 ❯ tests/contracts/engine/query/lateral-joins.core.test.ts:196:27
    194|         const statement = result.toStatement("$n");
    195| 
    196|         expect(statement).toContain("LEFT JOIN LATERAL");
       |                           ^
    197|         expect(statement).toContain("POSITION");
    198|       });

⎯⎯⎯⎯⎯⎯⎯⎯⎯⎯⎯⎯⎯⎯⎯⎯⎯⎯⎯⎯⎯[97/208]⎯

 FAIL  |layer-query-engine| tests/contracts/engine/query/lateral-joins.core.test.ts > Lateral Joins > SQL Generation > PostgreSQL (lateral joins enabled) > include with orderBy
AssertionError: expected 'SELECT "q0"."id" AS "id", "q0"."name"…' to contain 'LEFT JOIN LATERAL'

Expected: [32m"LE[7mF[27mT [7mJOIN LATERAL[27m"[39m
Received: [31m"[7mSE[27mLE[7mC[27mT [7m"q0"."id" AS "id", "q0"."name" AS "name", "q0"."email" AS "email", (SELECT COALESCE(COALESCE(json_agg(json_build_object($1::text, "q2"."id", $2::text, "q2"."title", $3::text, "q2"."content", $4::text, "q2"."authorId")), '[]'::json), '[]'::json) FROM (SELECT "q1"."id" AS "id", "q1"."title" AS "title", "q1"."content" AS "content", "q1"."authorId" AS "authorId" FROM "public"."posts" AS "q1" WHERE "q0"."id" = "q1"."authorId" ORDER BY "q1"."title" DESC) AS "q2") AS "posts" FROM "public"."Author" AS "q0" WHERE TRUE[27m"[39m

 ❯ tests/contracts/engine/query/lateral-joins.core.test.ts:210:27
    208|         const statement = result.toStatement("$n");
    209| 
    210|         expect(statement).toContain("LEFT JOIN LATERAL");
       |                           ^
    211|         expect(statement).toContain("ORDER BY");
    212|         expect(statement).toContain("DESC");

⎯⎯⎯⎯⎯⎯⎯⎯⎯⎯⎯⎯⎯⎯⎯⎯⎯⎯⎯⎯⎯[98/208]⎯

 FAIL  |layer-query-engine| tests/contracts/engine/query/lateral-joins.core.test.ts > Lateral Joins > SQL Generation > PostgreSQL (lateral joins enabled) > include with take/skip pagination
AssertionError: expected 'SELECT "q0"."id" AS "id", "q0"."name"…' to contain 'LEFT JOIN LATERAL'

Expected: [32m"LEFT JOIN LATERAL"[39m
Received: [31m"SELECT "q0"."id" AS "id", "q0"."name" AS "name", "q0"."email" AS "email", (SELECT COALESCE(COALESCE(json_agg(json_build_object($1::text, "q2"."id", $2::text, "q2"."title", $3::text, "q2"."content", $4::text, "q2"."authorId")), '[]'::json), '[]'::json) FROM (SELECT "q1"."id" AS "id", "q1"."title" AS "title", "q1"."content" AS "content", "q1"."authorId" AS "authorId" FROM "public"."posts" AS "q1" WHERE "q0"."id" = "q1"."authorId" ORDER BY "q1"."id" ASC LIMIT $5 OFFSET $6) AS "q2") AS "posts" FROM "public"."Author" AS "q0" WHERE TRUE"[39m

 ❯ tests/contracts/engine/query/lateral-joins.core.test.ts:226:27
    224|         const statement = result.toStatement("$n");
    225| 
    226|         expect(statement).toContain("LEFT JOIN LATERAL");
       |                           ^
    227|         expect(statement).toContain("LIMIT");
    228|         expect(statement).toContain("OFFSET");

⎯⎯⎯⎯⎯⎯⎯⎯⎯⎯⎯⎯⎯⎯⎯⎯⎯⎯⎯⎯⎯[99/208]⎯

 FAIL  |layer-query-engine| tests/contracts/engine/query/lateral-joins.core.test.ts > Lateral Joins > SQL Generation > MySQL (lateral joins enabled) > to-many include uses lateral join
AssertionError: expected 'SELECT `q0`.`id` AS `id`, `q0`.`name`…' to contain 'LEFT JOIN LATERAL'

Expected: [32m"LEFT JOIN LATERAL"[39m
Received: [31m"SELECT `q0`.`id` AS `id`, `q0`.`name` AS `name`, `q0`.`email` AS `email`, (SELECT COALESCE(COALESCE(JSON_ARRAYAGG(JSON_OBJECT(?, `q2`.`id`, ?, `q2`.`title`, ?, `q2`.`content`, ?, `q2`.`authorId`)), JSON_ARRAY()), JSON_ARRAY()) FROM (SELECT `q1`.`id` AS `id`, `q1`.`title` AS `title`, `q1`.`content` AS `content`, `q1`.`authorId` AS `authorId` FROM `posts` AS `q1` WHERE `q0`.`id` = `q1`.`authorId`) AS `q2`) AS `posts` FROM `Author` AS `q0` WHERE TRUE"[39m

 ❯ tests/contracts/engine/query/lateral-joins.core.test.ts:281:27
    279| 
    280|         // Should use lateral join syntax
    281|         expect(statement).toContain("LEFT JOIN LATERAL");
       |                           ^
    282|         expect(statement).toContain("ON TRUE");
    283|         // Should have JSON aggregation in the lateral subquery

⎯⎯⎯⎯⎯⎯⎯⎯⎯⎯⎯⎯⎯⎯⎯⎯⎯⎯⎯⎯[100/208]⎯

 FAIL  |layer-query-engine| tests/contracts/engine/query/lateral-joins.core.test.ts > Lateral Joins > SQL Generation > MySQL (lateral joins enabled) > to-one include uses lateral join
AssertionError: expected 'SELECT `q0`.`id` AS `id`, `q0`.`title…' to contain 'LEFT JOIN LATERAL'

Expected: [32m"LEFT JOIN LATERAL"[39m
Received: [31m"SELECT `q0`.`id` AS `id`, `q0`.`title` AS `title`, `q0`.`content` AS `content`, `q0`.`authorId` AS `authorId`, (SELECT JSON_OBJECT(?, `q2`.`id`, ?, `q2`.`name`, ?, `q2`.`email`) FROM (SELECT `q1`.`id` AS `id`, `q1`.`name` AS `name`, `q1`.`email` AS `email` FROM `Author` AS `q1` WHERE `q0`.`authorId` = `q1`.`id` LIMIT 1) AS `q2`) AS `author` FROM `posts` AS `q0` WHERE TRUE"[39m

 ❯ tests/contracts/engine/query/lateral-joins.core.test.ts:294:27
    292| 
    293|         // Should use lateral join syntax
    294|         expect(statement).toContain("LEFT JOIN LATERAL");
       |                           ^
    295|         expect(statement).toContain("ON TRUE");
    296|         // MySQL inlines integer LIMIT values (mysql2 binds numbers as…

⎯⎯⎯⎯⎯⎯⎯⎯⎯⎯⎯⎯⎯⎯⎯⎯⎯⎯⎯⎯[101/208]⎯

 FAIL  |layer-query-engine| tests/contracts/engine/query/operand-callback-sql.core.test.ts > 'PostgreSQL' operand callbacks > a fragment operand is spliced parenthesized, its values bound
 FAIL  |layer-query-engine| tests/contracts/engine/query/operand-callback-sql.core.test.ts > 'SQLite' operand callbacks > a fragment operand is spliced parenthesized, its values bound
AssertionError: expected 'SELECT "q0"."id" AS "id", "q0"."title…' to contain '($1 + $2)'

Expected: [32m"[7m([27m$1 + $2[7m)[27m"[39m
Received: [31m"[7mSELECT "q0"."id" AS "id", "q0"."title" AS "title", "q0"."slug_column" AS "slug", "q0"."views" AS "views", "q0"."likes" AS "likes", CAST("q0"."fee" AS TEXT) AS "fee", CAST("q0"."discount" AS TEXT) AS "discount", CAST("q0"."rate" AS TEXT) AS "rate", "q0"."status" AS "status", "q0"."review_status" AS "reviewStatus", "q0"."payload" AS "payload", "q0"."authorId" AS "authorId" FROM "public"."fieldref_posts" AS "q0" WHERE "q0"."views" > [27m$1 + $2"[39m

 ❯ tests/contracts/engine/query/operand-callback-sql.core.test.ts:190:29
    188|     // compiled statement and parameters beside it — never concatenate…
    189|     expect(query.values).toEqual([10, 20]);
    190|     expect(query.statement).toContain("($1 + $2)");
       |                             ^
    191|     expect(query.statement).not.toContain("10 + 20");
    192|   });

⎯⎯⎯⎯⎯⎯⎯⎯⎯⎯⎯⎯⎯⎯⎯⎯⎯⎯⎯⎯[102/208]⎯

 FAIL  |layer-query-engine| tests/contracts/engine/query/operand-callback-sql.core.test.ts > 'PostgreSQL' operand callbacks > a fragment, a reference and a literal mix in one where
 FAIL  |layer-query-engine| tests/contracts/engine/query/operand-callback-sql.core.test.ts > 'SQLite' operand callbacks > a fragment, a reference and a literal mix in one where
AssertionError: expected 'SELECT "q0"."id" AS "id", "q0"."title…' to contain '($1 - $2)'

Expected: [32m"[7m($1 - $2[27m)"[39m
Received: [31m"[7mSELECT "q0"."id" AS "id", "q0"."title" AS "title", "q0"."slug_column" AS "slug", "q0"."views" AS "views", "q0"."likes" AS "likes", CAST("q0"."fee" AS TEXT) AS "fee", CAST("q0"."discount" AS TEXT) AS "discount", CAST("q0"."rate" AS TEXT) AS "rate", "q0"."status" AS "status", "q0"."review_status" AS "reviewStatus", "q0"."payload" AS "payload", "q0"."authorId" AS "authorId" FROM "public"."fieldref_posts" AS "q0" WHERE ("q0"."views" > "q0"."likes" AND "q0"."views" < $1 - $2 AND "q0"."views" >= $3[27m)"[39m

 ❯ tests/contracts/engine/query/operand-callback-sql.core.test.ts:214:29
    212|     });
    213|     expect(query.statement).toContain(q("likes"));
    214|     expect(query.statement).toContain("($1 - $2)");
       |                             ^
    215|     expect(query.values).toEqual([1000, 1, 0]);
    216|   });

⎯⎯⎯⎯⎯⎯⎯⎯⎯⎯⎯⎯⎯⎯⎯⎯⎯⎯⎯⎯[103/208]⎯

 FAIL  |layer-query-engine| tests/contracts/engine/query/operand-callback-sql.core.test.ts > 'PostgreSQL' operand callbacks > a subquery fragment compiles as an operand
 FAIL  |layer-query-engine| tests/contracts/engine/query/operand-callback-sql.core.test.ts > 'SQLite' operand callbacks > a subquery fragment compiles as an operand
AssertionError: expected 'SELECT "q0"."id" AS "id", "q0"."title…' to contain '(SELECT MAX(v) FROM'

Expected: [32m"(SELECT MAX(v) FROM"[39m
Received: [31m"SELECT "q0"."id" AS "id", "q0"."title" AS "title", "q0"."slug_column" AS "slug", "q0"."views" AS "views", "q0"."likes" AS "likes", CAST("q0"."fee" AS TEXT) AS "fee", CAST("q0"."discount" AS TEXT) AS "discount", CAST("q0"."rate" AS TEXT) AS "rate", "q0"."status" AS "status", "q0"."review_status" AS "reviewStatus", "q0"."payload" AS "payload", "q0"."authorId" AS "authorId" FROM "public"."fieldref_posts" AS "q0" WHERE "q0"."views" > SELECT MAX(v) FROM (SELECT $1 AS v) AS m"[39m

 ❯ tests/contracts/engine/query/operand-callback-sql.core.test.ts:238:29
    236|       },
    237|     });
    238|     expect(query.statement).toContain("(SELECT MAX(v) FROM");
       |                             ^
    239|     expect(query.values).toEqual([5]);
    240|   });

⎯⎯⎯⎯⎯⎯⎯⎯⎯⎯⎯⎯⎯⎯⎯⎯⎯⎯⎯⎯[104/208]⎯

 FAIL  |layer-query-engine| tests/contracts/engine/query/operand-callback-sql.core.test.ts > 'MySQL' operand callbacks > a fragment operand is spliced parenthesized, its values bound
AssertionError: expected 'SELECT `q0`.`id` AS `id`, `q0`.`title…' to contain '($1 + $2)'

Expected: [32m"[7m([27m$1 + $2[7m)[27m"[39m
Received: [31m"[7mSELECT `q0`.`id` AS `id`, `q0`.`title` AS `title`, `q0`.`slug_column` AS `slug`, `q0`.`views` AS `views`, `q0`.`likes` AS `likes`, CAST(`q0`.`fee` AS CHAR) AS `fee`, CAST(`q0`.`discount` AS CHAR) AS `discount`, CAST(`q0`.`rate` AS CHAR) AS `rate`, `q0`.`status` AS `status`, `q0`.`review_status` AS `reviewStatus`, `q0`.`payload` AS `payload`, `q0`.`authorId` AS `authorId` FROM `fieldref_posts` AS `q0` WHERE `q0`.`views` > [27m$1 + $2"[39m

 ❯ tests/contracts/engine/query/operand-callback-sql.core.test.ts:190:29
    188|     // compiled statement and parameters beside it — never concatenate…
    189|     expect(query.values).toEqual([10, 20]);
    190|     expect(query.statement).toContain("($1 + $2)");
       |                             ^
    191|     expect(query.statement).not.toContain("10 + 20");
    192|   });

⎯⎯⎯⎯⎯⎯⎯⎯⎯⎯⎯⎯⎯⎯⎯⎯⎯⎯⎯⎯[105/208]⎯

 FAIL  |layer-query-engine| tests/contracts/engine/query/operand-callback-sql.core.test.ts > 'MySQL' operand callbacks > a fragment, a reference and a literal mix in one where
AssertionError: expected 'SELECT `q0`.`id` AS `id`, `q0`.`title…' to contain '($1 - $2)'

Expected: [32m"[7m($1 - $2[27m)"[39m
Received: [31m"[7mSELECT `q0`.`id` AS `id`, `q0`.`title` AS `title`, `q0`.`slug_column` AS `slug`, `q0`.`views` AS `views`, `q0`.`likes` AS `likes`, CAST(`q0`.`fee` AS CHAR) AS `fee`, CAST(`q0`.`discount` AS CHAR) AS `discount`, CAST(`q0`.`rate` AS CHAR) AS `rate`, `q0`.`status` AS `status`, `q0`.`review_status` AS `reviewStatus`, `q0`.`payload` AS `payload`, `q0`.`authorId` AS `authorId` FROM `fieldref_posts` AS `q0` WHERE (`q0`.`views` > `q0`.`likes` AND `q0`.`views` < $1 - $2 AND `q0`.`views` >= $3[27m)"[39m

 ❯ tests/contracts/engine/query/operand-callback-sql.core.test.ts:214:29
    212|     });
    213|     expect(query.statement).toContain(q("likes"));
    214|     expect(query.statement).toContain("($1 - $2)");
       |                             ^
    215|     expect(query.values).toEqual([1000, 1, 0]);
    216|   });

⎯⎯⎯⎯⎯⎯⎯⎯⎯⎯⎯⎯⎯⎯⎯⎯⎯⎯⎯⎯[106/208]⎯

 FAIL  |layer-query-engine| tests/contracts/engine/query/operand-callback-sql.core.test.ts > 'MySQL' operand callbacks > a subquery fragment compiles as an operand
AssertionError: expected 'SELECT `q0`.`id` AS `id`, `q0`.`title…' to contain '(SELECT MAX(v) FROM'

Expected: [32m"(SELECT MAX(v) FROM"[39m
Received: [31m"SELECT `q0`.`id` AS `id`, `q0`.`title` AS `title`, `q0`.`slug_column` AS `slug`, `q0`.`views` AS `views`, `q0`.`likes` AS `likes`, CAST(`q0`.`fee` AS CHAR) AS `fee`, CAST(`q0`.`discount` AS CHAR) AS `discount`, CAST(`q0`.`rate` AS CHAR) AS `rate`, `q0`.`status` AS `status`, `q0`.`review_status` AS `reviewStatus`, `q0`.`payload` AS `payload`, `q0`.`authorId` AS `authorId` FROM `fieldref_posts` AS `q0` WHERE `q0`.`views` > SELECT MAX(v) FROM (SELECT $1 AS v) AS m"[39m

 ❯ tests/contracts/engine/query/operand-callback-sql.core.test.ts:238:29
    236|       },
    237|     });
    238|     expect(query.statement).toContain("(SELECT MAX(v) FROM");
       |                             ^
    239|     expect(query.values).toEqual([5]);
    240|   });

⎯⎯⎯⎯⎯⎯⎯⎯⎯⎯⎯⎯⎯⎯⎯⎯⎯⎯⎯⎯[107/208]⎯

 FAIL  |layer-query-engine| tests/contracts/engine/query/operand-callback-sql.core.test.ts > surfaces that stay closed > a fragment is refused in JSON write data, as non-JSON
AssertionError: expected 'QueryEngineError' to be 'ValidationError' // Object.is equality

Expected: [32m"[7mValidation[27mError"[39m
Received: [31m"[7mQueryEngine[27mError"[39m

 ❯ tests/contracts/engine/query/operand-callback-sql.core.test.ts:486:26
    484|       })
    485|     );
    486|     expect(refusal.name).toBe("ValidationError");
       |                          ^
    487|     expect(JSON.stringify(refusal.issues)).toContain(
    488|       "Expected JSON-compatible value"

⎯⎯⎯⎯⎯⎯⎯⎯⎯⎯⎯⎯⎯⎯⎯⎯⎯⎯⎯⎯[108/208]⎯

 FAIL  |layer-query-engine| tests/contracts/engine/query/operand-callback-sql.core.test.ts > surfaces that stay closed > a JSON document that looks like a fragment still writes
AssertionError: expected [Function] to not throw an error but 'QueryEngineError: Operation \'updateM…' was thrown

[32m- Expected:[39m 
undefined

[31m+ Received:[39m 
"QueryEngineError: Operation 'updateMany' does not compile to one SQL statement. Execute the operation instead."

 ❯ tests/contracts/engine/query/operand-callback-sql.core.test.ts:500:11
    498|         data: { payload: { set: { strings: ["a"], values: [1] } } },
    499|       })
    500|     ).not.toThrow();
       |           ^
    501|   });
    502| 

⎯⎯⎯⎯⎯⎯⎯⎯⎯⎯⎯⎯⎯⎯⎯⎯⎯⎯⎯⎯[109/208]⎯

 FAIL  |layer-query-engine| tests/contracts/engine/query/operand-callback-sql.core.test.ts > surfaces that stay closed > write data takes no callback
AssertionError: expected 'QueryEngineError' to be 'ValidationError' // Object.is equality

Expected: [32m"[7mValidation[27mError"[39m
Received: [31m"[7mQueryEngine[27mError"[39m

 ❯ tests/contracts/engine/query/operand-callback-sql.core.test.ts:526:26
    524|       })
    525|     );
    526|     expect(refusal.name).toBe("ValidationError");
       |                          ^
    527|   });
    528| 

⎯⎯⎯⎯⎯⎯⎯⎯⎯⎯⎯⎯⎯⎯⎯⎯⎯⎯⎯⎯[110/208]⎯

 FAIL  |layer-query-engine| tests/contracts/engine/query/operation-equivalence-oracles.core.test.ts > operation SQL and parameter equivalence oracles > freezes representative postgresql read SQL
 FAIL  |layer-query-engine| tests/contracts/engine/query/operation-equivalence-oracles.core.test.ts > operation SQL and parameter equivalence oracles > freezes representative mysql read SQL
 FAIL  |layer-query-engine| tests/contracts/engine/query/operation-equivalence-oracles.core.test.ts > operation SQL and parameter equivalence oracles > freezes representative sqlite read SQL
AssertionError: expected { read: { …(2) } } to deeply equal { read: { …(2) } }

[32m- Expected[39m
[31m+ Received[39m

[33m@@ -3,8 +3,8 @@[39m
[2m      "params": [[22m
[2m        true,[22m
[2m        10,[22m
[2m        5,[22m
[2m      ],[22m
[32m-     "sql": "SELECT \"t0\".\"id\" AS \"id\", \"t0\".\"title\" AS \"title\" FROM \"public\".\"posts\" AS \"t0\" WHERE (\"t0\".\"published\" = $1 AND \"t0\".\"views\" >= $2) ORDER BY \"t0\".\"views\" DESC, \"t0\".\"id\" ASC LIMIT $3",[39m
[31m+     "sql": "SELECT \"q0\".\"id\" AS \"id\", \"q0\".\"title\" AS \"title\" FROM \"public\".\"posts\" AS \"q0\" WHERE (\"q0\".\"published\" = $1 AND \"q0\".\"views\" >= $2) ORDER BY \"q0\".\"views\" DESC, \"q0\".\"id\" ASC LIMIT $3",[39m
[2m    },[22m
[2m  }[22m

 ❯ tests/contracts/engine/query/operation-equivalence-oracles.core.test.ts:64:8
     62|     expect({
     63|       read: { sql: read.toStatement(placeholder), params: read.values …
     64|     }).toEqual(expected[dialect]);
       |        ^
     65|   });
     66| });

⎯⎯⎯⎯⎯⎯⎯⎯⎯⎯⎯⎯⎯⎯⎯⎯⎯⎯⎯⎯[111/208]⎯

 FAIL  |layer-query-engine| tests/contracts/engine/query/request-result-shape-contracts.core.test.ts > request-aware result shapes > rejects known but unrequested and uniformly missing scalar columns
AssertionError: expected function to throw an error, but it didn't
 ❯ tests/contracts/engine/query/request-result-shape-contracts.core.test.ts:192:7
    190|         { id: "parent-1", secret: "leaked" },
    191|       ])
    192|     ).toThrow(QueryEngineError);
       |       ^
    193| 
    194|     expect(() =>

⎯⎯⎯⎯⎯⎯⎯⎯⎯⎯⎯⎯⎯⎯⎯⎯⎯⎯⎯⎯[112/208]⎯

 FAIL  |layer-query-engine| tests/contracts/engine/query/request-result-shape-contracts.core.test.ts > request-aware result shapes > enforces the requested projection on direct execution
AssertionError: promise resolved "[ { id: 'parent-1' } ]" instead of rejecting

[32m- Expected:[39m 
Error {
  "message": "rejected promise",
}

[31m+ Received:[39m 
[
  {
    "id": "parent-1",
  },
]

 ❯ tests/contracts/engine/query/request-result-shape-contracts.core.test.ts:211:5
    209|         select: { id: true },
    210|       })
    211|     ).rejects.toBeInstanceOf(QueryEngineError);
       |     ^
    212|   });
    213| 

⎯⎯⎯⎯⎯⎯⎯⎯⎯⎯⎯⎯⎯⎯⎯⎯⎯⎯⎯⎯[113/208]⎯

 FAIL  |layer-query-engine| tests/contracts/engine/query/request-result-shape-contracts.core.test.ts > request-aware result shapes > enforces requested nested include shapes and preserves empty relations
AssertionError: expected error to be instance of QueryEngineError

[32m- Expected:[39m 
[Function QueryEngineError]

[31m+ Received:[39m 
TypeError {
  "message": "Invalid provider collection",
}

 ❯ tests/contracts/engine/query/request-result-shape-contracts.core.test.ts:226:7
    224|     expect(() =>
    225|       parsePrepared(models.parent, "findMany", args, [base])
    226|     ).toThrow(QueryEngineError);
       |       ^
    227|     expect(() =>
    228|       parsePrepared(models.parent, "findMany", args, [

⎯⎯⎯⎯⎯⎯⎯⎯⎯⎯⎯⎯⎯⎯⎯⎯⎯⎯⎯⎯[114/208]⎯

 FAIL  |layer-query-engine| tests/contracts/engine/query/request-result-shape-contracts.core.test.ts > request-aware result shapes > honors model-level omit in default SQL and result parsing
AssertionError: expected 'SELECT "q0"."id" AS "id" FROM "public…' to contain '"t0"."id" AS "id"'

Expected: [32m"[7m"t[27m0"."id" AS "id""[39m
Received: [31m"[7mSELECT "q[27m0"."id" AS "id"[7m FROM "public"."omitted" AS "q0" WHERE TRUE[27m"[39m

 ❯ tests/contracts/engine/query/request-result-shape-contracts.core.test.ts:254:23
    252|       .toStatement("$n");
    253| 
    254|     expect(statement).toContain('"t0"."id" AS "id"');
       |                       ^
    255|     expect(statement).not.toContain('"t0"."secret" AS "secret"');
    256|     expect(

⎯⎯⎯⎯⎯⎯⎯⎯⎯⎯⎯⎯⎯⎯⎯⎯⎯⎯⎯⎯[115/208]⎯

 FAIL  |layer-query-engine| tests/contracts/engine/query/request-result-shape-contracts.core.test.ts > request-aware result shapes > row keys are checked as a set, not as an order
AssertionError: expected 'SELECT "q0"."_count_children" AS "_co…' to contain '"t0"."id" AS "id", "t0"."secret" AS "…'

Expected: [32m"[7m"t0"."id" AS "id[27m", "[7mt[27m0"."secret" AS "secret", "[7mt[27m0"."[7m_count_children" AS "_count_children"[27m"[39m
Received: [31m"[7mSELECT "q0"."_count_children" AS "_count_children[27m", "[7mq[27m0"."secret" AS "secret", "[7mq[27m0"."[7mid" AS "id" FROM "public"."parent" AS "q0" WHERE TRUE[27m"[39m

 ❯ tests/contracts/engine/query/request-result-shape-contracts.core.test.ts:295:23
    293| 
    294|     // The SQL list is schema order, though the request asked in the r…
    295|     expect(statement).toContain(
       |                       ^
    296|       '"t0"."id" AS "id", "t0"."secret" AS "secret", "t0"."_count_chil…
    297|     );

⎯⎯⎯⎯⎯⎯⎯⎯⎯⎯⎯⎯⎯⎯⎯⎯⎯⎯⎯⎯[116/208]⎯

 FAIL  |layer-query-engine| tests/contracts/engine/query/request-result-shape-contracts.core.test.ts > request-aware result shapes > keeps relation-count carriers distinct from same-named scalars
AssertionError: expected 'SELECT "q0"."id" AS "id", "q0"."_coun…' to contain 'AS "0viborm_relation_counts"'

Expected: [32m"AS "0viborm_relation_counts""[39m
Received: [31m"SELECT "q0"."id" AS "id", "q0"."_count_children" AS "_count_children", json_build_object($1::text, COALESCE((SELECT COUNT(*) FROM "public"."child" AS "q1" WHERE "q0"."id" = "q1"."parentId"), $2)) AS "_count" FROM "public"."parent" AS "q0" WHERE TRUE"[39m

 ❯ tests/contracts/engine/query/request-result-shape-contracts.core.test.ts:333:23
    331| 
    332|     expect(statement).toContain('AS "_count_children"');
    333|     expect(statement).toContain(`AS "${RELATION_COUNTS_RESULT_KEY}"`);
       |                       ^
    334|     expect(
    335|       parsePrepared(models.parent, "findMany", args, [

⎯⎯⎯⎯⎯⎯⎯⎯⎯⎯⎯⎯⎯⎯⎯⎯⎯⎯⎯⎯[117/208]⎯

 FAIL  |layer-query-engine| tests/contracts/engine/query/request-result-shape-contracts.core.test.ts > request-aware result shapes > uses one short exact relation-count carrier across dialects
AssertionError: expected [ Array(1) ] to have a length of 2 but got 1

[32m- Expected[39m
[31m+ Received[39m

[32m- 2[39m
[31m+ 1[39m

 ❯ tests/contracts/engine/query/request-result-shape-contracts.core.test.ts:365:43
    363|     const carrierAlias = `AS "${RELATION_COUNTS_RESULT_KEY}"`;
    364| 
    365|     expect(statement.split(carrierAlias)).toHaveLength(2);
       |                                           ^
    366|     expect(LONG_RELATION_NAME).toHaveLength(63);
    367|     expect(

⎯⎯⎯⎯⎯⎯⎯⎯⎯⎯⎯⎯⎯⎯⎯⎯⎯⎯⎯⎯[118/208]⎯

 FAIL  |layer-query-engine| tests/contracts/engine/query/request-result-shape-contracts.core.test.ts > request-aware result shapes > rejects a relation-count row with missing carrier
 FAIL  |layer-query-engine| tests/contracts/engine/query/request-result-shape-contracts.core.test.ts > request-aware result shapes > rejects a relation-count row with missing inner relation
 FAIL  |layer-query-engine| tests/contracts/engine/query/request-result-shape-contracts.core.test.ts > request-aware result shapes > rejects a relation-count row with extra inner relation
 FAIL  |layer-query-engine| tests/contracts/engine/query/request-result-shape-contracts.core.test.ts > request-aware result shapes > rejects a relation-count row with primitive carrier
AssertionError: expected error to be instance of QueryEngineError

[32m- Expected:[39m 
[Function QueryEngineError]

[31m+ Received:[39m 
TypeError {
  "message": "Invalid provider row",
}

 ❯ tests/contracts/engine/query/request-result-shape-contracts.core.test.ts:441:7
    439|         [row]
    440|       )
    441|     ).toThrow(QueryEngineError);
       |       ^
    442|   });
    443| 

⎯⎯⎯⎯⎯⎯⎯⎯⎯⎯⎯⎯⎯⎯⎯⎯⎯⎯⎯⎯[119/208]⎯

 FAIL  |layer-query-engine| tests/contracts/engine/query/request-result-shape-contracts.core.test.ts > request-aware result shapes > maps private aggregate carriers and rejects missing aggregate fields
TypeError: Invalid provider integer
 ❯ Queries.decodeScalar src/query-engine/raptor3/shared/query.ts:3674:13
    3672|     }
    3673|     if (value === undefined)
    3674|       throw new InvalidScalarResult(leaf.type, "the value is absent");
       |             ^
    3675|     if (leaf.list) return this.decodeList(leaf, value, internal);
    3676|     switch (leaf.type) {
 ❯ Queries.decodeValue src/query-engine/raptor3/shared/query.ts:3626:46
 ❯ src/query-engine/raptor3/shared/query.ts:3656:14
 ❯ Queries.decodeValue src/query-engine/raptor3/shared/query.ts:3654:36
 ❯ src/query-engine/raptor3/shared/query.ts:3559:35
 ❯ Queries.decodeProjection src/query-engine/raptor3/shared/query.ts:3559:17
 ❯ Queries.decodeQuery src/query-engine/raptor3/shared/query.ts:3550:17
 ❯ Object.preparedParser [as parseResult] src/query-engine/raptor3/shared/operation-context.ts:699:22

⎯⎯⎯⎯⎯⎯⎯⎯⎯⎯⎯⎯⎯⎯⎯⎯⎯⎯⎯⎯[120/208]⎯

 FAIL  |layer-query-engine| tests/contracts/engine/query/request-result-shape-contracts.core.test.ts > request-aware result shapes > fails closed when grouped scalars collide with public aggregates
AssertionError: expected [Function] to throw error including 'both grouped scalar \'_count\' and ag…' but got 'by.map is not a function'

Expected: [32m"b[7moth grouped scalar '_count' and aggregate '_count'[27m"[39m
Received: [31m"b[7my.map is not a function[27m"[39m

 ❯ tests/contracts/engine/query/request-result-shape-contracts.core.test.ts:478:7
    476|         _count: true,
    477|       })
    478|     ).toThrow("both grouped scalar '_count' and aggregate '_count'");
       |       ^
    479|     expect(() =>
    480|       engine.build(models.grouped, "groupBy", {

⎯⎯⎯⎯⎯⎯⎯⎯⎯⎯⎯⎯⎯⎯⎯⎯⎯⎯⎯⎯[121/208]⎯

 FAIL  |layer-query-engine| tests/contracts/engine/query/request-result-shape-contracts.core.test.ts > request-aware result shapes > rejects duplicate groupBy fields for a empty result
 FAIL  |layer-query-engine| tests/contracts/engine/query/request-result-shape-contracts.core.test.ts > request-aware result shapes > rejects duplicate groupBy fields for a non-empty result
AssertionError: expected [Function] to throw an error

[32m- Expected:[39m 
null

[31m+ Received:[39m 
undefined

 ❯ tests/contracts/engine/query/request-result-shape-contracts.core.test.ts:515:7
    513|         rows
    514|       )
    515|     ).toThrow(DUPLICATE_GROUP_BY_PATTERN);
       |       ^
    516|   });
    517| 

⎯⎯⎯⎯⎯⎯⎯⎯⎯⎯⎯⎯⎯⎯⎯⎯⎯⎯⎯⎯[122/208]⎯

 FAIL  |layer-query-engine| tests/contracts/engine/query/request-result-shape-contracts.core.test.ts > request-aware result shapes > rejects private carriers that were not requested
AssertionError: expected error to be instance of QueryEngineError

[32m- Expected:[39m 
[Function QueryEngineError]

[31m+ Received:[39m 
TypeError {
  "message": "Invalid provider string",
  "scalarType": "string",
  "reason": "the value is absent",
}

 ❯ tests/contracts/engine/query/request-result-shape-contracts.core.test.ts:529:9
    527|           row,
    528|         ])
    529|       ).toThrow(QueryEngineError);
       |         ^
    530|     }
    531|   });

⎯⎯⎯⎯⎯⎯⎯⎯⎯⎯⎯⎯⎯⎯⎯⎯⎯⎯⎯⎯[123/208]⎯

 FAIL  |layer-query-engine| tests/contracts/engine/query/request-result-shape-contracts.core.test.ts > request-aware result shapes > preserves cardinality for models with no public default scalars
AssertionError: expected 'SELECT  FROM "public"."emptyParent" A…' to contain '0viborm_empty_row'

Expected: [32m"0viborm_empty_row"[39m
Received: [31m"SELECT  FROM "public"."emptyParent" AS "q0" WHERE TRUE"[39m

 ❯ tests/contracts/engine/query/request-result-shape-contracts.core.test.ts:676:25
    674|         .build(models.emptyParent, "findMany", {})
    675|         .toStatement();
    676|       expect(statement).toContain(EMPTY_ROW_RESULT_KEY);
       |                         ^
    677|     }
    678| 

⎯⎯⎯⎯⎯⎯⎯⎯⎯⎯⎯⎯⎯⎯⎯⎯⎯⎯⎯⎯[124/208]⎯

 FAIL  |layer-query-engine| tests/contracts/engine/query/request-result-shape-contracts.core.test.ts > request-aware result shapes > fails closed on simultaneous scalar and computed _distance output
AssertionError: expected [Function] to throw error including 'cannot be selected together' but got 'Distance select supports only one _di…'

Expected: [32m"cannot be selected together"[39m
Received: [31m"Distance select supports only one _distance field per select."[39m

 ❯ tests/contracts/engine/query/request-result-shape-contracts.core.test.ts:733:7
    731|         },
    732|       })
    733|     ).toThrow("cannot be selected together");
       |       ^
    734|   });
    735| 

⎯⎯⎯⎯⎯⎯⎯⎯⎯⎯⎯⎯⎯⎯⎯⎯⎯⎯⎯⎯[125/208]⎯

 FAIL  |layer-query-engine| tests/contracts/engine/query/sql-generation.core.test.ts > Basic CRUD Operations > findMany > cursor without orderBy defaults to cursor field order
AssertionError: expected 'SELECT "q0"."id" AS "id", "q0"."name"…' to contain '"t0"."id" ASC'

Expected: [32m"[7m"t[27m0"."id" ASC"[39m
Received: [31m"[7mSELECT "q0"."id" AS "id", "q0"."name" AS "name", "q0"."email" AS "email", "q0"."age" AS "age", "q0"."metadata" AS "metadata" FROM "public"."Author" AS "q0" WHERE "q0"."id" >= (SELECT "q1"."id" FROM "public"."Author" AS "q1" WHERE "q1"."id" = $1 LIMIT $2) ORDER BY "q[27m0"."id" ASC[7m LIMIT $3[27m"[39m

 ❯ tests/contracts/engine/query/sql-generation.core.test.ts:301:25
    299| 
    300|       expect(statement).toContain("ORDER BY");
    301|       expect(statement).toContain('"t0"."id" ASC');
       |                         ^
    302|       expect(values).toContain("cursor-id");
    303|     });

⎯⎯⎯⎯⎯⎯⎯⎯⎯⎯⎯⎯⎯⎯⎯⎯⎯⎯⎯⎯[126/208]⎯

 FAIL  |layer-query-engine| tests/contracts/engine/query/sql-generation.core.test.ts > Basic CRUD Operations > findMany > negative take reverses a relation-order fallback recursively
AssertionError: expected 'SELECT "q0"."id" AS "id", "q0"."label…' to match /ORDER BY .*"nextId" DESC NULLS FIRST/

[32m- Expected:[39m 
/ORDER BY .*"nextId" DESC NULLS FIRST/

[31m+ Received:[39m 
"SELECT \"q0\".\"id\" AS \"id\", \"q0\".\"label\" AS \"label\", \"q0\".\"nextId\" AS \"nextId\" FROM \"public\".\"nested_order_links\" AS \"q0\" WHERE TRUE ORDER BY (SELECT \"q1\".\"nextId\" FROM \"public\".\"nested_order_links\" AS \"q1\" WHERE \"q0\".\"nextId\" = \"q1\".\"id\" LIMIT $1) DESC NULLS FIRST LIMIT $2"

 ❯ tests/contracts/engine/query/sql-generation.core.test.ts:329:25
    327|         .toStatement("$n");
    328| 
    329|       expect(statement).toMatch(ORDER_BY_NEXT_ID_DESC_NULLS_FIRST_PATT…
       |                         ^
    330|     });
    331| 

⎯⎯⎯⎯⎯⎯⎯⎯⎯⎯⎯⎯⎯⎯⎯⎯⎯⎯⎯⎯[127/208]⎯

 FAIL  |layer-query-engine| tests/contracts/engine/query/sql-generation.core.test.ts > Basic CRUD Operations > findMany > compound unique cursor uses compound whereUnique fields
AssertionError: expected 'SELECT "q0"."orgId" AS "orgId", "q0".…' to contain '"t0"."orgId"'

Expected: [32m""t0"."orgId""[39m
Received: [31m"SELECT "q0"."orgId" AS "orgId", "q0"."memberId" AS "memberId", "q0"."tenantId" AS "tenantId", "q0"."email" AS "email", "q0"."role" AS "role" FROM "public"."Membership" AS "q0" WHERE ("q0"."orgId", "q0"."memberId") >= (SELECT "q1"."orgId", "q1"."memberId" FROM "public"."Membership" AS "q1" WHERE ("q1"."orgId" = $1 AND "q1"."memberId" = $2) LIMIT $3) ORDER BY "q0"."orgId" ASC, "q0"."memberId" ASC LIMIT $4"[39m

 ❯ tests/contracts/engine/query/sql-generation.core.test.ts:340:25
    338|       });
    339| 
    340|       expect(statement).toContain('"t0"."orgId"');
       |                         ^
    341|       expect(statement).toContain('"t0"."memberId"');
    342|       expect(statement).toContain("ORDER BY");

⎯⎯⎯⎯⎯⎯⎯⎯⎯⎯⎯⎯⎯⎯⎯⎯⎯⎯⎯⎯[128/208]⎯

 FAIL  |layer-query-engine| tests/contracts/engine/query/sql-generation.core.test.ts > Basic CRUD Operations > findMany > cursor with non-cursor orderBy builds a keyset comparison (Prisma parity)
AssertionError: expected 'SELECT "q0"."id" AS "id", "q0"."name"…' to contain '"t0"."name"'

Expected: [32m""t0"."name""[39m
Received: [31m"SELECT "q0"."id" AS "id", "q0"."name" AS "name", "q0"."email" AS "email", "q0"."age" AS "age", "q0"."metadata" AS "metadata" FROM "public"."Author" AS "q0" WHERE ("q0"."name", "q0"."id") >= (SELECT "q1"."name", "q1"."id" FROM "public"."Author" AS "q1" WHERE "q1"."id" = $1 LIMIT $2) ORDER BY "q0"."name" ASC, "q0"."id" ASC LIMIT $3"[39m

 ❯ tests/contracts/engine/query/sql-generation.core.test.ts:357:25
    355|       // comes from a scalar subquery on the cursor's unique field.
    356|       expect(statement).toContain("ORDER BY");
    357|       expect(statement).toContain('"t0"."name"');
       |                         ^
    358|       expect(statement).toContain("(SELECT");
    359|       expect(values).toContain("cursor-id");

⎯⎯⎯⎯⎯⎯⎯⎯⎯⎯⎯⎯⎯⎯⎯⎯⎯⎯⎯⎯[129/208]⎯

 FAIL  |layer-query-engine| tests/contracts/engine/query/sql-generation.core.test.ts > Basic CRUD Operations > findMany > json string paths compile to the same SQL as the array form
AssertionError: expected [ 'ball', [] ] to deeply equal [ 'ball', [ 'pet', 'toys', '0' ] ]

[32m- Expected[39m
[31m+ Received[39m

[2m  [[22m
[2m    "ball",[22m
[32m-   [[39m
[32m-     "pet",[39m
[32m-     "toys",[39m
[32m-     "0",[39m
[32m-   ],[39m
[31m+   [],[39m
[2m  ][22m

 ❯ tests/contracts/engine/query/sql-generation.core.test.ts:409:33
    407| 
    408|       expect(fromString.statement).toBe(fromArray.statement);
    409|       expect(fromString.values).toEqual(fromArray.values);
       |                                 ^
    410|       expect(fromString.values).toContainEqual(["pet", "toys", "0"]);
    411|     });

⎯⎯⎯⎯⎯⎯⎯⎯⎯⎯⎯⎯⎯⎯⎯⎯⎯⎯⎯⎯[130/208]⎯

 FAIL  |layer-query-engine| tests/contracts/engine/query/sql-generation.core.test.ts > Basic CRUD Operations > findMany > json filter with only a path fails closed
AssertionError: expected [Function] to throw an error

[32m- Expected:[39m 
null

[31m+ Received:[39m 
undefined

 ❯ tests/contracts/engine/query/sql-generation.core.test.ts:422:9
    420|           },
    421|         })
    422|       ).toThrow(
       |         ^
    423|         "Filter for field 'metadata' must contain at least one operati…
    424|       );

⎯⎯⎯⎯⎯⎯⎯⎯⎯⎯⎯⎯⎯⎯⎯⎯⎯⎯⎯⎯[131/208]⎯

 FAIL  |layer-query-engine| tests/contracts/engine/query/sql-generation.core.test.ts > Basic CRUD Operations > findMany > json root and path comparisons keep number and string classes distinct
AssertionError: expected [ Array(13) ] to deeply equal ArrayContaining{…}

[32m- Expected[39m
[31m+ Received[39m

[32m- ArrayContaining [[39m
[2m  [[22m
[32m-     "score",[39m
[32m-   ],[39m
[31m+   [],[39m
[31m+   [],[39m
[2m    10,[22m
[31m+   [],[39m
[31m+   [],[39m
[2m    11,[22m
[31m+   [],[39m
[31m+   [],[39m
[2m    1,[22m
[31m+   [],[39m
[31m+   [],[39m
[2m    2,[22m
[31m+   5,[39m
[2m  ][22m

 ❯ tests/contracts/engine/query/sql-generation.core.test.ts:455:29
    453|         expect.arrayContaining(['{"status":"active"}', '{"archived":tr…
    454|       );
    455|       expect(scoped.values).toEqual(
       |                             ^
    456|         expect.arrayContaining([["score"], 10, 11, 1, 2])
    457|       );

⎯⎯⎯⎯⎯⎯⎯⎯⎯⎯⎯⎯⎯⎯⎯⎯⎯⎯⎯⎯[132/208]⎯

 FAIL  |layer-query-engine| tests/contracts/engine/query/sql-generation.core.test.ts > Basic CRUD Operations > findMany > json string operators inherit and can override case-folding scope
AssertionError: expected [ 'TRANSLATE', 'TRANSLATE', …(2) ] to have a length of 2 but got 4

[32m- Expected[39m
[31m+ Received[39m

[32m- 2[39m
[31m+ 4[39m

 ❯ tests/contracts/engine/query/sql-generation.core.test.ts:493:56
    491|         expect.arrayContaining(["AR", "A", "D", "BOT"])
    492|       );
    493|       expect(overridden.statement.match(/TRANSLATE/g)).toHaveLength(2);
       |                                                        ^
    494|       expect(overridden.values).toEqual(
    495|         expect.arrayContaining(["AR", "Exact"])

⎯⎯⎯⎯⎯⎯⎯⎯⎯⎯⎯⎯⎯⎯⎯⎯⎯⎯⎯⎯[133/208]⎯

 FAIL  |layer-query-engine| tests/contracts/engine/query/sql-generation.core.test.ts > Basic CRUD Operations > findMany > json null at the root and under a path remain different questions
AssertionError: expected 'SELECT "q0"."id" AS "id", "q0"."name"…' to contain 'IS NOT NULL'

Expected: [32m"[7mIS NOT[27m NULL"[39m
Received: [31m"[7mSELECT "q0"."id" AS "id", "q0"."name" AS "name", "q0"."email" AS "email", "q0"."age" AS "age", "q0"."metadata" AS "metadata" FROM "public"."Author" AS "q0" WHERE NOT ("q0"."metadata" IS[27m NULL[7m)[27m"[39m

 ❯ tests/contracts/engine/query/sql-generation.core.test.ts:553:33
    551| 
    552|       expect(root.statement).toContain("IS NULL");
    553|       expect(rootNot.statement).toContain("IS NOT NULL");
       |                                 ^
    554|       expect(nested.statement).not.toContain('"metadata" IS NULL');
    555|       expect(nestedNot.statement).not.toContain('"metadata" IS NOT NUL…

⎯⎯⎯⎯⎯⎯⎯⎯⎯⎯⎯⎯⎯⎯⎯⎯⎯⎯⎯⎯[134/208]⎯

 FAIL  |layer-query-engine| tests/contracts/engine/query/sql-generation.core.test.ts > Basic CRUD Operations > findMany > refuses non-portable JSON string path status
 FAIL  |layer-query-engine| tests/contracts/engine/query/sql-generation.core.test.ts > Basic CRUD Operations > findMany > refuses non-portable JSON string path $.
 FAIL  |layer-query-engine| tests/contracts/engine/query/sql-generation.core.test.ts > Basic CRUD Operations > findMany > refuses non-portable JSON string path $.*
 FAIL  |layer-query-engine| tests/contracts/engine/query/sql-generation.core.test.ts > Basic CRUD Operations > findMany > refuses non-portable JSON string path $[last]
 FAIL  |layer-query-engine| tests/contracts/engine/query/sql-generation.core.test.ts > Basic CRUD Operations > findMany > refuses non-portable JSON string path $[0
 FAIL  |layer-query-engine| tests/contracts/engine/query/sql-generation.core.test.ts > Basic CRUD Operations > findMany > refuses non-portable JSON string path $status
AssertionError: expected [Function] to throw an error

[32m- Expected:[39m 
null

[31m+ Received:[39m 
undefined

 ❯ tests/contracts/engine/query/sql-generation.core.test.ts:570:9
    568|           where: { metadata: { path, equals: "active" } },
    569|         })
    570|       ).toThrow(message);
       |         ^
    571|     });
    572| 

⎯⎯⎯⎯⎯⎯⎯⎯⎯⎯⎯⎯⎯⎯⎯⎯⎯⎯⎯⎯[135/208]⎯

 FAIL  |layer-query-engine| tests/contracts/engine/query/sql-generation.core.test.ts > Basic CRUD Operations > findMany > refuses path segments whose escaping is not portable
AssertionError: expected [Function] to throw an error

[32m- Expected:[39m 
null

[31m+ Received:[39m 
undefined

 ❯ tests/contracts/engine/query/sql-generation.core.test.ts:579:11
    577|             where: { metadata: { path, equals: "active" } },
    578|           })
    579|         ).toThrow(PORTABLE_JSON_PATH_PATTERN);
       |           ^
    580|       }
    581|     });

⎯⎯⎯⎯⎯⎯⎯⎯⎯⎯⎯⎯⎯⎯⎯⎯⎯⎯⎯⎯[136/208]⎯

 FAIL  |layer-query-engine| tests/contracts/engine/query/sql-generation.core.test.ts > Basic CRUD Operations > findMany > empty accepted scalar filter fails closed
AssertionError: expected [Function] to throw an error

[32m- Expected:[39m 
null

[31m+ Received:[39m 
undefined

 ❯ tests/contracts/engine/query/sql-generation.core.test.ts:590:9
    588|           },
    589|         })
    590|       ).toThrow("Filter for field 'name' must contain at least one ope…
       |         ^
    591|     });
    592| 

⎯⎯⎯⎯⎯⎯⎯⎯⎯⎯⎯⎯⎯⎯⎯⎯⎯⎯⎯⎯[137/208]⎯

 FAIL  |layer-query-engine| tests/contracts/engine/query/sql-generation.core.test.ts > Basic CRUD Operations > findMany > empty accepted relation filter fails closed
AssertionError: expected [Function] to throw an error

[32m- Expected:[39m 
null

[31m+ Received:[39m 
undefined

 ❯ tests/contracts/engine/query/sql-generation.core.test.ts:600:9
    598|           },
    599|         })
    600|       ).toThrow("Relation filter 'posts' requires one of: some, every,…
       |         ^
    601|     });
    602| 

⎯⎯⎯⎯⎯⎯⎯⎯⎯⎯⎯⎯⎯⎯⎯⎯⎯⎯⎯⎯[138/208]⎯

 FAIL  |layer-query-engine| tests/contracts/engine/query/sql-generation.core.test.ts > Basic CRUD Operations > findMany > to-one relation scalar orderBy joins related table
AssertionError: expected 'SELECT "q0"."id" AS "id", "q0"."title…' to match /LEFT JOIN/i

[32m- Expected:[39m 
/LEFT JOIN/i

[31m+ Received:[39m 
"SELECT \"q0\".\"id\" AS \"id\", \"q0\".\"title\" AS \"title\", \"q0\".\"content\" AS \"content\", \"q0\".\"published\" AS \"published\", \"q0\".\"views\" AS \"views\", \"q0\".\"authorId\" AS \"authorId\" FROM \"public\".\"posts\" AS \"q0\" WHERE TRUE ORDER BY (SELECT \"q1\".\"name\" FROM \"public\".\"Author\" AS \"q1\" WHERE \"q0\".\"authorId\" = \"q1\".\"id\" LIMIT $1) ASC"

 ❯ tests/contracts/engine/query/sql-generation.core.test.ts:619:25
    617|       });
    618| 
    619|       expect(statement).toMatch(LEFT_JOIN_SQL);
       |                         ^
    620|       expect(statement).toContain('ORDER BY "t1"."name" ASC');
    621|     });

⎯⎯⎯⎯⎯⎯⎯⎯⎯⎯⎯⎯⎯⎯⎯⎯⎯⎯⎯⎯[139/208]⎯

 FAIL  |layer-query-engine| tests/contracts/engine/query/sql-generation.core.test.ts > Basic CRUD Operations > findMany > to-many relation _count orderBy uses count subquery
AssertionError: expected 'SELECT "q0"."id" AS "id", "q0"."name"…' to match /ORDER BY \(SELECT COUNT\(\*\)/i

[32m- Expected:[39m 
/ORDER BY \(SELECT COUNT\(\*\)/i

[31m+ Received:[39m 
"SELECT \"q0\".\"id\" AS \"id\", \"q0\".\"name\" AS \"name\", \"q0\".\"email\" AS \"email\", \"q0\".\"age\" AS \"age\", \"q0\".\"metadata\" AS \"metadata\" FROM \"public\".\"Author\" AS \"q0\" WHERE TRUE ORDER BY COALESCE((SELECT COUNT(*) FROM \"public\".\"posts\" AS \"q1\" WHERE \"q0\".\"id\" = \"q1\".\"authorId\"), $1) DESC"

 ❯ tests/contracts/engine/query/sql-generation.core.test.ts:740:25
    738| 
    739|       expect(statement).not.toMatch(LEFT_JOIN_SQL);
    740|       expect(statement).toMatch(ORDER_BY_COUNT_SQL);
       |                         ^
    741|       expect(statement).toContain('FROM "public"."posts" AS "t1"');
    742|       expect(statement).toMatch(DESC_SQL);

⎯⎯⎯⎯⎯⎯⎯⎯⎯⎯⎯⎯⎯⎯⎯⎯⎯⎯⎯⎯[140/208]⎯

 FAIL  |layer-query-engine| tests/contracts/engine/query/sql-generation.core.test.ts > Basic CRUD Operations > findUnique > by id
AssertionError: expected 'SELECT "q0"."id" AS "id", "q0"."name"…' to contain 'LIMIT'

Expected: [32m"LIMIT"[39m
Received: [31m"SELECT "q0"."id" AS "id", "q0"."name" AS "name", "q0"."email" AS "email", "q0"."age" AS "age", "q0"."metadata" AS "metadata" FROM "public"."Author" AS "q0" WHERE "q0"."id" = $1"[39m

 ❯ tests/contracts/engine/query/sql-generation.core.test.ts:821:25
    819|       expect(statement).toContain("WHERE");
    820|       expect(values).toContain("author-1");
    821|       expect(statement).toContain("LIMIT");
       |                         ^
    822|     });
    823| 

⎯⎯⎯⎯⎯⎯⎯⎯⎯⎯⎯⎯⎯⎯⎯⎯⎯⎯⎯⎯[141/208]⎯

 FAIL  |layer-query-engine| tests/contracts/engine/query/sql-generation.core.test.ts > Basic CRUD Operations > create > simple create
QueryEngineError: Operation 'create' does not compile to one SQL statement. Execute the operation instead.
⎯⎯⎯⎯⎯⎯⎯⎯⎯⎯⎯⎯⎯⎯⎯⎯⎯⎯⎯⎯[142/208]⎯

 FAIL  |layer-query-engine| tests/contracts/engine/query/sql-generation.core.test.ts > Basic CRUD Operations > create > with defaults
QueryEngineError: Operation 'create' does not compile to one SQL statement. Execute the operation instead.
⎯⎯⎯⎯⎯⎯⎯⎯⎯⎯⎯⎯⎯⎯⎯⎯⎯⎯⎯⎯[143/208]⎯

 FAIL  |layer-query-engine| tests/contracts/engine/query/sql-generation.core.test.ts > Basic CRUD Operations > update > simple update
QueryEngineError: Operation 'update' does not compile to one SQL statement. Execute the operation instead.
⎯⎯⎯⎯⎯⎯⎯⎯⎯⎯⎯⎯⎯⎯⎯⎯⎯⎯⎯⎯[144/208]⎯

 FAIL  |layer-query-engine| tests/contracts/engine/query/sql-generation.core.test.ts > Basic CRUD Operations > update > empty where fails before SQL generation
AssertionError: expected [Function] to throw error including 'Object cannot be empty' but got 'Operation \'update\' does not compile…'

Expected: [32m"O[7mbject cannot be empty[27m"[39m
Received: [31m"O[7mperation 'update' does not compile to one SQL statement. Execute the operation instead.[27m"[39m

 ❯ tests/contracts/engine/query/sql-generation.core.test.ts:906:9
    904|           data: { name: "Alice Updated" },
    905|         })
    906|       ).toThrow("Object cannot be empty");
       |         ^
    907|     });
    908|   });

⎯⎯⎯⎯⎯⎯⎯⎯⎯⎯⎯⎯⎯⎯⎯⎯⎯⎯⎯⎯[145/208]⎯

 FAIL  |layer-query-engine| tests/contracts/engine/query/sql-generation.core.test.ts > Basic CRUD Operations > delete > a scalar delete on a RETURNING driver is ONE statement
QueryEngineError: Operation 'delete' does not compile to one SQL statement. Execute the operation instead.
⎯⎯⎯⎯⎯⎯⎯⎯⎯⎯⎯⎯⎯⎯⎯⎯⎯⎯⎯⎯[146/208]⎯

 FAIL  |layer-query-engine| tests/contracts/engine/query/sql-generation.core.test.ts > Basic CRUD Operations > delete > empty where fails before SQL generation
AssertionError: expected [Function] to throw error including 'Object cannot be empty' but got 'Operation \'delete\' does not compile…'

Expected: [32m"O[7mbject cannot be empty[27m"[39m
Received: [31m"O[7mperation 'delete' does not compile to one SQL statement. Execute the operation instead.[27m"[39m

 ❯ tests/contracts/engine/query/sql-generation.core.test.ts:954:9
    952|           where: {},
    953|         })
    954|       ).toThrow("Object cannot be empty");
       |         ^
    955|     });
    956|   });

⎯⎯⎯⎯⎯⎯⎯⎯⎯⎯⎯⎯⎯⎯⎯⎯⎯⎯⎯⎯[147/208]⎯

 FAIL  |layer-query-engine| tests/contracts/engine/query/sql-generation.core.test.ts > Basic CRUD Operations > upsert > empty where fails before SQL generation
AssertionError: expected [Function] to throw error including 'Object cannot be empty' but got 'Operation \'upsert\' does not compile…'

Expected: [32m"O[7mbject cannot be empty[27m"[39m
Received: [31m"O[7mperation 'upsert' does not compile to one SQL statement. Execute the operation instead.[27m"[39m

 ❯ tests/contracts/engine/query/sql-generation.core.test.ts:1000:9
    998|           update: { name: "Alice Updated" },
    999|         })
    1000|       ).toThrow("Object cannot be empty");
       |         ^
    1001|     });
    1002| 

⎯⎯⎯⎯⎯⎯⎯⎯⎯⎯⎯⎯⎯⎯⎯⎯⎯⎯⎯⎯[148/208]⎯

 FAIL  |layer-query-engine| tests/contracts/engine/query/sql-generation.core.test.ts > Select/Include (Relation Loading) > nested selects (2-3 levels deep) > author -> posts -> comments
AssertionError: expected 0 to be greater than or equal to 2
 ❯ tests/contracts/engine/query/sql-generation.core.test.ts:1096:28
    1094|       // Should use recursive LATERAL joins for nested includes (posts…
    1095|       const lateralCount = (statement.match(/LEFT JOIN LATERAL/g) ?? […
    1096|       expect(lateralCount).toBeGreaterThanOrEqual(2);
       |                            ^
    1097|     });
    1098|   });

⎯⎯⎯⎯⎯⎯⎯⎯⎯⎯⎯⎯⎯⎯⎯⎯⎯⎯⎯⎯[149/208]⎯

 FAIL  |layer-query-engine| tests/contracts/engine/query/sql-generation.core.test.ts > Relation Filters in WHERE > to-many filters > combines all supplied filters independent of key order
AssertionError: expected 'SELECT "q0"."id" AS "id", "q0"."name"…' to be 'SELECT "q0"."id" AS "id", "q0"."name"…' // Object.is equality

Expected: [32m"SELECT "q0"."id" AS "id", "q0"."name" AS "name", "q0"."email" AS "email", "q0"."age" AS "age", "q0"."metadata" AS "metadata" FROM "public"."Author" AS "q0" WHERE ([7mNOT [27mEXISTS (SELECT 1 FROM "public"."posts" AS "q1" WHERE ("q0"."id" = "q1"."authorId" AND "q1"."title" = $1)) AND NOT EXISTS (SELECT 1 FROM "public"."posts" AS "q2" WHERE ("q0"."id" = "q2"."authorId" AND NOT ("q2"."title" = $2))) AND EXISTS (SELECT 1 FROM "public"."posts" AS "q3" WHERE ("q0"."id" = "q3"."authorId" AND "q3"."title" = $3)))"[39m
Received: [31m"SELECT "q0"."id" AS "id", "q0"."name" AS "name", "q0"."email" AS "email", "q0"."age" AS "age", "q0"."metadata" AS "metadata" FROM "public"."Author" AS "q0" WHERE (EXISTS (SELECT 1 FROM "public"."posts" AS "q1" WHERE ("q0"."id" = "q1"."authorId" AND "q1"."title" = $1)) AND NOT EXISTS (SELECT 1 FROM "public"."posts" AS "q2" WHERE ("q0"."id" = "q2"."authorId" AND NOT ("q2"."title" = $2))) AND [7mNOT [27mEXISTS (SELECT 1 FROM "public"."posts" AS "q3" WHERE ("q0"."id" = "q3"."authorId" AND "q3"."title" = $3)))"[39m

 ❯ tests/contracts/engine/query/sql-generation.core.test.ts:1242:33
    1240|       });
    1241| 
    1242|       expect(ordered.statement).toBe(reordered.statement);
       |                                 ^
    1243|       expect(ordered.values).toEqual(reordered.values);
    1244|       expect(ordered.statement.match(/EXISTS/g)).toHaveLength(3);

⎯⎯⎯⎯⎯⎯⎯⎯⎯⎯⎯⎯⎯⎯⎯⎯⎯⎯⎯⎯[150/208]⎯

 FAIL  |layer-query-engine| tests/contracts/engine/query/sql-generation.core.test.ts > Relation Filters in WHERE > to-many filters > empty every predicates lower to portable true
AssertionError: expected 'SELECT "q0"."id" AS "id", "q0"."name"…' not to contain 'EXISTS'

Expected: [32m"EXISTS"[39m
Received: [31m"SELECT "q0"."id" AS "id", "q0"."name" AS "name", "q0"."email" AS "email", "q0"."age" AS "age", "q0"."metadata" AS "metadata" FROM "public"."Author" AS "q0" WHERE NOT EXISTS (SELECT 1 FROM "public"."posts" AS "q1" WHERE ("q0"."id" = "q1"."authorId" AND NOT (TRUE)))"[39m

 ❯ tests/contracts/engine/query/sql-generation.core.test.ts:1261:35
    1259|       });
    1260| 
    1261|       expect(empty.statement).not.toContain("EXISTS");
       |                                   ^
    1262|       expect(normalizedEmpty.statement).not.toContain("EXISTS");
    1263|       expect(empty.statement).toContain("TRUE");

⎯⎯⎯⎯⎯⎯⎯⎯⎯⎯⎯⎯⎯⎯⎯⎯⎯⎯⎯⎯[151/208]⎯

 FAIL  |layer-query-engine| tests/contracts/engine/query/sql-generation.core.test.ts > Relation Filters in WHERE > to-one filters > combines is and isNot independent of key order
AssertionError: expected 'SELECT "q0"."id" AS "id", "q0"."title…' to be 'SELECT "q0"."id" AS "id", "q0"."title…' // Object.is equality

Expected: [32m"SELECT "q0"."id" AS "id", "q0"."title" AS "title", "q0"."content" AS "content", "q0"."published" AS "published", "q0"."views" AS "views", "q0"."authorId" AS "authorId" FROM "public"."posts" AS "q0" WHERE ([7mNOT [27mEXISTS (SELECT 1 FROM "public"."Author" AS "q1" WHERE ("q0"."authorId" = "q1"."id" AND "q1"."name" = $1)) AND EXISTS (SELECT 1 FROM "public"."Author" AS "q2" WHERE ("q0"."authorId" = "q2"."id" AND "q2"."name" = $2)))"[39m
Received: [31m"SELECT "q0"."id" AS "id", "q0"."title" AS "title", "q0"."content" AS "content", "q0"."published" AS "published", "q0"."views" AS "views", "q0"."authorId" AS "authorId" FROM "public"."posts" AS "q0" WHERE (EXISTS (SELECT 1 FROM "public"."Author" AS "q1" WHERE ("q0"."authorId" = "q1"."id" AND "q1"."name" = $1)) AND [7mNOT [27mEXISTS (SELECT 1 FROM "public"."Author" AS "q2" WHERE ("q0"."authorId" = "q2"."id" AND "q2"."name" = $2)))"[39m

 ❯ tests/contracts/engine/query/sql-generation.core.test.ts:1312:33
    1310|       });
    1311| 
    1312|       expect(ordered.statement).toBe(reordered.statement);
       |                                 ^
    1313|       expect(ordered.values).toEqual(reordered.values);
    1314|       expect(ordered.statement.match(/EXISTS/g)).toHaveLength(2);

⎯⎯⎯⎯⎯⎯⎯⎯⎯⎯⎯⎯⎯⎯⎯⎯⎯⎯⎯⎯[152/208]⎯

 FAIL  |layer-query-engine| tests/contracts/engine/query/sql-generation.core.test.ts > Many-to-Many Relations > select with manyToMany relation > select tags on post
AssertionError: expected 'SELECT "q0"."id" AS "id", "q0"."title…' to contain 'LEFT JOIN LATERAL'

Expected: [32m"LEFT JOIN LATERAL"[39m
Received: [31m"SELECT "q0"."id" AS "id", "q0"."title" AS "title", (SELECT COALESCE(COALESCE(json_agg(json_build_object($1::text, "q3"."id", $2::text, "q3"."name")), '[]'::json), '[]'::json) FROM (SELECT "q1"."id" AS "id", "q1"."name" AS "name" FROM "public"."tags" AS "q1" WHERE EXISTS (SELECT 1 FROM "public"."post_tag" AS "q2" WHERE ("q2"."postId" = "q0"."id" AND "q2"."tagId" = "q1"."id"))) AS "q3") AS "tags" FROM "public"."posts" AS "q0" WHERE TRUE"[39m

 ❯ tests/contracts/engine/query/sql-generation.core.test.ts:1386:25
    1384|       expect(statement).toContain("SELECT");
    1385|       // Should use LATERAL join strategy for includes (PostgreSQL ada…
    1386|       expect(statement).toContain("LEFT JOIN LATERAL");
       |                         ^
    1387|       expect(statement).toContain('"post_tag"');
    1388|     });

⎯⎯⎯⎯⎯⎯⎯⎯⎯⎯⎯⎯⎯⎯⎯⎯⎯⎯⎯⎯[153/208]⎯

 FAIL  |layer-query-engine| tests/contracts/engine/query/sql-generation.core.test.ts > Many-to-Many Relations > select with manyToMany relation > select posts on tag
AssertionError: expected 'SELECT "q0"."id" AS "id", "q0"."name"…' to contain 'LEFT JOIN LATERAL'

Expected: [32m"LEFT JOIN LATERAL"[39m
Received: [31m"SELECT "q0"."id" AS "id", "q0"."name" AS "name", (SELECT COALESCE(COALESCE(json_agg(json_build_object($1::text, "q3"."id", $2::text, "q3"."title")), '[]'::json), '[]'::json) FROM (SELECT "q1"."id" AS "id", "q1"."title" AS "title" FROM "public"."posts" AS "q1" WHERE EXISTS (SELECT 1 FROM "public"."post_tag" AS "q2" WHERE ("q2"."tagId" = "q0"."id" AND "q2"."postId" = "q1"."id"))) AS "q3") AS "posts" FROM "public"."tags" AS "q0" WHERE TRUE"[39m

 ❯ tests/contracts/engine/query/sql-generation.core.test.ts:1400:25
    1398| 
    1399|       expect(statement).toContain("SELECT");
    1400|       expect(statement).toContain("LEFT JOIN LATERAL");
       |                         ^
    1401|       expect(statement).toContain('"post_tag"');
    1402|     });

⎯⎯⎯⎯⎯⎯⎯⎯⎯⎯⎯⎯⎯⎯⎯⎯⎯⎯⎯⎯[154/208]⎯

 FAIL  |layer-query-engine| tests/contracts/engine/query/sql-generation.core.test.ts > Many-to-Many Relations > filter with manyToMany > combines all supplied filters through the junction independent of key order
AssertionError: expected 'SELECT "q0"."id" AS "id", "q0"."title…' to be 'SELECT "q0"."id" AS "id", "q0"."title…' // Object.is equality

Expected: [32m"SELECT "q0"."id" AS "id", "q0"."title" AS "title", "q0"."content" AS "content", "q0"."published" AS "published", "q0"."views" AS "views", "q0"."authorId" AS "authorId" FROM "public"."posts" AS "q0" WHERE ([7mNOT [27mEXISTS (SELECT 1 FROM "public"."tags" AS "q1" WHERE (EXISTS (SELECT 1 FROM "public"."post_tag" AS "q2" WHERE ("q2"."postId" = "q0"."id" AND "q2"."tagId" = "q1"."id")) AND "q1"."name" = $1)) AND NOT EXISTS (SELECT 1 FROM "public"."tags" AS "q3" WHERE (EXISTS (SELECT 1 FROM "public"."post_tag" AS "q4" WHERE ("q4"."postId" = "q0"."id" AND "q4"."tagId" = "q3"."id")) AND NOT ("q3"."name" = $2))) AND EXISTS (SELECT 1 FROM "public"."tags" AS "q5" WHERE (EXISTS (SELECT 1 FROM "public"."post_tag" AS "q6" WHERE ("q6"."postId" = "q0"."id" AND "q6"."tagId" = "q5"."id")) AND "q5"."name" = $3)))"[39m
Received: [31m"SELECT "q0"."id" AS "id", "q0"."title" AS "title", "q0"."content" AS "content", "q0"."published" AS "published", "q0"."views" AS "views", "q0"."authorId" AS "authorId" FROM "public"."posts" AS "q0" WHERE (EXISTS (SELECT 1 FROM "public"."tags" AS "q1" WHERE (EXISTS (SELECT 1 FROM "public"."post_tag" AS "q2" WHERE ("q2"."postId" = "q0"."id" AND "q2"."tagId" = "q1"."id")) AND "q1"."name" = $1)) AND NOT EXISTS (SELECT 1 FROM "public"."tags" AS "q3" WHERE (EXISTS (SELECT 1 FROM "public"."post_tag" AS "q4" WHERE ("q4"."postId" = "q0"."id" AND "q4"."tagId" = "q3"."id")) AND NOT ("q3"."name" = $2))) AND [7mNOT [27mEXISTS (SELECT 1 FROM "public"."tags" AS "q5" WHERE (EXISTS (SELECT 1 FROM "public"."post_tag" AS "q6" WHERE ("q6"."postId" = "q0"."id" AND "q6"."tagId" = "q5"."id")) AND "q5"."name" = $3)))"[39m

 ❯ tests/contracts/engine/query/sql-generation.core.test.ts:1462:33
    1460|       });
    1461| 
    1462|       expect(ordered.statement).toBe(reordered.statement);
       |                                 ^
    1463|       expect(ordered.values).toEqual(reordered.values);
    1464|       expect(ordered.statement.match(/EXISTS/g)).toHaveLength(3);

⎯⎯⎯⎯⎯⎯⎯⎯⎯⎯⎯⎯⎯⎯⎯⎯⎯⎯⎯⎯[155/208]⎯

 FAIL  |layer-query-engine| tests/contracts/engine/query/sql-generation.core.test.ts > Many-to-Many Relations > filter with manyToMany > empty every through the junction lowers to portable true
AssertionError: expected 'SELECT "q0"."id" AS "id", "q0"."title…' not to contain 'EXISTS'

Expected: [32m"EXISTS"[39m
Received: [31m"SELECT "q0"."id" AS "id", "q0"."title" AS "title", "q0"."content" AS "content", "q0"."published" AS "published", "q0"."views" AS "views", "q0"."authorId" AS "authorId" FROM "public"."posts" AS "q0" WHERE NOT EXISTS (SELECT 1 FROM "public"."tags" AS "q1" WHERE (EXISTS (SELECT 1 FROM "public"."post_tag" AS "q2" WHERE ("q2"."postId" = "q0"."id" AND "q2"."tagId" = "q1"."id")) AND NOT (TRUE)))"[39m

 ❯ tests/contracts/engine/query/sql-generation.core.test.ts:1477:35
    1475|       });
    1476| 
    1477|       expect(empty.statement).not.toContain("EXISTS");
       |                                   ^
    1478|       expect(empty.statement).not.toContain("post_tag");
    1479|       expect(normalizedEmpty.statement).not.toContain("EXISTS");

⎯⎯⎯⎯⎯⎯⎯⎯⎯⎯⎯⎯⎯⎯⎯⎯⎯⎯⎯⎯[156/208]⎯

 FAIL  |layer-query-engine| tests/contracts/engine/query/sql-generation.core.test.ts > Multi-step writes > create with nested > create with nested create builds ONE folded statement
QueryEngineError: Operation 'create' does not compile to one SQL statement. Execute the operation instead.
⎯⎯⎯⎯⎯⎯⎯⎯⎯⎯⎯⎯⎯⎯⎯⎯⎯⎯⎯⎯[157/208]⎯

 FAIL  |layer-query-engine| tests/contracts/engine/query/sql-generation.core.test.ts > Multi-step writes > create with nested > create with nested createMany builds ONE folded statement
QueryEngineError: Operation 'create' does not compile to one SQL statement. Execute the operation instead.
⎯⎯⎯⎯⎯⎯⎯⎯⎯⎯⎯⎯⎯⎯⎯⎯⎯⎯⎯⎯[158/208]⎯

 FAIL  |layer-query-engine| tests/contracts/engine/query/sql-generation.core.test.ts > Multi-step writes > update with nested > a required relation publishes no disconnect at all
AssertionError: expected error to be instance of ValidationError

[32m- Expected:[39m 
[Function ValidationError]

[31m+ Received:[39m 
QueryEngineError {
  "message": "Operation 'update' does not compile to one SQL statement. Execute the operation instead.",
  "code": "V9001",
  "originalCause": undefined,
  "meta": {},
  "timestamp": 2026-09-16T22:57:11.830Z,
  "name": "QueryEngineError",
}

 ❯ tests/contracts/engine/query/sql-generation.core.test.ts:1657:9
    1655|           },
    1656|         })
    1657|       ).toThrow(ValidationError);
       |         ^
    1658|     });
    1659| 

⎯⎯⎯⎯⎯⎯⎯⎯⎯⎯⎯⎯⎯⎯⎯⎯⎯⎯⎯⎯[159/208]⎯

 FAIL  |layer-query-engine| tests/contracts/engine/query/sql-generation.core.test.ts > Multi-step writes > dialect top-level relation-filter mutations > 'PostgreSQL' updateMany relation filter stays correlated to the target table
QueryEngineError: Operation 'updateMany' does not compile to one SQL statement. Execute the operation instead.
⎯⎯⎯⎯⎯⎯⎯⎯⎯⎯⎯⎯⎯⎯⎯⎯⎯⎯⎯⎯[160/208]⎯

 FAIL  |layer-query-engine| tests/contracts/engine/query/sql-generation.core.test.ts > Multi-step writes > dialect top-level relation-filter mutations > 'SQLite' updateMany relation filter stays correlated to the target table
QueryEngineError: Operation 'updateMany' does not compile to one SQL statement. Execute the operation instead.
⎯⎯⎯⎯⎯⎯⎯⎯⎯⎯⎯⎯⎯⎯⎯⎯⎯⎯⎯⎯[161/208]⎯

 FAIL  |layer-query-engine| tests/contracts/engine/query/sql-generation.core.test.ts > Multi-step writes > dialect top-level relation-filter mutations > 'MySQL' updateMany relation filter stays correlated to the target table
QueryEngineError: Operation 'updateMany' does not compile to one SQL statement. Execute the operation instead.
⎯⎯⎯⎯⎯⎯⎯⎯⎯⎯⎯⎯⎯⎯⎯⎯⎯⎯⎯⎯[162/208]⎯

 FAIL  |layer-query-engine| tests/contracts/engine/query/sql-generation.core.test.ts > Multi-step writes > dialect top-level relation-filter mutations > 'PostgreSQL' deleteMany relation filter stays correlated to the target table
QueryEngineError: Operation 'deleteMany' does not compile to one SQL statement. Execute the operation instead.
⎯⎯⎯⎯⎯⎯⎯⎯⎯⎯⎯⎯⎯⎯⎯⎯⎯⎯⎯⎯[163/208]⎯

 FAIL  |layer-query-engine| tests/contracts/engine/query/sql-generation.core.test.ts > Multi-step writes > dialect top-level relation-filter mutations > 'SQLite' deleteMany relation filter stays correlated to the target table
QueryEngineError: Operation 'deleteMany' does not compile to one SQL statement. Execute the operation instead.
⎯⎯⎯⎯⎯⎯⎯⎯⎯⎯⎯⎯⎯⎯⎯⎯⎯⎯⎯⎯[164/208]⎯

 FAIL  |layer-query-engine| tests/contracts/engine/query/sql-generation.core.test.ts > Multi-step writes > dialect top-level relation-filter mutations > 'MySQL' deleteMany relation filter stays correlated to the target table
QueryEngineError: Operation 'deleteMany' does not compile to one SQL statement. Execute the operation instead.
⎯⎯⎯⎯⎯⎯⎯⎯⎯⎯⎯⎯⎯⎯⎯⎯⎯⎯⎯⎯[165/208]⎯

 FAIL  |layer-query-engine| tests/contracts/engine/query/sql-generation.core.test.ts > Aggregates > count > with order and pagination counts an input subquery
AssertionError: expected 'SELECT COUNT(*) AS "_count" FROM (SEL…' to contain 'aggregate_input'

Expected: [32m"aggregate_input"[39m
Received: [31m"SELECT COUNT(*) AS "_count" FROM (SELECT $1 AS "0viborm_row" FROM "public"."Author" AS "q0" WHERE TRUE ORDER BY "q0"."age" DESC NULLS FIRST, "q0"."id" ASC LIMIT $2 OFFSET $3) AS "q1""[39m

 ❯ tests/contracts/engine/query/sql-generation.core.test.ts:1762:25
    1760|       expect(statement).toContain("COUNT");
    1761|       expect(statement).toContain("FROM (SELECT");
    1762|       expect(statement).toContain("aggregate_input");
       |                         ^
    1763|       expect(statement).toContain("ORDER BY");
    1764|       expect(statement).toMatch(DESC_REGEX);

⎯⎯⎯⎯⎯⎯⎯⎯⎯⎯⎯⎯⎯⎯⎯⎯⎯⎯⎯⎯[166/208]⎯

 FAIL  |layer-query-engine| tests/contracts/engine/query/sql-generation.core.test.ts > Aggregates > count > with cursor pagination counts an input subquery
AssertionError: expected 'SELECT COUNT(*) AS "_count" FROM (SEL…' to contain 'aggregate_input'

Expected: [32m"aggregate_input"[39m
Received: [31m"SELECT COUNT(*) AS "_count" FROM (SELECT $1 AS "0viborm_row" FROM "public"."Author" AS "q0" WHERE "q0"."id" >= (SELECT "q1"."id" FROM "public"."Author" AS "q1" WHERE "q1"."id" = $2 LIMIT $3) ORDER BY "q0"."id" ASC LIMIT $4 OFFSET $5) AS "q2""[39m

 ❯ tests/contracts/engine/query/sql-generation.core.test.ts:1780:25
    1778|       expect(statement).toContain("COUNT");
    1779|       expect(statement).toContain("FROM (SELECT");
    1780|       expect(statement).toContain("aggregate_input");
       |                         ^
    1781|       expect(statement).toContain("ORDER BY");
    1782|       expect(statement).toContain("LIMIT");

⎯⎯⎯⎯⎯⎯⎯⎯⎯⎯⎯⎯⎯⎯⎯⎯⎯⎯⎯⎯[167/208]⎯

 FAIL  |layer-query-engine| tests/contracts/engine/query/sql-generation.core.test.ts > Aggregates > count > with supported relation order counts an input subquery
AssertionError: expected 'SELECT COUNT(*) AS "_count" FROM (SEL…' to match /LEFT JOIN/i

[32m- Expected:[39m 
/LEFT JOIN/i

[31m+ Received:[39m 
"SELECT COUNT(*) AS \"_count\" FROM (SELECT $1 AS \"0viborm_row\" FROM \"public\".\"posts\" AS \"q0\" WHERE TRUE ORDER BY (SELECT \"q1\".\"name\" FROM \"public\".\"Author\" AS \"q1\" WHERE \"q0\".\"authorId\" = \"q1\".\"id\" LIMIT $2) ASC LIMIT $3) AS \"q2\""

 ❯ tests/contracts/engine/query/sql-generation.core.test.ts:1796:25
    1794| 
    1795|       expect(statement).toContain("FROM (SELECT");
    1796|       expect(statement).toMatch(LEFT_JOIN_SQL);
       |                         ^
    1797|       expect(statement).toContain('ORDER BY "t1"."name" ASC');
    1798|       expect(statement).toContain("LIMIT");

⎯⎯⎯⎯⎯⎯⎯⎯⎯⎯⎯⎯⎯⎯⎯⎯⎯⎯⎯⎯[168/208]⎯

 FAIL  |layer-query-engine| tests/contracts/engine/query/sql-generation.core.test.ts > Aggregates > aggregate > projects selected count members and ignores false selections
AssertionError: expected 'SELECT json_build_object($1::text, CO…' to contain 'COUNT("aggregate_input"."id")'

Expected: [32m"COUNT("aggregate_input"."id")"[39m
Received: [31m"SELECT json_build_object($1::text, COUNT(*), $2::text, COUNT("q1"."id")) AS "_count" FROM (SELECT "q0"."id" AS "id" FROM "public"."posts" AS "q0" WHERE TRUE) AS "q1""[39m

 ❯ tests/contracts/engine/query/sql-generation.core.test.ts:1818:25
    1816| 
    1817|       expect(statement).toContain("COUNT(*)");
    1818|       expect(statement).toContain('COUNT("aggregate_input"."id")');
       |                         ^
    1819|       expect(statement).not.toContain('COUNT("aggregate_input"."views"…
    1820|     });

⎯⎯⎯⎯⎯⎯⎯⎯⎯⎯⎯⎯⎯⎯⎯⎯⎯⎯⎯⎯[169/208]⎯

 FAIL  |layer-query-engine| tests/contracts/engine/query/sql-generation.core.test.ts > Aggregates > aggregate > with order and pagination aggregates an input subquery
AssertionError: expected 'SELECT COUNT(*) AS "_count", json_bui…' to contain 'aggregate_input'

Expected: [32m"aggregate_input"[39m
Received: [31m"SELECT COUNT(*) AS "_count", json_build_object($1::text, SUM("q1"."views")) AS "_sum" FROM (SELECT "q0"."views" AS "views" FROM "public"."posts" AS "q0" WHERE TRUE ORDER BY "q0"."views" DESC, "q0"."id" ASC LIMIT $2 OFFSET $3) AS "q1""[39m

 ❯ tests/contracts/engine/query/sql-generation.core.test.ts:1848:25
    1846|       expect(statement).toContain("SUM");
    1847|       expect(statement).toContain("FROM (SELECT");
    1848|       expect(statement).toContain("aggregate_input");
       |                         ^
    1849|       expect(statement).toContain("ORDER BY");
    1850|       expect(statement).toContain("LIMIT");

⎯⎯⎯⎯⎯⎯⎯⎯⎯⎯⎯⎯⎯⎯⎯⎯⎯⎯⎯⎯[170/208]⎯

 FAIL  |layer-query-engine| tests/contracts/engine/query/sql-generation.core.test.ts > Aggregates > aggregate > with supported relation order aggregates an input subquery
AssertionError: expected 'SELECT COUNT(*) AS "_count" FROM (SEL…' to match /LEFT JOIN/i

[32m- Expected:[39m 
/LEFT JOIN/i

[31m+ Received:[39m 
"SELECT COUNT(*) AS \"_count\" FROM (SELECT $1 AS \"0viborm_row\" FROM \"public\".\"posts\" AS \"q0\" WHERE TRUE ORDER BY (SELECT \"q1\".\"name\" FROM \"public\".\"Author\" AS \"q1\" WHERE \"q0\".\"authorId\" = \"q1\".\"id\" LIMIT $2) ASC LIMIT $3) AS \"q2\""

 ❯ tests/contracts/engine/query/sql-generation.core.test.ts:1863:25
    1861| 
    1862|       expect(statement).toContain("FROM (SELECT");
    1863|       expect(statement).toMatch(LEFT_JOIN_SQL);
       |                         ^
    1864|       expect(statement).toContain('ORDER BY "t1"."name" ASC');
    1865|       expect(statement).toContain("LIMIT");

⎯⎯⎯⎯⎯⎯⎯⎯⎯⎯⎯⎯⎯⎯⎯⎯⎯⎯⎯⎯[171/208]⎯

 FAIL  |layer-query-engine| tests/contracts/engine/query/sql-generation.core.test.ts > Aggregates > groupBy > with direct value filter in having
AssertionError: expected 'SELECT "q0"."authorId" AS "authorId" …' to contain '"t0"."authorId" ='

Expected: [32m"[7m"t[27m0"."authorId" ="[39m
Received: [31m"[7mSELECT "q0"."authorId" AS "authorId" FROM "public"."posts" AS "q0" GROUP BY "q0"."authorId" HAVING "q[27m0"."authorId" =[7m $1[27m"[39m

 ❯ tests/contracts/engine/query/sql-generation.core.test.ts:1941:25
    1939|       expect(statement).toContain("GROUP BY");
    1940|       expect(statement).toContain("HAVING");
    1941|       expect(statement).toContain('"t0"."authorId" =');
       |                         ^
    1942|       expect(values).toContain("author-1");
    1943|     });

⎯⎯⎯⎯⎯⎯⎯⎯⎯⎯⎯⎯⎯⎯⎯⎯⎯⎯⎯⎯[172/208]⎯

 FAIL  |layer-query-engine| tests/contracts/engine/query/sql-generation.core.test.ts > Aggregates > groupBy > with direct object filter (equals)
AssertionError: expected 'SELECT "q0"."authorId" AS "authorId" …' to contain '"t0"."authorId" ='

Expected: [32m"[7m"t[27m0"."authorId" ="[39m
Received: [31m"[7mSELECT "q0"."authorId" AS "authorId" FROM "public"."posts" AS "q0" GROUP BY "q0"."authorId" HAVING "q[27m0"."authorId" =[7m $1[27m"[39m

 ❯ tests/contracts/engine/query/sql-generation.core.test.ts:1955:25
    1953|       expect(statement).toContain("GROUP BY");
    1954|       expect(statement).toContain("HAVING");
    1955|       expect(statement).toContain('"t0"."authorId" =');
       |                         ^
    1956|       expect(values).toContain("author-1");
    1957|     });

⎯⎯⎯⎯⎯⎯⎯⎯⎯⎯⎯⎯⎯⎯⎯⎯⎯⎯⎯⎯[173/208]⎯

 FAIL  |layer-query-engine| tests/contracts/engine/query/sql-generation.core.test.ts > Aggregates > groupBy > with mixed aggregate and direct filters
AssertionError: expected 'SELECT "q0"."authorId" AS "authorId" …' to contain '"t0"."authorId" ='

Expected: [32m"[7m"t[27m0"."authorId" ="[39m
Received: [31m"[7mSELECT "q0"."authorId" AS "authorId" FROM "public"."posts" AS "q0" GROUP BY "q0"."authorId" HAVING (COUNT("q0"."id") > $1 AND "q[27m0"."authorId" =[7m $2)[27m"[39m

 ❯ tests/contracts/engine/query/sql-generation.core.test.ts:2001:25
    1999|       expect(statement).toContain("HAVING");
    2000|       expect(statement).toContain("COUNT");
    2001|       expect(statement).toContain('"t0"."authorId" =');
       |                         ^
    2002|       expect(statement).toContain("AND");
    2003|       expect(values).toContain(5);

⎯⎯⎯⎯⎯⎯⎯⎯⎯⎯⎯⎯⎯⎯⎯⎯⎯⎯⎯⎯[174/208]⎯

 FAIL  |layer-query-engine| tests/contracts/engine/query/sql-generation.core.test.ts > Aggregates > groupBy > throws when direct having filter field is not in by
AssertionError: expected [Function] to throw an error

[32m- Expected:[39m 
null

[31m+ Received:[39m 
undefined

 ❯ tests/contracts/engine/query/sql-generation.core.test.ts:2015:9
    2013|           },
    2014|         })
    2015|       ).toThrow("must be included in 'by'");
       |         ^
    2016|     });
    2017| 

⎯⎯⎯⎯⎯⎯⎯⎯⎯⎯⎯⎯⎯⎯⎯⎯⎯⎯⎯⎯[175/208]⎯

 FAIL  |layer-query-engine| tests/contracts/engine/query/sql-generation.core.test.ts > explicit undefined args behave like absent args > update with undefined data field does not touch the column
QueryEngineError: Operation 'update' does not compile to one SQL statement. Execute the operation instead.
⎯⎯⎯⎯⎯⎯⎯⎯⎯⎯⎯⎯⎯⎯⎯⎯⎯⎯⎯⎯[176/208]⎯


 Test Files  14 failed | 1 passed (15)
      Tests  208 failed | 332 passed (540)
   Start at  00:57:10
   Duration  4.52s (transform 1.58s, setup 29ms, collect 3.19s, tests 865ms, environment 0ms, prepare 93ms)

JSON report written to /private/tmp/claude-501/-Users-arnaud-code-viborm/c2c775da-2927-4590-8677-3bb0f5d1aa98/scratchpad/classA-run2.json
Vitest resources: 6.61s wall, 843.6 MiB peak sampled process-group RSS (sampled ceiling 1536 MiB). Teardown verified.
