
 RUN  v3.1.4 /Users/arnaud/code/viborm

 ✓ |provider-sqlite3| tests/providers/local/sqlite3.test.ts (39 tests) 111ms
 ❯ |provider-sqlite3| tests/providers/local/sqlite3-polymorphic-batch.test.ts (150 tests | 8 failed | 1 skipped) 337ms
   ✓ SQLite3 Driver > SQLite3 Prisma parity > insensitive mode on equality filters > equals matches case-insensitively 4ms
   ✓ SQLite3 Driver > SQLite3 Prisma parity > insensitive mode on equality filters > insensitive equality and set filters fold ASCII only 3ms
   ✓ SQLite3 Driver > SQLite3 Prisma parity > insensitive mode on equality filters > equals stays case-sensitive without mode 2ms
   ✓ SQLite3 Driver > SQLite3 Prisma parity > insensitive mode on equality filters > not stays case-sensitive without mode 2ms
   ✓ SQLite3 Driver > SQLite3 Prisma parity > insensitive mode on equality filters > in stays case-sensitive without mode 1ms
   ✓ SQLite3 Driver > SQLite3 Prisma parity > insensitive mode on equality filters > notIn stays case-sensitive without mode 2ms
   ✓ SQLite3 Driver > SQLite3 Prisma parity > insensitive mode on equality filters > insensitive equals does not treat % as a wildcard 2ms
   ✓ SQLite3 Driver > SQLite3 Prisma parity > insensitive mode on equality filters > not excludes case-insensitively 1ms
   ✓ SQLite3 Driver > SQLite3 Prisma parity > insensitive mode on equality filters > in matches case-insensitively 4ms
   ✓ SQLite3 Driver > SQLite3 Prisma parity > insensitive mode on equality filters > insensitive in does not treat % as a wildcard 2ms
   ✓ SQLite3 Driver > SQLite3 Prisma parity > insensitive mode on equality filters > insensitive in with empty list matches nothing 1ms
   ✓ SQLite3 Driver > SQLite3 Prisma parity > insensitive mode on equality filters > notIn excludes case-insensitively 1ms
   ✓ SQLite3 Driver > SQLite3 Prisma parity > string substring filters > contains stays case-sensitive without mode 1ms
   ✓ SQLite3 Driver > SQLite3 Prisma parity > string substring filters > startsWith stays case-sensitive without mode 1ms
   ✓ SQLite3 Driver > SQLite3 Prisma parity > string substring filters > endsWith stays case-sensitive without mode 1ms
   ✓ SQLite3 Driver > SQLite3 Prisma parity > string substring filters > default substring filters treat wildcard characters literally 1ms
   ✓ SQLite3 Driver > SQLite3 Prisma parity > string substring filters > default substring filters handle empty and non-ASCII values exactly 2ms
   ✓ SQLite3 Driver > SQLite3 Prisma parity > string substring filters > startsWith matches case-insensitively 2ms
   ✓ SQLite3 Driver > SQLite3 Prisma parity > string substring filters > endsWith matches case-insensitively 1ms
   ✓ SQLite3 Driver > SQLite3 Prisma parity > string substring filters > insensitive endsWith matches every case variant 1ms
   ✓ SQLite3 Driver > SQLite3 Prisma parity > string substring filters > insensitive substring filters fold ASCII only 1ms
   ✓ SQLite3 Driver > SQLite3 Prisma parity > string substring filters > insensitive startsWith does not treat % as a wildcard 1ms
   ✓ SQLite3 Driver > SQLite3 Prisma parity > string substring filters > insensitive endsWith does not treat % as a wildcard 2ms
   ✓ SQLite3 Driver > SQLite3 Prisma parity > NOT and OR combinators > top-level NOT excludes matching rows 2ms
   ✓ SQLite3 Driver > SQLite3 Prisma parity > NOT and OR combinators > NOT {contains} does not match NULL rows (Prisma parity) 1ms
   ✓ SQLite3 Driver > SQLite3 Prisma parity > NOT and OR combinators > NOT with equality also skips NULL rows 1ms
   ✓ SQLite3 Driver > SQLite3 Prisma parity > NOT and OR combinators > NOT combines with AND 1ms
   ✓ SQLite3 Driver > SQLite3 Prisma parity > NOT and OR combinators > NOT combines with OR 1ms
   ✓ SQLite3 Driver > SQLite3 Prisma parity > NOT and OR combinators > nested NOT double-negates but still skips NULL rows 2ms
   ✓ SQLite3 Driver > SQLite3 Prisma parity > NOT and OR combinators > NOT array negates each condition and ANDs them (Prisma parity) 1ms
   ✓ SQLite3 Driver > SQLite3 Prisma parity > NOT and OR combinators > OR of two scalar predicates 1ms
   ✓ SQLite3 Driver > SQLite3 Prisma parity > NOT and OR combinators > OR with a null check matches NULL rows via IS NULL 1ms
   ✓ SQLite3 Driver > SQLite3 Prisma parity > enum in/notIn filters > enum equals matches a single value 1ms
   ✓ SQLite3 Driver > SQLite3 Prisma parity > enum in/notIn filters > enum in matches listed values and skips NULL rows 1ms
   ✓ SQLite3 Driver > SQLite3 Prisma parity > enum in/notIn filters > enum in with empty list matches nothing 2ms
   ✓ SQLite3 Driver > SQLite3 Prisma parity > enum in/notIn filters > enum notIn excludes listed values and NULL rows 2ms
   ✓ SQLite3 Driver > SQLite3 Prisma parity > enum in/notIn filters > enum notIn with empty list matches every row 1ms
   × SQLite3 Driver > SQLite3 Prisma parity > empty select rejection > empty select object throws 5ms
     → expected [Function] to throw error matching /needs at least one truthy value/ but got 'Query execution failed'
   × SQLite3 Driver > SQLite3 Prisma parity > empty select rejection > all-false select throws 2ms
     → expected [Function] to throw error matching /needs at least one truthy value/ but got 'Query execution failed'
   × SQLite3 Driver > SQLite3 Prisma parity > groupBy ordering and having > orderBy a non-grouped column is rejected 3ms
     → promise resolved "[ { authorId: 'u1' }, …(1) ]" instead of rejecting
   ✓ SQLite3 Driver > SQLite3 Prisma parity > groupBy ordering and having > orderBy a grouped column still works 2ms
   ✓ SQLite3 Driver > SQLite3 Prisma parity > groupBy ordering and having > orderBy _count on a field 2ms
   ✓ SQLite3 Driver > SQLite3 Prisma parity > groupBy ordering and having > orderBy _count _all 1ms
   ✓ SQLite3 Driver > SQLite3 Prisma parity > groupBy ordering and having > orderBy _sum 1ms
   ✓ SQLite3 Driver > SQLite3 Prisma parity > groupBy ordering and having > having aggregate in filter 2ms
   ✓ SQLite3 Driver > SQLite3 Prisma parity > groupBy ordering and having > having aggregate in with empty list matches nothing 2ms
   ✓ SQLite3 Driver > SQLite3 Prisma parity > groupBy ordering and having > having aggregate notIn with empty list matches everything 2ms
   ✓ SQLite3 Driver > SQLite3 Prisma parity > groupBy ordering and having > having aggregate equals null uses IS NULL 2ms
   ✓ SQLite3 Driver > SQLite3 Prisma parity > groupBy ordering and having > having aggregate not null uses IS NOT NULL 4ms
   ✓ SQLite3 Driver > SQLite3 Prisma parity > groupBy ordering and having > where filters rows before grouping 2ms
   ✓ SQLite3 Driver > SQLite3 Prisma parity > groupBy ordering and having > take with orderBy limits groups 1ms
   ✓ SQLite3 Driver > SQLite3 Prisma parity > groupBy ordering and having > take and skip with orderBy window the groups 1ms
   ✓ SQLite3 Driver > SQLite3 Prisma parity > groupBy ordering and having > take and skip with aggregate orderBy window the groups 1ms
   ✓ SQLite3 Driver > SQLite3 Prisma parity > groupBy ordering and having > multi-field by groups on the field combination 1ms
   ✓ SQLite3 Driver > SQLite3 Prisma parity > groupBy ordering and having > multi-field by supports having on aggregates 1ms
   ✓ SQLite3 Driver > SQLite3 Prisma parity > groupBy ordering and having > having boolean combinators > OR of two single-group conditions matches both groups 1ms
   ✓ SQLite3 Driver > SQLite3 Prisma parity > groupBy ordering and having > having boolean combinators > OR with a single unmatchable arm keeps only the other 2ms
   ✓ SQLite3 Driver > SQLite3 Prisma parity > groupBy ordering and having > having boolean combinators > AND of the same two conditions matches nothing 1ms
   ✓ SQLite3 Driver > SQLite3 Prisma parity > groupBy ordering and having > having boolean combinators > AND accepts a bare object as well as an array 2ms
   ✓ SQLite3 Driver > SQLite3 Prisma parity > groupBy ordering and having > having boolean combinators > AND nested inside OR evaluates the inner conjunction 1ms
   ✓ SQLite3 Driver > SQLite3 Prisma parity > groupBy ordering and having > having boolean combinators > AND nested inside OR fails the arm when one conjunct misses 1ms
   ✓ SQLite3 Driver > SQLite3 Prisma parity > groupBy ordering and having > having boolean combinators > NOT of an aggregate condition selects the complement 1ms
   ✓ SQLite3 Driver > SQLite3 Prisma parity > groupBy ordering and having > having boolean combinators > NOT array negates each arm and ANDs the negations (Prisma parity) 1ms
   ✓ SQLite3 Driver > SQLite3 Prisma parity > groupBy ordering and having > having boolean combinators > NOT array with one unmatchable arm keeps the other complement 2ms
   ✓ SQLite3 Driver > SQLite3 Prisma parity > groupBy ordering and having > having boolean combinators > NOT array on a `by` field agrees with the same NOT array in where 1ms
   ✓ SQLite3 Driver > SQLite3 Prisma parity > groupBy ordering and having > having boolean combinators > NOT array of a single item matches the object form 1ms
   ✓ SQLite3 Driver > SQLite3 Prisma parity > groupBy ordering and having > having boolean combinators > NOT of a multi-key object negates that object's conjunction 1ms
   ✓ SQLite3 Driver > SQLite3 Prisma parity > groupBy ordering and having > having boolean combinators > NOT inside OR restores the excluded group 1ms
   ✓ SQLite3 Driver > SQLite3 Prisma parity > groupBy ordering and having > having boolean combinators > a combinator conjoins with sibling field-keyed conditions 1ms
   × SQLite3 Driver > SQLite3 Prisma parity > groupBy ordering and having > having boolean combinators > a field-keyed condition inside an OR arm still requires `by` 2ms
     → promise resolved "[ { authorId: 'u1' } ]" instead of rejecting
   ✓ SQLite3 Driver > SQLite3 Prisma parity > groupBy ordering and having > having boolean combinators > empty OR matches no group, exactly like empty OR in where 2ms
   ✓ SQLite3 Driver > SQLite3 Prisma parity > groupBy ordering and having > having boolean combinators > empty OR is false, not absent, when conjoined with a sibling 1ms
   ✓ SQLite3 Driver > SQLite3 Prisma parity > groupBy ordering and having > having boolean combinators > empty OR nested in AND poisons the conjunction 1ms
   ✓ SQLite3 Driver > SQLite3 Prisma parity > groupBy ordering and having > having boolean combinators > empty OR nested in OR contributes nothing but is not vacuous 1ms
   ✓ SQLite3 Driver > SQLite3 Prisma parity > groupBy ordering and having > having boolean combinators > empty OR under NOT is true and keeps every group 2ms
   ✓ SQLite3 Driver > SQLite3 Prisma parity > groupBy ordering and having > having boolean combinators > empty AND and empty NOT stay true and keep every group 2ms
   ✓ SQLite3 Driver > SQLite3 Prisma parity > groupBy ordering and having > having boolean combinators > empty AND still conjoins its sibling rather than erasing it 1ms
   ✓ SQLite3 Driver > SQLite3 optional-relation Prisma parity > create succeeds with all optional relations omitted 2ms
   ✓ SQLite3 Driver > SQLite3 optional-relation Prisma parity > nested create does not demand other optional relations 2ms
   ✓ SQLite3 Driver > SQLite3 optional-relation Prisma parity > where: { relation: null } matches rows with a null FK 3ms
   ✓ SQLite3 Driver > SQLite3 optional-relation Prisma parity > include: { rel: false } omits the relation 2ms
   ✓ SQLite3 Driver > SQLite3 optional-relation Prisma parity > select > include chains down the relation tree 2ms
   ✓ SQLite3 Driver > SQLite3 optional-relation Prisma parity > nested select+include on the same node is rejected 1ms
   ✓ SQLite3 Driver > SQLite3 optional-relation Prisma parity > create with nested writes returns scalars only without include 2ms
   ✓ SQLite3 Driver > SQLite3 polymorphic relations > direct writes preserve the generated private storage pair 5ms
   ✓ SQLite3 Driver > SQLite3 polymorphic relations > inverse create publishes a generated parent identity 2ms
   ✓ SQLite3 Driver > SQLite3 polymorphic relations > direct and inverse reads correlate exact variants without N+1 7ms
   ✓ SQLite3 Driver > SQLite3 polymorphic relations > target-local omit subtracts from polymorphic select 2ms
   ↓ SQLite3 Driver > SQLite3 polymorphic relations > inverse reads use the generated discriminator/id index
   × SQLite3 Driver > SQLite3 polymorphic relations > empty storage is optional but orphaned membership is invalid 4ms
     → promise resolved "{ id: 2, body: 'optional orphan', …(1) }" instead of rejecting
   ✓ SQLite3 Driver > SQLite3 polymorphic collection reads > an empty collection reads as a fresh empty array, never null 4ms
   ✓ SQLite3 Driver > SQLite3 polymorphic collection reads > mixed variants flatten in DECLARATION order, tagged correctly 3ms
   ✓ SQLite3 Driver > SQLite3 polymorphic collection reads > equal ids in two target tables return two correctly tagged rows 3ms
   ✓ SQLite3 Driver > SQLite3 polymorphic collection reads > order, window and distinct stay ARM-LOCAL 3ms
   ✓ SQLite3 Driver > SQLite3 polymorphic collection reads > a negative arm take restores the logical order 3ms
   ✓ SQLite3 Driver > SQLite3 polymorphic collection reads > only narrows the returned variants without reordering 2ms
   × SQLite3 Driver > SQLite3 polymorphic collection reads > total and filtered counts, and count ordering 5ms
     → Raptor 3 G1 physical field is not implemented: type
   ✓ SQLite3 Driver > SQLite3 polymorphic collection reads > some / every / none over a MIXED-VARIANT truth table 3ms
   × SQLite3 Driver > SQLite3 polymorphic collection reads > an owner-scoped orphan fails the read, even hidden behind only 4ms
     → promise resolved "{ id: 1, name: 'main', …(1) }" instead of rejecting
   ✓ SQLite3 Driver > SQLite3 polymorphic collection reads > a singular inverse returns one row or null, and a plural one an array 4ms
   ✓ SQLite3 Driver > SQLite3 polymorphic collection reads > a singular-inverse duplicate fails BEFORE the LIMIT 2ms
   ✓ SQLite3 Driver > SQLite3 polymorphic collection reads > parent ordering through a singular inverse keeps NULL placement 3ms
   ✓ SQLite3 Driver > SQLite3 polymorphic collection writes > a fresh owner writes memberships across several variants at once 4ms
   ✓ SQLite3 Driver > SQLite3 polymorphic collection writes > connect is idempotent for the same owner and target 4ms
   ✓ SQLite3 Driver > SQLite3 polymorphic collection writes > a plural member admits SEVERAL owners for one target 3ms
   ✓ SQLite3 Driver > SQLite3 polymorphic collection writes > a SINGULAR member replaces its slot instead of doubling it 6ms
   ✓ SQLite3 Driver > SQLite3 polymorphic collection writes > connectOrCreate finds, then creates, without doubling either 3ms
   ✓ SQLite3 Driver > SQLite3 polymorphic collection writes > `set` clears every configured variant once, then refills 3ms
   ✓ SQLite3 Driver > SQLite3 polymorphic collection writes > `set` of an already-owned SINGULAR target keeps the row 3ms
   ✓ SQLite3 Driver > SQLite3 polymorphic collection writes > `set: []` empties every variant and deletes no target 3ms
   ✓ SQLite3 Driver > SQLite3 polymorphic collection writes > disconnect removes this owner's membership and nothing else 3ms
   ✓ SQLite3 Driver > SQLite3 polymorphic collection writes > update and updateMany reach only the connected targets 5ms
   ✓ SQLite3 Driver > SQLite3 polymorphic collection writes > upsert creates then updates, scoped to this owner's membership 5ms
   ✓ SQLite3 Driver > SQLite3 polymorphic collection writes > createMany writes one bulk group per variant 3ms
   × SQLite3 Driver > SQLite3 polymorphic collection writes > duplicate singular createMany targets transfer once 5ms
     → expected [ 't1/left/eu/111' ] to deeply equal [ 't1/right/eu/111' ]
   ✓ SQLite3 Driver > SQLite3 polymorphic collection writes > delete and deleteMany are membership-scoped and cascade the membership 3ms
   ✓ SQLite3 Driver > SQLite3 polymorphic collection writes > a singular inverse connect TRANSFERS the slot rather than inserting beside it 4ms
   ✓ SQLite3 Driver > SQLite3 polymorphic collection writes > a singular inverse disconnect deletes THE junction row, and delete deletes the OWNER 4ms
   ✓ SQLite3 Driver > SQLite3 polymorphic collection writes > a singular inverse composes vacate, supply and a modify of the SUPPLIED owner 5ms
   ✓ SQLite3 Driver > SQLite3 polymorphic collection writes > a singular inverse upsert takes both arms through the membership 4ms
   ✓ SQLite3 Driver > SQLite3 polymorphic collection writes > WRITE-THEN-READ crossover: the read half sees what the write half wrote 3ms
   ✓ SQLite3 Driver > SQLite3 upsert atomicity behavior > plain upsert creates the row when missing 5ms
   ✓ SQLite3 Driver > SQLite3 upsert atomicity behavior > plain upsert updates the row when present 2ms
   ✓ SQLite3 Driver > SQLite3 upsert atomicity behavior > does not take the update branch for a conflict outside the requested target 1ms
   ✓ SQLite3 Driver > SQLite3 upsert atomicity behavior > unique upsert targets distinguish case, accents, and trailing spaces 2ms
   ✓ SQLite3 Driver > SQLite3 upsert atomicity behavior > plain upsert returns the row when the update is a no-op 1ms
   ✓ SQLite3 Driver > SQLite3 upsert atomicity behavior > plain upsert create branch resolves auto-increment ids 2ms
   ✓ SQLite3 Driver > SQLite3 upsert atomicity behavior > upsert update branch may rewrite the unique where field 1ms
   ✓ SQLite3 Driver > SQLite3 upsert atomicity behavior > upsert supports select on both branches 1ms
   ✓ SQLite3 Driver > SQLite3 upsert atomicity behavior > upsert with include returns the relation payload on both branches 2ms
   ✓ SQLite3 Driver > SQLite3 upsert atomicity behavior > delete with include returns the relation payload 2ms
   ✓ SQLite3 Driver > SQLite3 upsert atomicity behavior > concurrent plain upserts of the same missing key both succeed 1ms
   ✓ SQLite3 Driver > SQLite3 upsert atomicity behavior > concurrent fallback upserts of the same missing key both succeed 2ms
   ✓ SQLite3 Driver > transactional nested update divides an integer PK and propagates it 3ms
   ✓ SQLite3 Driver > SQLite3 batch-only batch primary-key dataflow > generated parent ID feeds to-many child FK 3ms
   ✓ SQLite3 Driver > SQLite3 batch-only batch primary-key dataflow > generated parent ID feeds nested createMany child FKs 2ms
   ✓ SQLite3 Driver > SQLite3 batch-only batch primary-key dataflow > generated child ID feeds to-one parent FK 2ms
   ✓ SQLite3 Driver > SQLite3 batch-only batch primary-key dataflow > generated parent ID feeds multiple sibling relation branches 3ms
   ✓ SQLite3 Driver > SQLite3 batch-only batch primary-key dataflow > generated parent, child, and grandchild IDs flow through recursive create 2ms
   ✓ SQLite3 Driver > SQLite3 batch-only batch primary-key dataflow > top-level update changes PK with direct literal and nested create uses it 2ms
   ✓ SQLite3 Driver > SQLite3 batch-only batch primary-key dataflow > top-level update changes PK with set operation and nested create uses it 2ms
   ✓ SQLite3 Driver > SQLite3 batch-only batch primary-key dataflow > top-level update changes numeric PK with increment and nested create uses it 3ms
   ✓ SQLite3 Driver > SQLite3 batch-only batch primary-key dataflow > top-level update changes numeric PK with decrement and nested create uses it 2ms
   ✓ SQLite3 Driver > SQLite3 batch-only batch primary-key dataflow > top-level update changes numeric PK with multiply and nested create uses it 2ms
   ✓ SQLite3 Driver > SQLite3 batch-only batch primary-key dataflow > top-level update changes numeric PK with divide and nested create uses it 6ms
   ✓ SQLite3 Driver > SQLite3 batch-only batch primary-key dataflow > top-level upsert update branch changes PK before nested create 6ms
   ✓ SQLite3 Driver > SQLite3 batch-only batch primary-key dataflow > failure after generated refs rolls back parent and children 3ms
   ✓ SQLite3 Driver > SQLite3 batch-only batch primary-key dataflow > unsupported compound primary-key dataflow rejects before parent mutation 2ms
   ✓ SQLite3 Driver > SQLite3 batch-only batch primary-key dataflow > unsafe PK update shape rejects before parent mutation 2ms
   ✓ SQLite3 Driver > SQLite3 batch-only batch refs > stores and reads an exact reference inside one batch 0ms
 ❯ |provider-sqlite3| tests/providers/local/sqlite3-index-ddl.test.ts (126 tests | 2 failed) 883ms
   ✓ SQLite3 Driver > SQLite3 foreign-key index > push creates an index over the manyToOne FK column 3ms
   ✓ SQLite3 Driver > SQLite3 foreign-key index > re-pushing the schema is not an index change 2ms
   ✓ SQLite3 Driver > SQLite3 foreign-key index > re-pushing the schema is not a foreign-key change 2ms
   ✓ SQLite3 Driver > SQLite3 foreign-key index > a declared .index() on the FK column is not duplicated 1ms
   ✓ SQLite3 Driver > SQLite3 foreign-key index > a wider declared index over the FK columns replaces it in one push 3ms
   ✓ SQLite3 Driver > SQLite3 foreign-key index > a compound unique over the FK columns replaces it in one push 2ms
   ✓ SQLite3 Driver > SQLite3 declared index on a mapped field > push creates the index over the mapped column names 1ms
   ✓ SQLite3 Driver > SQLite3 declared index on a mapped field > re-pushing the schema is not an index change 1ms
   ✓ SQLite3 Driver > SQLite3 declared index on a mapped field > the declared index leaves the FK index nothing to add 1ms
   ✓ SQLite3 Driver > SQLite3 partial index > push writes the predicate into the index 1ms
   ✓ SQLite3 Driver > SQLite3 partial index > a second push is not an index change 1ms
   ✓ SQLite3 Driver > SQLite3 partial index coverage > the foreign-key column keeps a whole-column index 1ms
   ✓ SQLite3 Driver > SQLite3 partial index coverage > a second push does not touch the foreign-key index 2ms
   ✓ SQLite3 Driver > SQLite3 partial index coverage > two rows the predicate excludes cannot share the 1:1 key 2ms
   ✓ SQLite3 Driver > SQLite3 foreign-key index upgrade > a database without the index gains it, and keeps it 3ms
   ✓ SQLite3 Driver > SQLite3 foreign-key index query plan > an include at volume reads the child table through the FK index 50ms
   ✓ SQLite3 Driver > SQLite3 ordering query plan > an EXPLICIT non-default placement on a NOT NULL column is elided too 80ms
   ✓ SQLite3 Driver > SQLite3 ordering query plan > a windowed order on a NOT NULL column walks the index 77ms
   ✓ SQLite3 Driver > SQLite3 ordering query plan > a nullable sort column keeps its placement and still orders correctly 76ms
   × SQLite3 Driver > SQLite3 ordering query plan > a cursor over NOT NULL sort columns seeks into the index 76ms
     → expected 'SEARCH q0 USING INDEX order_plan_rows…' to contain 'SEARCH t0 USING INDEX order_plan_rows…'
   × SQLite3 Driver > SQLite3 ordering query plan > both cursor spellings page identically over duplicate sort keys 77ms
     → expected +0 to be 5 // Object.is equality
   ✓ SQLite3 Driver > SQLite3 ordering query plan > a descending cursor pages in the order an independent sort gives 83ms
   ✓ SQLite3 Driver > SQLite3 ordering query plan > a cursor over a column holding nulls pages through them 77ms
   ✓ SQLite3 Driver > SQLite3 ordering query plan > a cursor that matches no row leaves an empty window 75ms
   ✓ SQLite3 Driver > SQLite3 forward-ref FK push ordering > simple forward ref: push creates every table + FK round-trips 2ms
   ✓ SQLite3 Driver > SQLite3 forward-ref FK push ordering > multi-model forward chain: push + create through the chain 2ms
   ✓ SQLite3 Driver > SQLite3 forward-ref FK push ordering > self reference: push + parent/child round-trip 1ms
   ✓ SQLite3 Driver > SQLite3 forward-ref FK push ordering > idempotency: re-pushing a forward-ref schema does not recreate tables 1ms
   ✓ SQLite3 Driver > SQLite3 count/aggregate input windows > count applies ordered cursor input window 2ms
   ✓ SQLite3 Driver > SQLite3 count/aggregate input windows > aggregate applies ordered cursor input window 2ms
   ✓ SQLite3 Driver > SQLite3 count/aggregate input windows > count applies negative take input window 1ms
   ✓ SQLite3 Driver > SQLite3 count/aggregate input windows > aggregate applies negative take input window 1ms
   ✓ SQLite3 Driver > SQLite3 count/aggregate input windows > selected count uses the input window 1ms
   ✓ SQLite3 Driver > SQLite3 count/aggregate input windows > aggregate _count object form counts non-null values per field 1ms
   ✓ SQLite3 Driver > SQLite3 count/aggregate input windows > aggregate _count object form applies the input window 1ms
   ✓ SQLite3 Driver > SQLite3 count/aggregate input windows > count honors supported relation order in input window 1ms
   ✓ SQLite3 Driver > SQLite3 count/aggregate input windows > aggregate honors supported relation order in input window 2ms
   ✓ SQLite3 Driver > SQLite3 count/aggregate input windows > unsupported to-many scalar relation order fails closed 1ms
   ✓ SQLite3 Driver > SQLite3 distinct/skip windows > distinct with orderBy keeps first row per group in user order 1ms
   ✓ SQLite3 Driver > SQLite3 distinct/skip windows > distinct with ascending orderBy 3ms
   ✓ SQLite3 Driver > SQLite3 distinct/skip windows > distinct ordered by the distinct column descending 2ms
   ✓ SQLite3 Driver > SQLite3 distinct/skip windows > distinct with orderBy and skip without take 1ms
   ✓ SQLite3 Driver > SQLite3 distinct/skip windows > top-level skip without take 1ms
   ✓ SQLite3 Driver > SQLite3 distinct/skip windows > nested include skip without take 1ms
   ✓ SQLite3 Driver > SQLite3 distinct/skip windows > multi-key orderBy > array form orders by each key in turn 1ms
   ✓ SQLite3 Driver > SQLite3 distinct/skip windows > multi-key orderBy > later keys break ties left by earlier keys 1ms
   ✓ SQLite3 Driver > SQLite3 distinct/skip windows > multi-key orderBy > multi-key orderBy with take windows the ordered rows 3ms
   ✓ SQLite3 Driver > SQLite3 distinct/skip windows > multi-key orderBy > multi-key orderBy with take and skip 2ms
   ✓ SQLite3 Driver > SQLite3 distinct/skip windows > findFirst distinct + string shorthand > findFirst distinct returns the first distinct row 2ms
   ✓ SQLite3 Driver > SQLite3 distinct/skip windows > findFirst distinct + string shorthand > string and array spellings agree on findFirst 1ms
   ✓ SQLite3 Driver > SQLite3 distinct/skip windows > findFirst distinct + string shorthand > string and array spellings agree on findMany 1ms
   ✓ SQLite3 Driver > SQLite3 distinct/skip windows > findFirst distinct + string shorthand > negative take flips the order before distinct, as on findMany 3ms
   ✓ SQLite3 Driver > SQLite3 distinct/skip windows > findFirst distinct + string shorthand > positive take keeps the forward window 1ms
   ✓ SQLite3 Driver > SQLite3 distinct/skip windows > findFirst distinct + string shorthand > take 0 is an empty window even with distinct 1ms
   ✓ SQLite3 Driver > SQLite3 distinct/skip windows > findFirst distinct + string shorthand > skip pages within the distinct set 1ms
   ✓ SQLite3 Driver > SQLite3 distinct/skip windows > findFirst distinct + string shorthand > distinct composes with where on findFirst 1ms
   ✓ SQLite3 Driver > SQLite3 distinct/skip windows > findFirst distinct + string shorthand > distinct on findFirst with no matching rows returns null 2ms
   ✓ SQLite3 Driver > SQLite3 distinct/skip windows > multi-column distinct > keeps the first row per column combination in user order 2ms
   ✓ SQLite3 Driver > SQLite3 distinct/skip windows > multi-column distinct > ascending order keeps the other duplicate 1ms
   ✓ SQLite3 Driver > SQLite3 total cursor pagination > 'asc nulls first after null' 2ms
   ✓ SQLite3 Driver > SQLite3 total cursor pagination > 'asc nulls last after null' 1ms
   ✓ SQLite3 Driver > SQLite3 total cursor pagination > 'desc nulls first after null' 2ms
   ✓ SQLite3 Driver > SQLite3 total cursor pagination > 'desc nulls last after null' 1ms
   ✓ SQLite3 Driver > SQLite3 total cursor pagination > 'asc nulls first after non-null' 1ms
   ✓ SQLite3 Driver > SQLite3 total cursor pagination > 'asc nulls last after non-null' 1ms
   ✓ SQLite3 Driver > SQLite3 total cursor pagination > 'desc nulls first after non-null' 1ms
   ✓ SQLite3 Driver > SQLite3 total cursor pagination > 'desc nulls last after non-null' 1ms
   ✓ SQLite3 Driver > SQLite3 total cursor pagination > bare directions use one portable null default 1ms
   ✓ SQLite3 Driver > SQLite3 total cursor pagination > cursor inclusion, skip, default order, and backward take share one boundary 1ms
   ✓ SQLite3 Driver > SQLite3 total cursor pagination > first page and alternate-unique cursor share the canonical ID tie-break 1ms
   ✓ SQLite3 Driver > SQLite3 total cursor pagination > mixed directions preserve key precedence 1ms
   ✓ SQLite3 Driver > SQLite3 total cursor pagination > compound alternate cursor keeps canonical compound-ID precedence 3ms
   ✓ SQLite3 Driver > SQLite3 total cursor pagination > forward and backward windows are symmetric 1ms
   ✓ SQLite3 Driver > SQLite3 total cursor pagination > distinct ranking preserves reverse cursor skip and take 1ms
   ✓ SQLite3 Driver > SQLite3 total cursor pagination > concatenated pages equal the one-shot total order 1ms
   ✓ SQLite3 Driver > SQLite3 total cursor pagination > missing cursor consistently returns an empty window 1ms
   ✓ SQLite3 Driver > SQLite3 total cursor pagination > count and aggregate consume the same null-aware cursor window 1ms
   ✓ SQLite3 Driver > SQLite3 nested relation pagination behavior > negative take > returns the last N per parent in logical order 4ms
   ✓ SQLite3 Driver > SQLite3 nested relation pagination behavior > negative take > composes with a nested where 3ms
   ✓ SQLite3 Driver > SQLite3 nested relation pagination behavior > negative take > composes with skip (skip counts from the end) 4ms
   ✓ SQLite3 Driver > SQLite3 nested relation pagination behavior > negative take > without an explicit orderBy pages the identity order 3ms
   ✓ SQLite3 Driver > SQLite3 nested relation pagination behavior > negative take > honors a descending orderBy 2ms
   ✓ SQLite3 Driver > SQLite3 nested relation pagination behavior > negative take > works in select position and through a to-one hop 4ms
   ✓ SQLite3 Driver > SQLite3 nested relation pagination behavior > negative take > pages a many-to-many relation through its junction 5ms
   ✓ SQLite3 Driver > SQLite3 nested relation pagination behavior > negative take > take 0 returns an empty relation window 3ms
   ✓ SQLite3 Driver > SQLite3 nested relation pagination behavior > cursor > pages a relation forward, three pages, cursor inclusive 3ms
   ✓ SQLite3 Driver > SQLite3 nested relation pagination behavior > cursor > cursor without skip includes the cursor row itself 3ms
   ✓ SQLite3 Driver > SQLite3 nested relation pagination behavior > cursor > pages each parent independently from one cursor 3ms
   ✓ SQLite3 Driver > SQLite3 nested relation pagination behavior > cursor > a cursor row that does not exist yields an empty window 2ms
   ✓ SQLite3 Driver > SQLite3 nested relation pagination behavior > cursor > combines with a negative take (pages backward from the cursor) 3ms
   ✓ SQLite3 Driver > SQLite3 nested relation pagination behavior > cursor > combines with a nested where 3ms
   ✓ SQLite3 Driver > SQLite3 nested relation pagination behavior > cursor > accepts a compound unique cursor 3ms
   ✓ SQLite3 Driver > SQLite3 nested relation pagination behavior > cursor > pages a many-to-many relation through its junction 2ms
   ✓ SQLite3 Driver > SQLite3 nested relation pagination behavior > distinct > keeps the first row of each group, per parent 3ms
   ✓ SQLite3 Driver > SQLite3 nested relation pagination behavior > distinct > honors the order when choosing the surviving row 3ms
   ✓ SQLite3 Driver > SQLite3 nested relation pagination behavior > distinct > take windows the distinct set, not the raw rows 2ms
   ✓ SQLite3 Driver > SQLite3 nested relation pagination behavior > distinct > skip windows the distinct set too 3ms
   ✓ SQLite3 Driver > SQLite3 nested relation pagination behavior > distinct > composes with a negative take 3ms
   ✓ SQLite3 Driver > SQLite3 nested relation pagination behavior > distinct > composes with a nested where 3ms
   ✓ SQLite3 Driver > SQLite3 nested relation pagination behavior > distinct > without an orderBy still deduplicates the group 3ms
   ✓ SQLite3 Driver > SQLite3 nested relation pagination behavior > distinct > multi-field distinct groups by the combination 3ms
   ✓ SQLite3 Driver > SQLite3 nested relation pagination behavior > distinct > deduplicates a many-to-many relation through its junction 6ms
   ✓ SQLite3 Driver > SQLite3 nested relation pagination behavior > distinct > an unknown distinct field fails closed 3ms
   ✓ SQLite3 Driver > SQLite3 omit > findMany drops exactly the omitted scalar 2ms
   ✓ SQLite3 Driver > SQLite3 omit > findUnique / findFirst honor omit 2ms
   ✓ SQLite3 Driver > SQLite3 omit > omit composes with include, and the relation keeps its own shape 1ms
   ✓ SQLite3 Driver > SQLite3 omit > nested omit reduces the relation payload only 1ms
   ✓ SQLite3 Driver > SQLite3 omit > omit at both levels applies independently 1ms
   ✓ SQLite3 Driver > SQLite3 omit > create / update / upsert / delete honor omit 2ms
   ✓ SQLite3 Driver > SQLite3 omit > create composes select with omit 1ms
   ✓ SQLite3 Driver > SQLite3 omit > a bulk write with omit returns the projected rows, not a count 1ms
   ✓ SQLite3 Driver > SQLite3 omit > a bulk write composes select with omit 1ms
   ✓ SQLite3 Driver > SQLite3 omit > a bulk write WITHOUT a projection still counts 1ms
   ✓ SQLite3 Driver > SQLite3 omit > select + omit returns the selected shape minus overlaps 1ms
   ✓ SQLite3 Driver > SQLite3 omit > an omit that hides every field is refused 2ms
   ✓ SQLite3 Driver > SQLite3 omit > a model-level omitted column never comes back 1ms
   ✓ SQLite3 Driver > SQLite3 omit > neither select nor omit can re-include it 1ms
   ✓ SQLite3 Driver > SQLite3 omit > a model-level omitted column cannot be selected through a relation 1ms
   ✓ SQLite3 Driver > SQLite3 omit > client-level omit hides the field on every read of that model 1ms
   ✓ SQLite3 Driver > SQLite3 omit > client-level omit reaches relation payloads 1ms
   ✓ SQLite3 Driver > SQLite3 omit > a local omit: { field: false } re-includes a globally hidden field 1ms
   ✓ SQLite3 Driver > SQLite3 omit > a local omit adds to the global one instead of replacing it 1ms
   ✓ SQLite3 Driver > SQLite3 omit > an explicit select overrides the client default before local omit subtracts 2ms
   ✓ SQLite3 Driver > SQLite3 omit > select + omit composes through a selected relation include and all omit layers 1ms
   ✓ SQLite3 Driver > SQLite3 omit > client-level omit does not turn a bulk write into a row-returning one 1ms
   ✓ SQLite3 Driver > SQLite3 omit > a client that configures nothing is unaffected 1ms
 ❯ |provider-sqlite3| tests/providers/local/sqlite3-scalar-roundtrip.test.ts (180 tests | 12 failed) 299ms
   ✓ SQLite3 Driver > SQLite3 read-path regression behavior > named inverse relations > include correlates each named relation on its own FK 4ms
   ✓ SQLite3 Driver > SQLite3 read-path regression behavior > named inverse relations > relation filter correlates each named relation on its own FK 2ms
   ✓ SQLite3 Driver > SQLite3 read-path regression behavior > named inverse relations > nested create through named relation writes the matching FK 3ms
   ✓ SQLite3 Driver > SQLite3 read-path regression behavior > named inverse relations > is null / isNot null respect the mapped FK column 2ms
   ✓ SQLite3 Driver > SQLite3 read-path regression behavior > named inverse relations > string scalars holding JSON-looking text round-trip as strings 2ms
   × SQLite3 Driver > SQLite3 read-path regression behavior > named inverse relations > groupBy returns mapped scalars under their public names 3ms
     → by.map is not a function
   ✓ SQLite3 Driver > SQLite3 read-path regression behavior > named inverse relations > nested cursor pages per parent instead of being ignored 3ms
   ✓ SQLite3 Driver > SQLite3 read-path regression behavior > named inverse relations > nested negative take pages backward in logical order 3ms
   × SQLite3 Driver > SQLite3 read-path regression behavior > empty default projections > preserves root and nested row cardinality 2ms
     → Query execution failed
   × SQLite3 Driver > SQLite3 read-path regression behavior > empty default projections > still rejects an explicit empty select 3ms
     → expected [Function] to throw error matching /at least one truthy value/i but got 'Query execution failed'
   × SQLite3 Driver > SQLite3 read-path regression behavior > empty default projections > returns an empty public object from a live nested create 2ms
     → Query execution failed
   ✓ SQLite3 Driver > SQLite3 read-path regression behavior > ambiguous unnamed inverse relations > refuses the schema outright instead of picking the first FK 0ms
   ✓ SQLite3 Driver > SQLite3 read-path regression behavior > many-to-many with mapped PK columns > include resolves junction join through mapped PK columns 2ms
   ✓ SQLite3 Driver > SQLite3 read-path regression behavior > many-to-many with mapped PK columns > relation filter resolves junction join through mapped PK columns 3ms
   ✓ SQLite3 Driver > SQLite3 relation read/aggregate behavior > relation _count selection > select _count returns exact counts, including zero 2ms
   ✓ SQLite3 Driver > SQLite3 relation read/aggregate behavior > relation _count selection > returns multiple counts with a long public relation name 1ms
   ✓ SQLite3 Driver > SQLite3 relation read/aggregate behavior > relation _count selection > includes a long relation under its exact public name 2ms
   ✓ SQLite3 Driver > SQLite3 relation read/aggregate behavior > relation _count selection > select _count on findUnique with zero relations 2ms
   ✓ SQLite3 Driver > SQLite3 relation read/aggregate behavior > relation _count selection > filtered _count only counts rows matching the where 4ms
   ✓ SQLite3 Driver > SQLite3 relation read/aggregate behavior > relation _count selection > _count alongside relation rows returns both 2ms
   ✓ SQLite3 Driver > SQLite3 relation read/aggregate behavior > relation _count selection > _count inside include returns counts alongside relations 1ms
   ✓ SQLite3 Driver > SQLite3 relation read/aggregate behavior > _count: true shorthand > select _count: true counts every to-many relation 1ms
   ✓ SQLite3 Driver > SQLite3 relation read/aggregate behavior > _count: true shorthand > select _count: true equals the explicit object form 2ms
   ✓ SQLite3 Driver > SQLite3 relation read/aggregate behavior > _count: true shorthand > include _count: true counts every to-many relation 2ms
   ✓ SQLite3 Driver > SQLite3 relation read/aggregate behavior > _count: true shorthand > include _count: true sits alongside included relations 2ms
   ✓ SQLite3 Driver > SQLite3 relation read/aggregate behavior > _count: true shorthand > _count: true on findUnique counts for the single row 1ms
   × SQLite3 Driver > SQLite3 relation read/aggregate behavior > _count: true shorthand > _count: true skips to-one relations (no list relation, no key) 2ms
     → expected [ { id: 'p1', _count: {} } ] to deeply equal [ { id: 'p1' } ]
   ✓ SQLite3 Driver > SQLite3 relation read/aggregate behavior > _count: true shorthand > _count: true inside a nested include 3ms
   ✓ SQLite3 Driver > SQLite3 relation read/aggregate behavior > relation orderBy > orderBy posts._count desc yields exact order 1ms
   ✓ SQLite3 Driver > SQLite3 relation read/aggregate behavior > relation orderBy > orderBy posts._count asc yields exact order 1ms
   ✓ SQLite3 Driver > SQLite3 relation read/aggregate behavior > relation orderBy > orderBy to-one relation scalar asc/desc 2ms
   ✓ SQLite3 Driver > SQLite3 relation read/aggregate behavior > to-one relation filters > isNot with real conditions includes null-FK rows 1ms
   ✓ SQLite3 Driver > SQLite3 relation read/aggregate behavior > to-one relation filters > findMany applies same-object is and isNot filters independent of key order 1ms
   ✓ SQLite3 Driver > SQLite3 relation read/aggregate behavior > to-one relation filters > findMany combines null and object to-one filters 1ms
   ✓ SQLite3 Driver > SQLite3 relation read/aggregate behavior > to-many relation filters on the read path > findMany applies same-object some and none filters independent of key order 2ms
   ✓ SQLite3 Driver > SQLite3 relation read/aggregate behavior > to-many relation filters on the read path > findMany applies same-object some and every filters independent of key order 2ms
   ✓ SQLite3 Driver > SQLite3 relation read/aggregate behavior > to-many relation filters on the read path > every with an empty condition matches zero related rows 1ms
   ✓ SQLite3 Driver > SQLite3 relation read/aggregate behavior > to-many relation filters on the read path > every with an empty condition matches one related row 1ms
   ✓ SQLite3 Driver > SQLite3 relation read/aggregate behavior > to-many relation filters on the read path > every with an empty condition matches several related rows 1ms
   ✓ SQLite3 Driver > SQLite3 relation read/aggregate behavior > to-many relation filters on the read path > every matches vacuously for zero relations 1ms
   ✓ SQLite3 Driver > SQLite3 relation read/aggregate behavior > to-many relation filters on the read path > none excludes any user with a matching relation 1ms
   ✓ SQLite3 Driver > SQLite3 relation read/aggregate behavior > to-many relation filters on the read path > none with empty condition means zero relations 2ms
   ✓ SQLite3 Driver > SQLite3 nested relation orderBy behavior > orders root rows by a two-hop to-one chain 3ms
   ✓ SQLite3 Driver > SQLite3 nested relation orderBy behavior > orders root rows by a three-hop to-one chain 2ms
   ✓ SQLite3 Driver > SQLite3 nested relation orderBy behavior > runs the sorting docs three-hop author chain example 2ms
   ✓ SQLite3 Driver > SQLite3 nested relation orderBy behavior > places null relation-chain rows according to explicit nulls 5ms
   ✓ SQLite3 Driver > SQLite3 nested relation orderBy behavior > orders a self-relation chain by parent.parent.name 2ms
   ✓ SQLite3 Driver > SQLite3 nested relation orderBy behavior > rejects ordering through a to-many relation mid-chain 2ms
   ✓ SQLite3 Driver > SQLite3 nested relation orderBy behavior > combines nested orderBy with take, skip, and scalar tiebreakers 2ms
   ✓ SQLite3 Driver > SQLite3 nested relation orderBy behavior > orders included to-many rows by a nested relation chain 3ms
   ✓ SQLite3 Driver > SQLite3 client raw/orThrow/exist behavior > $queryRaw > binds a tagged interpolation and rows round-trip 1ms
   ✓ SQLite3 Driver > SQLite3 client raw/orThrow/exist behavior > $queryRaw > binds multiple tagged interpolations in order 1ms
   ✓ SQLite3 Driver > SQLite3 client raw/orThrow/exist behavior > $queryRaw > accepts a prebuilt sql`` fragment 0ms
   ✓ SQLite3 Driver > SQLite3 client raw/orThrow/exist behavior > $queryRawUnsafe > splices the statement verbatim and binds positional params 0ms
   ✓ SQLite3 Driver > SQLite3 client raw/orThrow/exist behavior > $executeRaw > mutates and answers the affected count, visible to the ORM read path 1ms
   ✓ SQLite3 Driver > SQLite3 client raw/orThrow/exist behavior > $executeRawUnsafe > mutates through a hand-written statement 1ms
   ✓ SQLite3 Driver > SQLite3 client raw/orThrow/exist behavior > direct mutation misses > update reports NotFoundError 1ms
   ✓ SQLite3 Driver > SQLite3 client raw/orThrow/exist behavior > direct mutation misses > delete reports NotFoundError 1ms
   ✓ SQLite3 Driver > SQLite3 client raw/orThrow/exist behavior > findFirstOrThrow > returns the matching row when found 1ms
   ✓ SQLite3 Driver > SQLite3 client raw/orThrow/exist behavior > findFirstOrThrow > throws NotFoundError when nothing matches 1ms
   ✓ SQLite3 Driver > SQLite3 client raw/orThrow/exist behavior > findUniqueOrThrow > returns the matching row when found 1ms
   ✓ SQLite3 Driver > SQLite3 client raw/orThrow/exist behavior > findUniqueOrThrow > throws NotFoundError when the id does not exist 1ms
   ✓ SQLite3 Driver > SQLite3 client raw/orThrow/exist behavior > exist > returns true when a matching row exists 1ms
   ✓ SQLite3 Driver > SQLite3 client raw/orThrow/exist behavior > exist > returns false when no row matches 1ms
   ✓ SQLite3 Driver > SQLite3 scalar round-trip behavior > datetime round-trips exactly through create and findMany 3ms
   ✓ SQLite3 Driver > SQLite3 scalar round-trip behavior > datetime filters match the stored instant 2ms
   ✓ SQLite3 Driver > SQLite3 scalar round-trip behavior > datetime update round-trips exactly 2ms
   ✓ SQLite3 Driver > SQLite3 scalar round-trip behavior > decimal reads back as its exact canonical value 2ms
   ✓ SQLite3 Driver > SQLite3 scalar round-trip behavior > a decimal LIST round-trips member by member 2ms
   ✓ SQLite3 Driver > SQLite3 scalar round-trip behavior > a decimal LIST filters by containment on its logical members 2ms
   ✓ SQLite3 Driver > SQLite3 scalar round-trip behavior > a decimal LIST compares and updates in its logical vocabulary 2ms
   ✓ SQLite3 Driver > SQLite3 scalar round-trip behavior > a decimal LIST survives a grouped projection 1ms
   ✓ SQLite3 Driver > SQLite3 scalar round-trip behavior > bigint beyond Number.MAX_SAFE_INTEGER round-trips exactly 1ms
   × SQLite3 Driver > SQLite3 scalar round-trip behavior > include round-trips datetime, decimal, and bigint exactly 3ms
     → Driver "sqlite3" returned a malformed decimal scalar for operation "findUnique": the value is not an exact decimal list in this column's declared domain.
   ✓ SQLite3 Driver > SQLite3 full scalar-type round-trip behavior > every scalar type round-trips exactly top-level 4ms
   × SQLite3 Driver > SQLite3 full scalar-type round-trip behavior > every scalar type round-trips exactly inside an include 3ms
     → Unexpected token 'j', "just a json string" is not valid JSON
   × SQLite3 Driver > SQLite3 full scalar-type round-trip behavior > json primitives round-trip with exact types 3ms
     → expected 42n to deeply equal 42
   ✓ SQLite3 Driver > SQLite3 full scalar-type round-trip behavior > aggregates are scalar-aware 3ms
   ✓ SQLite3 Driver > SQLite3 decimal exactness > round-trips every value in the domain exactly 1ms
   ✓ SQLite3 Driver > SQLite3 decimal exactness > callback transactions materialize fresh Decimal scalar and list results 1ms
   ✓ SQLite3 Driver > SQLite3 decimal exactness > array transactions materialize fresh Decimal scalar and list results 2ms
   ✓ SQLite3 Driver > SQLite3 decimal exactness > a nullable decimal stores and reads NULL, not zero 2ms
   ✓ SQLite3 Driver > SQLite3 decimal exactness > equals matches on value, not on spelling 1ms
   ✓ SQLite3 Driver > SQLite3 decimal exactness > equals distinguishes the two values a double cannot 1ms
   ✓ SQLite3 Driver > SQLite3 decimal exactness > in / notIn compare numerically 1ms
   ✓ SQLite3 Driver > SQLite3 decimal exactness > gt/lt compare numerically, not lexicographically 1ms
   ✓ SQLite3 Driver > SQLite3 decimal exactness > orderBy sorts numerically, windowed and not 1ms
   × SQLite3 Driver > SQLite3 decimal exactness > _min/_max/_sum/_avg are exact, and _sum may exceed the precision 5ms
     → Driver "sqlite3" returned a malformed decimal scalar for operation "aggregate": the value is not an exact decimal in this column's declared domain.
   ✓ SQLite3 Driver > SQLite3 decimal exactness > _avg of an all-null column is NULL, not zero and not an error 2ms
   × SQLite3 Driver > SQLite3 decimal exactness > _avg rounds exact ties to the even neighbour in both signs 1ms
     → Driver "sqlite3" returned a malformed decimal scalar for operation "aggregate": the value is not an exact decimal in this column's declared domain.
   ✓ SQLite3 Driver > SQLite3 decimal exactness > groupBy orders groups and filters them on exact aggregates 2ms
   × SQLite3 Driver > SQLite3 decimal exactness > groupBy compares a widened _sum beyond the field precision 2ms
     → Driver "sqlite3" returned a malformed decimal scalar for operation "groupBy": the sum is not an exact decimal at this column's scale.
   ✓ SQLite3 Driver > SQLite3 decimal exactness > increment and decrement are exact and never round 1ms
   ✓ SQLite3 Driver > SQLite3 decimal exactness > the precision-plus-scale edge keeps an in-range 10^18 intermediate exact 1ms
   ✓ SQLite3 Driver > SQLite3 decimal exactness > multiply rounds an exact POSITIVE tie to the EVEN neighbour 2ms
   ✓ SQLite3 Driver > SQLite3 decimal exactness > multiply rounds an exact POSITIVE tie AWAY when the neighbour is odd 1ms
   ✓ SQLite3 Driver > SQLite3 decimal exactness > multiply rounds an exact NEGATIVE tie to the EVEN neighbour 1ms
   ✓ SQLite3 Driver > SQLite3 decimal exactness > a rounded tie CARRIES across the whole value 2ms
   ✓ SQLite3 Driver > SQLite3 decimal exactness > divide rounds by the same rule, in both signs 2ms
   ✓ SQLite3 Driver > SQLite3 decimal exactness > dividing by a NEGATIVE operand keeps the quotient's sign 1ms
   ✓ SQLite3 Driver > SQLite3 decimal exactness > arithmetic on a NULL column stays NULL 1ms
   ✓ SQLite3 Driver > SQLite3 decimal exactness > division by zero fails BEFORE any statement is issued 1ms
   ✓ SQLite3 Driver > SQLite3 decimal exactness > a result past the field's precision fails and leaves the row alone 1ms
   ✓ SQLite3 Driver > SQLite3 decimal exactness > an INTERMEDIATE past the safe range fails; it never answers through a float 1ms
   ✓ SQLite3 Driver > SQLite3 decimal exactness > an operand finer than the field's scale is refused, never rounded 1ms
   ✓ SQLite3 Driver > SQLite3 LIKE wildcard escaping > contains with literal % matches only literal occurrences 1ms
   ✓ SQLite3 Driver > SQLite3 LIKE wildcard escaping > contains with literal _ matches only literal occurrences 1ms
   ✓ SQLite3 Driver > SQLite3 LIKE wildcard escaping > contains with literal backslash matches only literal occurrences 1ms
   ✓ SQLite3 Driver > SQLite3 LIKE wildcard escaping > startsWith with literal % does not act as a wildcard 1ms
   ✓ SQLite3 Driver > SQLite3 LIKE wildcard escaping > endsWith with literal _ does not act as a wildcard 1ms
   ✓ SQLite3 Driver > SQLite3 LIKE wildcard escaping > insensitive contains with literal % matches only literal occurrences 1ms
   ✓ SQLite3 Driver > SQLite3 LIKE wildcard escaping > insensitive contains still matches case-insensitively 1ms
   ✓ SQLite3 Driver > SQLite3 LIKE wildcard escaping > plain contains without wildcards still matches 1ms
   ✓ SQLite3 Driver > SQLite3 LIKE wildcard escaping > not-contains with literal % excludes only literal occurrences 1ms
   ✓ SQLite3 Driver > SQLite3 LIKE wildcard escaping > escaped prefix patterns > a percent in the value stays literal 1ms
   ✓ SQLite3 Driver > SQLite3 LIKE wildcard escaping > escaped prefix patterns > an underscore in the value stays literal 1ms
   ✓ SQLite3 Driver > SQLite3 LIKE wildcard escaping > escaped prefix patterns > a trailing escape character in the value stays literal 1ms
   ✓ SQLite3 Driver > SQLite3 LIKE wildcard escaping > escaped prefix patterns > a value that is only the escape character stays literal 1ms
   ✓ SQLite3 Driver > SQLite3 LIKE wildcard escaping > escaped prefix patterns > the empty value matches every row 1ms
   ✓ SQLite3 Driver > SQLite3 LIKE wildcard escaping > escaped prefix patterns > every wildcard family at once stays literal 1ms
   ✓ SQLite3 Driver > SQLite3 LIKE wildcard escaping > escaped prefix patterns > SQLite's GLOB metacharacters stay literal on every dialect 1ms
   ✓ SQLite3 Driver > SQLite3 LIKE wildcard escaping > escaped prefix patterns > the prefix path stays case-sensitive 1ms
   ✓ SQLite3 Driver > SQLite3 LIKE wildcard escaping > escaped prefix patterns > insensitive mode is unchanged and still ignores case 2ms
   ✓ SQLite3 Driver > SQLite3 LIKE wildcard escaping > escaped prefix patterns > endsWith keeps its spelling and its literal wildcards 2ms
   ✓ SQLite3 Driver > SQLite3 blob in/notIn filters > in matches exactly the listed byte arrays 1ms
   ✓ SQLite3 Driver > SQLite3 blob in/notIn filters > in compares bytes, not length — the one-byte decoy stays out 1ms
   ✓ SQLite3 Driver > SQLite3 blob in/notIn filters > in with no matching member returns nothing 1ms
   ✓ SQLite3 Driver > SQLite3 blob in/notIn filters > empty in matches nothing (Prisma semantics) 1ms
   ✓ SQLite3 Driver > SQLite3 blob in/notIn filters > notIn excludes exactly the listed byte arrays 1ms
   ✓ SQLite3 Driver > SQLite3 blob in/notIn filters > empty notIn matches everything (Prisma semantics) 1ms
   ✓ SQLite3 Driver > SQLite3 blob in/notIn filters > notIn on a nullable column excludes NULL rows 1ms
   ✓ SQLite3 Driver > SQLite3 blob in/notIn filters > in on a nullable column excludes NULL rows 1ms
   ✓ SQLite3 Driver > SQLite3 blob in/notIn filters > empty notIn on a nullable column keeps the NULL row 1ms
   ✓ SQLite3 Driver > SQLite3 blob in/notIn filters > Buffer members are accepted alongside Uint8Array 0ms
   ✓ SQLite3 Driver > SQLite3 blob in/notIn filters > in composes with not 0ms
   ✓ SQLite3 Driver > SQLite3 blob in/notIn filters > in composes with arbitrarily nested not 1ms
   ✓ SQLite3 Driver > SQLite3 blob in/notIn filters > in composes with the boolean wrappers 1ms
   ✓ SQLite3 Driver > SQLite3 blob in/notIn filters > in drives deleteMany, not just reads 1ms
   ✓ SQLite3 Driver > SQLite3 field references > gt compares two columns of the same row 3ms
   ✓ SQLite3 Driver > SQLite3 field references > lt compares two columns of the same row 2ms
   ✓ SQLite3 Driver > SQLite3 field references > gte and lte include the equal row 2ms
   ✓ SQLite3 Driver > SQLite3 field references > equals and not compare two columns of the same row 2ms
   ✓ SQLite3 Driver > SQLite3 field references > a bare reference is the equals shorthand 5ms
   ✓ SQLite3 Driver > SQLite3 field references > a reference resolves through .map()ed column names 2ms
   ✓ SQLite3 Driver > SQLite3 field references > string prefix/suffix/substring predicates accept a reference 2ms
   ✓ SQLite3 Driver > SQLite3 field references > a callback is refused where only the token is accepted 2ms
   ✓ SQLite3 Driver > SQLite3 field references > case folding against a referenced column > default mode compares case-sensitively, whatever the server collation 2ms
   ✓ SQLite3 Driver > SQLite3 field references > case folding against a referenced column > insensitive mode folds both the filtered and the referenced column 2ms
   ✓ SQLite3 Driver > SQLite3 field references > case folding against a referenced column > insensitive contains folds the referenced column 2ms
   ✓ SQLite3 Driver > SQLite3 field references > case folding against a referenced column > insensitive startsWith folds the referenced column 2ms
   ✓ SQLite3 Driver > SQLite3 field references > case folding against a referenced column > insensitive endsWith folds the referenced column 2ms
   ✓ SQLite3 Driver > SQLite3 field references > case folding against a referenced column > insensitive `not` complements the folded comparison 2ms
   ✓ SQLite3 Driver > SQLite3 field references > case folding against a referenced column > insensitive mode folds ASCII only 2ms
   ✓ SQLite3 Driver > SQLite3 field references > enum references > equals compares two enum columns of the same row 2ms
   ✓ SQLite3 Driver > SQLite3 field references > enum references > not complements it 2ms
   ✓ SQLite3 Driver > SQLite3 field references > enum references > a bare enum reference is the equals shorthand 2ms
   ✓ SQLite3 Driver > SQLite3 field references > enum references > the reference resolves through the .map()ed column name 2ms
   ✓ SQLite3 Driver > SQLite3 field references > enum references > lt on an enum is refused with the portability reason 2ms
   ✓ SQLite3 Driver > SQLite3 field references > enum references > lte on an enum is refused with the portability reason 2ms
   ✓ SQLite3 Driver > SQLite3 field references > enum references > gt on an enum is refused with the portability reason 1ms
   ✓ SQLite3 Driver > SQLite3 field references > enum references > gte on an enum is refused with the portability reason 2ms
   ✓ SQLite3 Driver > SQLite3 field references > enum references > literal enum filters are untouched 2ms
   ✓ SQLite3 Driver > SQLite3 field references > a reference mixes with literal operands in one filter object 2ms
   ✓ SQLite3 Driver > SQLite3 field references > a reference works inside a nested relation where 2ms
   ✓ SQLite3 Driver > SQLite3 field references > the nested scope's own model is the one a reference must name 2ms
   ✓ SQLite3 Driver > SQLite3 field references > a reference drives updateMany and deleteMany 2ms
   ✓ SQLite3 Driver > SQLite3 field references > two decimals of the SAME domain compare exactly 2ms
   ✓ SQLite3 Driver > SQLite3 field references > two decimals of DIFFERENT domains are refused before any I/O 2ms
   ✓ SQLite3 Driver > SQLite3 field references > a cross-model reference is refused before any I/O 2ms
   ✓ SQLite3 Driver > SQLite3 field references > a reference of the wrong scalar type is refused 2ms
   ✓ SQLite3 Driver > SQLite3 field references > a reference is refused in in/notIn 2ms
   ✓ SQLite3 Driver > SQLite3 field references > a reference is refused in `having`, however deeply nested 2ms
   ✓ SQLite3 Driver > SQLite3 field references > a reference is refused in JSON filters and JSON write data 5ms
   ✓ SQLite3 Driver > SQLite3 field references > SQL fragment operands > an arithmetic expression compares against the row 2ms
   × SQLite3 Driver > SQLite3 field references > SQL fragment operands > a scalar subquery compares against the whole table 2ms
     → Query execution failed
   ✓ SQLite3 Driver > SQLite3 field references > SQL fragment operands > an interpolated value rides as a bound parameter 2ms
   ✓ SQLite3 Driver > SQLite3 field references > SQL fragment operands > a fragment, a reference and a literal mix in one filter 2ms
   ✓ SQLite3 Driver > SQLite3 field references > SQL fragment operands > a fragment drives updateMany and deleteMany 2ms
   ✓ SQLite3 Driver > SQLite3 field references > SQL fragment operands > a fragment survives both execution substrates 2ms
   ✓ SQLite3 Driver > SQLite3 field references > SQL fragment operands > a fragment is refused where a reference is 2ms
 ❯ |provider-sqlite3| tests/providers/local/sqlite3-nested-write.test.ts (85 tests | 12 failed) 312ms
   ✓ SQLite3 Driver > SQLite3 nested write behavior > declares an atomic strategy for nested writes 5ms
   ✓ SQLite3 Driver > SQLite3 nested write behavior > rejects default-only createMany duplicate skipping before writing 5ms
   × SQLite3 Driver > SQLite3 nested write behavior > rejects nested default-only duplicate skipping before the parent write 4ms
     → promise resolved "{ id: 'default-only-parent' }" instead of rejecting
   ✓ SQLite3 Driver > SQLite3 nested write behavior > create derives to-one and to-many foreign keys 4ms
   ✓ SQLite3 Driver > SQLite3 nested write behavior > create connects and connect-or-creates nullable children 4ms
   ✓ SQLite3 Driver > SQLite3 nested write behavior > update creates, createManys, and connects children 3ms
   ✓ SQLite3 Driver > SQLite3 nested write behavior > update disconnects and sets nullable children 4ms
   × SQLite3 Driver > SQLite3 nested write behavior > update and updateMany keep child mutations parent-correlated 7ms
     → Nested operation 'updateMany' on relation 'posts' depends on an earlier 'update' target write in the same nested write. Split these operations into separate queries.
   × SQLite3 Driver > SQLite3 nested write behavior > delete and deleteMany keep child mutations parent-correlated 4ms
     → Nested operation 'deleteMany' on relation 'posts' depends on an earlier 'delete' target write in the same nested write. Split these operations into separate queries.
   ✓ SQLite3 Driver > SQLite3 nested write behavior > to-many upsert creates and updates the current parent's child 4ms
   ✓ SQLite3 Driver > SQLite3 nested write behavior > to-one upsert creates and updates the current target 4ms
   ✓ SQLite3 Driver > SQLite3 nested write behavior > to-one nested update modifies the connected author 3ms
   ✓ SQLite3 Driver > SQLite3 nested write behavior > to-one disconnect true nulls the foreign key, both rows survive 3ms
   ✓ SQLite3 Driver > SQLite3 nested write behavior > to-one delete true deletes the related row 4ms
   ✓ SQLite3 Driver > SQLite3 nested write behavior > to-one delete true (FK-holder side) nulls the FK then deletes the author 3ms
   ✓ SQLite3 Driver > SQLite3 nested write behavior > inverse-side to-one upsert: absent creates, found updates, witness survives 3ms
   ✓ SQLite3 Driver > SQLite3 nested write behavior > explicit join rows work as a practical many-to-many case 4ms
   ✓ SQLite3 Driver > SQLite3 nested write behavior > unsupported nested create keys reject before parent mutation 2ms
   ✓ SQLite3 Driver > SQLite3 nested write behavior > nested child failures roll back parent and prior children 3ms
   ✓ SQLite3 Driver > SQLite3 nested write behavior > to-many updates cannot target another parent's child 4ms
   ✓ SQLite3 Driver > SQLite3 nested write behavior > non-nullable child foreign keys reject disconnect atomically 5ms
   ✓ SQLite3 Driver > SQLite3 nested write behavior > nested create propagates foreign keys through mapped columns 3ms
   ✓ SQLite3 Driver > SQLite3 nested write behavior > nested create derives mapped foreign keys for createMany and connect 2ms
   ✓ SQLite3 Driver > SQLite3 nested write behavior > set keeping all required-FK children is a no-op and succeeds 3ms
   ✓ SQLite3 Driver > SQLite3 nested write behavior > set on required-FK children rejects only when rows would be orphaned 3ms
   ✓ SQLite3 Driver > SQLite3 nested write behavior > set disconnects only nullable-FK children leaving the set 3ms
   ✓ SQLite3 Driver > SQLite3 nested write behavior > connect with a list of targets reparents every one of them 2ms
   ✓ SQLite3 Driver > SQLite3 nested write behavior > a connect list with one absent target writes nothing 3ms
   ✓ SQLite3 Driver > SQLite3 nested write behavior > disconnect with a list nulls every one of them 3ms
   ✓ SQLite3 Driver > SQLite3 nested write behavior > a disconnect list naming ANOTHER parent's child nulls nothing 3ms
   ✓ SQLite3 Driver > SQLite3 nested write behavior > a create tree's connect list reparents every one of them 9ms
   ✓ SQLite3 Driver > SQLite3 nested write behavior > delete with a relation projection > a to-many relation inside `select` comes back, and the row is gone 5ms
   ✓ SQLite3 Driver > SQLite3 nested write behavior > delete with a relation projection > a to-one relation inside `select` comes back, and the row is gone 3ms
   ✓ SQLite3 Driver > SQLite3 nested write behavior > delete with a relation projection > the `include` spelling is unaffected 3ms
   ✓ SQLite3 Driver > SQLite3 advanced nested write behavior > connectOrCreate create branch accepts recursive nested writes 2ms
   ✓ SQLite3 Driver > SQLite3 advanced nested write behavior > top-level upsert guards gate nested update branch 4ms
   × SQLite3 Driver > SQLite3 delegated nested update — JSON write envelope > the delegation seam stores the JSON document, not the ORM's envelope 7ms
     → Unknown update operation: z
   × SQLite3 Driver > SQLite3 delegated nested update — JSON write envelope > a JSON document that LOOKS like the update envelope round-trips verbatim 4ms
     → expected { z: 1 } to deeply equal { set: { z: 1 }, increment: 4 }
   × SQLite3 Driver > SQLite3 delegated nested update — JSON write envelope > a depth-2 to-one chain writes both JSON columns exactly 3ms
     → Unknown update operation: m
   × SQLite3 Driver > SQLite3 delegated nested update — JSON write envelope > a depth-3 to-one chain writes all three JSON columns exactly 3ms
     → Unknown update operation: s
   × SQLite3 Driver > SQLite3 delegated nested update — JSON write envelope > a delegated TO-MANY update target stores its JSON document exactly 3ms
     → Unknown update operation: z
   × SQLite3 Driver > SQLite3 delegated nested update — JSON write envelope > the documented `data`-column escape stores the document at the delegation seam 2ms
     → Unknown update operation: label
   ✓ SQLite3 Driver > SQLite3 delegated nested update — JSON write envelope > JsonNull writes the JSON null document through the delegation seam 3ms
   ✓ SQLite3 Driver > SQLite3 delegated nested update — JSON write envelope > DbNull writes the database NULL through the delegation seam 3ms
   ✓ SQLite3 Driver > SQLite3 delegated nested update — JSON write envelope > a sentinel at depth 2 writes the same two nulls 3ms
   × SQLite3 Driver > SQLite3 delegated nested update — JSON write envelope > the non-delegated depth-1 target is unchanged by all of this 3ms
     → Unknown update operation: z
   ✓ SQLite3 Driver > SQLite3 compound key behavior > push enforces the compound primary key 2ms
   ✓ SQLite3 Driver > SQLite3 compound key behavior > push enforces the compound unique constraint 2ms
   ✓ SQLite3 Driver > SQLite3 compound key behavior > findUnique resolves compound id and compound unique selectors 3ms
   ✓ SQLite3 Driver > SQLite3 compound key behavior > nested create from a compound-id parent populates all FK columns 2ms
   ✓ SQLite3 Driver > SQLite3 compound key behavior > connect from a compound-id parent populates all FK columns 2ms
   ✓ SQLite3 Driver > SQLite3 compound key behavior > include correlates on every compound FK column, not just one 2ms
   ✓ SQLite3 Driver > SQLite3 compound key behavior > is null treats a partially-null compound FK as no relation 2ms
   ✓ SQLite3 Driver > SQLite3 compound key behavior > update and delete by compound id target only that row 2ms
   ✓ SQLite3 Driver > SQLite3 compound key behavior > upsert on a compound-id model takes both branches 2ms
   ✓ SQLite3 Driver > SQLite3 compound junction storage > round-trips two complete string-key sides and their cascade 4ms
   ✓ SQLite3 Driver > SQLite3 polymorphic member junction storage > creates, enforces and converges the member tables 8ms
   ✓ SQLite3 Driver > SQLite3 many-to-many write behavior > connect inserts junction rows without touching unrelated foreign keys 4ms
   ✓ SQLite3 Driver > SQLite3 many-to-many write behavior > connect is idempotent 4ms
   ✓ SQLite3 Driver > SQLite3 many-to-many write behavior > connect of a missing record fails 4ms
   ✓ SQLite3 Driver > SQLite3 many-to-many write behavior > create connects and creates through the junction on parent create 3ms
   ✓ SQLite3 Driver > SQLite3 many-to-many write behavior > connectOrCreate connects existing and creates missing 4ms
   ✓ SQLite3 Driver > SQLite3 many-to-many write behavior > disconnect removes the association and keeps the row 4ms
   ✓ SQLite3 Driver > SQLite3 many-to-many write behavior > set replaces the association set 4ms
   ✓ SQLite3 Driver > SQLite3 many-to-many write behavior > delete removes the child row and all its associations 5ms
   ✓ SQLite3 Driver > SQLite3 many-to-many write behavior > delete of a record not connected to the parent fails 5ms
   ✓ SQLite3 Driver > SQLite3 many-to-many write behavior > deleteMany deletes only connected rows matching the filter 4ms
   ✓ SQLite3 Driver > SQLite3 many-to-many write behavior > writes from the side without junction config resolve the same junction 5ms
   ✓ SQLite3 Driver > SQLite3 many-to-many write behavior > implicit default junction works end to end 6ms
   ✓ SQLite3 Driver > SQLite3 many-to-many write behavior > rows participating in a many-to-many can be deleted directly 4ms
   ✓ SQLite3 Driver > SQLite3 many-to-many write behavior > nested update modifies a connected record only 5ms
   ✓ SQLite3 Driver > SQLite3 many-to-many write behavior > nested updateMany touches only connected rows matching the filter 4ms
   ✓ SQLite3 Driver > SQLite3 many-to-many write behavior > nested upsert updates a connected record 3ms
   ✓ SQLite3 Driver > SQLite3 many-to-many write behavior > nested upsert creates and connects a missing record 4ms
   ✓ SQLite3 Driver > SQLite3 many-to-many write behavior > nested upsert of an existing but unconnected record fails 3ms
   ✓ SQLite3 Driver > SQLite3 many-to-many write behavior > connect lands after a deleteMany that cannot see it 4ms
   × SQLite3 Driver > SQLite3 many-to-many write behavior > duplicate connectOrCreate targets collapse to one association 3ms
     → Nested operation 'connectOrCreate' on relation 'tags' depends on an earlier 'connectOrCreate' target write in the same nested write. Split these operations into separate queries.
   ✓ SQLite3 Driver > SQLite3 many-to-many write behavior > boolean disconnect on a many-to-many relation is rejected 4ms
   ✓ SQLite3 Driver > SQLite3 many-to-many write behavior > named duplicate pairs keep isolated junction tables 3ms
   ✓ SQLite3 Driver > SQLite3 many-to-many write behavior > unnamed duplicate pairs are rejected before any DDL 3ms
   × SQLite3 Driver > SQLite3 many-to-many write behavior > self-referential many-to-many round trip 6ms
     → expected [] to deeply equal [ 'u1' ]
   ✓ SQLite3 Driver > SQLite3 many-to-many write behavior > create through the junction with a DB-generated target primary key 4ms
   ✓ SQLite3 Driver > SQLite3 many-to-many write behavior > junction create with a generated target PK under an update root 4ms
   ✓ SQLite3 Driver > SQLite3 many-to-many write behavior > connectOrCreate with a generated target PK connects existing and creates missing 5ms
   ✓ SQLite3 Driver > SQLite3 many-to-many write behavior > upsert through the junction creates a target whose PK the database generates 3ms
 ❯ |provider-sqlite3| tests/providers/local/sqlite3-returning-json.test.ts (176 tests | 27 failed) 237ms
   × SQLite3 Driver > SQLite3 relation-filter mutation behavior > updateMany with some relation filter affects only matching rows 6ms
     → expected +0 to be 1 // Object.is equality
   × SQLite3 Driver > SQLite3 relation-filter mutation behavior > updateMany with every relation filter affects only matching rows 4ms
     → expected 3 to be 2 // Object.is equality
   × SQLite3 Driver > SQLite3 relation-filter mutation behavior > updateMany with none relation filter affects only matching rows 3ms
     → expected 3 to be 2 // Object.is equality
   × SQLite3 Driver > SQLite3 relation-filter mutation behavior > deleteMany with some relation filter deletes only matching rows 2ms
     → expected +0 to be 1 // Object.is equality
   × SQLite3 Driver > SQLite3 relation-filter mutation behavior > deleteMany with every relation filter deletes only matching rows 2ms
     → expected 3 to be 2 // Object.is equality
   × SQLite3 Driver > SQLite3 relation-filter mutation behavior > deleteMany with none relation filter deletes only matching rows 2ms
     → expected 3 to be 2 // Object.is equality
   × SQLite3 Driver > SQLite3 relation-filter mutation behavior > combined relation operators > updateMany applies same-object some and none filters 2ms
     → expected +0 to be 1 // Object.is equality
   × SQLite3 Driver > SQLite3 relation-filter mutation behavior > combined relation operators > updateMany applies same-object some and every filters 2ms
     → expected +0 to be 1 // Object.is equality
   × SQLite3 Driver > SQLite3 relation-filter mutation behavior > combined relation operators > updateMany applies same-object every and none filters 2ms
     → expected 3 to be 1 // Object.is equality
   ✓ SQLite3 Driver > SQLite3 relation-filter mutation behavior > combined relation operators > updateMany applies same-object some, every, and none filters 2ms
   ✓ SQLite3 Driver > SQLite3 relation-filter mutation behavior > combined relation operators > updateMany applies same-object is and isNot filters 2ms
   × SQLite3 Driver > SQLite3 relation-filter mutation behavior > combined relation operators > deleteMany applies reversed same-object none and some filters 2ms
     → expected +0 to be 1 // Object.is equality
   × SQLite3 Driver > SQLite3 relation-filter mutation behavior > combined relation operators > deleteMany applies reversed same-object every and some filters 1ms
     → expected +0 to be 1 // Object.is equality
   × SQLite3 Driver > SQLite3 relation-filter mutation behavior > combined relation operators > deleteMany applies reversed same-object none and every filters 2ms
     → expected 3 to be 1 // Object.is equality
   ✓ SQLite3 Driver > SQLite3 relation-filter mutation behavior > combined relation operators > deleteMany applies reversed same-object none, every, and some filters 5ms
   ✓ SQLite3 Driver > SQLite3 relation-filter mutation behavior > combined relation operators > deleteMany applies reversed same-object isNot and is filters 2ms
   × SQLite3 Driver > SQLite3 relation-filter mutation behavior > combined relation operators > rolls back a combined-filter mutation when a later operation fails 3ms
     → expected +0 to be 1 // Object.is equality
   × SQLite3 Driver > SQLite3 relation-filter mutation behavior > self-relation filters > updateMany with to-many self-relation filter affects only matching rows 2ms
     → expected +0 to be 1 // Object.is equality
   × SQLite3 Driver > SQLite3 relation-filter mutation behavior > self-relation filters > updateMany with to-one self-relation filter affects only matching rows 2ms
     → expected +0 to be 1 // Object.is equality
   × SQLite3 Driver > SQLite3 relation-filter mutation behavior > self-relation filters > deleteMany with self-relation filter deletes only matching rows 2ms
     → expected 3 to be 1 // Object.is equality
   ✓ SQLite3 Driver > SQLite3 relation-filter mutation behavior > self-relation filters > upsert's update arm carries a to-many self-relation filter 2ms
   ✓ SQLite3 Driver > SQLite3 relation-filter mutation behavior > self-relation filters > upsert's update arm carries a to-one self-relation filter 2ms
   ✓ SQLite3 Driver > SQLite3 relation-filter mutation behavior > self-relation filters > an excluding self-relation filter takes the create arm instead 2ms
   × SQLite3 Driver > SQLite3 relation-filter mutation behavior > self-relation filters > update by a self-relation-filtered unique where locates or declines 2ms
     → No employee record found for update
   × SQLite3 Driver > SQLite3 relation-filter mutation behavior > self-relation filters > delete by a self-relation-filtered unique where removes one row 3ms
     → promise resolved "{ id: 'e1', name: 'boss', …(1) }" instead of rejecting
   ✓ SQLite3 Driver > SQLite3 ordering/array/create behavior > to-many include honors ascending orderBy 2ms
   ✓ SQLite3 Driver > SQLite3 ordering/array/create behavior > to-many include honors descending orderBy 2ms
   ✓ SQLite3 Driver > SQLite3 ordering/array/create behavior > to-many include honors orderBy with skip and no take 1ms
   ✓ SQLite3 Driver > SQLite3 ordering/array/create behavior > orderBy asc with nulls last places null rows at the end 1ms
   ✓ SQLite3 Driver > SQLite3 ordering/array/create behavior > orderBy desc with nulls first places null rows at the start 1ms
   ✓ SQLite3 Driver > SQLite3 ordering/array/create behavior > orderBy asc with nulls first places null rows at the start 1ms
   ✓ SQLite3 Driver > SQLite3 ordering/array/create behavior > has filter matches string array elements 1ms
   ✓ SQLite3 Driver > SQLite3 ordering/array/create behavior > has filter matches int array elements 1ms
   ✓ SQLite3 Driver > SQLite3 ordering/array/create behavior > has filter with no match returns empty 1ms
   ✓ SQLite3 Driver > SQLite3 ordering/array/create behavior > create returns the auto-increment row 1ms
   ✓ SQLite3 Driver > SQLite3 ordering/array/create behavior > concurrent creates each return their own row 2ms
   ✓ SQLite3 Driver > SQLite3 bulk-write implicit returning > createMany without select returns { count }, with select returns rows 3ms
   ✓ SQLite3 Driver > SQLite3 bulk-write implicit returning > createMany with a narrow select returns only selected fields 2ms
   ✓ SQLite3 Driver > SQLite3 bulk-write implicit returning > a relation in a bulk write's select is refused, not silently emptied 2ms
   ✓ SQLite3 Driver > SQLite3 bulk-write implicit returning > include is refused with a message that names the alternative 5ms
   ✓ SQLite3 Driver > SQLite3 bulk-write implicit returning > createMany with select assigns auto-increment ids 3ms
   ✓ SQLite3 Driver > SQLite3 bulk-write implicit returning > createMany preserves generation when another row supplies an increment id 3ms
   ✓ SQLite3 Driver > SQLite3 bulk-write implicit returning > createMany with select restores input order across increment row shapes 2ms
   ✓ SQLite3 Driver > SQLite3 bulk-write implicit returning > createMany with select preserves bigint generation and order 2ms
   ✓ SQLite3 Driver > SQLite3 bulk-write implicit returning > application defaults remain values while increment defaults stay database-owned 2ms
   ✓ SQLite3 Driver > SQLite3 bulk-write implicit returning > default-only createMany rows use database generation 3ms
   ✓ SQLite3 Driver > SQLite3 bulk-write implicit returning > default-only create uses database generation 2ms
   ✓ SQLite3 Driver > SQLite3 bulk-write implicit returning > createMany preserves conflict winner input order across row shapes 2ms
   ✓ SQLite3 Driver > SQLite3 bulk-write implicit returning > singleton createMany duplicate recovery returns count zero 2ms
   ✓ SQLite3 Driver > SQLite3 bulk-write implicit returning > skipDuplicates keeps case, accent, and trailing-space unique values distinct 2ms
   ✓ SQLite3 Driver > SQLite3 bulk-write implicit returning > explicit zero increment ids reject uniformly before mutation 2ms
   ✓ SQLite3 Driver > SQLite3 bulk-write implicit returning > createMany with select skips only duplicate rows and returns inserted rows 2ms
   ✓ SQLite3 Driver > SQLite3 bulk-write implicit returning > skipDuplicates still surfaces unrelated foreign-key failures 3ms
   ✓ SQLite3 Driver > SQLite3 bulk-write implicit returning > skipDuplicates does not suppress required, length, or conversion errors 2ms
   ✓ SQLite3 Driver > SQLite3 bulk-write implicit returning > updateMany without select returns { count }, with select returns rows 2ms
   ✓ SQLite3 Driver > SQLite3 bulk-write implicit returning > updateMany with select applies atomic operations 2ms
   ✓ SQLite3 Driver > SQLite3 bulk-write implicit returning > updateMany with select applies atomic decrement and multiply 2ms
   ✓ SQLite3 Driver > SQLite3 bulk-write implicit returning > updateMany with select applies atomic divide (exact quotient) 2ms
   ✓ SQLite3 Driver > SQLite3 bulk-write implicit returning > atomic divide pins integer-division semantics on inexact quotients 2ms
   ✓ SQLite3 Driver > SQLite3 bulk-write implicit returning > updateMany with select returns empty array when nothing matches 2ms
   ✓ SQLite3 Driver > SQLite3 bulk-write implicit returning > deleteMany without select returns { count }, with select returns the deleted rows 3ms
   ✓ SQLite3 Driver > SQLite3 bulk-write implicit returning > deleteMany with select returns [] when nothing matches and deletes nothing 2ms
   ✓ SQLite3 Driver > SQLite3 bulk-write implicit returning > deleteMany with select over every row returns them all 4ms
   ✓ SQLite3 Driver > SQLite3 createMany select fold > four same-shape rows are ONE statement, and the rows come back in input order 2ms
   ✓ SQLite3 Driver > SQLite3 createMany select fold > row shapes that differ split into one statement per contiguous run, still in input order 1ms
   ✓ SQLite3 Driver > SQLite3 createMany select fold > skipDuplicates with select is ONE statement whose rows are exactly the rows inserted 1ms
   ✓ SQLite3 Driver > SQLite3 bulk-write limit > deleteMany limit below the matching count removes exactly limit rows 1ms
   ✓ SQLite3 Driver > SQLite3 bulk-write limit > deleteMany limit equal to the matching count removes all of them 1ms
   ✓ SQLite3 Driver > SQLite3 bulk-write limit > deleteMany limit above the matching count is the uncapped delete 1ms
   ✓ SQLite3 Driver > SQLite3 bulk-write limit > deleteMany limit 0 removes nothing and reports count 0 1ms
   ✓ SQLite3 Driver > SQLite3 bulk-write limit > deleteMany limit without a where caps a whole-table delete 1ms
   ✓ SQLite3 Driver > SQLite3 bulk-write limit > updateMany limit below the matching count updates exactly limit rows 1ms
   ✓ SQLite3 Driver > SQLite3 bulk-write limit > updateMany limit at or above the matching count updates all of them 1ms
   ✓ SQLite3 Driver > SQLite3 bulk-write limit > updateMany limit 0 changes nothing and reports count 0 1ms
   ✓ SQLite3 Driver > SQLite3 bulk-write limit > updateMany limit composes with an arithmetic update 1ms
   ✓ SQLite3 Driver > SQLite3 bulk-write limit > updateMany limit composes with a relation filter 1ms
   ✓ SQLite3 Driver > SQLite3 bulk-write limit > deleteMany limit composes with a relation filter 1ms
   ✓ SQLite3 Driver > SQLite3 bulk-write limit > updateMany with select returns exactly the capped rows 2ms
   ✓ SQLite3 Driver > SQLite3 bulk-write limit > deleteMany with select returns exactly the capped rows 1ms
   ✓ SQLite3 Driver > SQLite3 bulk-write limit > a select-carrying bulk write with limit 0 returns an empty row set 1ms
   ✓ SQLite3 Driver > SQLite3 bulk-write limit > limit works on a model with a compound primary key 1ms
   ✓ SQLite3 Driver > SQLite3 bulk-write limit > limit 0 is the same no-op inside $transaction([...]) 1ms
   ✓ SQLite3 Driver > SQLite3 bulk-write limit > a negative or fractional limit is rejected before any write 1ms
   ✓ SQLite3 Driver > SQLite3 list/json filter and update behavior > list round-trip > create returns real arrays with typed elements 1ms
   ✓ SQLite3 Driver > SQLite3 list/json filter and update behavior > list round-trip > empty and null lists round-trip 1ms
   ✓ SQLite3 Driver > SQLite3 list/json filter and update behavior > list filters > equals matches the exact list 1ms
   ✓ SQLite3 Driver > SQLite3 list/json filter and update behavior > list filters > equals is order-sensitive 1ms
   ✓ SQLite3 Driver > SQLite3 list/json filter and update behavior > list filters > equals matches empty lists 1ms
   ✓ SQLite3 Driver > SQLite3 list/json filter and update behavior > list filters > equals matches int lists 1ms
   ✓ SQLite3 Driver > SQLite3 list/json filter and update behavior > list filters > equals null matches null lists only 1ms
   ✓ SQLite3 Driver > SQLite3 list/json filter and update behavior > list filters > not excludes the matching list and null lists 1ms
   ✓ SQLite3 Driver > SQLite3 list/json filter and update behavior > list filters > has matches string elements 1ms
   ✓ SQLite3 Driver > SQLite3 list/json filter and update behavior > list filters > has matches int elements 1ms
   ✓ SQLite3 Driver > SQLite3 list/json filter and update behavior > list filters > has with no match returns empty 1ms
   ✓ SQLite3 Driver > SQLite3 list/json filter and update behavior > list filters > has null is rejected consistently 1ms
   ✓ SQLite3 Driver > SQLite3 list/json filter and update behavior > list filters > hasEvery requires all elements 1ms
   ✓ SQLite3 Driver > SQLite3 list/json filter and update behavior > list filters > hasSome requires any element 1ms
   ✓ SQLite3 Driver > SQLite3 list/json filter and update behavior > list filters > DateTime membership uses the same values as the stored list 1ms
   ✓ SQLite3 Driver > SQLite3 list/json filter and update behavior > list filters > isEmpty treats null lists as empty on every dialect 1ms
   ✓ SQLite3 Driver > SQLite3 list/json filter and update behavior > list updates > set replaces the whole list 1ms
   ✓ SQLite3 Driver > SQLite3 list/json filter and update behavior > list updates > push appends a single value 1ms
   ✓ SQLite3 Driver > SQLite3 list/json filter and update behavior > list updates > push expands an array value element-wise 1ms
   ✓ SQLite3 Driver > SQLite3 list/json filter and update behavior > list updates > push appends int elements 1ms
   ✓ SQLite3 Driver > SQLite3 list/json filter and update behavior > list updates > push onto an empty list 1ms
   ✓ SQLite3 Driver > SQLite3 list/json filter and update behavior > list updates > push onto a null list creates the list 1ms
   ✓ SQLite3 Driver > SQLite3 list/json filter and update behavior > list updates > unshift prepends a single value 1ms
   ✓ SQLite3 Driver > SQLite3 list/json filter and update behavior > list updates > unshift expands an array value element-wise 1ms
   ✓ SQLite3 Driver > SQLite3 list/json filter and update behavior > json filters > equals matches the exact document 1ms
   ✓ SQLite3 Driver > SQLite3 list/json filter and update behavior > json filters > equals does not match a partial document 1ms
   ✓ SQLite3 Driver > SQLite3 list/json filter and update behavior > json filters > equals null matches null json only 1ms
   ✓ SQLite3 Driver > SQLite3 list/json filter and update behavior > json filters > not equals excludes the matching document and nulls 1ms
   ✓ SQLite3 Driver > SQLite3 list/json filter and update behavior > json path filters > equals at a path matches the scoped value 1ms
   ✓ SQLite3 Driver > SQLite3 list/json filter and update behavior > json path filters > equals at a nested path 1ms
   ✓ SQLite3 Driver > SQLite3 list/json filter and update behavior > json path filters > equals at a path matches numbers 1ms
   ✓ SQLite3 Driver > SQLite3 list/json filter and update behavior > json path filters > equals at a path matches whole sub-documents 1ms
   ✓ SQLite3 Driver > SQLite3 list/json filter and update behavior > json path filters > equals at a missing path matches nothing 1ms
   ✓ SQLite3 Driver > SQLite3 list/json filter and update behavior > json path filters > equals null at a path matches JSON null, not missing keys 1ms
   ✓ SQLite3 Driver > SQLite3 list/json filter and update behavior > json path filters > integer path segments address array elements 1ms
   ✓ SQLite3 Driver > SQLite3 list/json filter and update behavior > json path filters > path segments with dots stay literal 1ms
   × SQLite3 Driver > SQLite3 list/json filter and update behavior > json path filters > non-portable JSON path segments reject before execution 1ms
     → expected [Function] to throw error including 'portable JSON path' but got 'SQLite JSON path segments containing …'
   ✓ SQLite3 Driver > SQLite3 list/json filter and update behavior > json path filters > string_contains at a path 1ms
   ✓ SQLite3 Driver > SQLite3 list/json filter and update behavior > json path filters > string_starts_with and string_ends_with combine as AND 1ms
   ✓ SQLite3 Driver > SQLite3 list/json filter and update behavior > json path filters > JSON string ops are exact across case, wildcards, and Unicode 1ms
   ✓ SQLite3 Driver > SQLite3 list/json filter and update behavior > json path filters > string_contains without a path matches string roots 1ms
   ✓ SQLite3 Driver > SQLite3 list/json filter and update behavior > json path filters > array_contains requires every candidate element 1ms
   ✓ SQLite3 Driver > SQLite3 list/json filter and update behavior > json path filters > array_contains accepts a scalar candidate 1ms
   ✓ SQLite3 Driver > SQLite3 list/json filter and update behavior > json path filters > array_contains without a path matches array roots only 1ms
   ✓ SQLite3 Driver > SQLite3 list/json filter and update behavior > json path filters > array_starts_with matches the first element 3ms
   ✓ SQLite3 Driver > SQLite3 list/json filter and update behavior > json path filters > array_ends_with matches the last element 1ms
   ✓ SQLite3 Driver > SQLite3 list/json filter and update behavior > json path filters > not at a path inherits the path 1ms
   ✓ SQLite3 Driver > SQLite3 list/json filter and update behavior > json path filters > mode: insensitive > folds ASCII A-Z on all three string operators 1ms
   ✓ SQLite3 Driver > SQLite3 list/json filter and update behavior > json path filters > mode: insensitive > mode: default keeps the exact-text contract 1ms
   ✓ SQLite3 Driver > SQLite3 list/json filter and update behavior > json path filters > mode: insensitive > folds ASCII only — accents are never case-folded 1ms
   ✓ SQLite3 Driver > SQLite3 list/json filter and update behavior > json path filters > mode: insensitive > wildcards stay literal under the fold 1ms
   ✓ SQLite3 Driver > SQLite3 list/json filter and update behavior > json path filters > mode: insensitive > a nested not inherits the mode 1ms
   × SQLite3 Driver > SQLite3 list/json filter and update behavior > json path filters > mode: insensitive > a nested not may override the inherited mode 1ms
     → expected [ 'light' ] to deeply equal [ 'dark', 'light' ]
   ✓ SQLite3 Driver > SQLite3 list/json filter and update behavior > json path filters > mode: insensitive > string paths carry the mode too 1ms
   × SQLite3 Driver > SQLite3 list/json filter and update behavior > json path filters > mode: insensitive > an inert mode is refused, not ignored 1ms
     → promise resolved "[ 'dark' ]" instead of rejecting
   × SQLite3 Driver > SQLite3 list/json filter and update behavior > json string paths ('$.a.b') > dot paths equal their array form 1ms
     → expected [] to deeply equal [ 'dark' ]
   × SQLite3 Driver > SQLite3 list/json filter and update behavior > json string paths ('$.a.b') > bracket segments address array elements 1ms
     → expected [] to deeply equal [ 'dark' ]
   ✓ SQLite3 Driver > SQLite3 list/json filter and update behavior > json string paths ('$.a.b') > '$' alone is the document root 1ms
   × SQLite3 Driver > SQLite3 list/json filter and update behavior > json string paths ('$.a.b') > every operator accepts the string form 1ms
     → expected [] to deeply equal [ 'dark' ]
   ✓ SQLite3 Driver > SQLite3 list/json filter and update behavior > json string paths ('$.a.b') > a dot is always a separator — literal dots need the array form 1ms
   × SQLite3 Driver > SQLite3 list/json filter and update behavior > json string paths ('$.a.b') > unsupported path grammar rejects before execution 1ms
     → promise resolved "[]" instead of rejecting
   × SQLite3 Driver > SQLite3 list/json filter and update behavior > json string paths ('$.a.b') > quoted labels keep the portable-path refusal 1ms
     → promise resolved "[]" instead of rejecting
   ✓ SQLite3 Driver > SQLite3 list/json filter and update behavior > json comparison filters (lt/lte/gt/gte) > numeric operands compare numbers only 2ms
   ✓ SQLite3 Driver > SQLite3 list/json filter and update behavior > json comparison filters (lt/lte/gt/gte) > numeric operands never match a numeric string or other types 1ms
   ✓ SQLite3 Driver > SQLite3 list/json filter and update behavior > json comparison filters (lt/lte/gt/gte) > string operands compare strings only, by code point 1ms
   ✓ SQLite3 Driver > SQLite3 list/json filter and update behavior > json comparison filters (lt/lte/gt/gte) > string ordering is byte order, not the database's locale collation 1ms
   ✓ SQLite3 Driver > SQLite3 list/json filter and update behavior > json comparison filters (lt/lte/gt/gte) > mixed operand classes never cross 1ms
   ✓ SQLite3 Driver > SQLite3 list/json filter and update behavior > json comparison filters (lt/lte/gt/gte) > absent paths and NULL columns never match and never error 1ms
   ✓ SQLite3 Driver > SQLite3 list/json filter and update behavior > json comparison filters (lt/lte/gt/gte) > comparisons combine as AND inside one filter object 1ms
   ✓ SQLite3 Driver > SQLite3 list/json filter and update behavior > json comparison filters (lt/lte/gt/gte) > comparisons reach nested objects and array indices 1ms
   ✓ SQLite3 Driver > SQLite3 list/json filter and update behavior > json comparison filters (lt/lte/gt/gte) > comparisons without a path apply to the document root 1ms
   ✓ SQLite3 Driver > SQLite3 list/json filter and update behavior > json comparison filters (lt/lte/gt/gte) > not inherits the path and drops non-comparable rows 1ms
   ✓ SQLite3 Driver > SQLite3 list/json filter and update behavior > json comparison filters (lt/lte/gt/gte) > non-number, non-string operands reject before execution 1ms
   ✓ SQLite3 Driver > SQLite3 json null sentinel behavior > the truth table > equals DbNull matches the SQL NULLs only 1ms
   ✓ SQLite3 Driver > SQLite3 json null sentinel behavior > the truth table > equals JsonNull matches the stored JSON null only 1ms
   ✓ SQLite3 Driver > SQLite3 json null sentinel behavior > the truth table > equals AnyNull matches both 1ms
   ✓ SQLite3 Driver > SQLite3 json null sentinel behavior > the truth table > not DbNull matches every row that holds a document 1ms
   ✓ SQLite3 Driver > SQLite3 json null sentinel behavior > the truth table > not JsonNull excludes the JSON null and the SQL NULLs 0ms
   ✓ SQLite3 Driver > SQLite3 json null sentinel behavior > the truth table > not AnyNull matches only real documents 0ms
   ✓ SQLite3 Driver > SQLite3 json null sentinel behavior > the truth table > the three equals predicates partition the table 1ms
   ✓ SQLite3 Driver > SQLite3 json null sentinel behavior > writes > DbNull and JsonNull are different stored values 1ms
   ✓ SQLite3 Driver > SQLite3 json null sentinel behavior > writes > update moves a row between the two nulls 1ms
   ✓ SQLite3 Driver > SQLite3 json null sentinel behavior > writes > upsert stores a sentinel on either arm 1ms
   ✓ SQLite3 Driver > SQLite3 json null sentinel behavior > writes > JsonNull is storable in a NOT NULL json column 1ms
   ✓ SQLite3 Driver > SQLite3 json null sentinel behavior > refusals > a bare null in write position is refused, not guessed 1ms
   ✓ SQLite3 Driver > SQLite3 json null sentinel behavior > refusals > AnyNull is filter-only 1ms
   ✓ SQLite3 Driver > SQLite3 json null sentinel behavior > refusals > DbNull is refused on a NOT NULL json column 0ms
   ✓ SQLite3 Driver > SQLite3 json null sentinel behavior > refusals > a sentinel nested inside a document is refused 1ms
   ✓ SQLite3 Driver > SQLite3 json null sentinel behavior > refusals > a sentinel under a path is refused before execution 1ms
   × SQLite3 Driver > SQLite3 json null sentinel behavior > refusals > an inert mode beside a sentinel not is refused 1ms
     → promise resolved "[ 'doc', 'js', 'nest' ]" instead of rejecting
   ✓ SQLite3 Driver > SQLite3 json null sentinel behavior > bare null in filter position (unchanged) > equals null still means the SQL NULL at the root 1ms
   ✓ SQLite3 Driver > SQLite3 json null sentinel behavior > bare null in filter position (unchanged) > not { equals: null } still means IS NOT NULL 0ms
   ✓ SQLite3 Driver > SQLite3 json null sentinel behavior > bare null in filter position (unchanged) > equals null under a path still means the JSON null there 0ms
 ↓ |provider-libsql| tests/providers/local/libsql-index-ddl.test.ts (117 tests | 117 skipped)
 ↓ |provider-libsql| tests/providers/local/libsql-returning-text.test.ts (158 tests | 158 skipped)
 ↓ |provider-libsql| tests/providers/local/libsql-scalars-upserts.test.ts (82 tests | 82 skipped)
 ↓ |provider-libsql| tests/providers/local/libsql-parity-json.test.ts (233 tests | 233 skipped)
 ✓ |provider-libsql| tests/providers/local/libsql.test.ts (9 tests) 90ms
 ↓ |provider-libsql| tests/providers/local/libsql-nested-write.test.ts (73 tests | 73 skipped)

⎯⎯⎯⎯⎯⎯ Failed Tests 61 ⎯⎯⎯⎯⎯⎯⎯

 FAIL  |provider-sqlite3| tests/providers/local/sqlite3-index-ddl.test.ts > SQLite3 Driver > SQLite3 ordering query plan > a cursor over NOT NULL sort columns seeks into the index
AssertionError: expected 'SEARCH q0 USING INDEX order_plan_rows…' to contain 'SEARCH t0 USING INDEX order_plan_rows…'

[32m- Expected[39m
[31m+ Received[39m

[32m- SEARCH [7mt[27m0 USING INDEX order_plan_rows_bucket_id_idx ([39m
[31m+ SEARCH [7mq[27m0 USING INDEX order_plan_rows_bucket_id_idx ([7mbucket>?)[27m[39m
[31m+ SCALAR SUBQUERY 1[39m
[31m+ SEARCH q1 USING INDEX sqlite_autoindex_order_plan_rows_1 (id=?)[39m
[31m+ REUSE SUBQUERY 1[39m

 ❯ tests/contracts/drivers/behaviors/ordering-plan-behavior.ts:306:22
    304|       } else {
    305|         // SEARCH is a seek; SCAN is a walk.
    306|         expect(plan).toContain(
       |                      ^
    307|           "SEARCH t0 USING INDEX order_plan_rows_bucket_id_idx ("
    308|         );

⎯⎯⎯⎯⎯⎯⎯⎯⎯⎯⎯⎯⎯⎯⎯⎯⎯⎯⎯⎯⎯⎯⎯[1/61]⎯

 FAIL  |provider-sqlite3| tests/providers/local/sqlite3-index-ddl.test.ts > SQLite3 Driver > SQLite3 ordering query plan > both cursor spellings page identically over duplicate sort keys
AssertionError: expected +0 to be 5 // Object.is equality

[32m- Expected[39m
[31m+ Received[39m

[32m- 5[39m
[31m+ 0[39m

 ❯ tests/contracts/drivers/behaviors/ordering-plan-behavior.ts:361:32
    359|       // The two runs really did take the two different paths.
    360|       expect(rowValueSpellings).toBeGreaterThan(0);
    361|       expect(guardedSpellings).toBe(rowValueSpellings);
       |                                ^
    362| 
    363|       expect(notNullPages).toHaveLength(6);

⎯⎯⎯⎯⎯⎯⎯⎯⎯⎯⎯⎯⎯⎯⎯⎯⎯⎯⎯⎯⎯⎯⎯[2/61]⎯

 FAIL  |provider-sqlite3| tests/providers/local/sqlite3-nested-write.test.ts > SQLite3 Driver > SQLite3 nested write behavior > rejects nested default-only duplicate skipping before the parent write
AssertionError: promise resolved "{ id: 'default-only-parent' }" instead of rejecting

[32m- Expected[39m
[31m+ Received[39m

[32m- Error {[39m
[32m-   "message": "rejected promise",[39m
[31m+ {[39m
[31m+   "id": "default-only-parent",[39m
[2m  }[22m

 ❯ tests/contracts/drivers/behaviors/nested-write-behavior.ts:85:7
     83|           },
     84|         })
     85|       ).rejects.toThrow("no portable duplicate-only DEFAULT VALUES pri…
       |       ^
     86| 
     87|       expect(await currentClient.defaultOnlyParent.count()).toBe(0);

⎯⎯⎯⎯⎯⎯⎯⎯⎯⎯⎯⎯⎯⎯⎯⎯⎯⎯⎯⎯⎯⎯⎯[3/61]⎯

 FAIL  |provider-sqlite3| tests/providers/local/sqlite3-nested-write.test.ts > SQLite3 Driver > SQLite3 nested write behavior > update and updateMany keep child mutations parent-correlated
NestedWriteError: Nested operation 'updateMany' on relation 'posts' depends on an earlier 'update' target write in the same nested write. Split these operations into separate queries.
⎯⎯⎯⎯⎯⎯⎯⎯⎯⎯⎯⎯⎯⎯⎯⎯⎯⎯⎯⎯⎯⎯⎯[4/61]⎯

 FAIL  |provider-sqlite3| tests/providers/local/sqlite3-nested-write.test.ts > SQLite3 Driver > SQLite3 nested write behavior > delete and deleteMany keep child mutations parent-correlated
NestedWriteError: Nested operation 'deleteMany' on relation 'posts' depends on an earlier 'delete' target write in the same nested write. Split these operations into separate queries.
⎯⎯⎯⎯⎯⎯⎯⎯⎯⎯⎯⎯⎯⎯⎯⎯⎯⎯⎯⎯⎯⎯⎯[5/61]⎯

 FAIL  |provider-sqlite3| tests/providers/local/sqlite3-nested-write.test.ts > SQLite3 Driver > SQLite3 delegated nested update — JSON write envelope > the delegation seam stores the JSON document, not the ORM's envelope
QueryEngineError: Unknown update operation: z
⎯⎯⎯⎯⎯⎯⎯⎯⎯⎯⎯⎯⎯⎯⎯⎯⎯⎯⎯⎯⎯⎯⎯[6/61]⎯

 FAIL  |provider-sqlite3| tests/providers/local/sqlite3-nested-write.test.ts > SQLite3 Driver > SQLite3 delegated nested update — JSON write envelope > a JSON document that LOOKS like the update envelope round-trips verbatim
AssertionError: expected { z: 1 } to deeply equal { set: { z: 1 }, increment: 4 }

[32m- Expected[39m
[31m+ Received[39m

[2m  {[22m
[32m-   "increment": 4,[39m
[32m-   "set": {[39m
[2m    "z": 1,[22m
[32m-   },[39m
[2m  }[22m

 ❯ tests/contracts/drivers/behaviors/nested-write-json-envelope-behavior.ts:265:9
    263|       expect(
    264|         (await db().person.findUniqueOrThrow({ where: { id: "h1" } }))…
    265|       ).toEqual(written);
       |         ^
    266|     });
    267| 

⎯⎯⎯⎯⎯⎯⎯⎯⎯⎯⎯⎯⎯⎯⎯⎯⎯⎯⎯⎯⎯⎯⎯[7/61]⎯

 FAIL  |provider-sqlite3| tests/providers/local/sqlite3-nested-write.test.ts > SQLite3 Driver > SQLite3 delegated nested update — JSON write envelope > a depth-2 to-one chain writes both JSON columns exactly
QueryEngineError: Unknown update operation: m
⎯⎯⎯⎯⎯⎯⎯⎯⎯⎯⎯⎯⎯⎯⎯⎯⎯⎯⎯⎯⎯⎯⎯[8/61]⎯

 FAIL  |provider-sqlite3| tests/providers/local/sqlite3-nested-write.test.ts > SQLite3 Driver > SQLite3 delegated nested update — JSON write envelope > a depth-3 to-one chain writes all three JSON columns exactly
QueryEngineError: Unknown update operation: s
⎯⎯⎯⎯⎯⎯⎯⎯⎯⎯⎯⎯⎯⎯⎯⎯⎯⎯⎯⎯⎯⎯⎯[9/61]⎯

 FAIL  |provider-sqlite3| tests/providers/local/sqlite3-nested-write.test.ts > SQLite3 Driver > SQLite3 delegated nested update — JSON write envelope > a delegated TO-MANY update target stores its JSON document exactly
QueryEngineError: Unknown update operation: z
⎯⎯⎯⎯⎯⎯⎯⎯⎯⎯⎯⎯⎯⎯⎯⎯⎯⎯⎯⎯⎯⎯[10/61]⎯

 FAIL  |provider-sqlite3| tests/providers/local/sqlite3-nested-write.test.ts > SQLite3 Driver > SQLite3 delegated nested update — JSON write envelope > the documented `data`-column escape stores the document at the delegation seam
QueryEngineError: Unknown update operation: label
⎯⎯⎯⎯⎯⎯⎯⎯⎯⎯⎯⎯⎯⎯⎯⎯⎯⎯⎯⎯⎯⎯[11/61]⎯

 FAIL  |provider-sqlite3| tests/providers/local/sqlite3-nested-write.test.ts > SQLite3 Driver > SQLite3 delegated nested update — JSON write envelope > the non-delegated depth-1 target is unchanged by all of this
QueryEngineError: Unknown update operation: z
⎯⎯⎯⎯⎯⎯⎯⎯⎯⎯⎯⎯⎯⎯⎯⎯⎯⎯⎯⎯⎯⎯[12/61]⎯

 FAIL  |provider-sqlite3| tests/providers/local/sqlite3-nested-write.test.ts > SQLite3 Driver > SQLite3 many-to-many write behavior > duplicate connectOrCreate targets collapse to one association
NestedWriteError: Nested operation 'connectOrCreate' on relation 'tags' depends on an earlier 'connectOrCreate' target write in the same nested write. Split these operations into separate queries.
⎯⎯⎯⎯⎯⎯⎯⎯⎯⎯⎯⎯⎯⎯⎯⎯⎯⎯⎯⎯⎯⎯[13/61]⎯

 FAIL  |provider-sqlite3| tests/providers/local/sqlite3-nested-write.test.ts > SQLite3 Driver > SQLite3 many-to-many write behavior > self-referential many-to-many round trip
AssertionError: expected [] to deeply equal [ 'u1' ]

[32m- Expected[39m
[31m+ Received[39m

[32m- [[39m
[32m-   "u1",[39m
[32m- ][39m
[31m+ [][39m

 ❯ tests/contracts/drivers/behaviors/many-to-many-behavior.ts:606:9
    604|       expect(
    605|         (u2?.followedBy ?? []).map((user: { id: string }) => user.id)
    606|       ).toEqual(["u1"]);
       |         ^
    607| 
    608|       await c.user.update({

⎯⎯⎯⎯⎯⎯⎯⎯⎯⎯⎯⎯⎯⎯⎯⎯⎯⎯⎯⎯⎯⎯[14/61]⎯

 FAIL  |provider-sqlite3| tests/providers/local/sqlite3-polymorphic-batch.test.ts > SQLite3 Driver > SQLite3 Prisma parity > empty select rejection > empty select object throws
AssertionError: expected [Function] to throw error matching /needs at least one truthy value/ but got 'Query execution failed'

[32m- Expected:[39m 
/needs at least one truthy value/

[31m+ Received:[39m 
"Query execution failed"

 ❯ tests/contracts/drivers/behaviors/prisma-parity-behavior.ts:458:9
    456|     describe("empty select rejection", () => {
    457|       test("empty select object throws", async () => {
    458|         await expect(
       |         ^
    459|           requireClient(client).user.findMany({ select: {} })
    460|         ).rejects.toThrow(EMPTY_SELECT_REFUSAL);

⎯⎯⎯⎯⎯⎯⎯⎯⎯⎯⎯⎯⎯⎯⎯⎯⎯⎯⎯⎯⎯⎯[15/61]⎯

 FAIL  |provider-sqlite3| tests/providers/local/sqlite3-polymorphic-batch.test.ts > SQLite3 Driver > SQLite3 Prisma parity > empty select rejection > all-false select throws
AssertionError: expected [Function] to throw error matching /needs at least one truthy value/ but got 'Query execution failed'

[32m- Expected:[39m 
/needs at least one truthy value/

[31m+ Received:[39m 
"Query execution failed"

 ❯ tests/contracts/drivers/behaviors/prisma-parity-behavior.ts:464:9
    462| 
    463|       test("all-false select throws", async () => {
    464|         await expect(
       |         ^
    465|           requireClient(client).user.findMany({ select: { id: false } …
    466|         ).rejects.toThrow(EMPTY_SELECT_REFUSAL);

⎯⎯⎯⎯⎯⎯⎯⎯⎯⎯⎯⎯⎯⎯⎯⎯⎯⎯⎯⎯⎯⎯[16/61]⎯

 FAIL  |provider-sqlite3| tests/providers/local/sqlite3-polymorphic-batch.test.ts > SQLite3 Driver > SQLite3 Prisma parity > groupBy ordering and having > orderBy a non-grouped column is rejected
AssertionError: promise resolved "[ { authorId: 'u1' }, …(1) ]" instead of rejecting

[32m- Expected:[39m 
Error {
  "message": "rejected promise",
}

[31m+ Received:[39m 
[
  {
    "authorId": "u1",
  },
  {
    "authorId": "u2",
  },
]

 ❯ tests/contracts/drivers/behaviors/prisma-parity-behavior.ts:513:9
    511|             orderBy: { views: "asc" },
    512|           })
    513|         ).rejects.toThrow(UNGROUPED_COLUMN_REFUSAL);
       |         ^
    514|       });
    515| 

⎯⎯⎯⎯⎯⎯⎯⎯⎯⎯⎯⎯⎯⎯⎯⎯⎯⎯⎯⎯⎯⎯[17/61]⎯

 FAIL  |provider-sqlite3| tests/providers/local/sqlite3-polymorphic-batch.test.ts > SQLite3 Driver > SQLite3 Prisma parity > groupBy ordering and having > having boolean combinators > a field-keyed condition inside an OR arm still requires `by`
AssertionError: promise resolved "[ { authorId: 'u1' } ]" instead of rejecting

[32m- Expected:[39m 
Error {
  "message": "rejected promise",
}

[31m+ Received:[39m 
[
  {
    "authorId": "u1",
  },
]

 ❯ tests/contracts/drivers/behaviors/prisma-parity-behavior.ts:882:11
    880|               having: { OR: [{ title: "Post 1" }] },
    881|             })
    882|           ).rejects.toThrow(UNGROUPED_COLUMN_REFUSAL);
       |           ^
    883|         });
    884| 

⎯⎯⎯⎯⎯⎯⎯⎯⎯⎯⎯⎯⎯⎯⎯⎯⎯⎯⎯⎯⎯⎯[18/61]⎯

 FAIL  |provider-sqlite3| tests/providers/local/sqlite3-polymorphic-batch.test.ts > SQLite3 Driver > SQLite3 polymorphic relations > empty storage is optional but orphaned membership is invalid
AssertionError: promise resolved "{ id: 2, body: 'optional orphan', …(1) }" instead of rejecting

[32m- Expected[39m
[31m+ Received[39m

[32m- Error {[39m
[32m-   "message": "rejected promise",[39m
[31m+ {[39m
[31m+   "body": "optional orphan",[39m
[31m+   "commentable": null,[39m
[31m+   "id": 2,[39m
[2m  }[22m

 ❯ tests/contracts/drivers/behaviors/polymorphic-relation-behavior.ts:558:32
    556|         include: { commentable: true },
    557|       });
    558|       await expect(optionalRead).rejects.toBeInstanceOf(QueryEngineErr…
       |                                ^
    559|       await expect(optionalRead).rejects.toThrow(
    560|         "Polymorphic relation 'commentable' references a missing 'post…

⎯⎯⎯⎯⎯⎯⎯⎯⎯⎯⎯⎯⎯⎯⎯⎯⎯⎯⎯⎯⎯⎯[19/61]⎯

 FAIL  |provider-sqlite3| tests/providers/local/sqlite3-polymorphic-batch.test.ts > SQLite3 Driver > SQLite3 polymorphic collection reads > total and filtered counts, and count ordering
Error: Raptor 3 G1 physical field is not implemented: type
 ❯ buildPhysicalFieldView src/query-engine/raptor3/shared/storage.ts:210:9
    208|     if (field === idColumn.name) return idColumn;
    209|   }
    210|   throw new Error(`Raptor 3 G1 physical field is not implemented: ${fi…
       |         ^
    211| }
    212| 
 ❯ EngineSchema.physicalField src/query-engine/raptor3/shared/schema.ts:542:34
 ❯ physicalField src/query-engine/raptor3/shared/storage.ts:189:17
 ❯ Queries.prepareScalarPredicate src/query-engine/raptor3/shared/query.ts:1177:17
 ❯ src/query-engine/raptor3/shared/query.ts:1156:23
 ❯ Queries.prepareWhere src/query-engine/raptor3/shared/query.ts:1128:31
 ❯ Queries.prepareSelector src/query-engine/raptor3/shared/query.ts:978:16
 ❯ Queries.prepareCounts src/query-engine/raptor3/shared/query.ts:3250:20
 ❯ Queries.prepareProjection src/query-engine/raptor3/shared/query.ts:3079:29

⎯⎯⎯⎯⎯⎯⎯⎯⎯⎯⎯⎯⎯⎯⎯⎯⎯⎯⎯⎯⎯⎯[20/61]⎯

 FAIL  |provider-sqlite3| tests/providers/local/sqlite3-polymorphic-batch.test.ts > SQLite3 Driver > SQLite3 polymorphic collection reads > an owner-scoped orphan fails the read, even hidden behind only
AssertionError: promise resolved "{ id: 1, name: 'main', …(1) }" instead of rejecting

[32m- Expected[39m
[31m+ Received[39m

[32m- Error {[39m
[32m-   "message": "rejected promise",[39m
[31m+ {[39m
[31m+   "id": 1,[39m
[31m+   "items": [[39m
[31m+     {[39m
[31m+       "data": {[39m
[31m+         "id": 1,[39m
[31m+         "rank": 1,[39m
[31m+         "sectionId": null,[39m
[31m+         "title": "first",[39m
[31m+       },[39m
[31m+       "type": "article",[39m
[31m+     },[39m
[31m+     {[39m
[31m+       "data": {[39m
[31m+         "id": 2,[39m
[31m+         "rank": 2,[39m
[31m+         "sectionId": null,[39m
[31m+         "title": "second",[39m
[31m+       },[39m
[31m+       "type": "article",[39m
[31m+     },[39m
[31m+   ],[39m
[31m+   "name": "main",[39m
[2m  }[22m

 ❯ tests/contracts/drivers/behaviors/polymorphic-collection-read-behavior.ts:453:24
    451|         include: { items: true },
    452|       });
    453|       await expect(full).rejects.toBeInstanceOf(QueryEngineError);
       |                        ^
    454|       await expect(full).rejects.toThrow(
    455|         "Polymorphic relation 'items' references a missing 'clip' reco…

⎯⎯⎯⎯⎯⎯⎯⎯⎯⎯⎯⎯⎯⎯⎯⎯⎯⎯⎯⎯⎯⎯[21/61]⎯

 FAIL  |provider-sqlite3| tests/providers/local/sqlite3-polymorphic-batch.test.ts > SQLite3 Driver > SQLite3 polymorphic collection writes > duplicate singular createMany targets transfer once
AssertionError: expected [ 't1/left/eu/111' ] to deeply equal [ 't1/right/eu/111' ]

[32m- Expected[39m
[31m+ Received[39m

[2m  [[22m
[32m-   "t1/right/eu/111",[39m
[31m+   "t1/left/eu/111",[39m
[2m  ][22m

 ❯ tests/contracts/drivers/behaviors/polymorphic-collection-write-behavior.ts:567:35
    565|       });
    566| 
    567|       expect(await bookMembers()).toEqual(["t1/right/eu/111"]);
       |                                   ^
    568|     });
    569| 

⎯⎯⎯⎯⎯⎯⎯⎯⎯⎯⎯⎯⎯⎯⎯⎯⎯⎯⎯⎯⎯⎯[22/61]⎯

 FAIL  |provider-sqlite3| tests/providers/local/sqlite3-returning-json.test.ts > SQLite3 Driver > SQLite3 relation-filter mutation behavior > updateMany with some relation filter affects only matching rows
AssertionError: expected +0 to be 1 // Object.is equality

[32m- Expected[39m
[31m+ Received[39m

[32m- 1[39m
[31m+ 0[39m

 ❯ tests/contracts/drivers/behaviors/relation-filter-mutation-behavior.ts:148:28
    146|       });
    147| 
    148|       expect(result.count).toBe(1);
       |                            ^
    149|       expect(await userNames()).toEqual(["Alice", "Updated", "Cara"]);
    150|     });

⎯⎯⎯⎯⎯⎯⎯⎯⎯⎯⎯⎯⎯⎯⎯⎯⎯⎯⎯⎯⎯⎯[23/61]⎯

 FAIL  |provider-sqlite3| tests/providers/local/sqlite3-returning-json.test.ts > SQLite3 Driver > SQLite3 relation-filter mutation behavior > updateMany with every relation filter affects only matching rows
AssertionError: expected 3 to be 2 // Object.is equality

[32m- Expected[39m
[31m+ Received[39m

[32m- 2[39m
[31m+ 3[39m

 ❯ tests/contracts/drivers/behaviors/relation-filter-mutation-behavior.ts:159:28
    157| 
    158|       // Alice (all published) and Cara (vacuously true: no posts)
    159|       expect(result.count).toBe(2);
       |                            ^
    160|       expect(await userNames()).toEqual(["Updated", "Bob", "Updated"]);
    161|     });

⎯⎯⎯⎯⎯⎯⎯⎯⎯⎯⎯⎯⎯⎯⎯⎯⎯⎯⎯⎯⎯⎯[24/61]⎯

 FAIL  |provider-sqlite3| tests/providers/local/sqlite3-returning-json.test.ts > SQLite3 Driver > SQLite3 relation-filter mutation behavior > updateMany with none relation filter affects only matching rows
AssertionError: expected 3 to be 2 // Object.is equality

[32m- Expected[39m
[31m+ Received[39m

[32m- 2[39m
[31m+ 3[39m

 ❯ tests/contracts/drivers/behaviors/relation-filter-mutation-behavior.ts:169:28
    167|       });
    168| 
    169|       expect(result.count).toBe(2);
       |                            ^
    170|       expect(await userNames()).toEqual(["Updated", "Bob", "Updated"]);
    171|     });

⎯⎯⎯⎯⎯⎯⎯⎯⎯⎯⎯⎯⎯⎯⎯⎯⎯⎯⎯⎯⎯⎯[25/61]⎯

 FAIL  |provider-sqlite3| tests/providers/local/sqlite3-returning-json.test.ts > SQLite3 Driver > SQLite3 relation-filter mutation behavior > deleteMany with some relation filter deletes only matching rows
AssertionError: expected +0 to be 1 // Object.is equality

[32m- Expected[39m
[31m+ Received[39m

[32m- 1[39m
[31m+ 0[39m

 ❯ tests/contracts/drivers/behaviors/relation-filter-mutation-behavior.ts:178:28
    176|       });
    177| 
    178|       expect(result.count).toBe(1);
       |                            ^
    179|       expect(await userNames()).toEqual(["Alice", "Cara"]);
    180|     });

⎯⎯⎯⎯⎯⎯⎯⎯⎯⎯⎯⎯⎯⎯⎯⎯⎯⎯⎯⎯⎯⎯[26/61]⎯

 FAIL  |provider-sqlite3| tests/providers/local/sqlite3-returning-json.test.ts > SQLite3 Driver > SQLite3 relation-filter mutation behavior > deleteMany with every relation filter deletes only matching rows
AssertionError: expected 3 to be 2 // Object.is equality

[32m- Expected[39m
[31m+ Received[39m

[32m- 2[39m
[31m+ 3[39m

 ❯ tests/contracts/drivers/behaviors/relation-filter-mutation-behavior.ts:187:28
    185|       });
    186| 
    187|       expect(result.count).toBe(2);
       |                            ^
    188|       expect(await userNames()).toEqual(["Bob"]);
    189|     });

⎯⎯⎯⎯⎯⎯⎯⎯⎯⎯⎯⎯⎯⎯⎯⎯⎯⎯⎯⎯⎯⎯[27/61]⎯

 FAIL  |provider-sqlite3| tests/providers/local/sqlite3-returning-json.test.ts > SQLite3 Driver > SQLite3 relation-filter mutation behavior > deleteMany with none relation filter deletes only matching rows
AssertionError: expected 3 to be 2 // Object.is equality

[32m- Expected[39m
[31m+ Received[39m

[32m- 2[39m
[31m+ 3[39m

 ❯ tests/contracts/drivers/behaviors/relation-filter-mutation-behavior.ts:196:28
    194|       });
    195| 
    196|       expect(result.count).toBe(2);
       |                            ^
    197|       expect(await userNames()).toEqual(["Bob"]);
    198|     });

⎯⎯⎯⎯⎯⎯⎯⎯⎯⎯⎯⎯⎯⎯⎯⎯⎯⎯⎯⎯⎯⎯[28/61]⎯

 FAIL  |provider-sqlite3| tests/providers/local/sqlite3-returning-json.test.ts > SQLite3 Driver > SQLite3 relation-filter mutation behavior > combined relation operators > updateMany applies same-object some and none filters
AssertionError: expected +0 to be 1 // Object.is equality

[32m- Expected[39m
[31m+ Received[39m

[32m- 1[39m
[31m+ 0[39m

 ❯ tests/contracts/drivers/behaviors/relation-filter-mutation-behavior.ts:212:30
    210|         });
    211| 
    212|         expect(result.count).toBe(1);
       |                              ^
    213|         expect(await userNames()).toEqual(["Updated", "Bob", "Cara"]);
    214|       });

⎯⎯⎯⎯⎯⎯⎯⎯⎯⎯⎯⎯⎯⎯⎯⎯⎯⎯⎯⎯⎯⎯[29/61]⎯

 FAIL  |provider-sqlite3| tests/providers/local/sqlite3-returning-json.test.ts > SQLite3 Driver > SQLite3 relation-filter mutation behavior > combined relation operators > updateMany applies same-object some and every filters
AssertionError: expected +0 to be 1 // Object.is equality

[32m- Expected[39m
[31m+ Received[39m

[32m- 1[39m
[31m+ 0[39m

 ❯ tests/contracts/drivers/behaviors/relation-filter-mutation-behavior.ts:227:30
    225|         });
    226| 
    227|         expect(result.count).toBe(1);
       |                              ^
    228|         expect(await userNames()).toEqual(["Updated", "Bob", "Cara"]);
    229|       });

⎯⎯⎯⎯⎯⎯⎯⎯⎯⎯⎯⎯⎯⎯⎯⎯⎯⎯⎯⎯⎯⎯[30/61]⎯

 FAIL  |provider-sqlite3| tests/providers/local/sqlite3-returning-json.test.ts > SQLite3 Driver > SQLite3 relation-filter mutation behavior > combined relation operators > updateMany applies same-object every and none filters
AssertionError: expected 3 to be 1 // Object.is equality

[32m- Expected[39m
[31m+ Received[39m

[32m- 1[39m
[31m+ 3[39m

 ❯ tests/contracts/drivers/behaviors/relation-filter-mutation-behavior.ts:242:30
    240|         });
    241| 
    242|         expect(result.count).toBe(1);
       |                              ^
    243|         expect(await userNames()).toEqual(["Alice", "Bob", "Updated"]);
    244|       });

⎯⎯⎯⎯⎯⎯⎯⎯⎯⎯⎯⎯⎯⎯⎯⎯⎯⎯⎯⎯⎯⎯[31/61]⎯

 FAIL  |provider-sqlite3| tests/providers/local/sqlite3-returning-json.test.ts > SQLite3 Driver > SQLite3 relation-filter mutation behavior > combined relation operators > deleteMany applies reversed same-object none and some filters
AssertionError: expected +0 to be 1 // Object.is equality

[32m- Expected[39m
[31m+ Received[39m

[32m- 1[39m
[31m+ 0[39m

 ❯ tests/contracts/drivers/behaviors/relation-filter-mutation-behavior.ts:292:30
    290|         });
    291| 
    292|         expect(result.count).toBe(1);
       |                              ^
    293|         expect(await userNames()).toEqual(["Bob", "Cara"]);
    294|       });

⎯⎯⎯⎯⎯⎯⎯⎯⎯⎯⎯⎯⎯⎯⎯⎯⎯⎯⎯⎯⎯⎯[32/61]⎯

 FAIL  |provider-sqlite3| tests/providers/local/sqlite3-returning-json.test.ts > SQLite3 Driver > SQLite3 relation-filter mutation behavior > combined relation operators > deleteMany applies reversed same-object every and some filters
AssertionError: expected +0 to be 1 // Object.is equality

[32m- Expected[39m
[31m+ Received[39m

[32m- 1[39m
[31m+ 0[39m

 ❯ tests/contracts/drivers/behaviors/relation-filter-mutation-behavior.ts:306:30
    304|         });
    305| 
    306|         expect(result.count).toBe(1);
       |                              ^
    307|         expect(await userNames()).toEqual(["Bob", "Cara"]);
    308|       });

⎯⎯⎯⎯⎯⎯⎯⎯⎯⎯⎯⎯⎯⎯⎯⎯⎯⎯⎯⎯⎯⎯[33/61]⎯

 FAIL  |provider-sqlite3| tests/providers/local/sqlite3-returning-json.test.ts > SQLite3 Driver > SQLite3 relation-filter mutation behavior > combined relation operators > deleteMany applies reversed same-object none and every filters
AssertionError: expected 3 to be 1 // Object.is equality

[32m- Expected[39m
[31m+ Received[39m

[32m- 1[39m
[31m+ 3[39m

 ❯ tests/contracts/drivers/behaviors/relation-filter-mutation-behavior.ts:320:30
    318|         });
    319| 
    320|         expect(result.count).toBe(1);
       |                              ^
    321|         expect(await userNames()).toEqual(["Alice", "Bob"]);
    322|       });

⎯⎯⎯⎯⎯⎯⎯⎯⎯⎯⎯⎯⎯⎯⎯⎯⎯⎯⎯⎯⎯⎯[34/61]⎯

 FAIL  |provider-sqlite3| tests/providers/local/sqlite3-returning-json.test.ts > SQLite3 Driver > SQLite3 relation-filter mutation behavior > combined relation operators > rolls back a combined-filter mutation when a later operation fails
AssertionError: expected +0 to be 1 // Object.is equality

[32m- Expected[39m
[31m+ Received[39m

[32m- 1[39m
[31m+ 0[39m

 ❯ tests/contracts/drivers/behaviors/relation-filter-mutation-behavior.ts:380:31
    378|         ).rejects.toBeInstanceOf(UniqueConstraintError);
    379| 
    380|         expect(mutationCount).toBe(1);
       |                               ^
    381|         expect(await userNames()).toEqual(["Alice", "Bob", "Cara"]);
    382|       });

⎯⎯⎯⎯⎯⎯⎯⎯⎯⎯⎯⎯⎯⎯⎯⎯⎯⎯⎯⎯⎯⎯[35/61]⎯

 FAIL  |provider-sqlite3| tests/providers/local/sqlite3-returning-json.test.ts > SQLite3 Driver > SQLite3 relation-filter mutation behavior > self-relation filters > updateMany with to-many self-relation filter affects only matching rows
AssertionError: expected +0 to be 1 // Object.is equality

[32m- Expected[39m
[31m+ Received[39m

[32m- 1[39m
[31m+ 0[39m

 ❯ tests/contracts/drivers/behaviors/relation-filter-mutation-behavior.ts:416:30
    414|         });
    415| 
    416|         expect(result.count).toBe(1);
       |                              ^
    417|         expect(await employeeNames()).toEqual(["boss", "promoted", "ki…
    418|       });

⎯⎯⎯⎯⎯⎯⎯⎯⎯⎯⎯⎯⎯⎯⎯⎯⎯⎯⎯⎯⎯⎯[36/61]⎯

 FAIL  |provider-sqlite3| tests/providers/local/sqlite3-returning-json.test.ts > SQLite3 Driver > SQLite3 relation-filter mutation behavior > self-relation filters > updateMany with to-one self-relation filter affects only matching rows
AssertionError: expected +0 to be 1 // Object.is equality

[32m- Expected[39m
[31m+ Received[39m

[32m- 1[39m
[31m+ 0[39m

 ❯ tests/contracts/drivers/behaviors/relation-filter-mutation-behavior.ts:426:30
    424|         });
    425| 
    426|         expect(result.count).toBe(1);
       |                              ^
    427|         expect(await employeeNames()).toEqual(["boss", "reportsToBoss"…
    428|       });

⎯⎯⎯⎯⎯⎯⎯⎯⎯⎯⎯⎯⎯⎯⎯⎯⎯⎯⎯⎯⎯⎯[37/61]⎯

 FAIL  |provider-sqlite3| tests/providers/local/sqlite3-returning-json.test.ts > SQLite3 Driver > SQLite3 relation-filter mutation behavior > self-relation filters > deleteMany with self-relation filter deletes only matching rows
AssertionError: expected 3 to be 1 // Object.is equality

[32m- Expected[39m
[31m+ Received[39m

[32m- 1[39m
[31m+ 3[39m

 ❯ tests/contracts/drivers/behaviors/relation-filter-mutation-behavior.ts:435:30
    433|         });
    434| 
    435|         expect(result.count).toBe(1);
       |                              ^
    436|         expect(await employeeNames()).toEqual(["boss", "mid"]);
    437|       });

⎯⎯⎯⎯⎯⎯⎯⎯⎯⎯⎯⎯⎯⎯⎯⎯⎯⎯⎯⎯⎯⎯[38/61]⎯

 FAIL  |provider-sqlite3| tests/providers/local/sqlite3-returning-json.test.ts > SQLite3 Driver > SQLite3 relation-filter mutation behavior > self-relation filters > update by a self-relation-filtered unique where locates or declines
NotFoundError: No employee record found for update
⎯⎯⎯⎯⎯⎯⎯⎯⎯⎯⎯⎯⎯⎯⎯⎯⎯⎯⎯⎯⎯⎯[39/61]⎯

 FAIL  |provider-sqlite3| tests/providers/local/sqlite3-returning-json.test.ts > SQLite3 Driver > SQLite3 relation-filter mutation behavior > self-relation filters > delete by a self-relation-filtered unique where removes one row
AssertionError: promise resolved "{ id: 'e1', name: 'boss', …(1) }" instead of rejecting

[32m- Expected[39m
[31m+ Received[39m

[32m- Error {[39m
[32m-   "message": "rejected promise",[39m
[31m+ {[39m
[31m+   "id": "e1",[39m
[31m+   "managerId": null,[39m
[31m+   "name": "boss",[39m
[2m  }[22m

 ❯ tests/contracts/drivers/behaviors/relation-filter-mutation-behavior.ts:526:9
    524|         await expect(
    525|           c.employee.delete({ where: { id: "e1", reports: { none: {} }…
    526|         ).rejects.toBeInstanceOf(NotFoundError);
       |         ^
    527|         expect(await employeeNames()).toEqual(["boss", "mid"]);
    528|       });

⎯⎯⎯⎯⎯⎯⎯⎯⎯⎯⎯⎯⎯⎯⎯⎯⎯⎯⎯⎯⎯⎯[40/61]⎯

 FAIL  |provider-sqlite3| tests/providers/local/sqlite3-returning-json.test.ts > SQLite3 Driver > SQLite3 list/json filter and update behavior > json path filters > non-portable JSON path segments reject before execution
AssertionError: expected [Function] to throw error including 'portable JSON path' but got 'SQLite JSON path segments containing …'

Expected: [32m"[7mportabl[27me JSON path"[39m
Received: [31m"[7mSQLit[27me JSON path[7m segments containing " or \ must be rejected by the portable query contract.[27m"[39m

 ❯ tests/contracts/drivers/behaviors/list-json-filter-behavior.ts:521:9
    519|       test("non-portable JSON path segments reject before execution", …
    520|         await seedJsonDocs();
    521|         await expect(
       |         ^
    522|           findNames({
    523|             metadata: { path: ['pet".name'], equals: "Fido" },

⎯⎯⎯⎯⎯⎯⎯⎯⎯⎯⎯⎯⎯⎯⎯⎯⎯⎯⎯⎯⎯⎯[41/61]⎯

 FAIL  |provider-sqlite3| tests/providers/local/sqlite3-returning-json.test.ts > SQLite3 Driver > SQLite3 list/json filter and update behavior > json path filters > mode: insensitive > a nested not may override the inherited mode
AssertionError: expected [ 'light' ] to deeply equal [ 'dark', 'light' ]

[32m- Expected[39m
[31m+ Received[39m

[2m  [[22m
[32m-   "dark",[39m
[2m    "light",[22m
[2m  ][22m

 ❯ tests/contracts/drivers/behaviors/list-json-filter-behavior.ts:777:13
    775|               },
    776|             })
    777|           ).toEqual(["dark", "light"]);
       |             ^
    778|         });
    779| 

⎯⎯⎯⎯⎯⎯⎯⎯⎯⎯⎯⎯⎯⎯⎯⎯⎯⎯⎯⎯⎯⎯[42/61]⎯

 FAIL  |provider-sqlite3| tests/providers/local/sqlite3-returning-json.test.ts > SQLite3 Driver > SQLite3 list/json filter and update behavior > json path filters > mode: insensitive > an inert mode is refused, not ignored
AssertionError: promise resolved "[ 'dark' ]" instead of rejecting

[32m- Expected:[39m 
Error {
  "message": "rejected promise",
}

[31m+ Received:[39m 
[
  "dark",
]

 ❯ tests/contracts/drivers/behaviors/list-json-filter-behavior.ts:803:11
    801|               },
    802|             })
    803|           ).rejects.toThrow("mode: 'insensitive'");
       |           ^
    804|           expect(await requireClient(client).entry.count()).toBe(5);
    805|         });

⎯⎯⎯⎯⎯⎯⎯⎯⎯⎯⎯⎯⎯⎯⎯⎯⎯⎯⎯⎯⎯⎯[43/61]⎯

 FAIL  |provider-sqlite3| tests/providers/local/sqlite3-returning-json.test.ts > SQLite3 Driver > SQLite3 list/json filter and update behavior > json string paths ('$.a.b') > dot paths equal their array form
AssertionError: expected [] to deeply equal [ 'dark' ]

[32m- Expected[39m
[31m+ Received[39m

[32m- [[39m
[32m-   "dark",[39m
[32m- ][39m
[31m+ [][39m

 ❯ tests/contracts/drivers/behaviors/list-json-filter-behavior.ts:835:11
    833|         expect(
    834|           await findNames({ metadata: { path: "$.theme", equals: "dark…
    835|         ).toEqual(
       |           ^
    836|           await findNames({ metadata: { path: ["theme"], equals: "dark…
    837|         );

⎯⎯⎯⎯⎯⎯⎯⎯⎯⎯⎯⎯⎯⎯⎯⎯⎯⎯⎯⎯⎯⎯[44/61]⎯

 FAIL  |provider-sqlite3| tests/providers/local/sqlite3-returning-json.test.ts > SQLite3 Driver > SQLite3 list/json filter and update behavior > json string paths ('$.a.b') > bracket segments address array elements
AssertionError: expected [] to deeply equal [ 'dark' ]

[32m- Expected[39m
[31m+ Received[39m

[32m- [[39m
[32m-   "dark",[39m
[32m- ][39m
[31m+ [][39m

 ❯ tests/contracts/drivers/behaviors/list-json-filter-behavior.ts:849:11
    847|             metadata: { path: "$.pet.toys[0]", equals: "ball" },
    848|           })
    849|         ).toEqual(["dark"]);
       |           ^
    850|         expect(
    851|           await findNames({ metadata: { path: "$[1]", equals: "beta" }…

⎯⎯⎯⎯⎯⎯⎯⎯⎯⎯⎯⎯⎯⎯⎯⎯⎯⎯⎯⎯⎯⎯[45/61]⎯

 FAIL  |provider-sqlite3| tests/providers/local/sqlite3-returning-json.test.ts > SQLite3 Driver > SQLite3 list/json filter and update behavior > json string paths ('$.a.b') > every operator accepts the string form
AssertionError: expected [] to deeply equal [ 'dark' ]

[32m- Expected[39m
[31m+ Received[39m

[32m- [[39m
[32m-   "dark",[39m
[32m- ][39m
[31m+ [][39m

 ❯ tests/contracts/drivers/behaviors/list-json-filter-behavior.ts:866:11
    864|         expect(
    865|           await findNames({ metadata: { path: "$.level", gte: 2 } })
    866|         ).toEqual(["dark"]);
       |           ^
    867|         expect(
    868|           await findNames({

⎯⎯⎯⎯⎯⎯⎯⎯⎯⎯⎯⎯⎯⎯⎯⎯⎯⎯⎯⎯⎯⎯[46/61]⎯

 FAIL  |provider-sqlite3| tests/providers/local/sqlite3-returning-json.test.ts > SQLite3 Driver > SQLite3 list/json filter and update behavior > json string paths ('$.a.b') > unsupported path grammar rejects before execution
AssertionError: promise resolved "[]" instead of rejecting

[32m- Expected:[39m 
Error {
  "message": "rejected promise",
}

[31m+ Received:[39m 
[]

 ❯ tests/contracts/drivers/behaviors/list-json-filter-behavior.ts:911:11
    909|           await expect(
    910|             findNames({ metadata: { path, equals: "dark" } })
    911|           ).rejects.toThrow("unsupported path string");
       |           ^
    912|         }
    913|         expect(await requireClient(client).entry.count()).toBe(3);

⎯⎯⎯⎯⎯⎯⎯⎯⎯⎯⎯⎯⎯⎯⎯⎯⎯⎯⎯⎯⎯⎯[47/61]⎯

 FAIL  |provider-sqlite3| tests/providers/local/sqlite3-returning-json.test.ts > SQLite3 Driver > SQLite3 list/json filter and update behavior > json string paths ('$.a.b') > quoted labels keep the portable-path refusal
AssertionError: promise resolved "[]" instead of rejecting

[32m- Expected:[39m 
Error {
  "message": "rejected promise",
}

[31m+ Received:[39m 
[]

 ❯ tests/contracts/drivers/behaviors/list-json-filter-behavior.ts:921:9
    919|         await expect(
    920|           findNames({ metadata: { path: '$."a b"', equals: "x" } })
    921|         ).rejects.toThrow("portable JSON path");
       |         ^
    922|         await expect(
    923|           findNames({ metadata: { path: "$.a\\b", equals: "x" } })

⎯⎯⎯⎯⎯⎯⎯⎯⎯⎯⎯⎯⎯⎯⎯⎯⎯⎯⎯⎯⎯⎯[48/61]⎯

 FAIL  |provider-sqlite3| tests/providers/local/sqlite3-returning-json.test.ts > SQLite3 Driver > SQLite3 json null sentinel behavior > refusals > an inert mode beside a sentinel not is refused
AssertionError: promise resolved "[ 'doc', 'js', 'nest' ]" instead of rejecting

[32m- Expected:[39m 
Error {
  "message": "rejected promise",
}

[31m+ Received:[39m 
[
  "doc",
  "js",
  "nest",
]

 ❯ tests/contracts/drivers/behaviors/json-null-sentinel-behavior.ts:316:9
    314|         await expect(
    315|           findIds({ meta: { mode: "insensitive", not: DbNull } })
    316|         ).rejects.toThrow(INERT_MODE);
       |         ^
    317|         expect(await requireClient(client).entry.count()).toBe(5);
    318|       });

⎯⎯⎯⎯⎯⎯⎯⎯⎯⎯⎯⎯⎯⎯⎯⎯⎯⎯⎯⎯⎯⎯[49/61]⎯

 FAIL  |provider-sqlite3| tests/providers/local/sqlite3-scalar-roundtrip.test.ts > SQLite3 Driver > SQLite3 read-path regression behavior > named inverse relations > groupBy returns mapped scalars under their public names
TypeError: by.map is not a function
 ❯ Queries.grouped src/query-engine/raptor3/shared/query.ts:3432:31
    3430|     const aggregates = this.prepareAggregates(model, args);
    3431|     const fields: Record<string, Shape | Leaf> = {};
    3432|     const columns: Sql[] = by.map((field) => {
       |                               ^
    3433|       fields[field] = this.scalarShape(model, field);
    3434|       return a.identifiers.aliased(
 ❯ Queries.read src/query-engine/raptor3/shared/query.ts:2599:28
 ❯ read src/query-engine/raptor3/commands/index.ts:167:36
 ❯ body src/query-engine/raptor3/commands/index.ts:175:21
 ❯ Object.execute src/query-engine/raptor3/commands/index.ts:196:16
 ❯ runCandidate src/query-engine/raptor3/route/client-route.ts:397:21
 ❯ Object.execute src/query-engine/raptor3/route/client-route.ts:218:31
 ❯ PendingOperation.#run src/query-engine/pending-operation.ts:687:19
 ❯ PendingOperation.#runCoreExecution src/query-engine/pending-operation.ts:668:17
 ❯ PendingOperation.#runExecution src/query-engine/pending-operation.ts:574:19

⎯⎯⎯⎯⎯⎯⎯⎯⎯⎯⎯⎯⎯⎯⎯⎯⎯⎯⎯⎯⎯⎯[50/61]⎯

 FAIL  |provider-sqlite3| tests/providers/local/sqlite3-scalar-roundtrip.test.ts > SQLite3 Driver > SQLite3 read-path regression behavior > empty default projections > preserves root and nested row cardinality
QueryError: Query execution failed
Caused by: Error: Underlying error details redacted
⎯⎯⎯⎯⎯⎯⎯⎯⎯⎯⎯⎯⎯⎯⎯⎯⎯⎯⎯⎯⎯⎯[51/61]⎯

 FAIL  |provider-sqlite3| tests/providers/local/sqlite3-scalar-roundtrip.test.ts > SQLite3 Driver > SQLite3 read-path regression behavior > empty default projections > still rejects an explicit empty select
AssertionError: expected [Function] to throw error matching /at least one truthy value/i but got 'Query execution failed'

[32m- Expected:[39m 
/at least one truthy value/i

[31m+ Received:[39m 
"Query execution failed"

 ❯ tests/contracts/drivers/behaviors/read-path-regression-behavior.ts:363:9
    361| 
    362|       test("still rejects an explicit empty select", async () => {
    363|         await expect(client.parent.findMany({ select: {} })).rejects.t…
       |         ^
    364|           EMPTY_SELECT_PATTERN
    365|         );

⎯⎯⎯⎯⎯⎯⎯⎯⎯⎯⎯⎯⎯⎯⎯⎯⎯⎯⎯⎯⎯⎯[52/61]⎯

 FAIL  |provider-sqlite3| tests/providers/local/sqlite3-scalar-roundtrip.test.ts > SQLite3 Driver > SQLite3 read-path regression behavior > empty default projections > returns an empty public object from a live nested create
QueryError: Query execution failed
Caused by: Error: Underlying error details redacted
⎯⎯⎯⎯⎯⎯⎯⎯⎯⎯⎯⎯⎯⎯⎯⎯⎯⎯⎯⎯⎯⎯[53/61]⎯

 FAIL  |provider-sqlite3| tests/providers/local/sqlite3-scalar-roundtrip.test.ts > SQLite3 Driver > SQLite3 relation read/aggregate behavior > _count: true shorthand > _count: true skips to-one relations (no list relation, no key)
AssertionError: expected [ { id: 'p1', _count: {} } ] to deeply equal [ { id: 'p1' } ]

[32m- Expected[39m
[31m+ Received[39m

[2m  [[22m
[2m    {[22m
[31m+     "_count": {},[39m
[2m      "id": "p1",[22m
[2m    },[22m
[2m  ][22m

 ❯ tests/contracts/drivers/behaviors/relation-read-aggregate-behavior.ts:337:27
    335|         });
    336| 
    337|         expect(shorthand).toEqual([{ id: "p1" }]);
       |                           ^
    338|         expect(shorthand).toEqual(explicitEmpty);
    339|       });

⎯⎯⎯⎯⎯⎯⎯⎯⎯⎯⎯⎯⎯⎯⎯⎯⎯⎯⎯⎯⎯⎯[54/61]⎯

 FAIL  |provider-sqlite3| tests/providers/local/sqlite3-scalar-roundtrip.test.ts > SQLite3 Driver > SQLite3 scalar round-trip behavior > include round-trips datetime, decimal, and bigint exactly
QueryEngineError: Driver "sqlite3" returned a malformed decimal scalar for operation "findUnique": the value is not an exact decimal list in this column's declared domain.
⎯⎯⎯⎯⎯⎯⎯⎯⎯⎯⎯⎯⎯⎯⎯⎯⎯⎯⎯⎯⎯⎯[55/61]⎯

 FAIL  |provider-sqlite3| tests/providers/local/sqlite3-scalar-roundtrip.test.ts > SQLite3 Driver > SQLite3 full scalar-type round-trip behavior > every scalar type round-trips exactly inside an include
SyntaxError: Unexpected token 'j', "just a json string" is not valid JSON
 ❯ Queries.decodeScalar src/query-engine/raptor3/shared/query.ts:3816:49
    3814|         );
    3815|       case "json":
    3816|         return typeof value === "string" ? JSON.parse(value) : value;
       |                                                 ^
    3817|       case "blob":
    3818|         return decodeBlob(value);
 ❯ Queries.decodeValue src/query-engine/raptor3/shared/query.ts:3626:46
 ❯ src/query-engine/raptor3/shared/query.ts:3656:14
 ❯ Queries.decodeValue src/query-engine/raptor3/shared/query.ts:3654:36
 ❯ src/query-engine/raptor3/shared/query.ts:3646:14
 ❯ Queries.decodeValue src/query-engine/raptor3/shared/query.ts:3645:28
 ❯ src/query-engine/raptor3/shared/query.ts:3656:14

⎯⎯⎯⎯⎯⎯⎯⎯⎯⎯⎯⎯⎯⎯⎯⎯⎯⎯⎯⎯⎯⎯[56/61]⎯

 FAIL  |provider-sqlite3| tests/providers/local/sqlite3-scalar-roundtrip.test.ts > SQLite3 Driver > SQLite3 full scalar-type round-trip behavior > json primitives round-trip with exact types
AssertionError: expected 42n to deeply equal 42

[32m- Expected:[39m 
42

[31m+ Received:[39m 
42n

 ❯ tests/contracts/drivers/behaviors/scalar-roundtrip-behavior.ts:552:27
    550|       for (const [id, meta] of cases) {
    551|         const row = await client.record.findUnique({ where: { id } });
    552|         expect(row?.meta).toEqual(meta);
       |                           ^
    553|         expect(typeof row?.meta).toBe(typeof meta);
    554|       }

⎯⎯⎯⎯⎯⎯⎯⎯⎯⎯⎯⎯⎯⎯⎯⎯⎯⎯⎯⎯⎯⎯[57/61]⎯

 FAIL  |provider-sqlite3| tests/providers/local/sqlite3-scalar-roundtrip.test.ts > SQLite3 Driver > SQLite3 decimal exactness > _min/_max/_sum/_avg are exact, and _sum may exceed the precision
QueryEngineError: Driver "sqlite3" returned a malformed decimal scalar for operation "aggregate": the value is not an exact decimal in this column's declared domain.
⎯⎯⎯⎯⎯⎯⎯⎯⎯⎯⎯⎯⎯⎯⎯⎯⎯⎯⎯⎯⎯⎯[58/61]⎯

 FAIL  |provider-sqlite3| tests/providers/local/sqlite3-scalar-roundtrip.test.ts > SQLite3 Driver > SQLite3 decimal exactness > _avg rounds exact ties to the even neighbour in both signs
QueryEngineError: Driver "sqlite3" returned a malformed decimal scalar for operation "aggregate": the value is not an exact decimal in this column's declared domain.
⎯⎯⎯⎯⎯⎯⎯⎯⎯⎯⎯⎯⎯⎯⎯⎯⎯⎯⎯⎯⎯⎯[59/61]⎯

 FAIL  |provider-sqlite3| tests/providers/local/sqlite3-scalar-roundtrip.test.ts > SQLite3 Driver > SQLite3 decimal exactness > groupBy compares a widened _sum beyond the field precision
QueryEngineError: Driver "sqlite3" returned a malformed decimal scalar for operation "groupBy": the sum is not an exact decimal at this column's scale.
⎯⎯⎯⎯⎯⎯⎯⎯⎯⎯⎯⎯⎯⎯⎯⎯⎯⎯⎯⎯⎯⎯[60/61]⎯

 FAIL  |provider-sqlite3| tests/providers/local/sqlite3-scalar-roundtrip.test.ts > SQLite3 Driver > SQLite3 field references > SQL fragment operands > a scalar subquery compares against the whole table
QueryError: Query execution failed
Caused by: Error: Underlying error details redacted
⎯⎯⎯⎯⎯⎯⎯⎯⎯⎯⎯⎯⎯⎯⎯⎯⎯⎯⎯⎯⎯⎯[61/61]⎯


 Test Files  5 failed | 2 passed | 5 skipped (12)
      Tests  61 failed | 703 passed | 664 skipped (1428)
   Start at  00:48:46
   Duration  6.55s (transform 2.19s, setup 24ms, collect 3.89s, tests 2.27s, environment 0ms, prepare 63ms)

Vitest resources: 8.76s wall, 699.0 MiB peak sampled process-group RSS (sampled ceiling 1536 MiB). Teardown verified.
