
 RUN  v3.1.4 /private/tmp/viborm-parity-base

 ❯ |provider-mysql2| tests/providers/docker/mysql2.test.ts (85 tests | 13 failed | 1 skipped) 35305ms
   × MySQL2 Driver > MySQL2 GeoPoint behavior > round-trips point writes and returning projections 678ms
     → Unknown update operation: longitude, latitude
   ✓ MySQL2 Driver > MySQL2 GeoPoint behavior > uses coordinate equality and inclusive ordinary and crossing bounds  581ms
   × MySQL2 Driver > MySQL2 GeoPoint behavior > preserves point values through callback and array transactions 1009ms
     → Unknown update operation: longitude, latitude
   ✓ MySQL2 Driver > MySQL2 GeoPoint behavior > parses points in ordinary and variant relation graphs  680ms
   ✓ MySQL2 Driver > MySQL2 GeoPoint behavior > keeps cached point results detached and fresh  501ms
   ✓ MySQL2 Driver > MySQL2 GeoPoint behavior > preserves point semantics through request and statement extensions  378ms
   ✓ MySQL2 Driver > MySQL2 GeoPoint behavior > leaves tagged and unsafe raw point results physical  357ms
   ✓ MySQL2 Driver > MySQL2 GeoPoint behavior > uses the fixed-radius metric for filtering, selection, and ordering  388ms
   ✓ MySQL2 Driver > MySQL2 GeoPoint behavior > keeps every distance boundary exact across null, polar, and world-wide cases  364ms
   ✓ MySQL2 Driver > MySQL2 GeoPoint behavior > includes polygon boundaries and excludes holes 283ms
   ✓ MySQL2 Driver > MySQL2 GeoPoint migration lifecycle > converges through generated apply, verify, down, and reset  918ms
   ✓ MySQL2 Driver > creates driver with connection string 71ms
   ✓ MySQL2 Driver > preserves every private result alias exactly 72ms
   ✓ MySQL2 Driver > includes antimeridian polygon boundaries and excludes its hole 127ms
   × MySQL2 Driver > uses the GeoPoint spatial index only for positive indexable predicates 1872ms
     → expected { table_name: 'q0', …(7) } to match object { access_type: 'range', …(1) }
(11 matching properties omitted from actual)
   ✓ MySQL2 Driver > self-referencing tree deleteMany succeeds with default referential actions  479ms
   ✓ MySQL2 Driver > applies and converges a permuted composite foreign key  425ms
   ✓ MySQL2 Driver > $transaction portable option boundary > rejects removed isolation before the callback 123ms
   ✓ MySQL2 Driver > MySQL2 compound key behavior > push enforces the compound primary key  302ms
   ✓ MySQL2 Driver > MySQL2 compound key behavior > push enforces the compound unique constraint  394ms
   ✓ MySQL2 Driver > MySQL2 compound key behavior > findUnique resolves compound id and compound unique selectors  464ms
   ✓ MySQL2 Driver > MySQL2 compound key behavior > nested create from a compound-id parent populates all FK columns  411ms
   ✓ MySQL2 Driver > MySQL2 compound key behavior > connect from a compound-id parent populates all FK columns  764ms
   ✓ MySQL2 Driver > MySQL2 compound key behavior > include correlates on every compound FK column, not just one  688ms
   ✓ MySQL2 Driver > MySQL2 compound key behavior > is null treats a partially-null compound FK as no relation  467ms
   ✓ MySQL2 Driver > MySQL2 compound key behavior > update and delete by compound id target only that row  393ms
   ✓ MySQL2 Driver > MySQL2 compound key behavior > upsert on a compound-id model takes both branches  353ms
   ✓ MySQL2 Driver > MySQL2 compound junction storage > round-trips two complete string-key sides and their cascade  583ms
   ✓ MySQL2 Driver > MySQL2 polymorphic member junction storage > creates, enforces and converges the member tables  487ms
   ✓ MySQL2 Driver > MySQL2 polymorphic relations > direct writes preserve the generated private storage pair  545ms
   ✓ MySQL2 Driver > MySQL2 polymorphic relations > inverse create publishes a generated parent identity  391ms
   ✓ MySQL2 Driver > MySQL2 polymorphic relations > direct and inverse reads correlate exact variants without N+1  584ms
   ✓ MySQL2 Driver > MySQL2 polymorphic relations > target-local omit subtracts from polymorphic select 291ms
   ↓ MySQL2 Driver > MySQL2 polymorphic relations > inverse reads use the generated discriminator/id index
   × MySQL2 Driver > MySQL2 polymorphic relations > empty storage is optional but orphaned membership is invalid 363ms
     → promise resolved "{ id: 2, body: 'optional orphan', …(1) }" instead of rejecting
   ✓ MySQL2 Driver > MySQL2 polymorphic collection reads > an empty collection reads as a fresh empty array, never null  306ms
   ✓ MySQL2 Driver > MySQL2 polymorphic collection reads > mixed variants flatten in DECLARATION order, tagged correctly  466ms
   ✓ MySQL2 Driver > MySQL2 polymorphic collection reads > equal ids in two target tables return two correctly tagged rows  443ms
   ✓ MySQL2 Driver > MySQL2 polymorphic collection reads > order, window and distinct stay ARM-LOCAL  406ms
   ✓ MySQL2 Driver > MySQL2 polymorphic collection reads > a negative arm take restores the logical order  434ms
   ✓ MySQL2 Driver > MySQL2 polymorphic collection reads > only narrows the returned variants without reordering  541ms
   × MySQL2 Driver > MySQL2 polymorphic collection reads > total and filtered counts, and count ordering 632ms
     → Raptor 3 G1 physical field is not implemented: type
   ✓ MySQL2 Driver > MySQL2 polymorphic collection reads > some / every / none over a MIXED-VARIANT truth table  727ms
   × MySQL2 Driver > MySQL2 polymorphic collection reads > an owner-scoped orphan fails the read, even hidden behind only 596ms
     → promise resolved "{ id: 1, name: 'main', …(1) }" instead of rejecting
   ✓ MySQL2 Driver > MySQL2 polymorphic collection reads > a singular inverse returns one row or null, and a plural one an array  445ms
   × MySQL2 Driver > MySQL2 polymorphic collection reads > a singular-inverse duplicate fails BEFORE the LIMIT 471ms
     → promise resolved "{ id: 1, title: 'first', rank: 1, …(2) }" instead of rejecting
   ✓ MySQL2 Driver > MySQL2 polymorphic collection reads > parent ordering through a singular inverse keeps NULL placement  492ms
   ✓ MySQL2 Driver > MySQL2 polymorphic collection writes > a fresh owner writes memberships across several variants at once  436ms
   ✓ MySQL2 Driver > MySQL2 polymorphic collection writes > connect is idempotent for the same owner and target  533ms
   ✓ MySQL2 Driver > MySQL2 polymorphic collection writes > a plural member admits SEVERAL owners for one target  413ms
   ✓ MySQL2 Driver > MySQL2 polymorphic collection writes > a SINGULAR member replaces its slot instead of doubling it  587ms
   ✓ MySQL2 Driver > MySQL2 polymorphic collection writes > connectOrCreate finds, then creates, without doubling either  495ms
   ✓ MySQL2 Driver > MySQL2 polymorphic collection writes > `set` clears every configured variant once, then refills  618ms
   ✓ MySQL2 Driver > MySQL2 polymorphic collection writes > `set` of an already-owned SINGULAR target keeps the row  471ms
   ✓ MySQL2 Driver > MySQL2 polymorphic collection writes > `set: []` empties every variant and deletes no target  401ms
   ✓ MySQL2 Driver > MySQL2 polymorphic collection writes > disconnect removes this owner's membership and nothing else  449ms
   ✓ MySQL2 Driver > MySQL2 polymorphic collection writes > update and updateMany reach only the connected targets  400ms
   ✓ MySQL2 Driver > MySQL2 polymorphic collection writes > upsert creates then updates, scoped to this owner's membership  373ms
   ✓ MySQL2 Driver > MySQL2 polymorphic collection writes > createMany writes one bulk group per variant  348ms
   × MySQL2 Driver > MySQL2 polymorphic collection writes > duplicate singular createMany targets transfer once 405ms
     → expected [ 't1/left/eu/111' ] to deeply equal [ 't1/right/eu/111' ]
   ✓ MySQL2 Driver > MySQL2 polymorphic collection writes > delete and deleteMany are membership-scoped and cascade the membership  358ms
   ✓ MySQL2 Driver > MySQL2 polymorphic collection writes > a singular inverse connect TRANSFERS the slot rather than inserting beside it  452ms
   ✓ MySQL2 Driver > MySQL2 polymorphic collection writes > a singular inverse disconnect deletes THE junction row, and delete deletes the OWNER  670ms
   ✓ MySQL2 Driver > MySQL2 polymorphic collection writes > a singular inverse composes vacate, supply and a modify of the SUPPLIED owner  482ms
   ✓ MySQL2 Driver > MySQL2 polymorphic collection writes > a singular inverse upsert takes both arms through the membership  578ms
   ✓ MySQL2 Driver > MySQL2 polymorphic collection writes > WRITE-THEN-READ crossover: the read half sees what the write half wrote  460ms
   × MySQL2 Driver > rejects artificial batch-only non-returning writes before provider access 167ms
     → expected [Function] to throw error including 'cannot execute non-returning upsert w…' but got 'Query execution failed'
   ✓ MySQL2 Driver > prefix predicate on a collation viborm did not choose > the accelerator alone would answer case-insensitively 125ms
   ✓ MySQL2 Driver > prefix predicate on a collation viborm did not choose > the shipped conjunction keeps the case-sensitivity contract 125ms
   ✓ MySQL2 Driver > exact equality on a collation viborm did not choose > the accelerator alone would answer equality case-insensitively 134ms
   ✓ MySQL2 Driver > exact equality on a collation viborm did not choose > the shipped equality conjunction keeps the case-sensitivity contract 187ms
   ✓ MySQL2 Driver > exact equality on a collation viborm did not choose > the accelerator alone would answer membership case-insensitively 247ms
   ✓ MySQL2 Driver > exact equality on a collation viborm did not choose > the shipped membership conjunction keeps the case-sensitivity contract 133ms
   ✓ MySQL2 Driver > exact equality keeps the index it used to lose > the BINARY wrap alone forecloses the index  507ms
   ✓ MySQL2 Driver > exact equality keeps the index it used to lose > the emitted equality plans a lookup  488ms
   ✓ MySQL2 Driver > exact equality keeps the index it used to lose > the emitted membership plans a range  338ms
   ✓ MySQL2 Driver > emitted equality on a collation viborm did not choose > equals answers exactly, not case-insensitively  400ms
   ✓ MySQL2 Driver > emitted equality on a collation viborm did not choose > in answers exactly, not case-insensitively 287ms
   ✓ MySQL namespace containment > pushes and writes into the target, not the connection's database 169ms
   ✓ MySQL namespace containment > introspects only the target and converges on a second push 87ms
   × MySQL namespace containment > applies into the TARGET's control tables, over a connection pointing elsewhere 20ms
     → Query execution failed
   × MySQL namespace containment > refuses a configured database the server does not have, before any DDL 15ms
     → expected [ '_viborm_migration_state', …(1) ] to deeply equal [ 'ns_sentinel' ]
   × MySQL namespace containment > refuses the same attested pool when no namespace resolves it 15ms
     → expected [ '_viborm_migration_state', …(1) ] to deeply equal [ 'ns_sentinel' ]
   ✓ MySQL namespace containment > refuses an inbound cross-database foreign key before planning 66ms
   × MySQL namespace containment > applies the same portable estate to a second database 88ms
     → Migration control tables are inconsistent: log is missing after interrupted bootstrap
 ❯ |provider-mysql2| tests/contracts/engine/query/decimal-wide-arithmetic-docker.test.ts (35 tests | 4 failed) 1995ms
   ✓ MySQL decimal arithmetic at ('40,2') > multiply is exact on small values 145ms
   ✓ MySQL decimal arithmetic at ('40,2') > multiply rounds half to EVEN at the field's scale 28ms
   ✓ MySQL decimal arithmetic at ('40,2') > a tie decided BEYOND MySQL's expression scale is still decided 22ms
   ✓ MySQL decimal arithmetic at ('40,2') > divide is exact and rounds half to even 22ms
   ✓ MySQL decimal arithmetic at ('40,2') > a negative divisor keeps the away-from-zero direction 17ms
   × MySQL decimal arithmetic at ('40,2') > _avg is the exact average, quantized to the scale 22ms
     → Driver "mysql2" returned a malformed decimal scalar for operation "aggregate": the value is not an exact decimal in this column's declared domain.
   ✓ MySQL decimal arithmetic at ('40,2') > an out-of-domain product fails LOUDLY, row unchanged 15ms
   ✓ MySQL decimal arithmetic at ('30,20') > multiply is exact on small values 138ms
   ✓ MySQL decimal arithmetic at ('30,20') > multiply rounds half to EVEN at the field's scale 46ms
   ✓ MySQL decimal arithmetic at ('30,20') > a tie decided BEYOND MySQL's expression scale is still decided 39ms
   ✓ MySQL decimal arithmetic at ('30,20') > divide is exact and rounds half to even 67ms
   ✓ MySQL decimal arithmetic at ('30,20') > a negative divisor keeps the away-from-zero direction 21ms
   × MySQL decimal arithmetic at ('30,20') > _avg is the exact average, quantized to the scale 83ms
     → Driver "mysql2" returned a malformed decimal scalar for operation "aggregate": the value is not an exact decimal in this column's declared domain.
   ✓ MySQL decimal arithmetic at ('30,20') > an out-of-domain product fails LOUDLY, row unchanged 52ms
   ✓ MySQL decimal arithmetic at ('35,30') > multiply is exact on small values 156ms
   ✓ MySQL decimal arithmetic at ('35,30') > multiply rounds half to EVEN at the field's scale 26ms
   ✓ MySQL decimal arithmetic at ('35,30') > a tie decided BEYOND MySQL's expression scale is still decided 25ms
   ✓ MySQL decimal arithmetic at ('35,30') > divide is exact and rounds half to even 20ms
   ✓ MySQL decimal arithmetic at ('35,30') > a negative divisor keeps the away-from-zero direction 28ms
   × MySQL decimal arithmetic at ('35,30') > _avg is the exact average, quantized to the scale 33ms
     → Driver "mysql2" returned a malformed decimal scalar for operation "aggregate": the value is not an exact decimal in this column's declared domain.
   ✓ MySQL decimal arithmetic at ('35,30') > an out-of-domain product fails LOUDLY, row unchanged 17ms
   × MySQL decimal aggregates at the 65-digit expression edge > SUM widens to 66 digits and AVG decides the tie without losing one 21ms
     → Driver "mysql2" returned a malformed decimal scalar for operation "aggregate": the value is not an exact decimal in this column's declared domain.
   ✓ MySQL logical conversion at ('64,1') > the maximum coefficient survives strict and non-strict conversion 53ms
   ✓ MySQL logical conversion at ('63,2') > the maximum coefficient survives strict and non-strict conversion 53ms
   ✓ MySQL decimal assignments are exact without a session prerequisite > non-strict increment keeps an in-range result exact 37ms
   ✓ MySQL decimal assignments are exact without a session prerequisite > non-strict decrement keeps an in-range result exact 27ms
   ✓ MySQL decimal assignments are exact without a session prerequisite > non-strict multiply keeps an in-range result exact 21ms
   ✓ MySQL decimal assignments are exact without a session prerequisite > non-strict divide keeps an in-range result exact 20ms
   ✓ MySQL decimal assignments are exact without a session prerequisite > non-strict increment refuses overflow and leaves the row unchanged 15ms
   ✓ MySQL decimal assignments are exact without a session prerequisite > non-strict decrement refuses overflow and leaves the row unchanged 19ms
   ✓ MySQL decimal assignments are exact without a session prerequisite > non-strict multiply refuses overflow and leaves the row unchanged 26ms
   ✓ MySQL decimal assignments are exact without a session prerequisite > non-strict divide refuses overflow and leaves the row unchanged 92ms
   ✓ MySQL decimal assignments are exact without a session prerequisite > the unreachable error arm stays lazy, and NULL stays NULL 42ms
   ✓ MySQL decimal assignments are exact without a session prerequisite > one overflowing updateMany row aborts the whole statement 31ms
   ✓ MySQL decimal assignments are exact without a session prerequisite > the same refusal survives array-transaction admission 28ms
 ❯ |provider-mysql2| tests/unit/migrations/mysql-strict-mode-docker.test.ts (8 tests | 2 failed) 969ms
   ✓ the MySQL strict-mode proof > admits a strict session 18ms
   ✓ the MySQL strict-mode proof > REFUSES a session with neither strict mode, naming the mode 15ms
   ✓ the MySQL strict-mode proof > admits STRICT_ALL_TABLES on its own 15ms
   ✓ MySQL decimal-list descriptor checks > accepts only canonical coefficient containers in a strict session 177ms
   ✓ MySQL decimal-list descriptor checks > accepts only canonical coefficient containers in a non-strict session 158ms
   ✓ MySQL interrupted decimal-conversion recovery > recovers after ADD CHECK, reruns the scalar transition, and converges  335ms
   × MySQL interrupted decimal-conversion recovery > recovers after MODIFY, removes the stale list proof, and converges 215ms
     → Check constraint violation
   × MySQL interrupted decimal-conversion recovery > refuses a user collision before effects and preserves it 25ms
     → expected 'MigrationError: The MySQL CHECK const…' to match /reserved.*does not match/i
 ❯ |provider-mysql2| tests/unit/migrations/decimal-list-defaults-mysql-docker.test.ts (1 test | 1 failed) 10ms
   × MySQL decimal-list defaults > populates old rows, serves raw omitted inserts, introspects, and converges 10ms
     → Query execution failed
 ❯ |provider-mysql2| tests/providers/docker/mysql2-writes-raw.test.ts (92 tests | 7 failed) 40001ms
   × MySQL2 Driver > MySQL2 createMany select fold > four same-shape rows are ONE statement, and the rows come back in input order 226ms
     → expected [ …(5) ] to have a length of 8 but got 5
   ✓ MySQL2 Driver > MySQL2 createMany select fold > row shapes that differ split into one statement per contiguous run, still in input order 266ms
   ✓ MySQL2 Driver > MySQL2 createMany select fold > skipDuplicates with select is ONE statement whose rows are exactly the rows inserted 266ms
   ✓ MySQL2 Driver > MySQL2 bulk-write limit > deleteMany limit below the matching count removes exactly limit rows 242ms
   ✓ MySQL2 Driver > MySQL2 bulk-write limit > deleteMany limit equal to the matching count removes all of them  304ms
   ✓ MySQL2 Driver > MySQL2 bulk-write limit > deleteMany limit above the matching count is the uncapped delete 291ms
   ✓ MySQL2 Driver > MySQL2 bulk-write limit > deleteMany limit 0 removes nothing and reports count 0 266ms
   ✓ MySQL2 Driver > MySQL2 bulk-write limit > deleteMany limit without a where caps a whole-table delete 293ms
   ✓ MySQL2 Driver > MySQL2 bulk-write limit > updateMany limit below the matching count updates exactly limit rows 297ms
   ✓ MySQL2 Driver > MySQL2 bulk-write limit > updateMany limit at or above the matching count updates all of them 278ms
   ✓ MySQL2 Driver > MySQL2 bulk-write limit > updateMany limit 0 changes nothing and reports count 0 287ms
   ✓ MySQL2 Driver > MySQL2 bulk-write limit > updateMany limit composes with an arithmetic update  431ms
   ✓ MySQL2 Driver > MySQL2 bulk-write limit > updateMany limit composes with a relation filter 298ms
   ✓ MySQL2 Driver > MySQL2 bulk-write limit > deleteMany limit composes with a relation filter 260ms
   ✓ MySQL2 Driver > MySQL2 bulk-write limit > updateMany with select returns exactly the capped rows 285ms
   ✓ MySQL2 Driver > MySQL2 bulk-write limit > deleteMany with select returns exactly the capped rows  337ms
   ✓ MySQL2 Driver > MySQL2 bulk-write limit > a select-carrying bulk write with limit 0 returns an empty row set 297ms
   ✓ MySQL2 Driver > MySQL2 bulk-write limit > limit works on a model with a compound primary key  564ms
   ✓ MySQL2 Driver > MySQL2 bulk-write limit > limit 0 is the same no-op inside $transaction([...])  466ms
   ✓ MySQL2 Driver > MySQL2 bulk-write limit > a negative or fractional limit is rejected before any write  431ms
   ✓ MySQL2 Driver > MySQL2 nested write behavior > declares an atomic strategy for nested writes  533ms
   ✓ MySQL2 Driver > MySQL2 nested write behavior > rejects default-only createMany duplicate skipping before writing  642ms
   × MySQL2 Driver > MySQL2 nested write behavior > rejects nested default-only duplicate skipping before the parent write 684ms
     → promise resolved "{ id: 'default-only-parent' }" instead of rejecting
   ✓ MySQL2 Driver > MySQL2 nested write behavior > create derives to-one and to-many foreign keys  461ms
   ✓ MySQL2 Driver > MySQL2 nested write behavior > create connects and connect-or-creates nullable children  607ms
   ✓ MySQL2 Driver > MySQL2 nested write behavior > update creates, createManys, and connects children  690ms
   ✓ MySQL2 Driver > MySQL2 nested write behavior > update disconnects and sets nullable children  472ms
   × MySQL2 Driver > MySQL2 nested write behavior > update and updateMany keep child mutations parent-correlated 471ms
     → Nested operation 'updateMany' on relation 'posts' depends on an earlier 'update' target write in the same nested write. Split these operations into separate queries.
   × MySQL2 Driver > MySQL2 nested write behavior > delete and deleteMany keep child mutations parent-correlated 496ms
     → Nested operation 'deleteMany' on relation 'posts' depends on an earlier 'delete' target write in the same nested write. Split these operations into separate queries.
   ✓ MySQL2 Driver > MySQL2 nested write behavior > to-many upsert creates and updates the current parent's child  548ms
   ✓ MySQL2 Driver > MySQL2 nested write behavior > to-one upsert creates and updates the current target  488ms
   ✓ MySQL2 Driver > MySQL2 nested write behavior > to-one nested update modifies the connected author  628ms
   ✓ MySQL2 Driver > MySQL2 nested write behavior > to-one disconnect true nulls the foreign key, both rows survive  701ms
   ✓ MySQL2 Driver > MySQL2 nested write behavior > to-one delete true deletes the related row  550ms
   ✓ MySQL2 Driver > MySQL2 nested write behavior > to-one delete true (FK-holder side) nulls the FK then deletes the author  724ms
   ✓ MySQL2 Driver > MySQL2 nested write behavior > inverse-side to-one upsert: absent creates, found updates, witness survives  1091ms
   ✓ MySQL2 Driver > MySQL2 nested write behavior > explicit join rows work as a practical many-to-many case  757ms
   ✓ MySQL2 Driver > MySQL2 nested write behavior > unsupported nested create keys reject before parent mutation  690ms
   ✓ MySQL2 Driver > MySQL2 nested write behavior > nested child failures roll back parent and prior children  567ms
   ✓ MySQL2 Driver > MySQL2 nested write behavior > to-many updates cannot target another parent's child  688ms
   ✓ MySQL2 Driver > MySQL2 nested write behavior > non-nullable child foreign keys reject disconnect atomically  456ms
   ✓ MySQL2 Driver > MySQL2 nested write behavior > nested create propagates foreign keys through mapped columns  703ms
   ✓ MySQL2 Driver > MySQL2 nested write behavior > nested create derives mapped foreign keys for createMany and connect  626ms
   ✓ MySQL2 Driver > MySQL2 nested write behavior > set keeping all required-FK children is a no-op and succeeds  586ms
   ✓ MySQL2 Driver > MySQL2 nested write behavior > set on required-FK children rejects only when rows would be orphaned  647ms
   ✓ MySQL2 Driver > MySQL2 nested write behavior > set disconnects only nullable-FK children leaving the set  534ms
   ✓ MySQL2 Driver > MySQL2 nested write behavior > connect with a list of targets reparents every one of them  919ms
   ✓ MySQL2 Driver > MySQL2 nested write behavior > a connect list with one absent target writes nothing  690ms
   ✓ MySQL2 Driver > MySQL2 nested write behavior > disconnect with a list nulls every one of them  583ms
   ✓ MySQL2 Driver > MySQL2 nested write behavior > a disconnect list naming ANOTHER parent's child nulls nothing  536ms
   ✓ MySQL2 Driver > MySQL2 nested write behavior > a create tree's connect list reparents every one of them  558ms
   ✓ MySQL2 Driver > MySQL2 nested write behavior > delete with a relation projection > a to-many relation inside `select` comes back, and the row is gone  652ms
   ✓ MySQL2 Driver > MySQL2 nested write behavior > delete with a relation projection > a to-one relation inside `select` comes back, and the row is gone  550ms
   ✓ MySQL2 Driver > MySQL2 nested write behavior > delete with a relation projection > the `include` spelling is unaffected  504ms
   ✓ MySQL2 Driver > MySQL2 advanced nested write behavior > connectOrCreate create branch accepts recursive nested writes  496ms
   ✓ MySQL2 Driver > MySQL2 advanced nested write behavior > top-level upsert guards gate nested update branch  589ms
   ✓ MySQL2 Driver > MySQL2 client raw/orThrow/exist behavior > $queryRaw > binds a tagged interpolation and rows round-trip  372ms
   ✓ MySQL2 Driver > MySQL2 client raw/orThrow/exist behavior > $queryRaw > binds multiple tagged interpolations in order 274ms
   ✓ MySQL2 Driver > MySQL2 client raw/orThrow/exist behavior > $queryRaw > accepts a prebuilt sql`` fragment 197ms
   ✓ MySQL2 Driver > MySQL2 client raw/orThrow/exist behavior > $queryRawUnsafe > splices the statement verbatim and binds positional params 281ms
   ✓ MySQL2 Driver > MySQL2 client raw/orThrow/exist behavior > $executeRaw > mutates and answers the affected count, visible to the ORM read path 227ms
   ✓ MySQL2 Driver > MySQL2 client raw/orThrow/exist behavior > $executeRawUnsafe > mutates through a hand-written statement 247ms
   ✓ MySQL2 Driver > MySQL2 client raw/orThrow/exist behavior > direct mutation misses > update reports NotFoundError 225ms
   ✓ MySQL2 Driver > MySQL2 client raw/orThrow/exist behavior > direct mutation misses > delete reports NotFoundError 260ms
   ✓ MySQL2 Driver > MySQL2 client raw/orThrow/exist behavior > findFirstOrThrow > returns the matching row when found  303ms
   ✓ MySQL2 Driver > MySQL2 client raw/orThrow/exist behavior > findFirstOrThrow > throws NotFoundError when nothing matches 211ms
   ✓ MySQL2 Driver > MySQL2 client raw/orThrow/exist behavior > findUniqueOrThrow > returns the matching row when found 216ms
   ✓ MySQL2 Driver > MySQL2 client raw/orThrow/exist behavior > findUniqueOrThrow > throws NotFoundError when the id does not exist 218ms
   ✓ MySQL2 Driver > MySQL2 client raw/orThrow/exist behavior > exist > returns true when a matching row exists  339ms
   ✓ MySQL2 Driver > MySQL2 client raw/orThrow/exist behavior > exist > returns false when no row matches 227ms
   ✓ MySQL2 Driver > raw/model array transactions (Docker MySQL) > execute in declared order and return each public result 269ms
   ✓ MySQL2 Driver > raw/model array transactions (Docker MySQL) > a later raw failure rolls model and raw writes back 288ms
   ✓ MySQL2 Driver > MySQL2 upsert atomicity behavior > plain upsert creates the row when missing  340ms
   ✓ MySQL2 Driver > MySQL2 upsert atomicity behavior > plain upsert updates the row when present  378ms
   ✓ MySQL2 Driver > MySQL2 upsert atomicity behavior > does not take the update branch for a conflict outside the requested target  438ms
   ✓ MySQL2 Driver > MySQL2 upsert atomicity behavior > unique upsert targets distinguish case, accents, and trailing spaces  409ms
   ✓ MySQL2 Driver > MySQL2 upsert atomicity behavior > plain upsert returns the row when the update is a no-op  420ms
   ✓ MySQL2 Driver > MySQL2 upsert atomicity behavior > plain upsert create branch resolves auto-increment ids  346ms
   ✓ MySQL2 Driver > MySQL2 upsert atomicity behavior > upsert update branch may rewrite the unique where field  384ms
   ✓ MySQL2 Driver > MySQL2 upsert atomicity behavior > upsert supports select on both branches 291ms
   ✓ MySQL2 Driver > MySQL2 upsert atomicity behavior > upsert with include returns the relation payload on both branches  349ms
   ✓ MySQL2 Driver > MySQL2 upsert atomicity behavior > delete with include returns the relation payload  312ms
   × MySQL2 Driver > MySQL2 upsert atomicity behavior > concurrent plain upserts of the same missing key both succeed 285ms
     → Transaction deadlock detected
   × MySQL2 Driver > MySQL2 upsert atomicity behavior > concurrent fallback upserts of the same missing key both succeed 323ms
     → Transaction deadlock detected
   ✓ MySQL2 Driver > mysql2 atomic non-returning mutation interleavings > competing updates return their own writes while sharing one connection per operation  325ms
   ✓ MySQL2 Driver > mysql2 atomic non-returning mutation interleavings > a replacement row survives a delete that locked and deleted the captured PK  312ms
   ✓ MySQL2 Driver > mysql2 atomic non-returning mutation interleavings > interleaved auto-increment creates refetch their own inserted identities  347ms
   ✓ MySQL2 Driver > mysql2 atomic non-returning mutation interleavings > competing upserts identify their branches and refetch their own updates 295ms
   × MySQL2 Driver > mysql2 nested-write concurrency behavior > concurrent upsert of a missing key converges to one row (tx) 378ms
     → Transaction deadlock detected
   ✓ MySQL2 Driver > mysql2 nested-write concurrency behavior > concurrent nested connectOrCreate of a missing key converges to one row (tx)  566ms
   ✓ MySQL2 Driver > mysql2 singular polymorphic slot transfer under concurrency > two adopters of a held target leave one membership owned by an adopter that succeeded (tx)  442ms
   ✓ MySQL2 Driver > mysql2 singular polymorphic slot transfer under concurrency > two adopters of an empty slot are arbitrated to one membership (tx)  401ms
 ❯ |provider-mysql2| tests/providers/docker/mysql2-scalars.test.ts (293 tests | 140 failed) 81543ms
   ✓ MySQL2 Driver > MySQL2 list/json filter and update behavior > list round-trip > create returns real arrays with typed elements 264ms
   ✓ MySQL2 Driver > MySQL2 list/json filter and update behavior > list round-trip > empty and null lists round-trip 261ms
   ✓ MySQL2 Driver > MySQL2 list/json filter and update behavior > list filters > equals matches the exact list 219ms
   ✓ MySQL2 Driver > MySQL2 list/json filter and update behavior > list filters > equals is order-sensitive  418ms
   ✓ MySQL2 Driver > MySQL2 list/json filter and update behavior > list filters > equals matches empty lists 225ms
   ✓ MySQL2 Driver > MySQL2 list/json filter and update behavior > list filters > equals matches int lists 283ms
   ✓ MySQL2 Driver > MySQL2 list/json filter and update behavior > list filters > equals null matches null lists only 260ms
   ✓ MySQL2 Driver > MySQL2 list/json filter and update behavior > list filters > not excludes the matching list and null lists  324ms
   ✓ MySQL2 Driver > MySQL2 list/json filter and update behavior > list filters > has matches string elements  406ms
   ✓ MySQL2 Driver > MySQL2 list/json filter and update behavior > list filters > has matches int elements  308ms
   ✓ MySQL2 Driver > MySQL2 list/json filter and update behavior > list filters > has with no match returns empty  316ms
   ✓ MySQL2 Driver > MySQL2 list/json filter and update behavior > list filters > has null is rejected consistently 243ms
   ✓ MySQL2 Driver > MySQL2 list/json filter and update behavior > list filters > hasEvery requires all elements 246ms
   ✓ MySQL2 Driver > MySQL2 list/json filter and update behavior > list filters > hasSome requires any element 238ms
   × MySQL2 Driver > MySQL2 list/json filter and update behavior > list filters > DateTime membership uses the same values as the stored list 242ms
     → expected [] to deeply equal [ 'both' ]
   ✓ MySQL2 Driver > MySQL2 list/json filter and update behavior > list filters > isEmpty treats null lists as empty on every dialect 230ms
   ✓ MySQL2 Driver > MySQL2 list/json filter and update behavior > list updates > set replaces the whole list 274ms
   ✓ MySQL2 Driver > MySQL2 list/json filter and update behavior > list updates > push appends a single value 218ms
   ✓ MySQL2 Driver > MySQL2 list/json filter and update behavior > list updates > push expands an array value element-wise 264ms
   ✓ MySQL2 Driver > MySQL2 list/json filter and update behavior > list updates > push appends int elements 249ms
   ✓ MySQL2 Driver > MySQL2 list/json filter and update behavior > list updates > push onto an empty list 269ms
   ✓ MySQL2 Driver > MySQL2 list/json filter and update behavior > list updates > push onto a null list creates the list 260ms
   ✓ MySQL2 Driver > MySQL2 list/json filter and update behavior > list updates > unshift prepends a single value 251ms
   ✓ MySQL2 Driver > MySQL2 list/json filter and update behavior > list updates > unshift expands an array value element-wise 258ms
   ✓ MySQL2 Driver > MySQL2 list/json filter and update behavior > json filters > equals matches the exact document 204ms
   ✓ MySQL2 Driver > MySQL2 list/json filter and update behavior > json filters > equals does not match a partial document 212ms
   ✓ MySQL2 Driver > MySQL2 list/json filter and update behavior > json filters > equals null matches null json only 164ms
   ✓ MySQL2 Driver > MySQL2 list/json filter and update behavior > json filters > not equals excludes the matching document and nulls 196ms
   ✓ MySQL2 Driver > MySQL2 list/json filter and update behavior > json path filters > equals at a path matches the scoped value 206ms
   ✓ MySQL2 Driver > MySQL2 list/json filter and update behavior > json path filters > equals at a nested path 192ms
   ✓ MySQL2 Driver > MySQL2 list/json filter and update behavior > json path filters > equals at a path matches numbers 209ms
   ✓ MySQL2 Driver > MySQL2 list/json filter and update behavior > json path filters > equals at a path matches whole sub-documents 215ms
   ✓ MySQL2 Driver > MySQL2 list/json filter and update behavior > json path filters > equals at a missing path matches nothing 182ms
   ✓ MySQL2 Driver > MySQL2 list/json filter and update behavior > json path filters > equals null at a path matches JSON null, not missing keys 228ms
   ✓ MySQL2 Driver > MySQL2 list/json filter and update behavior > json path filters > integer path segments address array elements 200ms
   ✓ MySQL2 Driver > MySQL2 list/json filter and update behavior > json path filters > path segments with dots stay literal 202ms
   × MySQL2 Driver > MySQL2 list/json filter and update behavior > json path filters > non-portable JSON path segments reject before execution 216ms
     → promise resolved "[]" instead of rejecting
   ✓ MySQL2 Driver > MySQL2 list/json filter and update behavior > json path filters > string_contains at a path 235ms
   ✓ MySQL2 Driver > MySQL2 list/json filter and update behavior > json path filters > string_starts_with and string_ends_with combine as AND 237ms
   ✓ MySQL2 Driver > MySQL2 list/json filter and update behavior > json path filters > JSON string ops are exact across case, wildcards, and Unicode  366ms
   × MySQL2 Driver > MySQL2 list/json filter and update behavior > json path filters > string_contains without a path matches string roots 227ms
     → Unexpected token 'j', "just a string" is not valid JSON
   ✓ MySQL2 Driver > MySQL2 list/json filter and update behavior > json path filters > array_contains requires every candidate element 249ms
   ✓ MySQL2 Driver > MySQL2 list/json filter and update behavior > json path filters > array_contains accepts a scalar candidate 215ms
   ✓ MySQL2 Driver > MySQL2 list/json filter and update behavior > json path filters > array_contains without a path matches array roots only 196ms
   ✓ MySQL2 Driver > MySQL2 list/json filter and update behavior > json path filters > array_starts_with matches the first element 183ms
   ✓ MySQL2 Driver > MySQL2 list/json filter and update behavior > json path filters > array_ends_with matches the last element 200ms
   ✓ MySQL2 Driver > MySQL2 list/json filter and update behavior > json path filters > not at a path inherits the path 224ms
   ✓ MySQL2 Driver > MySQL2 list/json filter and update behavior > json path filters > mode: insensitive > folds ASCII A-Z on all three string operators 217ms
   ✓ MySQL2 Driver > MySQL2 list/json filter and update behavior > json path filters > mode: insensitive > mode: default keeps the exact-text contract 299ms
   ✓ MySQL2 Driver > MySQL2 list/json filter and update behavior > json path filters > mode: insensitive > folds ASCII only — accents are never case-folded 294ms
   ✓ MySQL2 Driver > MySQL2 list/json filter and update behavior > json path filters > mode: insensitive > wildcards stay literal under the fold 265ms
   ✓ MySQL2 Driver > MySQL2 list/json filter and update behavior > json path filters > mode: insensitive > a nested not inherits the mode 253ms
   × MySQL2 Driver > MySQL2 list/json filter and update behavior > json path filters > mode: insensitive > a nested not may override the inherited mode 336ms
     → expected [ 'light' ] to deeply equal [ 'dark', 'light' ]
   ✓ MySQL2 Driver > MySQL2 list/json filter and update behavior > json path filters > mode: insensitive > string paths carry the mode too  374ms
   × MySQL2 Driver > MySQL2 list/json filter and update behavior > json path filters > mode: insensitive > an inert mode is refused, not ignored 341ms
     → promise resolved "[ 'dark' ]" instead of rejecting
   × MySQL2 Driver > MySQL2 list/json filter and update behavior > json string paths ('$.a.b') > dot paths equal their array form 217ms
     → expected [] to deeply equal [ 'dark' ]
   × MySQL2 Driver > MySQL2 list/json filter and update behavior > json string paths ('$.a.b') > bracket segments address array elements 206ms
     → expected [] to deeply equal [ 'dark' ]
   × MySQL2 Driver > MySQL2 list/json filter and update behavior > json string paths ('$.a.b') > '$' alone is the document root 207ms
     → Unexpected token 'j', "just a string" is not valid JSON
   × MySQL2 Driver > MySQL2 list/json filter and update behavior > json string paths ('$.a.b') > every operator accepts the string form 179ms
     → expected [] to deeply equal [ 'dark' ]
   ✓ MySQL2 Driver > MySQL2 list/json filter and update behavior > json string paths ('$.a.b') > a dot is always a separator — literal dots need the array form 233ms
   × MySQL2 Driver > MySQL2 list/json filter and update behavior > json string paths ('$.a.b') > unsupported path grammar rejects before execution 174ms
     → promise resolved "[]" instead of rejecting
   × MySQL2 Driver > MySQL2 list/json filter and update behavior > json string paths ('$.a.b') > quoted labels keep the portable-path refusal 190ms
     → promise resolved "[]" instead of rejecting
   ✓ MySQL2 Driver > MySQL2 list/json filter and update behavior > json comparison filters (lt/lte/gt/gte) > numeric operands compare numbers only 188ms
   ✓ MySQL2 Driver > MySQL2 list/json filter and update behavior > json comparison filters (lt/lte/gt/gte) > numeric operands never match a numeric string or other types  378ms
   ✓ MySQL2 Driver > MySQL2 list/json filter and update behavior > json comparison filters (lt/lte/gt/gte) > string operands compare strings only, by code point  341ms
   ✓ MySQL2 Driver > MySQL2 list/json filter and update behavior > json comparison filters (lt/lte/gt/gte) > string ordering is byte order, not the database's locale collation 261ms
   ✓ MySQL2 Driver > MySQL2 list/json filter and update behavior > json comparison filters (lt/lte/gt/gte) > mixed operand classes never cross 244ms
   ✓ MySQL2 Driver > MySQL2 list/json filter and update behavior > json comparison filters (lt/lte/gt/gte) > absent paths and NULL columns never match and never error 219ms
   ✓ MySQL2 Driver > MySQL2 list/json filter and update behavior > json comparison filters (lt/lte/gt/gte) > comparisons combine as AND inside one filter object 198ms
   ✓ MySQL2 Driver > MySQL2 list/json filter and update behavior > json comparison filters (lt/lte/gt/gte) > comparisons reach nested objects and array indices 197ms
   × MySQL2 Driver > MySQL2 list/json filter and update behavior > json comparison filters (lt/lte/gt/gte) > comparisons without a path apply to the document root 225ms
     → Unexpected token 'z', "zebra" is not valid JSON
   ✓ MySQL2 Driver > MySQL2 list/json filter and update behavior > json comparison filters (lt/lte/gt/gte) > not inherits the path and drops non-comparable rows 262ms
   ✓ MySQL2 Driver > MySQL2 list/json filter and update behavior > json comparison filters (lt/lte/gt/gte) > non-number, non-string operands reject before execution 275ms
   ✓ MySQL2 Driver > MySQL2 json null sentinel behavior > the truth table > equals DbNull matches the SQL NULLs only 202ms
   ✓ MySQL2 Driver > MySQL2 json null sentinel behavior > the truth table > equals JsonNull matches the stored JSON null only 215ms
   ✓ MySQL2 Driver > MySQL2 json null sentinel behavior > the truth table > equals AnyNull matches both 206ms
   ✓ MySQL2 Driver > MySQL2 json null sentinel behavior > the truth table > not DbNull matches every row that holds a document 214ms
   ✓ MySQL2 Driver > MySQL2 json null sentinel behavior > the truth table > not JsonNull excludes the JSON null and the SQL NULLs 214ms
   ✓ MySQL2 Driver > MySQL2 json null sentinel behavior > the truth table > not AnyNull matches only real documents 204ms
   ✓ MySQL2 Driver > MySQL2 json null sentinel behavior > the truth table > the three equals predicates partition the table 221ms
   ✓ MySQL2 Driver > MySQL2 json null sentinel behavior > writes > DbNull and JsonNull are different stored values 232ms
   ✓ MySQL2 Driver > MySQL2 json null sentinel behavior > writes > update moves a row between the two nulls 194ms
   ✓ MySQL2 Driver > MySQL2 json null sentinel behavior > writes > upsert stores a sentinel on either arm 269ms
   × MySQL2 Driver > MySQL2 json null sentinel behavior > writes > JsonNull is storable in a NOT NULL json column 262ms
     → Driver "mysql2" returned a malformed json scalar for operation "create": a required scalar is null.
   ✓ MySQL2 Driver > MySQL2 json null sentinel behavior > refusals > a bare null in write position is refused, not guessed 240ms
   ✓ MySQL2 Driver > MySQL2 json null sentinel behavior > refusals > AnyNull is filter-only 242ms
   ✓ MySQL2 Driver > MySQL2 json null sentinel behavior > refusals > DbNull is refused on a NOT NULL json column 221ms
   ✓ MySQL2 Driver > MySQL2 json null sentinel behavior > refusals > a sentinel nested inside a document is refused 190ms
   ✓ MySQL2 Driver > MySQL2 json null sentinel behavior > refusals > a sentinel under a path is refused before execution 260ms
   × MySQL2 Driver > MySQL2 json null sentinel behavior > refusals > an inert mode beside a sentinel not is refused 288ms
     → promise resolved "[ 'doc', 'js', 'nest' ]" instead of rejecting
   ✓ MySQL2 Driver > MySQL2 json null sentinel behavior > bare null in filter position (unchanged) > equals null still means the SQL NULL at the root  324ms
   ✓ MySQL2 Driver > MySQL2 json null sentinel behavior > bare null in filter position (unchanged) > not { equals: null } still means IS NOT NULL  411ms
   ✓ MySQL2 Driver > MySQL2 json null sentinel behavior > bare null in filter position (unchanged) > equals null under a path still means the JSON null there  336ms
   × MySQL2 Driver > MySQL2 field references > gt compares two columns of the same row 288ms
     → Push completed its statements but the final live fingerprint does not match the desired schema
   × MySQL2 Driver > MySQL2 field references > lt compares two columns of the same row 321ms
     → Push completed its statements but the final live fingerprint does not match the desired schema
   × MySQL2 Driver > MySQL2 field references > gte and lte include the equal row 236ms
     → Push completed its statements but the final live fingerprint does not match the desired schema
   × MySQL2 Driver > MySQL2 field references > equals and not compare two columns of the same row 266ms
     → Push completed its statements but the final live fingerprint does not match the desired schema
   × MySQL2 Driver > MySQL2 field references > a bare reference is the equals shorthand 206ms
     → Push completed its statements but the final live fingerprint does not match the desired schema
   × MySQL2 Driver > MySQL2 field references > a reference resolves through .map()ed column names 242ms
     → Push completed its statements but the final live fingerprint does not match the desired schema
   × MySQL2 Driver > MySQL2 field references > string prefix/suffix/substring predicates accept a reference 225ms
     → Push completed its statements but the final live fingerprint does not match the desired schema
   × MySQL2 Driver > MySQL2 field references > a callback is refused where only the token is accepted 212ms
     → Push completed its statements but the final live fingerprint does not match the desired schema
   × MySQL2 Driver > MySQL2 field references > case folding against a referenced column > default mode compares case-sensitively, whatever the server collation 224ms
     → Push completed its statements but the final live fingerprint does not match the desired schema
   × MySQL2 Driver > MySQL2 field references > case folding against a referenced column > insensitive mode folds both the filtered and the referenced column 229ms
     → Push completed its statements but the final live fingerprint does not match the desired schema
   × MySQL2 Driver > MySQL2 field references > case folding against a referenced column > insensitive contains folds the referenced column 205ms
     → Push completed its statements but the final live fingerprint does not match the desired schema
   × MySQL2 Driver > MySQL2 field references > case folding against a referenced column > insensitive startsWith folds the referenced column 227ms
     → Push completed its statements but the final live fingerprint does not match the desired schema
   × MySQL2 Driver > MySQL2 field references > case folding against a referenced column > insensitive endsWith folds the referenced column 223ms
     → Push completed its statements but the final live fingerprint does not match the desired schema
   × MySQL2 Driver > MySQL2 field references > case folding against a referenced column > insensitive `not` complements the folded comparison 208ms
     → Push completed its statements but the final live fingerprint does not match the desired schema
   × MySQL2 Driver > MySQL2 field references > case folding against a referenced column > insensitive mode folds ASCII only 213ms
     → Push completed its statements but the final live fingerprint does not match the desired schema
   × MySQL2 Driver > MySQL2 field references > enum references > equals compares two enum columns of the same row 261ms
     → Push completed its statements but the final live fingerprint does not match the desired schema
   × MySQL2 Driver > MySQL2 field references > enum references > not complements it 232ms
     → Push completed its statements but the final live fingerprint does not match the desired schema
   × MySQL2 Driver > MySQL2 field references > enum references > a bare enum reference is the equals shorthand 226ms
     → Push completed its statements but the final live fingerprint does not match the desired schema
   × MySQL2 Driver > MySQL2 field references > enum references > the reference resolves through the .map()ed column name 197ms
     → Push completed its statements but the final live fingerprint does not match the desired schema
   × MySQL2 Driver > MySQL2 field references > enum references > lt on an enum is refused with the portability reason 253ms
     → Push completed its statements but the final live fingerprint does not match the desired schema
   × MySQL2 Driver > MySQL2 field references > enum references > lte on an enum is refused with the portability reason 259ms
     → Push completed its statements but the final live fingerprint does not match the desired schema
   × MySQL2 Driver > MySQL2 field references > enum references > gt on an enum is refused with the portability reason 236ms
     → Push completed its statements but the final live fingerprint does not match the desired schema
   × MySQL2 Driver > MySQL2 field references > enum references > gte on an enum is refused with the portability reason 237ms
     → Push completed its statements but the final live fingerprint does not match the desired schema
   × MySQL2 Driver > MySQL2 field references > enum references > literal enum filters are untouched 238ms
     → Push completed its statements but the final live fingerprint does not match the desired schema
   × MySQL2 Driver > MySQL2 field references > a reference mixes with literal operands in one filter object 222ms
     → Push completed its statements but the final live fingerprint does not match the desired schema
   × MySQL2 Driver > MySQL2 field references > a reference works inside a nested relation where 235ms
     → Push completed its statements but the final live fingerprint does not match the desired schema
   × MySQL2 Driver > MySQL2 field references > the nested scope's own model is the one a reference must name 227ms
     → Push completed its statements but the final live fingerprint does not match the desired schema
   × MySQL2 Driver > MySQL2 field references > a reference drives updateMany and deleteMany 328ms
     → Push completed its statements but the final live fingerprint does not match the desired schema
   × MySQL2 Driver > MySQL2 field references > two decimals of the SAME domain compare exactly 239ms
     → Push completed its statements but the final live fingerprint does not match the desired schema
   × MySQL2 Driver > MySQL2 field references > two decimals of DIFFERENT domains are refused before any I/O 224ms
     → Push completed its statements but the final live fingerprint does not match the desired schema
   × MySQL2 Driver > MySQL2 field references > a cross-model reference is refused before any I/O 232ms
     → Push completed its statements but the final live fingerprint does not match the desired schema
   × MySQL2 Driver > MySQL2 field references > a reference of the wrong scalar type is refused 240ms
     → Push completed its statements but the final live fingerprint does not match the desired schema
   × MySQL2 Driver > MySQL2 field references > a reference is refused in in/notIn 208ms
     → Push completed its statements but the final live fingerprint does not match the desired schema
   × MySQL2 Driver > MySQL2 field references > a reference is refused in `having`, however deeply nested 196ms
     → Push completed its statements but the final live fingerprint does not match the desired schema
   × MySQL2 Driver > MySQL2 field references > a reference is refused in JSON filters and JSON write data 205ms
     → Push completed its statements but the final live fingerprint does not match the desired schema
   × MySQL2 Driver > MySQL2 field references > SQL fragment operands > an arithmetic expression compares against the row 231ms
     → Push completed its statements but the final live fingerprint does not match the desired schema
   × MySQL2 Driver > MySQL2 field references > SQL fragment operands > a scalar subquery compares against the whole table 233ms
     → Push completed its statements but the final live fingerprint does not match the desired schema
   × MySQL2 Driver > MySQL2 field references > SQL fragment operands > an interpolated value rides as a bound parameter 246ms
     → Push completed its statements but the final live fingerprint does not match the desired schema
   × MySQL2 Driver > MySQL2 field references > SQL fragment operands > a fragment, a reference and a literal mix in one filter 399ms
     → Push completed its statements but the final live fingerprint does not match the desired schema
   × MySQL2 Driver > MySQL2 field references > SQL fragment operands > a fragment drives updateMany and deleteMany 342ms
     → Push completed its statements but the final live fingerprint does not match the desired schema
   × MySQL2 Driver > MySQL2 field references > SQL fragment operands > a fragment survives both execution substrates 248ms
     → Push completed its statements but the final live fingerprint does not match the desired schema
   × MySQL2 Driver > MySQL2 field references > SQL fragment operands > a fragment is refused where a reference is 231ms
     → Push completed its statements but the final live fingerprint does not match the desired schema
   ✓ MySQL2 Driver > MySQL2 scalar round-trip behavior > datetime round-trips exactly through create and findMany 225ms
   ✓ MySQL2 Driver > MySQL2 scalar round-trip behavior > datetime filters match the stored instant 242ms
   ✓ MySQL2 Driver > MySQL2 scalar round-trip behavior > datetime update round-trips exactly 246ms
   ✓ MySQL2 Driver > MySQL2 scalar round-trip behavior > decimal reads back as its exact canonical value  319ms
   ✓ MySQL2 Driver > MySQL2 scalar round-trip behavior > a decimal LIST round-trips member by member  458ms
   ✓ MySQL2 Driver > MySQL2 scalar round-trip behavior > a decimal LIST filters by containment on its logical members  402ms
   ✓ MySQL2 Driver > MySQL2 scalar round-trip behavior > a decimal LIST compares and updates in its logical vocabulary  365ms
   ✓ MySQL2 Driver > MySQL2 scalar round-trip behavior > a decimal LIST survives a grouped projection  325ms
   ✓ MySQL2 Driver > MySQL2 scalar round-trip behavior > bigint beyond Number.MAX_SAFE_INTEGER round-trips exactly  367ms
   ✓ MySQL2 Driver > MySQL2 scalar round-trip behavior > include round-trips datetime, decimal, and bigint exactly  464ms
   ✓ MySQL2 Driver > MySQL2 decimal exactness > round-trips every value in the domain exactly  465ms
   ✓ MySQL2 Driver > MySQL2 decimal exactness > callback transactions materialize fresh Decimal scalar and list results 271ms
   ✓ MySQL2 Driver > MySQL2 decimal exactness > array transactions materialize fresh Decimal scalar and list results 294ms
   ✓ MySQL2 Driver > MySQL2 decimal exactness > a nullable decimal stores and reads NULL, not zero 287ms
   ✓ MySQL2 Driver > MySQL2 decimal exactness > equals matches on value, not on spelling 277ms
   ✓ MySQL2 Driver > MySQL2 decimal exactness > equals distinguishes the two values a double cannot  307ms
   ✓ MySQL2 Driver > MySQL2 decimal exactness > in / notIn compare numerically  320ms
   ✓ MySQL2 Driver > MySQL2 decimal exactness > gt/lt compare numerically, not lexicographically  317ms
   ✓ MySQL2 Driver > MySQL2 decimal exactness > orderBy sorts numerically, windowed and not  382ms
   × MySQL2 Driver > MySQL2 decimal exactness > _min/_max/_sum/_avg are exact, and _sum may exceed the precision 371ms
     → Driver "mysql2" returned a malformed decimal scalar for operation "aggregate": the value is not an exact decimal in this column's declared domain.
   ✓ MySQL2 Driver > MySQL2 decimal exactness > _avg of an all-null column is NULL, not zero and not an error 273ms
   × MySQL2 Driver > MySQL2 decimal exactness > _avg rounds exact ties to the even neighbour in both signs 240ms
     → Driver "mysql2" returned a malformed decimal scalar for operation "aggregate": the value is not an exact decimal in this column's declared domain.
   ✓ MySQL2 Driver > MySQL2 decimal exactness > groupBy orders groups and filters them on exact aggregates  327ms
   × MySQL2 Driver > MySQL2 decimal exactness > groupBy compares a widened _sum beyond the field precision 267ms
     → Driver "mysql2" returned a malformed decimal scalar for operation "groupBy": the sum is not an exact decimal at this column's scale.
   ✓ MySQL2 Driver > MySQL2 decimal exactness > increment and decrement are exact and never round 285ms
   ✓ MySQL2 Driver > MySQL2 decimal exactness > the precision-plus-scale edge keeps an in-range 10^18 intermediate exact  400ms
   ✓ MySQL2 Driver > MySQL2 decimal exactness > multiply rounds an exact POSITIVE tie to the EVEN neighbour  336ms
   ✓ MySQL2 Driver > MySQL2 decimal exactness > multiply rounds an exact POSITIVE tie AWAY when the neighbour is odd 266ms
   ✓ MySQL2 Driver > MySQL2 decimal exactness > multiply rounds an exact NEGATIVE tie to the EVEN neighbour  323ms
   ✓ MySQL2 Driver > MySQL2 decimal exactness > a rounded tie CARRIES across the whole value 292ms
   ✓ MySQL2 Driver > MySQL2 decimal exactness > divide rounds by the same rule, in both signs  526ms
   ✓ MySQL2 Driver > MySQL2 decimal exactness > dividing by a NEGATIVE operand keeps the quotient's sign  511ms
   ✓ MySQL2 Driver > MySQL2 decimal exactness > arithmetic on a NULL column stays NULL  495ms
   ✓ MySQL2 Driver > MySQL2 decimal exactness > division by zero fails BEFORE any statement is issued  357ms
   ✓ MySQL2 Driver > MySQL2 decimal exactness > a result past the field's precision fails and leaves the row alone 230ms
   ✓ MySQL2 Driver > MySQL2 decimal exactness > an INTERMEDIATE past the safe range fails; it never answers through a float 293ms
   ✓ MySQL2 Driver > MySQL2 decimal exactness > an operand finer than the field's scale is refused, never rounded 252ms
   × MySQL2 Driver > MySQL2 full scalar-type round-trip behavior > every scalar type round-trips exactly top-level 355ms
     → Push completed its statements but the final live fingerprint does not match the desired schema
   × MySQL2 Driver > MySQL2 full scalar-type round-trip behavior > every scalar type round-trips exactly inside an include 323ms
     → Push completed its statements but the final live fingerprint does not match the desired schema
   × MySQL2 Driver > MySQL2 full scalar-type round-trip behavior > json primitives round-trip with exact types 339ms
     → Push completed its statements but the final live fingerprint does not match the desired schema
   × MySQL2 Driver > MySQL2 full scalar-type round-trip behavior > aggregates are scalar-aware 309ms
     → Push completed its statements but the final live fingerprint does not match the desired schema
   × MySQL2 Driver > MySQL2 Prisma parity > insensitive mode on equality filters > equals matches case-insensitively 297ms
     → Push completed its statements but the final live fingerprint does not match the desired schema
   × MySQL2 Driver > MySQL2 Prisma parity > insensitive mode on equality filters > insensitive equality and set filters fold ASCII only 392ms
     → Push completed its statements but the final live fingerprint does not match the desired schema
   × MySQL2 Driver > MySQL2 Prisma parity > insensitive mode on equality filters > equals stays case-sensitive without mode 480ms
     → Push completed its statements but the final live fingerprint does not match the desired schema
   × MySQL2 Driver > MySQL2 Prisma parity > insensitive mode on equality filters > not stays case-sensitive without mode 340ms
     → Push completed its statements but the final live fingerprint does not match the desired schema
   × MySQL2 Driver > MySQL2 Prisma parity > insensitive mode on equality filters > in stays case-sensitive without mode 328ms
     → Push completed its statements but the final live fingerprint does not match the desired schema
   × MySQL2 Driver > MySQL2 Prisma parity > insensitive mode on equality filters > notIn stays case-sensitive without mode 314ms
     → Push completed its statements but the final live fingerprint does not match the desired schema
   × MySQL2 Driver > MySQL2 Prisma parity > insensitive mode on equality filters > insensitive equals does not treat % as a wildcard 246ms
     → Push completed its statements but the final live fingerprint does not match the desired schema
   × MySQL2 Driver > MySQL2 Prisma parity > insensitive mode on equality filters > not excludes case-insensitively 290ms
     → Push completed its statements but the final live fingerprint does not match the desired schema
   × MySQL2 Driver > MySQL2 Prisma parity > insensitive mode on equality filters > in matches case-insensitively 362ms
     → Push completed its statements but the final live fingerprint does not match the desired schema
   × MySQL2 Driver > MySQL2 Prisma parity > insensitive mode on equality filters > insensitive in does not treat % as a wildcard 290ms
     → Push completed its statements but the final live fingerprint does not match the desired schema
   × MySQL2 Driver > MySQL2 Prisma parity > insensitive mode on equality filters > insensitive in with empty list matches nothing 467ms
     → Push completed its statements but the final live fingerprint does not match the desired schema
   × MySQL2 Driver > MySQL2 Prisma parity > insensitive mode on equality filters > notIn excludes case-insensitively 314ms
     → Push completed its statements but the final live fingerprint does not match the desired schema
   × MySQL2 Driver > MySQL2 Prisma parity > string substring filters > contains stays case-sensitive without mode 298ms
     → Push completed its statements but the final live fingerprint does not match the desired schema
   × MySQL2 Driver > MySQL2 Prisma parity > string substring filters > startsWith stays case-sensitive without mode 351ms
     → Push completed its statements but the final live fingerprint does not match the desired schema
   × MySQL2 Driver > MySQL2 Prisma parity > string substring filters > endsWith stays case-sensitive without mode 299ms
     → Push completed its statements but the final live fingerprint does not match the desired schema
   × MySQL2 Driver > MySQL2 Prisma parity > string substring filters > default substring filters treat wildcard characters literally 287ms
     → Push completed its statements but the final live fingerprint does not match the desired schema
   × MySQL2 Driver > MySQL2 Prisma parity > string substring filters > default substring filters handle empty and non-ASCII values exactly 227ms
     → Push completed its statements but the final live fingerprint does not match the desired schema
   × MySQL2 Driver > MySQL2 Prisma parity > string substring filters > startsWith matches case-insensitively 247ms
     → Push completed its statements but the final live fingerprint does not match the desired schema
   × MySQL2 Driver > MySQL2 Prisma parity > string substring filters > endsWith matches case-insensitively 259ms
     → Push completed its statements but the final live fingerprint does not match the desired schema
   × MySQL2 Driver > MySQL2 Prisma parity > string substring filters > insensitive endsWith matches every case variant 302ms
     → Push completed its statements but the final live fingerprint does not match the desired schema
   × MySQL2 Driver > MySQL2 Prisma parity > string substring filters > insensitive substring filters fold ASCII only 313ms
     → Push completed its statements but the final live fingerprint does not match the desired schema
   × MySQL2 Driver > MySQL2 Prisma parity > string substring filters > insensitive startsWith does not treat % as a wildcard 324ms
     → Push completed its statements but the final live fingerprint does not match the desired schema
   × MySQL2 Driver > MySQL2 Prisma parity > string substring filters > insensitive endsWith does not treat % as a wildcard 323ms
     → Push completed its statements but the final live fingerprint does not match the desired schema
   × MySQL2 Driver > MySQL2 Prisma parity > NOT and OR combinators > top-level NOT excludes matching rows 330ms
     → Push completed its statements but the final live fingerprint does not match the desired schema
   × MySQL2 Driver > MySQL2 Prisma parity > NOT and OR combinators > NOT {contains} does not match NULL rows (Prisma parity) 279ms
     → Push completed its statements but the final live fingerprint does not match the desired schema
   × MySQL2 Driver > MySQL2 Prisma parity > NOT and OR combinators > NOT with equality also skips NULL rows 298ms
     → Push completed its statements but the final live fingerprint does not match the desired schema
   × MySQL2 Driver > MySQL2 Prisma parity > NOT and OR combinators > NOT combines with AND 269ms
     → Push completed its statements but the final live fingerprint does not match the desired schema
   × MySQL2 Driver > MySQL2 Prisma parity > NOT and OR combinators > NOT combines with OR 267ms
     → Push completed its statements but the final live fingerprint does not match the desired schema
   × MySQL2 Driver > MySQL2 Prisma parity > NOT and OR combinators > nested NOT double-negates but still skips NULL rows 281ms
     → Push completed its statements but the final live fingerprint does not match the desired schema
   × MySQL2 Driver > MySQL2 Prisma parity > NOT and OR combinators > NOT array negates each condition and ANDs them (Prisma parity) 250ms
     → Push completed its statements but the final live fingerprint does not match the desired schema
   × MySQL2 Driver > MySQL2 Prisma parity > NOT and OR combinators > OR of two scalar predicates 247ms
     → Push completed its statements but the final live fingerprint does not match the desired schema
   × MySQL2 Driver > MySQL2 Prisma parity > NOT and OR combinators > OR with a null check matches NULL rows via IS NULL 305ms
     → Push completed its statements but the final live fingerprint does not match the desired schema
   × MySQL2 Driver > MySQL2 Prisma parity > enum in/notIn filters > enum equals matches a single value 282ms
     → Push completed its statements but the final live fingerprint does not match the desired schema
   × MySQL2 Driver > MySQL2 Prisma parity > enum in/notIn filters > enum in matches listed values and skips NULL rows 270ms
     → Push completed its statements but the final live fingerprint does not match the desired schema
   × MySQL2 Driver > MySQL2 Prisma parity > enum in/notIn filters > enum in with empty list matches nothing 269ms
     → Push completed its statements but the final live fingerprint does not match the desired schema
   × MySQL2 Driver > MySQL2 Prisma parity > enum in/notIn filters > enum notIn excludes listed values and NULL rows 279ms
     → Push completed its statements but the final live fingerprint does not match the desired schema
   × MySQL2 Driver > MySQL2 Prisma parity > enum in/notIn filters > enum notIn with empty list matches every row 362ms
     → Push completed its statements but the final live fingerprint does not match the desired schema
   × MySQL2 Driver > MySQL2 Prisma parity > empty select rejection > empty select object throws 226ms
     → Push completed its statements but the final live fingerprint does not match the desired schema
   × MySQL2 Driver > MySQL2 Prisma parity > empty select rejection > all-false select throws 273ms
     → Push completed its statements but the final live fingerprint does not match the desired schema
   × MySQL2 Driver > MySQL2 Prisma parity > groupBy ordering and having > orderBy a non-grouped column is rejected 289ms
     → Push completed its statements but the final live fingerprint does not match the desired schema
   × MySQL2 Driver > MySQL2 Prisma parity > groupBy ordering and having > orderBy a grouped column still works 274ms
     → Push completed its statements but the final live fingerprint does not match the desired schema
   × MySQL2 Driver > MySQL2 Prisma parity > groupBy ordering and having > orderBy _count on a field 307ms
     → Push completed its statements but the final live fingerprint does not match the desired schema
   × MySQL2 Driver > MySQL2 Prisma parity > groupBy ordering and having > orderBy _count _all 244ms
     → Push completed its statements but the final live fingerprint does not match the desired schema
   × MySQL2 Driver > MySQL2 Prisma parity > groupBy ordering and having > orderBy _sum 230ms
     → Push completed its statements but the final live fingerprint does not match the desired schema
   × MySQL2 Driver > MySQL2 Prisma parity > groupBy ordering and having > having aggregate in filter 207ms
     → Push completed its statements but the final live fingerprint does not match the desired schema
   × MySQL2 Driver > MySQL2 Prisma parity > groupBy ordering and having > having aggregate in with empty list matches nothing 267ms
     → Push completed its statements but the final live fingerprint does not match the desired schema
   × MySQL2 Driver > MySQL2 Prisma parity > groupBy ordering and having > having aggregate notIn with empty list matches everything 254ms
     → Push completed its statements but the final live fingerprint does not match the desired schema
   × MySQL2 Driver > MySQL2 Prisma parity > groupBy ordering and having > having aggregate equals null uses IS NULL 407ms
     → Push completed its statements but the final live fingerprint does not match the desired schema
   × MySQL2 Driver > MySQL2 Prisma parity > groupBy ordering and having > having aggregate not null uses IS NOT NULL 215ms
     → Push completed its statements but the final live fingerprint does not match the desired schema
   × MySQL2 Driver > MySQL2 Prisma parity > groupBy ordering and having > where filters rows before grouping 302ms
     → Push completed its statements but the final live fingerprint does not match the desired schema
   × MySQL2 Driver > MySQL2 Prisma parity > groupBy ordering and having > take with orderBy limits groups 328ms
     → Push completed its statements but the final live fingerprint does not match the desired schema
   × MySQL2 Driver > MySQL2 Prisma parity > groupBy ordering and having > take and skip with orderBy window the groups 250ms
     → Push completed its statements but the final live fingerprint does not match the desired schema
   × MySQL2 Driver > MySQL2 Prisma parity > groupBy ordering and having > take and skip with aggregate orderBy window the groups 457ms
     → Push completed its statements but the final live fingerprint does not match the desired schema
   × MySQL2 Driver > MySQL2 Prisma parity > groupBy ordering and having > multi-field by groups on the field combination 346ms
     → Push completed its statements but the final live fingerprint does not match the desired schema
   × MySQL2 Driver > MySQL2 Prisma parity > groupBy ordering and having > multi-field by supports having on aggregates 317ms
     → Push completed its statements but the final live fingerprint does not match the desired schema
   × MySQL2 Driver > MySQL2 Prisma parity > groupBy ordering and having > having boolean combinators > OR of two single-group conditions matches both groups 220ms
     → Push completed its statements but the final live fingerprint does not match the desired schema
   × MySQL2 Driver > MySQL2 Prisma parity > groupBy ordering and having > having boolean combinators > OR with a single unmatchable arm keeps only the other 275ms
     → Push completed its statements but the final live fingerprint does not match the desired schema
   × MySQL2 Driver > MySQL2 Prisma parity > groupBy ordering and having > having boolean combinators > AND of the same two conditions matches nothing 237ms
     → Push completed its statements but the final live fingerprint does not match the desired schema
   × MySQL2 Driver > MySQL2 Prisma parity > groupBy ordering and having > having boolean combinators > AND accepts a bare object as well as an array 341ms
     → Push completed its statements but the final live fingerprint does not match the desired schema
   × MySQL2 Driver > MySQL2 Prisma parity > groupBy ordering and having > having boolean combinators > AND nested inside OR evaluates the inner conjunction 298ms
     → Push completed its statements but the final live fingerprint does not match the desired schema
   × MySQL2 Driver > MySQL2 Prisma parity > groupBy ordering and having > having boolean combinators > AND nested inside OR fails the arm when one conjunct misses 311ms
     → Push completed its statements but the final live fingerprint does not match the desired schema
   × MySQL2 Driver > MySQL2 Prisma parity > groupBy ordering and having > having boolean combinators > NOT of an aggregate condition selects the complement 287ms
     → Push completed its statements but the final live fingerprint does not match the desired schema
   × MySQL2 Driver > MySQL2 Prisma parity > groupBy ordering and having > having boolean combinators > NOT array negates each arm and ANDs the negations (Prisma parity) 255ms
     → Push completed its statements but the final live fingerprint does not match the desired schema
   × MySQL2 Driver > MySQL2 Prisma parity > groupBy ordering and having > having boolean combinators > NOT array with one unmatchable arm keeps the other complement 268ms
     → Push completed its statements but the final live fingerprint does not match the desired schema
   × MySQL2 Driver > MySQL2 Prisma parity > groupBy ordering and having > having boolean combinators > NOT array on a `by` field agrees with the same NOT array in where 291ms
     → Push completed its statements but the final live fingerprint does not match the desired schema
   × MySQL2 Driver > MySQL2 Prisma parity > groupBy ordering and having > having boolean combinators > NOT array of a single item matches the object form 320ms
     → Push completed its statements but the final live fingerprint does not match the desired schema
   × MySQL2 Driver > MySQL2 Prisma parity > groupBy ordering and having > having boolean combinators > NOT of a multi-key object negates that object's conjunction 289ms
     → Push completed its statements but the final live fingerprint does not match the desired schema
   × MySQL2 Driver > MySQL2 Prisma parity > groupBy ordering and having > having boolean combinators > NOT inside OR restores the excluded group 360ms
     → Push completed its statements but the final live fingerprint does not match the desired schema
   × MySQL2 Driver > MySQL2 Prisma parity > groupBy ordering and having > having boolean combinators > a combinator conjoins with sibling field-keyed conditions 257ms
     → Push completed its statements but the final live fingerprint does not match the desired schema
   × MySQL2 Driver > MySQL2 Prisma parity > groupBy ordering and having > having boolean combinators > a field-keyed condition inside an OR arm still requires `by` 297ms
     → Push completed its statements but the final live fingerprint does not match the desired schema
   × MySQL2 Driver > MySQL2 Prisma parity > groupBy ordering and having > having boolean combinators > empty OR matches no group, exactly like empty OR in where 234ms
     → Push completed its statements but the final live fingerprint does not match the desired schema
   × MySQL2 Driver > MySQL2 Prisma parity > groupBy ordering and having > having boolean combinators > empty OR is false, not absent, when conjoined with a sibling 243ms
     → Push completed its statements but the final live fingerprint does not match the desired schema
   × MySQL2 Driver > MySQL2 Prisma parity > groupBy ordering and having > having boolean combinators > empty OR nested in AND poisons the conjunction 270ms
     → Push completed its statements but the final live fingerprint does not match the desired schema
   × MySQL2 Driver > MySQL2 Prisma parity > groupBy ordering and having > having boolean combinators > empty OR nested in OR contributes nothing but is not vacuous 247ms
     → Push completed its statements but the final live fingerprint does not match the desired schema
   × MySQL2 Driver > MySQL2 Prisma parity > groupBy ordering and having > having boolean combinators > empty OR under NOT is true and keeps every group 279ms
     → Push completed its statements but the final live fingerprint does not match the desired schema
   × MySQL2 Driver > MySQL2 Prisma parity > groupBy ordering and having > having boolean combinators > empty AND and empty NOT stay true and keep every group 336ms
     → Push completed its statements but the final live fingerprint does not match the desired schema
   × MySQL2 Driver > MySQL2 Prisma parity > groupBy ordering and having > having boolean combinators > empty AND still conjoins its sibling rather than erasing it 443ms
     → Push completed its statements but the final live fingerprint does not match the desired schema
   ✓ MySQL2 Driver > MySQL2 optional-relation Prisma parity > create succeeds with all optional relations omitted 295ms
   ✓ MySQL2 Driver > MySQL2 optional-relation Prisma parity > nested create does not demand other optional relations 282ms
   ✓ MySQL2 Driver > MySQL2 optional-relation Prisma parity > where: { relation: null } matches rows with a null FK  307ms
   ✓ MySQL2 Driver > MySQL2 optional-relation Prisma parity > include: { rel: false } omits the relation 265ms
   ✓ MySQL2 Driver > MySQL2 optional-relation Prisma parity > select > include chains down the relation tree  471ms
   ✓ MySQL2 Driver > MySQL2 optional-relation Prisma parity > nested select+include on the same node is rejected  374ms
   ✓ MySQL2 Driver > MySQL2 optional-relation Prisma parity > create with nested writes returns scalars only without include  339ms
   ✓ MySQL2 Driver > MySQL2 LIKE wildcard escaping > contains with literal % matches only literal occurrences  378ms
   ✓ MySQL2 Driver > MySQL2 LIKE wildcard escaping > contains with literal _ matches only literal occurrences  386ms
   ✓ MySQL2 Driver > MySQL2 LIKE wildcard escaping > contains with literal backslash matches only literal occurrences  330ms
   ✓ MySQL2 Driver > MySQL2 LIKE wildcard escaping > startsWith with literal % does not act as a wildcard  332ms
   ✓ MySQL2 Driver > MySQL2 LIKE wildcard escaping > endsWith with literal _ does not act as a wildcard 277ms
   ✓ MySQL2 Driver > MySQL2 LIKE wildcard escaping > insensitive contains with literal % matches only literal occurrences  330ms
   ✓ MySQL2 Driver > MySQL2 LIKE wildcard escaping > insensitive contains still matches case-insensitively 267ms
   ✓ MySQL2 Driver > MySQL2 LIKE wildcard escaping > plain contains without wildcards still matches 278ms
   ✓ MySQL2 Driver > MySQL2 LIKE wildcard escaping > not-contains with literal % excludes only literal occurrences 285ms
   ✓ MySQL2 Driver > MySQL2 LIKE wildcard escaping > escaped prefix patterns > a percent in the value stays literal  322ms
   ✓ MySQL2 Driver > MySQL2 LIKE wildcard escaping > escaped prefix patterns > an underscore in the value stays literal 247ms
   ✓ MySQL2 Driver > MySQL2 LIKE wildcard escaping > escaped prefix patterns > a trailing escape character in the value stays literal  311ms
   ✓ MySQL2 Driver > MySQL2 LIKE wildcard escaping > escaped prefix patterns > a value that is only the escape character stays literal 229ms
   ✓ MySQL2 Driver > MySQL2 LIKE wildcard escaping > escaped prefix patterns > the empty value matches every row 287ms
   ✓ MySQL2 Driver > MySQL2 LIKE wildcard escaping > escaped prefix patterns > every wildcard family at once stays literal 299ms
   ✓ MySQL2 Driver > MySQL2 LIKE wildcard escaping > escaped prefix patterns > SQLite's GLOB metacharacters stay literal on every dialect 289ms
   ✓ MySQL2 Driver > MySQL2 LIKE wildcard escaping > escaped prefix patterns > the prefix path stays case-sensitive 294ms
   ✓ MySQL2 Driver > MySQL2 LIKE wildcard escaping > escaped prefix patterns > insensitive mode is unchanged and still ignores case  342ms
   ✓ MySQL2 Driver > MySQL2 LIKE wildcard escaping > escaped prefix patterns > endsWith keeps its spelling and its literal wildcards 299ms
   ✓ MySQL2 Driver > MySQL2 blob in/notIn filters > in matches exactly the listed byte arrays 282ms
   ✓ MySQL2 Driver > MySQL2 blob in/notIn filters > in compares bytes, not length — the one-byte decoy stays out 269ms
   ✓ MySQL2 Driver > MySQL2 blob in/notIn filters > in with no matching member returns nothing 294ms
   ✓ MySQL2 Driver > MySQL2 blob in/notIn filters > empty in matches nothing (Prisma semantics) 218ms
   ✓ MySQL2 Driver > MySQL2 blob in/notIn filters > notIn excludes exactly the listed byte arrays  351ms
   ✓ MySQL2 Driver > MySQL2 blob in/notIn filters > empty notIn matches everything (Prisma semantics)  304ms
   ✓ MySQL2 Driver > MySQL2 blob in/notIn filters > notIn on a nullable column excludes NULL rows 296ms
   ✓ MySQL2 Driver > MySQL2 blob in/notIn filters > in on a nullable column excludes NULL rows 245ms
   ✓ MySQL2 Driver > MySQL2 blob in/notIn filters > empty notIn on a nullable column keeps the NULL row 270ms
   ✓ MySQL2 Driver > MySQL2 blob in/notIn filters > Buffer members are accepted alongside Uint8Array 245ms
   ✓ MySQL2 Driver > MySQL2 blob in/notIn filters > in composes with not 221ms
   ✓ MySQL2 Driver > MySQL2 blob in/notIn filters > in composes with arbitrarily nested not 237ms
   ✓ MySQL2 Driver > MySQL2 blob in/notIn filters > in composes with the boolean wrappers 220ms
   ✓ MySQL2 Driver > MySQL2 blob in/notIn filters > in drives deleteMany, not just reads 232ms
 ❯ |provider-mysql2| tests/providers/docker/mysql2-relations-ddl.test.ts (105 tests | 46 failed) 48469ms
   ✓ MySQL2 Driver > MySQL2 ordering/array/create behavior > to-many include honors ascending orderBy 278ms
   × MySQL2 Driver > MySQL2 ordering/array/create behavior > to-many include honors descending orderBy 246ms
     → expected [ 'Alpha', 'Beta', 'Gamma', …(2) ] to deeply equal [ 'Epsilon', 'Delta', 'Gamma', …(2) ]
   ✓ MySQL2 Driver > MySQL2 ordering/array/create behavior > to-many include honors orderBy with skip and no take 250ms
   ✓ MySQL2 Driver > MySQL2 ordering/array/create behavior > orderBy asc with nulls last places null rows at the end 273ms
   ✓ MySQL2 Driver > MySQL2 ordering/array/create behavior > orderBy desc with nulls first places null rows at the start  341ms
   ✓ MySQL2 Driver > MySQL2 ordering/array/create behavior > orderBy asc with nulls first places null rows at the start  353ms
   ✓ MySQL2 Driver > MySQL2 ordering/array/create behavior > has filter matches string array elements  360ms
   ✓ MySQL2 Driver > MySQL2 ordering/array/create behavior > has filter matches int array elements  301ms
   ✓ MySQL2 Driver > MySQL2 ordering/array/create behavior > has filter with no match returns empty  336ms
   ✓ MySQL2 Driver > MySQL2 ordering/array/create behavior > create returns the auto-increment row 253ms
   ✓ MySQL2 Driver > MySQL2 ordering/array/create behavior > concurrent creates each return their own row  339ms
   × MySQL2 Driver > MySQL2 bulk-write implicit returning > createMany without select returns { count }, with select returns rows 360ms
     → Push completed its statements but the final live fingerprint does not match the desired schema
   × MySQL2 Driver > MySQL2 bulk-write implicit returning > createMany with a narrow select returns only selected fields 392ms
     → Push completed its statements but the final live fingerprint does not match the desired schema
   × MySQL2 Driver > MySQL2 bulk-write implicit returning > a relation in a bulk write's select is refused, not silently emptied 618ms
     → Push completed its statements but the final live fingerprint does not match the desired schema
   × MySQL2 Driver > MySQL2 bulk-write implicit returning > include is refused with a message that names the alternative 525ms
     → Push completed its statements but the final live fingerprint does not match the desired schema
   × MySQL2 Driver > MySQL2 bulk-write implicit returning > createMany with select assigns auto-increment ids 598ms
     → Push completed its statements but the final live fingerprint does not match the desired schema
   × MySQL2 Driver > MySQL2 bulk-write implicit returning > createMany preserves generation when another row supplies an increment id 379ms
     → Push completed its statements but the final live fingerprint does not match the desired schema
   × MySQL2 Driver > MySQL2 bulk-write implicit returning > createMany with select restores input order across increment row shapes 458ms
     → Push completed its statements but the final live fingerprint does not match the desired schema
   × MySQL2 Driver > MySQL2 bulk-write implicit returning > createMany with select preserves bigint generation and order 335ms
     → Push completed its statements but the final live fingerprint does not match the desired schema
   × MySQL2 Driver > MySQL2 bulk-write implicit returning > application defaults remain values while increment defaults stay database-owned 498ms
     → Push completed its statements but the final live fingerprint does not match the desired schema
   × MySQL2 Driver > MySQL2 bulk-write implicit returning > default-only createMany rows use database generation 375ms
     → Push completed its statements but the final live fingerprint does not match the desired schema
   × MySQL2 Driver > MySQL2 bulk-write implicit returning > default-only create uses database generation 326ms
     → Push completed its statements but the final live fingerprint does not match the desired schema
   × MySQL2 Driver > MySQL2 bulk-write implicit returning > createMany preserves conflict winner input order across row shapes 434ms
     → Push completed its statements but the final live fingerprint does not match the desired schema
   × MySQL2 Driver > MySQL2 bulk-write implicit returning > singleton createMany duplicate recovery returns count zero 337ms
     → Push completed its statements but the final live fingerprint does not match the desired schema
   × MySQL2 Driver > MySQL2 bulk-write implicit returning > skipDuplicates keeps case, accent, and trailing-space unique values distinct 436ms
     → Push completed its statements but the final live fingerprint does not match the desired schema
   × MySQL2 Driver > MySQL2 bulk-write implicit returning > explicit zero increment ids reject uniformly before mutation 348ms
     → Push completed its statements but the final live fingerprint does not match the desired schema
   × MySQL2 Driver > MySQL2 bulk-write implicit returning > createMany with select skips only duplicate rows and returns inserted rows 432ms
     → Push completed its statements but the final live fingerprint does not match the desired schema
   × MySQL2 Driver > MySQL2 bulk-write implicit returning > skipDuplicates still surfaces unrelated foreign-key failures 600ms
     → Push completed its statements but the final live fingerprint does not match the desired schema
   × MySQL2 Driver > MySQL2 bulk-write implicit returning > skipDuplicates does not suppress required, length, or conversion errors 403ms
     → Push completed its statements but the final live fingerprint does not match the desired schema
   × MySQL2 Driver > MySQL2 bulk-write implicit returning > updateMany without select returns { count }, with select returns rows 483ms
     → Push completed its statements but the final live fingerprint does not match the desired schema
   × MySQL2 Driver > MySQL2 bulk-write implicit returning > updateMany with select applies atomic operations 360ms
     → Push completed its statements but the final live fingerprint does not match the desired schema
   × MySQL2 Driver > MySQL2 bulk-write implicit returning > updateMany with select applies atomic decrement and multiply 421ms
     → Push completed its statements but the final live fingerprint does not match the desired schema
   × MySQL2 Driver > MySQL2 bulk-write implicit returning > updateMany with select applies atomic divide (exact quotient) 427ms
     → Push completed its statements but the final live fingerprint does not match the desired schema
   × MySQL2 Driver > MySQL2 bulk-write implicit returning > atomic divide pins integer-division semantics on inexact quotients 412ms
     → Push completed its statements but the final live fingerprint does not match the desired schema
   × MySQL2 Driver > MySQL2 bulk-write implicit returning > updateMany with select returns empty array when nothing matches 508ms
     → Push completed its statements but the final live fingerprint does not match the desired schema
   × MySQL2 Driver > MySQL2 bulk-write implicit returning > deleteMany without select returns { count }, with select returns the deleted rows 389ms
     → Push completed its statements but the final live fingerprint does not match the desired schema
   × MySQL2 Driver > MySQL2 bulk-write implicit returning > deleteMany with select returns [] when nothing matches and deletes nothing 388ms
     → Push completed its statements but the final live fingerprint does not match the desired schema
   × MySQL2 Driver > MySQL2 bulk-write implicit returning > deleteMany with select over every row returns them all 319ms
     → Push completed its statements but the final live fingerprint does not match the desired schema
   ✓ MySQL2 Driver > MySQL2 foreign-key index > push creates an index over the manyToOne FK column  348ms
   ✓ MySQL2 Driver > MySQL2 foreign-key index > re-pushing the schema is not an index change  345ms
   ✓ MySQL2 Driver > MySQL2 foreign-key index > re-pushing the schema is not a foreign-key change  381ms
   ✓ MySQL2 Driver > MySQL2 foreign-key index > a declared .index() on the FK column is not duplicated 282ms
   ✓ MySQL2 Driver > MySQL2 foreign-key index > a wider declared index over the FK columns replaces it in one push  384ms
   ✓ MySQL2 Driver > MySQL2 foreign-key index > a compound unique over the FK columns replaces it in one push  402ms
   ✓ MySQL2 Driver > MySQL2 declared index on a mapped field > push creates the index over the mapped column names 251ms
   ✓ MySQL2 Driver > MySQL2 declared index on a mapped field > re-pushing the schema is not an index change  309ms
   ✓ MySQL2 Driver > MySQL2 declared index on a mapped field > the declared index leaves the FK index nothing to add 248ms
   ✓ MySQL2 Driver > MySQL2 partial index refusal > push refuses the declaration by name 201ms
   ✓ MySQL2 Driver > MySQL2 forward-ref FK push ordering > simple forward ref: push creates every table + FK round-trips 289ms
   ✓ MySQL2 Driver > MySQL2 forward-ref FK push ordering > multi-model forward chain: push + create through the chain  380ms
   ✓ MySQL2 Driver > MySQL2 forward-ref FK push ordering > self reference: push + parent/child round-trip  357ms
   ✓ MySQL2 Driver > MySQL2 forward-ref FK push ordering > idempotency: re-pushing a forward-ref schema does not recreate tables  536ms
   ✓ MySQL2 Driver > MySQL2 many-to-many write behavior > connect inserts junction rows without touching unrelated foreign keys  793ms
   ✓ MySQL2 Driver > MySQL2 many-to-many write behavior > connect is idempotent  816ms
   ✓ MySQL2 Driver > MySQL2 many-to-many write behavior > connect of a missing record fails  807ms
   ✓ MySQL2 Driver > MySQL2 many-to-many write behavior > create connects and creates through the junction on parent create  759ms
   ✓ MySQL2 Driver > MySQL2 many-to-many write behavior > connectOrCreate connects existing and creates missing  820ms
   ✓ MySQL2 Driver > MySQL2 many-to-many write behavior > disconnect removes the association and keeps the row  639ms
   ✓ MySQL2 Driver > MySQL2 many-to-many write behavior > set replaces the association set  617ms
   ✓ MySQL2 Driver > MySQL2 many-to-many write behavior > delete removes the child row and all its associations  631ms
   ✓ MySQL2 Driver > MySQL2 many-to-many write behavior > delete of a record not connected to the parent fails  537ms
   ✓ MySQL2 Driver > MySQL2 many-to-many write behavior > deleteMany deletes only connected rows matching the filter  589ms
   ✓ MySQL2 Driver > MySQL2 many-to-many write behavior > writes from the side without junction config resolve the same junction  530ms
   ✓ MySQL2 Driver > MySQL2 many-to-many write behavior > implicit default junction works end to end  595ms
   ✓ MySQL2 Driver > MySQL2 many-to-many write behavior > rows participating in a many-to-many can be deleted directly  570ms
   ✓ MySQL2 Driver > MySQL2 many-to-many write behavior > nested update modifies a connected record only  653ms
   ✓ MySQL2 Driver > MySQL2 many-to-many write behavior > nested updateMany touches only connected rows matching the filter  775ms
   ✓ MySQL2 Driver > MySQL2 many-to-many write behavior > nested upsert updates a connected record  617ms
   ✓ MySQL2 Driver > MySQL2 many-to-many write behavior > nested upsert creates and connects a missing record  581ms
   ✓ MySQL2 Driver > MySQL2 many-to-many write behavior > nested upsert of an existing but unconnected record fails  583ms
   ✓ MySQL2 Driver > MySQL2 many-to-many write behavior > connect lands after a deleteMany that cannot see it  648ms
   × MySQL2 Driver > MySQL2 many-to-many write behavior > duplicate connectOrCreate targets collapse to one association 694ms
     → Nested operation 'connectOrCreate' on relation 'tags' depends on an earlier 'connectOrCreate' target write in the same nested write. Split these operations into separate queries.
   ✓ MySQL2 Driver > MySQL2 many-to-many write behavior > boolean disconnect on a many-to-many relation is rejected  604ms
   ✓ MySQL2 Driver > MySQL2 many-to-many write behavior > named duplicate pairs keep isolated junction tables  662ms
   ✓ MySQL2 Driver > MySQL2 many-to-many write behavior > unnamed duplicate pairs are rejected before any DDL  698ms
   × MySQL2 Driver > MySQL2 many-to-many write behavior > self-referential many-to-many round trip 634ms
     → expected [] to deeply equal [ 'u1' ]
   ✓ MySQL2 Driver > MySQL2 many-to-many write behavior > create through the junction with a DB-generated target primary key  585ms
   ✓ MySQL2 Driver > MySQL2 many-to-many write behavior > junction create with a generated target PK under an update root  642ms
   ✓ MySQL2 Driver > MySQL2 many-to-many write behavior > connectOrCreate with a generated target PK connects existing and creates missing  770ms
   ✓ MySQL2 Driver > MySQL2 many-to-many write behavior > upsert through the junction creates a target whose PK the database generates  925ms
   × MySQL2 Driver > MySQL2 relation-filter mutation behavior > updateMany with some relation filter affects only matching rows 509ms
     → expected +0 to be 1 // Object.is equality
   × MySQL2 Driver > MySQL2 relation-filter mutation behavior > updateMany with every relation filter affects only matching rows 454ms
     → expected 3 to be 2 // Object.is equality
   × MySQL2 Driver > MySQL2 relation-filter mutation behavior > updateMany with none relation filter affects only matching rows 548ms
     → expected 3 to be 2 // Object.is equality
   × MySQL2 Driver > MySQL2 relation-filter mutation behavior > deleteMany with some relation filter deletes only matching rows 427ms
     → expected +0 to be 1 // Object.is equality
   × MySQL2 Driver > MySQL2 relation-filter mutation behavior > deleteMany with every relation filter deletes only matching rows 364ms
     → expected 3 to be 2 // Object.is equality
   × MySQL2 Driver > MySQL2 relation-filter mutation behavior > deleteMany with none relation filter deletes only matching rows 370ms
     → expected 3 to be 2 // Object.is equality
   × MySQL2 Driver > MySQL2 relation-filter mutation behavior > combined relation operators > updateMany applies same-object some and none filters 268ms
     → expected +0 to be 1 // Object.is equality
   × MySQL2 Driver > MySQL2 relation-filter mutation behavior > combined relation operators > updateMany applies same-object some and every filters 269ms
     → expected +0 to be 1 // Object.is equality
   × MySQL2 Driver > MySQL2 relation-filter mutation behavior > combined relation operators > updateMany applies same-object every and none filters 322ms
     → expected 3 to be 1 // Object.is equality
   ✓ MySQL2 Driver > MySQL2 relation-filter mutation behavior > combined relation operators > updateMany applies same-object some, every, and none filters  426ms
   ✓ MySQL2 Driver > MySQL2 relation-filter mutation behavior > combined relation operators > updateMany applies same-object is and isNot filters  459ms
   × MySQL2 Driver > MySQL2 relation-filter mutation behavior > combined relation operators > deleteMany applies reversed same-object none and some filters 385ms
     → expected +0 to be 1 // Object.is equality
   × MySQL2 Driver > MySQL2 relation-filter mutation behavior > combined relation operators > deleteMany applies reversed same-object every and some filters 336ms
     → expected +0 to be 1 // Object.is equality
   × MySQL2 Driver > MySQL2 relation-filter mutation behavior > combined relation operators > deleteMany applies reversed same-object none and every filters 309ms
     → expected 3 to be 1 // Object.is equality
   ✓ MySQL2 Driver > MySQL2 relation-filter mutation behavior > combined relation operators > deleteMany applies reversed same-object none, every, and some filters  318ms
   ✓ MySQL2 Driver > MySQL2 relation-filter mutation behavior > combined relation operators > deleteMany applies reversed same-object isNot and is filters  315ms
   × MySQL2 Driver > MySQL2 relation-filter mutation behavior > combined relation operators > rolls back a combined-filter mutation when a later operation fails 266ms
     → expected +0 to be 1 // Object.is equality
   × MySQL2 Driver > MySQL2 relation-filter mutation behavior > self-relation filters > updateMany with to-many self-relation filter affects only matching rows 304ms
     → Query execution failed
   × MySQL2 Driver > MySQL2 relation-filter mutation behavior > self-relation filters > updateMany with to-one self-relation filter affects only matching rows 357ms
     → Query execution failed
   × MySQL2 Driver > MySQL2 relation-filter mutation behavior > self-relation filters > deleteMany with self-relation filter deletes only matching rows 672ms
     → Query execution failed
   ✓ MySQL2 Driver > MySQL2 relation-filter mutation behavior > self-relation filters > upsert's update arm carries a to-many self-relation filter  540ms
   ✓ MySQL2 Driver > MySQL2 relation-filter mutation behavior > self-relation filters > upsert's update arm carries a to-one self-relation filter  493ms
   ✓ MySQL2 Driver > MySQL2 relation-filter mutation behavior > self-relation filters > an excluding self-relation filter takes the create arm instead  386ms
   ✓ MySQL2 Driver > MySQL2 relation-filter mutation behavior > self-relation filters > update by a self-relation-filtered unique where locates or declines  380ms
   ✓ MySQL2 Driver > MySQL2 relation-filter mutation behavior > self-relation filters > delete by a self-relation-filtered unique where removes one row  613ms
 ❯ |provider-mysql2| tests/providers/docker/mysql2-read-surface.test.ts (122 tests | 5 failed) 39209ms
   ✓ MySQL2 Driver > MySQL2 read-path regression behavior > named inverse relations > include correlates each named relation on its own FK  445ms
   ✓ MySQL2 Driver > MySQL2 read-path regression behavior > named inverse relations > relation filter correlates each named relation on its own FK  315ms
   ✓ MySQL2 Driver > MySQL2 read-path regression behavior > named inverse relations > nested create through named relation writes the matching FK  343ms
   ✓ MySQL2 Driver > MySQL2 read-path regression behavior > named inverse relations > is null / isNot null respect the mapped FK column  379ms
   ✓ MySQL2 Driver > MySQL2 read-path regression behavior > named inverse relations > string scalars holding JSON-looking text round-trip as strings  457ms
   × MySQL2 Driver > MySQL2 read-path regression behavior > named inverse relations > groupBy returns mapped scalars under their public names 324ms
     → by.map is not a function
   ✓ MySQL2 Driver > MySQL2 read-path regression behavior > named inverse relations > nested cursor pages per parent instead of being ignored  323ms
   ✓ MySQL2 Driver > MySQL2 read-path regression behavior > named inverse relations > nested negative take pages backward in logical order  322ms
   × MySQL2 Driver > MySQL2 read-path regression behavior > empty default projections > preserves root and nested row cardinality 304ms
     → Query execution failed
   × MySQL2 Driver > MySQL2 read-path regression behavior > empty default projections > still rejects an explicit empty select 288ms
     → expected [Function] to throw error matching /at least one truthy value/i but got 'Query execution failed'
   × MySQL2 Driver > MySQL2 read-path regression behavior > empty default projections > returns an empty public object from a live nested create 284ms
     → Query execution failed
   ✓ MySQL2 Driver > MySQL2 read-path regression behavior > ambiguous unnamed inverse relations > refuses the schema outright instead of picking the first FK 104ms
   ✓ MySQL2 Driver > MySQL2 read-path regression behavior > many-to-many with mapped PK columns > include resolves junction join through mapped PK columns 215ms
   ✓ MySQL2 Driver > MySQL2 read-path regression behavior > many-to-many with mapped PK columns > relation filter resolves junction join through mapped PK columns 287ms
   ✓ MySQL2 Driver > MySQL2 relation read/aggregate behavior > relation _count selection > select _count returns exact counts, including zero  336ms
   ✓ MySQL2 Driver > MySQL2 relation read/aggregate behavior > relation _count selection > returns multiple counts with a long public relation name  327ms
   ✓ MySQL2 Driver > MySQL2 relation read/aggregate behavior > relation _count selection > includes a long relation under its exact public name 270ms
   ✓ MySQL2 Driver > MySQL2 relation read/aggregate behavior > relation _count selection > select _count on findUnique with zero relations  300ms
   ✓ MySQL2 Driver > MySQL2 relation read/aggregate behavior > relation _count selection > filtered _count only counts rows matching the where  339ms
   ✓ MySQL2 Driver > MySQL2 relation read/aggregate behavior > relation _count selection > _count alongside relation rows returns both 299ms
   ✓ MySQL2 Driver > MySQL2 relation read/aggregate behavior > relation _count selection > _count inside include returns counts alongside relations  411ms
   ✓ MySQL2 Driver > MySQL2 relation read/aggregate behavior > _count: true shorthand > select _count: true counts every to-many relation  466ms
   ✓ MySQL2 Driver > MySQL2 relation read/aggregate behavior > _count: true shorthand > select _count: true equals the explicit object form  512ms
   ✓ MySQL2 Driver > MySQL2 relation read/aggregate behavior > _count: true shorthand > include _count: true counts every to-many relation  429ms
   ✓ MySQL2 Driver > MySQL2 relation read/aggregate behavior > _count: true shorthand > include _count: true sits alongside included relations 296ms
   ✓ MySQL2 Driver > MySQL2 relation read/aggregate behavior > _count: true shorthand > _count: true on findUnique counts for the single row  311ms
   × MySQL2 Driver > MySQL2 relation read/aggregate behavior > _count: true shorthand > _count: true skips to-one relations (no list relation, no key) 258ms
     → expected [ { id: 'p1', _count: {} } ] to deeply equal [ { id: 'p1' } ]
   ✓ MySQL2 Driver > MySQL2 relation read/aggregate behavior > _count: true shorthand > _count: true inside a nested include 255ms
   ✓ MySQL2 Driver > MySQL2 relation read/aggregate behavior > relation orderBy > orderBy posts._count desc yields exact order 234ms
   ✓ MySQL2 Driver > MySQL2 relation read/aggregate behavior > relation orderBy > orderBy posts._count asc yields exact order 284ms
   ✓ MySQL2 Driver > MySQL2 relation read/aggregate behavior > relation orderBy > orderBy to-one relation scalar asc/desc 249ms
   ✓ MySQL2 Driver > MySQL2 relation read/aggregate behavior > to-one relation filters > isNot with real conditions includes null-FK rows 255ms
   ✓ MySQL2 Driver > MySQL2 relation read/aggregate behavior > to-one relation filters > findMany applies same-object is and isNot filters independent of key order 255ms
   ✓ MySQL2 Driver > MySQL2 relation read/aggregate behavior > to-one relation filters > findMany combines null and object to-one filters 289ms
   ✓ MySQL2 Driver > MySQL2 relation read/aggregate behavior > to-many relation filters on the read path > findMany applies same-object some and none filters independent of key order 288ms
   ✓ MySQL2 Driver > MySQL2 relation read/aggregate behavior > to-many relation filters on the read path > findMany applies same-object some and every filters independent of key order  321ms
   ✓ MySQL2 Driver > MySQL2 relation read/aggregate behavior > to-many relation filters on the read path > every with an empty condition matches zero related rows  538ms
   ✓ MySQL2 Driver > MySQL2 relation read/aggregate behavior > to-many relation filters on the read path > every with an empty condition matches one related row  400ms
   ✓ MySQL2 Driver > MySQL2 relation read/aggregate behavior > to-many relation filters on the read path > every with an empty condition matches several related rows  605ms
   ✓ MySQL2 Driver > MySQL2 relation read/aggregate behavior > to-many relation filters on the read path > every matches vacuously for zero relations  387ms
   ✓ MySQL2 Driver > MySQL2 relation read/aggregate behavior > to-many relation filters on the read path > none excludes any user with a matching relation 239ms
   ✓ MySQL2 Driver > MySQL2 relation read/aggregate behavior > to-many relation filters on the read path > none with empty condition means zero relations  310ms
   ✓ MySQL2 Driver > MySQL2 nested relation orderBy behavior > orders root rows by a two-hop to-one chain  309ms
   ✓ MySQL2 Driver > MySQL2 nested relation orderBy behavior > orders root rows by a three-hop to-one chain  350ms
   ✓ MySQL2 Driver > MySQL2 nested relation orderBy behavior > runs the sorting docs three-hop author chain example  445ms
   ✓ MySQL2 Driver > MySQL2 nested relation orderBy behavior > places null relation-chain rows according to explicit nulls  409ms
   ✓ MySQL2 Driver > MySQL2 nested relation orderBy behavior > orders a self-relation chain by parent.parent.name  421ms
   ✓ MySQL2 Driver > MySQL2 nested relation orderBy behavior > rejects ordering through a to-many relation mid-chain  430ms
   ✓ MySQL2 Driver > MySQL2 nested relation orderBy behavior > combines nested orderBy with take, skip, and scalar tiebreakers  437ms
   ✓ MySQL2 Driver > MySQL2 nested relation orderBy behavior > orders included to-many rows by a nested relation chain  377ms
   ✓ MySQL2 Driver > MySQL2 omit > findMany drops exactly the omitted scalar  357ms
   ✓ MySQL2 Driver > MySQL2 omit > findUnique / findFirst honor omit  400ms
   ✓ MySQL2 Driver > MySQL2 omit > omit composes with include, and the relation keeps its own shape  359ms
   ✓ MySQL2 Driver > MySQL2 omit > nested omit reduces the relation payload only 298ms
   ✓ MySQL2 Driver > MySQL2 omit > omit at both levels applies independently 266ms
   ✓ MySQL2 Driver > MySQL2 omit > create / update / upsert / delete honor omit  334ms
   ✓ MySQL2 Driver > MySQL2 omit > create composes select with omit 290ms
   ✓ MySQL2 Driver > MySQL2 omit > a bulk write with omit returns the projected rows, not a count  332ms
   ✓ MySQL2 Driver > MySQL2 omit > a bulk write composes select with omit  302ms
   ✓ MySQL2 Driver > MySQL2 omit > a bulk write WITHOUT a projection still counts 261ms
   ✓ MySQL2 Driver > MySQL2 omit > select + omit returns the selected shape minus overlaps  446ms
   ✓ MySQL2 Driver > MySQL2 omit > an omit that hides every field is refused  382ms
   ✓ MySQL2 Driver > MySQL2 omit > a model-level omitted column never comes back 298ms
   ✓ MySQL2 Driver > MySQL2 omit > neither select nor omit can re-include it  310ms
   ✓ MySQL2 Driver > MySQL2 omit > a model-level omitted column cannot be selected through a relation 299ms
   ✓ MySQL2 Driver > MySQL2 omit > client-level omit hides the field on every read of that model  386ms
   ✓ MySQL2 Driver > MySQL2 omit > client-level omit reaches relation payloads  388ms
   ✓ MySQL2 Driver > MySQL2 omit > a local omit: { field: false } re-includes a globally hidden field 285ms
   ✓ MySQL2 Driver > MySQL2 omit > a local omit adds to the global one instead of replacing it  350ms
   ✓ MySQL2 Driver > MySQL2 omit > an explicit select overrides the client default before local omit subtracts  360ms
   ✓ MySQL2 Driver > MySQL2 omit > select + omit composes through a selected relation include and all omit layers  318ms
   ✓ MySQL2 Driver > MySQL2 omit > client-level omit does not turn a bulk write into a row-returning one  336ms
   ✓ MySQL2 Driver > MySQL2 omit > a client that configures nothing is unaffected  309ms
   ✓ MySQL2 Driver > MySQL2 count/aggregate input windows > count applies ordered cursor input window 267ms
   ✓ MySQL2 Driver > MySQL2 count/aggregate input windows > aggregate applies ordered cursor input window 249ms
   ✓ MySQL2 Driver > MySQL2 count/aggregate input windows > count applies negative take input window 253ms
   ✓ MySQL2 Driver > MySQL2 count/aggregate input windows > aggregate applies negative take input window 280ms
   ✓ MySQL2 Driver > MySQL2 count/aggregate input windows > selected count uses the input window 267ms
   ✓ MySQL2 Driver > MySQL2 count/aggregate input windows > aggregate _count object form counts non-null values per field 264ms
   ✓ MySQL2 Driver > MySQL2 count/aggregate input windows > aggregate _count object form applies the input window 300ms
   ✓ MySQL2 Driver > MySQL2 count/aggregate input windows > count honors supported relation order in input window 251ms
   ✓ MySQL2 Driver > MySQL2 count/aggregate input windows > aggregate honors supported relation order in input window 247ms
   ✓ MySQL2 Driver > MySQL2 count/aggregate input windows > unsupported to-many scalar relation order fails closed 265ms
   ✓ MySQL2 Driver > MySQL2 distinct/skip windows > distinct with orderBy keeps first row per group in user order  325ms
   ✓ MySQL2 Driver > MySQL2 distinct/skip windows > distinct with ascending orderBy 298ms
   ✓ MySQL2 Driver > MySQL2 distinct/skip windows > distinct ordered by the distinct column descending 252ms
   ✓ MySQL2 Driver > MySQL2 distinct/skip windows > distinct with orderBy and skip without take  341ms
   ✓ MySQL2 Driver > MySQL2 distinct/skip windows > top-level skip without take 244ms
   ✓ MySQL2 Driver > MySQL2 distinct/skip windows > nested include skip without take 296ms
   ✓ MySQL2 Driver > MySQL2 distinct/skip windows > multi-key orderBy > array form orders by each key in turn 238ms
   ✓ MySQL2 Driver > MySQL2 distinct/skip windows > multi-key orderBy > later keys break ties left by earlier keys  341ms
   ✓ MySQL2 Driver > MySQL2 distinct/skip windows > multi-key orderBy > multi-key orderBy with take windows the ordered rows 273ms
   ✓ MySQL2 Driver > MySQL2 distinct/skip windows > multi-key orderBy > multi-key orderBy with take and skip 252ms
   ✓ MySQL2 Driver > MySQL2 distinct/skip windows > findFirst distinct + string shorthand > findFirst distinct returns the first distinct row  308ms
   ✓ MySQL2 Driver > MySQL2 distinct/skip windows > findFirst distinct + string shorthand > string and array spellings agree on findFirst  338ms
   ✓ MySQL2 Driver > MySQL2 distinct/skip windows > findFirst distinct + string shorthand > string and array spellings agree on findMany  362ms
   ✓ MySQL2 Driver > MySQL2 distinct/skip windows > findFirst distinct + string shorthand > negative take flips the order before distinct, as on findMany  304ms
   ✓ MySQL2 Driver > MySQL2 distinct/skip windows > findFirst distinct + string shorthand > positive take keeps the forward window  337ms
   ✓ MySQL2 Driver > MySQL2 distinct/skip windows > findFirst distinct + string shorthand > take 0 is an empty window even with distinct 289ms
   ✓ MySQL2 Driver > MySQL2 distinct/skip windows > findFirst distinct + string shorthand > skip pages within the distinct set  307ms
   ✓ MySQL2 Driver > MySQL2 distinct/skip windows > findFirst distinct + string shorthand > distinct composes with where on findFirst  310ms
   ✓ MySQL2 Driver > MySQL2 distinct/skip windows > findFirst distinct + string shorthand > distinct on findFirst with no matching rows returns null  369ms
   ✓ MySQL2 Driver > MySQL2 distinct/skip windows > multi-column distinct > keeps the first row per column combination in user order  423ms
   ✓ MySQL2 Driver > MySQL2 distinct/skip windows > multi-column distinct > ascending order keeps the other duplicate  341ms
   ✓ MySQL2 Driver > MySQL2 total cursor pagination > 'asc nulls first after null'  464ms
   ✓ MySQL2 Driver > MySQL2 total cursor pagination > 'asc nulls last after null'  365ms
   ✓ MySQL2 Driver > MySQL2 total cursor pagination > 'desc nulls first after null'  317ms
   ✓ MySQL2 Driver > MySQL2 total cursor pagination > 'desc nulls last after null' 247ms
   ✓ MySQL2 Driver > MySQL2 total cursor pagination > 'asc nulls first after non-null'  312ms
   ✓ MySQL2 Driver > MySQL2 total cursor pagination > 'asc nulls last after non-null' 282ms
   ✓ MySQL2 Driver > MySQL2 total cursor pagination > 'desc nulls first after non-null' 263ms
   ✓ MySQL2 Driver > MySQL2 total cursor pagination > 'desc nulls last after non-null' 201ms
   ✓ MySQL2 Driver > MySQL2 total cursor pagination > bare directions use one portable null default  315ms
   ✓ MySQL2 Driver > MySQL2 total cursor pagination > cursor inclusion, skip, default order, and backward take share one boundary 216ms
   ✓ MySQL2 Driver > MySQL2 total cursor pagination > first page and alternate-unique cursor share the canonical ID tie-break 289ms
   ✓ MySQL2 Driver > MySQL2 total cursor pagination > mixed directions preserve key precedence 253ms
   ✓ MySQL2 Driver > MySQL2 total cursor pagination > compound alternate cursor keeps canonical compound-ID precedence  427ms
   ✓ MySQL2 Driver > MySQL2 total cursor pagination > forward and backward windows are symmetric 278ms
   ✓ MySQL2 Driver > MySQL2 total cursor pagination > distinct ranking preserves reverse cursor skip and take 274ms
   ✓ MySQL2 Driver > MySQL2 total cursor pagination > concatenated pages equal the one-shot total order 294ms
   ✓ MySQL2 Driver > MySQL2 total cursor pagination > missing cursor consistently returns an empty window 249ms
   ✓ MySQL2 Driver > MySQL2 total cursor pagination > count and aggregate consume the same null-aware cursor window 272ms

⎯⎯⎯⎯⎯⎯ Failed Tests 218 ⎯⎯⎯⎯⎯⎯

 FAIL  |provider-mysql2| tests/providers/docker/mysql2-read-surface.test.ts > MySQL2 Driver > MySQL2 read-path regression behavior > named inverse relations > groupBy returns mapped scalars under their public names
TypeError: by.map is not a function
 ❯ Queries.grouped src/query-engine/raptor3/shared/query.ts:3432:31
    3430|     const aggregates = this.prepareAggregates(model, args);
    3431|     const fields: Record<string, Shape | Leaf> = {};
    3432|     const columns: Sql[] = by.map((field) => {
       |                               ^
    3433|       fields[field] = this.scalarShape(model, field);
    3434|       return a.identifiers.aliased(
 ❯ Queries.read src/query-engine/raptor3/shared/query.ts:2599:28
 ❯ read src/query-engine/raptor3/commands/index.ts:167:36
 ❯ body src/query-engine/raptor3/commands/index.ts:175:21
 ❯ Object.execute src/query-engine/raptor3/commands/index.ts:196:16
 ❯ runCandidate src/query-engine/raptor3/route/client-route.ts:397:21
 ❯ Object.execute src/query-engine/raptor3/route/client-route.ts:218:31
 ❯ PendingOperation.#run src/query-engine/pending-operation.ts:687:19
 ❯ PendingOperation.#runCoreExecution src/query-engine/pending-operation.ts:668:17
 ❯ PendingOperation.#runExecution src/query-engine/pending-operation.ts:574:19

⎯⎯⎯⎯⎯⎯⎯⎯⎯⎯⎯⎯⎯⎯⎯⎯⎯⎯⎯⎯⎯⎯[1/218]⎯

 FAIL  |provider-mysql2| tests/providers/docker/mysql2-read-surface.test.ts > MySQL2 Driver > MySQL2 read-path regression behavior > empty default projections > preserves root and nested row cardinality
QueryError: Query execution failed
Caused by: Error: Underlying error details redacted
⎯⎯⎯⎯⎯⎯⎯⎯⎯⎯⎯⎯⎯⎯⎯⎯⎯⎯⎯⎯⎯⎯⎯⎯⎯⎯⎯⎯⎯⎯
Serialized Error: { errno: 1064, sqlState: '42000' }
⎯⎯⎯⎯⎯⎯⎯⎯⎯⎯⎯⎯⎯⎯⎯⎯⎯⎯⎯⎯⎯⎯[2/218]⎯

 FAIL  |provider-mysql2| tests/providers/docker/mysql2-read-surface.test.ts > MySQL2 Driver > MySQL2 read-path regression behavior > empty default projections > still rejects an explicit empty select
AssertionError: expected [Function] to throw error matching /at least one truthy value/i but got 'Query execution failed'

[32m- Expected:[39m 
/at least one truthy value/i

[31m+ Received:[39m 
"Query execution failed"

 ❯ tests/contracts/drivers/behaviors/read-path-regression-behavior.ts:363:9
    361| 
    362|       test("still rejects an explicit empty select", async () => {
    363|         await expect(client.parent.findMany({ select: {} })).rejects.t…
       |         ^
    364|           EMPTY_SELECT_PATTERN
    365|         );

⎯⎯⎯⎯⎯⎯⎯⎯⎯⎯⎯⎯⎯⎯⎯⎯⎯⎯⎯⎯⎯⎯[3/218]⎯

 FAIL  |provider-mysql2| tests/providers/docker/mysql2-read-surface.test.ts > MySQL2 Driver > MySQL2 read-path regression behavior > empty default projections > returns an empty public object from a live nested create
QueryError: Query execution failed
Caused by: Error: Underlying error details redacted
⎯⎯⎯⎯⎯⎯⎯⎯⎯⎯⎯⎯⎯⎯⎯⎯⎯⎯⎯⎯⎯⎯⎯⎯⎯⎯⎯⎯⎯⎯
Serialized Error: { errno: 1064, sqlState: '42000' }
⎯⎯⎯⎯⎯⎯⎯⎯⎯⎯⎯⎯⎯⎯⎯⎯⎯⎯⎯⎯⎯⎯[4/218]⎯

 FAIL  |provider-mysql2| tests/providers/docker/mysql2-read-surface.test.ts > MySQL2 Driver > MySQL2 relation read/aggregate behavior > _count: true shorthand > _count: true skips to-one relations (no list relation, no key)
AssertionError: expected [ { id: 'p1', _count: {} } ] to deeply equal [ { id: 'p1' } ]

[32m- Expected[39m
[31m+ Received[39m

[2m  [[22m
[2m    {[22m
[31m+     "_count": {},[39m
[2m      "id": "p1",[22m
[2m    },[22m
[2m  ][22m

 ❯ tests/contracts/drivers/behaviors/relation-read-aggregate-behavior.ts:337:27
    335|         });
    336| 
    337|         expect(shorthand).toEqual([{ id: "p1" }]);
       |                           ^
    338|         expect(shorthand).toEqual(explicitEmpty);
    339|       });

⎯⎯⎯⎯⎯⎯⎯⎯⎯⎯⎯⎯⎯⎯⎯⎯⎯⎯⎯⎯⎯⎯[5/218]⎯

 FAIL  |provider-mysql2| tests/providers/docker/mysql2-relations-ddl.test.ts > MySQL2 Driver > MySQL2 ordering/array/create behavior > to-many include honors descending orderBy
AssertionError: expected [ 'Alpha', 'Beta', 'Gamma', …(2) ] to deeply equal [ 'Epsilon', 'Delta', 'Gamma', …(2) ]

[32m- Expected[39m
[31m+ Received[39m

[2m  [[22m
[32m-   "Epsilon",[39m
[32m-   "Delta",[39m
[32m-   "Gamma",[39m
[32m-   "Beta",[39m
[2m    "Alpha",[22m
[31m+   "Beta",[39m
[31m+   "Gamma",[39m
[31m+   "Delta",[39m
[31m+   "Epsilon",[39m
[2m  ][22m

 ❯ tests/contracts/drivers/behaviors/ordering-array-create-behavior.ts:128:57
    126|       });
    127| 
    128|       expect(result?.books.map((entry) => entry.title)).toEqual([
       |                                                         ^
    129|         "Epsilon",
    130|         "Delta",

⎯⎯⎯⎯⎯⎯⎯⎯⎯⎯⎯⎯⎯⎯⎯⎯⎯⎯⎯⎯⎯⎯[6/218]⎯

 FAIL  |provider-mysql2| tests/providers/docker/mysql2-relations-ddl.test.ts > MySQL2 Driver > MySQL2 bulk-write implicit returning > createMany without select returns { count }, with select returns rows
MigrationError: Push completed its statements but the final live fingerprint does not match the desired schema
⎯⎯⎯⎯⎯⎯⎯⎯⎯⎯⎯⎯⎯⎯⎯⎯⎯⎯⎯⎯⎯⎯[7/218]⎯

 FAIL  |provider-mysql2| tests/providers/docker/mysql2-relations-ddl.test.ts > MySQL2 Driver > MySQL2 bulk-write implicit returning > createMany with a narrow select returns only selected fields
MigrationError: Push completed its statements but the final live fingerprint does not match the desired schema
⎯⎯⎯⎯⎯⎯⎯⎯⎯⎯⎯⎯⎯⎯⎯⎯⎯⎯⎯⎯⎯⎯[8/218]⎯

 FAIL  |provider-mysql2| tests/providers/docker/mysql2-relations-ddl.test.ts > MySQL2 Driver > MySQL2 bulk-write implicit returning > a relation in a bulk write's select is refused, not silently emptied
MigrationError: Push completed its statements but the final live fingerprint does not match the desired schema
⎯⎯⎯⎯⎯⎯⎯⎯⎯⎯⎯⎯⎯⎯⎯⎯⎯⎯⎯⎯⎯⎯[9/218]⎯

 FAIL  |provider-mysql2| tests/providers/docker/mysql2-relations-ddl.test.ts > MySQL2 Driver > MySQL2 bulk-write implicit returning > include is refused with a message that names the alternative
MigrationError: Push completed its statements but the final live fingerprint does not match the desired schema
⎯⎯⎯⎯⎯⎯⎯⎯⎯⎯⎯⎯⎯⎯⎯⎯⎯⎯⎯⎯⎯[10/218]⎯

 FAIL  |provider-mysql2| tests/providers/docker/mysql2-relations-ddl.test.ts > MySQL2 Driver > MySQL2 bulk-write implicit returning > createMany with select assigns auto-increment ids
MigrationError: Push completed its statements but the final live fingerprint does not match the desired schema
⎯⎯⎯⎯⎯⎯⎯⎯⎯⎯⎯⎯⎯⎯⎯⎯⎯⎯⎯⎯⎯[11/218]⎯

 FAIL  |provider-mysql2| tests/providers/docker/mysql2-relations-ddl.test.ts > MySQL2 Driver > MySQL2 bulk-write implicit returning > createMany preserves generation when another row supplies an increment id
MigrationError: Push completed its statements but the final live fingerprint does not match the desired schema
⎯⎯⎯⎯⎯⎯⎯⎯⎯⎯⎯⎯⎯⎯⎯⎯⎯⎯⎯⎯⎯[12/218]⎯

 FAIL  |provider-mysql2| tests/providers/docker/mysql2-relations-ddl.test.ts > MySQL2 Driver > MySQL2 bulk-write implicit returning > createMany with select restores input order across increment row shapes
MigrationError: Push completed its statements but the final live fingerprint does not match the desired schema
⎯⎯⎯⎯⎯⎯⎯⎯⎯⎯⎯⎯⎯⎯⎯⎯⎯⎯⎯⎯⎯[13/218]⎯

 FAIL  |provider-mysql2| tests/providers/docker/mysql2-relations-ddl.test.ts > MySQL2 Driver > MySQL2 bulk-write implicit returning > createMany with select preserves bigint generation and order
MigrationError: Push completed its statements but the final live fingerprint does not match the desired schema
⎯⎯⎯⎯⎯⎯⎯⎯⎯⎯⎯⎯⎯⎯⎯⎯⎯⎯⎯⎯⎯[14/218]⎯

 FAIL  |provider-mysql2| tests/providers/docker/mysql2-relations-ddl.test.ts > MySQL2 Driver > MySQL2 bulk-write implicit returning > application defaults remain values while increment defaults stay database-owned
MigrationError: Push completed its statements but the final live fingerprint does not match the desired schema
⎯⎯⎯⎯⎯⎯⎯⎯⎯⎯⎯⎯⎯⎯⎯⎯⎯⎯⎯⎯⎯[15/218]⎯

 FAIL  |provider-mysql2| tests/providers/docker/mysql2-relations-ddl.test.ts > MySQL2 Driver > MySQL2 bulk-write implicit returning > default-only createMany rows use database generation
MigrationError: Push completed its statements but the final live fingerprint does not match the desired schema
⎯⎯⎯⎯⎯⎯⎯⎯⎯⎯⎯⎯⎯⎯⎯⎯⎯⎯⎯⎯⎯[16/218]⎯

 FAIL  |provider-mysql2| tests/providers/docker/mysql2-relations-ddl.test.ts > MySQL2 Driver > MySQL2 bulk-write implicit returning > default-only create uses database generation
MigrationError: Push completed its statements but the final live fingerprint does not match the desired schema
⎯⎯⎯⎯⎯⎯⎯⎯⎯⎯⎯⎯⎯⎯⎯⎯⎯⎯⎯⎯⎯[17/218]⎯

 FAIL  |provider-mysql2| tests/providers/docker/mysql2-relations-ddl.test.ts > MySQL2 Driver > MySQL2 bulk-write implicit returning > createMany preserves conflict winner input order across row shapes
MigrationError: Push completed its statements but the final live fingerprint does not match the desired schema
⎯⎯⎯⎯⎯⎯⎯⎯⎯⎯⎯⎯⎯⎯⎯⎯⎯⎯⎯⎯⎯[18/218]⎯

 FAIL  |provider-mysql2| tests/providers/docker/mysql2-relations-ddl.test.ts > MySQL2 Driver > MySQL2 bulk-write implicit returning > singleton createMany duplicate recovery returns count zero
MigrationError: Push completed its statements but the final live fingerprint does not match the desired schema
⎯⎯⎯⎯⎯⎯⎯⎯⎯⎯⎯⎯⎯⎯⎯⎯⎯⎯⎯⎯⎯[19/218]⎯

 FAIL  |provider-mysql2| tests/providers/docker/mysql2-relations-ddl.test.ts > MySQL2 Driver > MySQL2 bulk-write implicit returning > skipDuplicates keeps case, accent, and trailing-space unique values distinct
MigrationError: Push completed its statements but the final live fingerprint does not match the desired schema
⎯⎯⎯⎯⎯⎯⎯⎯⎯⎯⎯⎯⎯⎯⎯⎯⎯⎯⎯⎯⎯[20/218]⎯

 FAIL  |provider-mysql2| tests/providers/docker/mysql2-relations-ddl.test.ts > MySQL2 Driver > MySQL2 bulk-write implicit returning > explicit zero increment ids reject uniformly before mutation
MigrationError: Push completed its statements but the final live fingerprint does not match the desired schema
⎯⎯⎯⎯⎯⎯⎯⎯⎯⎯⎯⎯⎯⎯⎯⎯⎯⎯⎯⎯⎯[21/218]⎯

 FAIL  |provider-mysql2| tests/providers/docker/mysql2-relations-ddl.test.ts > MySQL2 Driver > MySQL2 bulk-write implicit returning > createMany with select skips only duplicate rows and returns inserted rows
MigrationError: Push completed its statements but the final live fingerprint does not match the desired schema
⎯⎯⎯⎯⎯⎯⎯⎯⎯⎯⎯⎯⎯⎯⎯⎯⎯⎯⎯⎯⎯[22/218]⎯

 FAIL  |provider-mysql2| tests/providers/docker/mysql2-relations-ddl.test.ts > MySQL2 Driver > MySQL2 bulk-write implicit returning > skipDuplicates still surfaces unrelated foreign-key failures
MigrationError: Push completed its statements but the final live fingerprint does not match the desired schema
⎯⎯⎯⎯⎯⎯⎯⎯⎯⎯⎯⎯⎯⎯⎯⎯⎯⎯⎯⎯⎯[23/218]⎯

 FAIL  |provider-mysql2| tests/providers/docker/mysql2-relations-ddl.test.ts > MySQL2 Driver > MySQL2 bulk-write implicit returning > skipDuplicates does not suppress required, length, or conversion errors
MigrationError: Push completed its statements but the final live fingerprint does not match the desired schema
⎯⎯⎯⎯⎯⎯⎯⎯⎯⎯⎯⎯⎯⎯⎯⎯⎯⎯⎯⎯⎯[24/218]⎯

 FAIL  |provider-mysql2| tests/providers/docker/mysql2-relations-ddl.test.ts > MySQL2 Driver > MySQL2 bulk-write implicit returning > updateMany without select returns { count }, with select returns rows
MigrationError: Push completed its statements but the final live fingerprint does not match the desired schema
⎯⎯⎯⎯⎯⎯⎯⎯⎯⎯⎯⎯⎯⎯⎯⎯⎯⎯⎯⎯⎯[25/218]⎯

 FAIL  |provider-mysql2| tests/providers/docker/mysql2-relations-ddl.test.ts > MySQL2 Driver > MySQL2 bulk-write implicit returning > updateMany with select applies atomic operations
MigrationError: Push completed its statements but the final live fingerprint does not match the desired schema
⎯⎯⎯⎯⎯⎯⎯⎯⎯⎯⎯⎯⎯⎯⎯⎯⎯⎯⎯⎯⎯[26/218]⎯

 FAIL  |provider-mysql2| tests/providers/docker/mysql2-relations-ddl.test.ts > MySQL2 Driver > MySQL2 bulk-write implicit returning > updateMany with select applies atomic decrement and multiply
MigrationError: Push completed its statements but the final live fingerprint does not match the desired schema
⎯⎯⎯⎯⎯⎯⎯⎯⎯⎯⎯⎯⎯⎯⎯⎯⎯⎯⎯⎯⎯[27/218]⎯

 FAIL  |provider-mysql2| tests/providers/docker/mysql2-relations-ddl.test.ts > MySQL2 Driver > MySQL2 bulk-write implicit returning > updateMany with select applies atomic divide (exact quotient)
MigrationError: Push completed its statements but the final live fingerprint does not match the desired schema
⎯⎯⎯⎯⎯⎯⎯⎯⎯⎯⎯⎯⎯⎯⎯⎯⎯⎯⎯⎯⎯[28/218]⎯

 FAIL  |provider-mysql2| tests/providers/docker/mysql2-relations-ddl.test.ts > MySQL2 Driver > MySQL2 bulk-write implicit returning > atomic divide pins integer-division semantics on inexact quotients
MigrationError: Push completed its statements but the final live fingerprint does not match the desired schema
⎯⎯⎯⎯⎯⎯⎯⎯⎯⎯⎯⎯⎯⎯⎯⎯⎯⎯⎯⎯⎯[29/218]⎯

 FAIL  |provider-mysql2| tests/providers/docker/mysql2-relations-ddl.test.ts > MySQL2 Driver > MySQL2 bulk-write implicit returning > updateMany with select returns empty array when nothing matches
MigrationError: Push completed its statements but the final live fingerprint does not match the desired schema
⎯⎯⎯⎯⎯⎯⎯⎯⎯⎯⎯⎯⎯⎯⎯⎯⎯⎯⎯⎯⎯[30/218]⎯

 FAIL  |provider-mysql2| tests/providers/docker/mysql2-relations-ddl.test.ts > MySQL2 Driver > MySQL2 bulk-write implicit returning > deleteMany without select returns { count }, with select returns the deleted rows
MigrationError: Push completed its statements but the final live fingerprint does not match the desired schema
⎯⎯⎯⎯⎯⎯⎯⎯⎯⎯⎯⎯⎯⎯⎯⎯⎯⎯⎯⎯⎯[31/218]⎯

 FAIL  |provider-mysql2| tests/providers/docker/mysql2-relations-ddl.test.ts > MySQL2 Driver > MySQL2 bulk-write implicit returning > deleteMany with select returns [] when nothing matches and deletes nothing
MigrationError: Push completed its statements but the final live fingerprint does not match the desired schema
⎯⎯⎯⎯⎯⎯⎯⎯⎯⎯⎯⎯⎯⎯⎯⎯⎯⎯⎯⎯⎯[32/218]⎯

 FAIL  |provider-mysql2| tests/providers/docker/mysql2-relations-ddl.test.ts > MySQL2 Driver > MySQL2 bulk-write implicit returning > deleteMany with select over every row returns them all
MigrationError: Push completed its statements but the final live fingerprint does not match the desired schema
⎯⎯⎯⎯⎯⎯⎯⎯⎯⎯⎯⎯⎯⎯⎯⎯⎯⎯⎯⎯⎯[33/218]⎯

 FAIL  |provider-mysql2| tests/providers/docker/mysql2-relations-ddl.test.ts > MySQL2 Driver > MySQL2 many-to-many write behavior > duplicate connectOrCreate targets collapse to one association
NestedWriteError: Nested operation 'connectOrCreate' on relation 'tags' depends on an earlier 'connectOrCreate' target write in the same nested write. Split these operations into separate queries.
⎯⎯⎯⎯⎯⎯⎯⎯⎯⎯⎯⎯⎯⎯⎯⎯⎯⎯⎯⎯⎯[34/218]⎯

 FAIL  |provider-mysql2| tests/providers/docker/mysql2-relations-ddl.test.ts > MySQL2 Driver > MySQL2 many-to-many write behavior > self-referential many-to-many round trip
AssertionError: expected [] to deeply equal [ 'u1' ]

[32m- Expected[39m
[31m+ Received[39m

[32m- [[39m
[32m-   "u1",[39m
[32m- ][39m
[31m+ [][39m

 ❯ tests/contracts/drivers/behaviors/many-to-many-behavior.ts:606:9
    604|       expect(
    605|         (u2?.followedBy ?? []).map((user: { id: string }) => user.id)
    606|       ).toEqual(["u1"]);
       |         ^
    607| 
    608|       await c.user.update({

⎯⎯⎯⎯⎯⎯⎯⎯⎯⎯⎯⎯⎯⎯⎯⎯⎯⎯⎯⎯⎯[35/218]⎯

 FAIL  |provider-mysql2| tests/providers/docker/mysql2-relations-ddl.test.ts > MySQL2 Driver > MySQL2 relation-filter mutation behavior > updateMany with some relation filter affects only matching rows
AssertionError: expected +0 to be 1 // Object.is equality

[32m- Expected[39m
[31m+ Received[39m

[32m- 1[39m
[31m+ 0[39m

 ❯ tests/contracts/drivers/behaviors/relation-filter-mutation-behavior.ts:148:28
    146|       });
    147| 
    148|       expect(result.count).toBe(1);
       |                            ^
    149|       expect(await userNames()).toEqual(["Alice", "Updated", "Cara"]);
    150|     });

⎯⎯⎯⎯⎯⎯⎯⎯⎯⎯⎯⎯⎯⎯⎯⎯⎯⎯⎯⎯⎯[36/218]⎯

 FAIL  |provider-mysql2| tests/providers/docker/mysql2-relations-ddl.test.ts > MySQL2 Driver > MySQL2 relation-filter mutation behavior > updateMany with every relation filter affects only matching rows
AssertionError: expected 3 to be 2 // Object.is equality

[32m- Expected[39m
[31m+ Received[39m

[32m- 2[39m
[31m+ 3[39m

 ❯ tests/contracts/drivers/behaviors/relation-filter-mutation-behavior.ts:159:28
    157| 
    158|       // Alice (all published) and Cara (vacuously true: no posts)
    159|       expect(result.count).toBe(2);
       |                            ^
    160|       expect(await userNames()).toEqual(["Updated", "Bob", "Updated"]);
    161|     });

⎯⎯⎯⎯⎯⎯⎯⎯⎯⎯⎯⎯⎯⎯⎯⎯⎯⎯⎯⎯⎯[37/218]⎯

 FAIL  |provider-mysql2| tests/providers/docker/mysql2-relations-ddl.test.ts > MySQL2 Driver > MySQL2 relation-filter mutation behavior > updateMany with none relation filter affects only matching rows
AssertionError: expected 3 to be 2 // Object.is equality

[32m- Expected[39m
[31m+ Received[39m

[32m- 2[39m
[31m+ 3[39m

 ❯ tests/contracts/drivers/behaviors/relation-filter-mutation-behavior.ts:169:28
    167|       });
    168| 
    169|       expect(result.count).toBe(2);
       |                            ^
    170|       expect(await userNames()).toEqual(["Updated", "Bob", "Updated"]);
    171|     });

⎯⎯⎯⎯⎯⎯⎯⎯⎯⎯⎯⎯⎯⎯⎯⎯⎯⎯⎯⎯⎯[38/218]⎯

 FAIL  |provider-mysql2| tests/providers/docker/mysql2-relations-ddl.test.ts > MySQL2 Driver > MySQL2 relation-filter mutation behavior > deleteMany with some relation filter deletes only matching rows
AssertionError: expected +0 to be 1 // Object.is equality

[32m- Expected[39m
[31m+ Received[39m

[32m- 1[39m
[31m+ 0[39m

 ❯ tests/contracts/drivers/behaviors/relation-filter-mutation-behavior.ts:178:28
    176|       });
    177| 
    178|       expect(result.count).toBe(1);
       |                            ^
    179|       expect(await userNames()).toEqual(["Alice", "Cara"]);
    180|     });

⎯⎯⎯⎯⎯⎯⎯⎯⎯⎯⎯⎯⎯⎯⎯⎯⎯⎯⎯⎯⎯[39/218]⎯

 FAIL  |provider-mysql2| tests/providers/docker/mysql2-relations-ddl.test.ts > MySQL2 Driver > MySQL2 relation-filter mutation behavior > deleteMany with every relation filter deletes only matching rows
AssertionError: expected 3 to be 2 // Object.is equality

[32m- Expected[39m
[31m+ Received[39m

[32m- 2[39m
[31m+ 3[39m

 ❯ tests/contracts/drivers/behaviors/relation-filter-mutation-behavior.ts:187:28
    185|       });
    186| 
    187|       expect(result.count).toBe(2);
       |                            ^
    188|       expect(await userNames()).toEqual(["Bob"]);
    189|     });

⎯⎯⎯⎯⎯⎯⎯⎯⎯⎯⎯⎯⎯⎯⎯⎯⎯⎯⎯⎯⎯[40/218]⎯

 FAIL  |provider-mysql2| tests/providers/docker/mysql2-relations-ddl.test.ts > MySQL2 Driver > MySQL2 relation-filter mutation behavior > deleteMany with none relation filter deletes only matching rows
AssertionError: expected 3 to be 2 // Object.is equality

[32m- Expected[39m
[31m+ Received[39m

[32m- 2[39m
[31m+ 3[39m

 ❯ tests/contracts/drivers/behaviors/relation-filter-mutation-behavior.ts:196:28
    194|       });
    195| 
    196|       expect(result.count).toBe(2);
       |                            ^
    197|       expect(await userNames()).toEqual(["Bob"]);
    198|     });

⎯⎯⎯⎯⎯⎯⎯⎯⎯⎯⎯⎯⎯⎯⎯⎯⎯⎯⎯⎯⎯[41/218]⎯

 FAIL  |provider-mysql2| tests/providers/docker/mysql2-relations-ddl.test.ts > MySQL2 Driver > MySQL2 relation-filter mutation behavior > combined relation operators > updateMany applies same-object some and none filters
AssertionError: expected +0 to be 1 // Object.is equality

[32m- Expected[39m
[31m+ Received[39m

[32m- 1[39m
[31m+ 0[39m

 ❯ tests/contracts/drivers/behaviors/relation-filter-mutation-behavior.ts:212:30
    210|         });
    211| 
    212|         expect(result.count).toBe(1);
       |                              ^
    213|         expect(await userNames()).toEqual(["Updated", "Bob", "Cara"]);
    214|       });

⎯⎯⎯⎯⎯⎯⎯⎯⎯⎯⎯⎯⎯⎯⎯⎯⎯⎯⎯⎯⎯[42/218]⎯

 FAIL  |provider-mysql2| tests/providers/docker/mysql2-relations-ddl.test.ts > MySQL2 Driver > MySQL2 relation-filter mutation behavior > combined relation operators > updateMany applies same-object some and every filters
AssertionError: expected +0 to be 1 // Object.is equality

[32m- Expected[39m
[31m+ Received[39m

[32m- 1[39m
[31m+ 0[39m

 ❯ tests/contracts/drivers/behaviors/relation-filter-mutation-behavior.ts:227:30
    225|         });
    226| 
    227|         expect(result.count).toBe(1);
       |                              ^
    228|         expect(await userNames()).toEqual(["Updated", "Bob", "Cara"]);
    229|       });

⎯⎯⎯⎯⎯⎯⎯⎯⎯⎯⎯⎯⎯⎯⎯⎯⎯⎯⎯⎯⎯[43/218]⎯

 FAIL  |provider-mysql2| tests/providers/docker/mysql2-relations-ddl.test.ts > MySQL2 Driver > MySQL2 relation-filter mutation behavior > combined relation operators > updateMany applies same-object every and none filters
AssertionError: expected 3 to be 1 // Object.is equality

[32m- Expected[39m
[31m+ Received[39m

[32m- 1[39m
[31m+ 3[39m

 ❯ tests/contracts/drivers/behaviors/relation-filter-mutation-behavior.ts:242:30
    240|         });
    241| 
    242|         expect(result.count).toBe(1);
       |                              ^
    243|         expect(await userNames()).toEqual(["Alice", "Bob", "Updated"]);
    244|       });

⎯⎯⎯⎯⎯⎯⎯⎯⎯⎯⎯⎯⎯⎯⎯⎯⎯⎯⎯⎯⎯[44/218]⎯

 FAIL  |provider-mysql2| tests/providers/docker/mysql2-relations-ddl.test.ts > MySQL2 Driver > MySQL2 relation-filter mutation behavior > combined relation operators > deleteMany applies reversed same-object none and some filters
AssertionError: expected +0 to be 1 // Object.is equality

[32m- Expected[39m
[31m+ Received[39m

[32m- 1[39m
[31m+ 0[39m

 ❯ tests/contracts/drivers/behaviors/relation-filter-mutation-behavior.ts:292:30
    290|         });
    291| 
    292|         expect(result.count).toBe(1);
       |                              ^
    293|         expect(await userNames()).toEqual(["Bob", "Cara"]);
    294|       });

⎯⎯⎯⎯⎯⎯⎯⎯⎯⎯⎯⎯⎯⎯⎯⎯⎯⎯⎯⎯⎯[45/218]⎯

 FAIL  |provider-mysql2| tests/providers/docker/mysql2-relations-ddl.test.ts > MySQL2 Driver > MySQL2 relation-filter mutation behavior > combined relation operators > deleteMany applies reversed same-object every and some filters
AssertionError: expected +0 to be 1 // Object.is equality

[32m- Expected[39m
[31m+ Received[39m

[32m- 1[39m
[31m+ 0[39m

 ❯ tests/contracts/drivers/behaviors/relation-filter-mutation-behavior.ts:306:30
    304|         });
    305| 
    306|         expect(result.count).toBe(1);
       |                              ^
    307|         expect(await userNames()).toEqual(["Bob", "Cara"]);
    308|       });

⎯⎯⎯⎯⎯⎯⎯⎯⎯⎯⎯⎯⎯⎯⎯⎯⎯⎯⎯⎯⎯[46/218]⎯

 FAIL  |provider-mysql2| tests/providers/docker/mysql2-relations-ddl.test.ts > MySQL2 Driver > MySQL2 relation-filter mutation behavior > combined relation operators > deleteMany applies reversed same-object none and every filters
AssertionError: expected 3 to be 1 // Object.is equality

[32m- Expected[39m
[31m+ Received[39m

[32m- 1[39m
[31m+ 3[39m

 ❯ tests/contracts/drivers/behaviors/relation-filter-mutation-behavior.ts:320:30
    318|         });
    319| 
    320|         expect(result.count).toBe(1);
       |                              ^
    321|         expect(await userNames()).toEqual(["Alice", "Bob"]);
    322|       });

⎯⎯⎯⎯⎯⎯⎯⎯⎯⎯⎯⎯⎯⎯⎯⎯⎯⎯⎯⎯⎯[47/218]⎯

 FAIL  |provider-mysql2| tests/providers/docker/mysql2-relations-ddl.test.ts > MySQL2 Driver > MySQL2 relation-filter mutation behavior > combined relation operators > rolls back a combined-filter mutation when a later operation fails
AssertionError: expected +0 to be 1 // Object.is equality

[32m- Expected[39m
[31m+ Received[39m

[32m- 1[39m
[31m+ 0[39m

 ❯ tests/contracts/drivers/behaviors/relation-filter-mutation-behavior.ts:380:31
    378|         ).rejects.toBeInstanceOf(UniqueConstraintError);
    379| 
    380|         expect(mutationCount).toBe(1);
       |                               ^
    381|         expect(await userNames()).toEqual(["Alice", "Bob", "Cara"]);
    382|       });

⎯⎯⎯⎯⎯⎯⎯⎯⎯⎯⎯⎯⎯⎯⎯⎯⎯⎯⎯⎯⎯[48/218]⎯

 FAIL  |provider-mysql2| tests/providers/docker/mysql2-relations-ddl.test.ts > MySQL2 Driver > MySQL2 relation-filter mutation behavior > self-relation filters > updateMany with to-many self-relation filter affects only matching rows
QueryError: Query execution failed
Caused by: Error: Underlying error details redacted
⎯⎯⎯⎯⎯⎯⎯⎯⎯⎯⎯⎯⎯⎯⎯⎯⎯⎯⎯⎯⎯⎯⎯⎯⎯⎯⎯⎯⎯⎯
Serialized Error: { errno: 1093, sqlState: 'HY000' }
⎯⎯⎯⎯⎯⎯⎯⎯⎯⎯⎯⎯⎯⎯⎯⎯⎯⎯⎯⎯⎯[49/218]⎯

 FAIL  |provider-mysql2| tests/providers/docker/mysql2-relations-ddl.test.ts > MySQL2 Driver > MySQL2 relation-filter mutation behavior > self-relation filters > updateMany with to-one self-relation filter affects only matching rows
QueryError: Query execution failed
Caused by: Error: Underlying error details redacted
⎯⎯⎯⎯⎯⎯⎯⎯⎯⎯⎯⎯⎯⎯⎯⎯⎯⎯⎯⎯⎯⎯⎯⎯⎯⎯⎯⎯⎯⎯
Serialized Error: { errno: 1093, sqlState: 'HY000' }
⎯⎯⎯⎯⎯⎯⎯⎯⎯⎯⎯⎯⎯⎯⎯⎯⎯⎯⎯⎯⎯[50/218]⎯

 FAIL  |provider-mysql2| tests/providers/docker/mysql2-relations-ddl.test.ts > MySQL2 Driver > MySQL2 relation-filter mutation behavior > self-relation filters > deleteMany with self-relation filter deletes only matching rows
QueryError: Query execution failed
Caused by: Error: Underlying error details redacted
⎯⎯⎯⎯⎯⎯⎯⎯⎯⎯⎯⎯⎯⎯⎯⎯⎯⎯⎯⎯⎯⎯⎯⎯⎯⎯⎯⎯⎯⎯
Serialized Error: { errno: 1093, sqlState: 'HY000' }
⎯⎯⎯⎯⎯⎯⎯⎯⎯⎯⎯⎯⎯⎯⎯⎯⎯⎯⎯⎯⎯[51/218]⎯

 FAIL  |provider-mysql2| tests/providers/docker/mysql2-scalars.test.ts > MySQL2 Driver > MySQL2 list/json filter and update behavior > list filters > DateTime membership uses the same values as the stored list
AssertionError: expected [] to deeply equal [ 'both' ]

[32m- Expected[39m
[31m+ Received[39m

[32m- [[39m
[32m-   "both",[39m
[32m- ][39m
[31m+ [][39m

 ❯ tests/contracts/drivers/behaviors/list-json-filter-behavior.ts:250:11
    248|             })
    249|           )
    250|         ).toEqual(["both"]);
       |           ^
    251|         expect(
    252|           names(

⎯⎯⎯⎯⎯⎯⎯⎯⎯⎯⎯⎯⎯⎯⎯⎯⎯⎯⎯⎯⎯[52/218]⎯

 FAIL  |provider-mysql2| tests/providers/docker/mysql2-scalars.test.ts > MySQL2 Driver > MySQL2 list/json filter and update behavior > json path filters > non-portable JSON path segments reject before execution
AssertionError: promise resolved "[]" instead of rejecting

[32m- Expected:[39m 
Error {
  "message": "rejected promise",
}

[31m+ Received:[39m 
[]

 ❯ tests/contracts/drivers/behaviors/list-json-filter-behavior.ts:525:9
    523|             metadata: { path: ['pet".name'], equals: "Fido" },
    524|           })
    525|         ).rejects.toThrow("portable JSON path");
       |         ^
    526|         await expect(
    527|           findNames({

⎯⎯⎯⎯⎯⎯⎯⎯⎯⎯⎯⎯⎯⎯⎯⎯⎯⎯⎯⎯⎯[53/218]⎯

 FAIL  |provider-mysql2| tests/providers/docker/mysql2-scalars.test.ts > MySQL2 Driver > MySQL2 list/json filter and update behavior > json path filters > string_contains without a path matches string roots
 FAIL  |provider-mysql2| tests/providers/docker/mysql2-scalars.test.ts > MySQL2 Driver > MySQL2 list/json filter and update behavior > json string paths ('$.a.b') > '$' alone is the document root
SyntaxError: Unexpected token 'j', "just a string" is not valid JSON
 ❯ Queries.decodeScalar src/query-engine/raptor3/shared/query.ts:3816:49
    3814|         );
    3815|       case "json":
    3816|         return typeof value === "string" ? JSON.parse(value) : value;
       |                                                 ^
    3817|       case "blob":
    3818|         return decodeBlob(value);
 ❯ Queries.decodeValue src/query-engine/raptor3/shared/query.ts:3626:46
 ❯ src/query-engine/raptor3/shared/query.ts:3656:14
 ❯ Queries.decodeValue src/query-engine/raptor3/shared/query.ts:3654:36
 ❯ src/query-engine/raptor3/shared/query.ts:3559:35
 ❯ Queries.decodeProjection src/query-engine/raptor3/shared/query.ts:3559:17
 ❯ Queries.decodeQuery src/query-engine/raptor3/shared/query.ts:3550:17

⎯⎯⎯⎯⎯⎯⎯⎯⎯⎯⎯⎯⎯⎯⎯⎯⎯⎯⎯⎯⎯[54/218]⎯

 FAIL  |provider-mysql2| tests/providers/docker/mysql2-scalars.test.ts > MySQL2 Driver > MySQL2 list/json filter and update behavior > json path filters > mode: insensitive > a nested not may override the inherited mode
AssertionError: expected [ 'light' ] to deeply equal [ 'dark', 'light' ]

[32m- Expected[39m
[31m+ Received[39m

[2m  [[22m
[32m-   "dark",[39m
[2m    "light",[22m
[2m  ][22m

 ❯ tests/contracts/drivers/behaviors/list-json-filter-behavior.ts:777:13
    775|               },
    776|             })
    777|           ).toEqual(["dark", "light"]);
       |             ^
    778|         });
    779| 

⎯⎯⎯⎯⎯⎯⎯⎯⎯⎯⎯⎯⎯⎯⎯⎯⎯⎯⎯⎯⎯[55/218]⎯

 FAIL  |provider-mysql2| tests/providers/docker/mysql2-scalars.test.ts > MySQL2 Driver > MySQL2 list/json filter and update behavior > json path filters > mode: insensitive > an inert mode is refused, not ignored
AssertionError: promise resolved "[ 'dark' ]" instead of rejecting

[32m- Expected:[39m 
Error {
  "message": "rejected promise",
}

[31m+ Received:[39m 
[
  "dark",
]

 ❯ tests/contracts/drivers/behaviors/list-json-filter-behavior.ts:803:11
    801|               },
    802|             })
    803|           ).rejects.toThrow("mode: 'insensitive'");
       |           ^
    804|           expect(await requireClient(client).entry.count()).toBe(5);
    805|         });

⎯⎯⎯⎯⎯⎯⎯⎯⎯⎯⎯⎯⎯⎯⎯⎯⎯⎯⎯⎯⎯[56/218]⎯

 FAIL  |provider-mysql2| tests/providers/docker/mysql2-scalars.test.ts > MySQL2 Driver > MySQL2 list/json filter and update behavior > json string paths ('$.a.b') > dot paths equal their array form
AssertionError: expected [] to deeply equal [ 'dark' ]

[32m- Expected[39m
[31m+ Received[39m

[32m- [[39m
[32m-   "dark",[39m
[32m- ][39m
[31m+ [][39m

 ❯ tests/contracts/drivers/behaviors/list-json-filter-behavior.ts:835:11
    833|         expect(
    834|           await findNames({ metadata: { path: "$.theme", equals: "dark…
    835|         ).toEqual(
       |           ^
    836|           await findNames({ metadata: { path: ["theme"], equals: "dark…
    837|         );

⎯⎯⎯⎯⎯⎯⎯⎯⎯⎯⎯⎯⎯⎯⎯⎯⎯⎯⎯⎯⎯[57/218]⎯

 FAIL  |provider-mysql2| tests/providers/docker/mysql2-scalars.test.ts > MySQL2 Driver > MySQL2 list/json filter and update behavior > json string paths ('$.a.b') > bracket segments address array elements
AssertionError: expected [] to deeply equal [ 'dark' ]

[32m- Expected[39m
[31m+ Received[39m

[32m- [[39m
[32m-   "dark",[39m
[32m- ][39m
[31m+ [][39m

 ❯ tests/contracts/drivers/behaviors/list-json-filter-behavior.ts:849:11
    847|             metadata: { path: "$.pet.toys[0]", equals: "ball" },
    848|           })
    849|         ).toEqual(["dark"]);
       |           ^
    850|         expect(
    851|           await findNames({ metadata: { path: "$[1]", equals: "beta" }…

⎯⎯⎯⎯⎯⎯⎯⎯⎯⎯⎯⎯⎯⎯⎯⎯⎯⎯⎯⎯⎯[58/218]⎯

 FAIL  |provider-mysql2| tests/providers/docker/mysql2-scalars.test.ts > MySQL2 Driver > MySQL2 list/json filter and update behavior > json string paths ('$.a.b') > every operator accepts the string form
AssertionError: expected [] to deeply equal [ 'dark' ]

[32m- Expected[39m
[31m+ Received[39m

[32m- [[39m
[32m-   "dark",[39m
[32m- ][39m
[31m+ [][39m

 ❯ tests/contracts/drivers/behaviors/list-json-filter-behavior.ts:866:11
    864|         expect(
    865|           await findNames({ metadata: { path: "$.level", gte: 2 } })
    866|         ).toEqual(["dark"]);
       |           ^
    867|         expect(
    868|           await findNames({

⎯⎯⎯⎯⎯⎯⎯⎯⎯⎯⎯⎯⎯⎯⎯⎯⎯⎯⎯⎯⎯[59/218]⎯

 FAIL  |provider-mysql2| tests/providers/docker/mysql2-scalars.test.ts > MySQL2 Driver > MySQL2 list/json filter and update behavior > json string paths ('$.a.b') > unsupported path grammar rejects before execution
AssertionError: promise resolved "[]" instead of rejecting

[32m- Expected:[39m 
Error {
  "message": "rejected promise",
}

[31m+ Received:[39m 
[]

 ❯ tests/contracts/drivers/behaviors/list-json-filter-behavior.ts:911:11
    909|           await expect(
    910|             findNames({ metadata: { path, equals: "dark" } })
    911|           ).rejects.toThrow("unsupported path string");
       |           ^
    912|         }
    913|         expect(await requireClient(client).entry.count()).toBe(3);

⎯⎯⎯⎯⎯⎯⎯⎯⎯⎯⎯⎯⎯⎯⎯⎯⎯⎯⎯⎯⎯[60/218]⎯

 FAIL  |provider-mysql2| tests/providers/docker/mysql2-scalars.test.ts > MySQL2 Driver > MySQL2 list/json filter and update behavior > json string paths ('$.a.b') > quoted labels keep the portable-path refusal
AssertionError: promise resolved "[]" instead of rejecting

[32m- Expected:[39m 
Error {
  "message": "rejected promise",
}

[31m+ Received:[39m 
[]

 ❯ tests/contracts/drivers/behaviors/list-json-filter-behavior.ts:921:9
    919|         await expect(
    920|           findNames({ metadata: { path: '$."a b"', equals: "x" } })
    921|         ).rejects.toThrow("portable JSON path");
       |         ^
    922|         await expect(
    923|           findNames({ metadata: { path: "$.a\\b", equals: "x" } })

⎯⎯⎯⎯⎯⎯⎯⎯⎯⎯⎯⎯⎯⎯⎯⎯⎯⎯⎯⎯⎯[61/218]⎯

 FAIL  |provider-mysql2| tests/providers/docker/mysql2-scalars.test.ts > MySQL2 Driver > MySQL2 list/json filter and update behavior > json comparison filters (lt/lte/gt/gte) > comparisons without a path apply to the document root
SyntaxError: Unexpected token 'z', "zebra" is not valid JSON
 ❯ Queries.decodeScalar src/query-engine/raptor3/shared/query.ts:3816:49
    3814|         );
    3815|       case "json":
    3816|         return typeof value === "string" ? JSON.parse(value) : value;
       |                                                 ^
    3817|       case "blob":
    3818|         return decodeBlob(value);
 ❯ Queries.decodeValue src/query-engine/raptor3/shared/query.ts:3626:46
 ❯ src/query-engine/raptor3/shared/query.ts:3656:14
 ❯ Queries.decodeValue src/query-engine/raptor3/shared/query.ts:3654:36
 ❯ src/query-engine/raptor3/shared/query.ts:3559:35
 ❯ Queries.decodeProjection src/query-engine/raptor3/shared/query.ts:3559:17
 ❯ Queries.decodeQuery src/query-engine/raptor3/shared/query.ts:3550:17

⎯⎯⎯⎯⎯⎯⎯⎯⎯⎯⎯⎯⎯⎯⎯⎯⎯⎯⎯⎯⎯[62/218]⎯

 FAIL  |provider-mysql2| tests/providers/docker/mysql2-scalars.test.ts > MySQL2 Driver > MySQL2 json null sentinel behavior > writes > JsonNull is storable in a NOT NULL json column
QueryEngineError: Driver "mysql2" returned a malformed json scalar for operation "create": a required scalar is null.
⎯⎯⎯⎯⎯⎯⎯⎯⎯⎯⎯⎯⎯⎯⎯⎯⎯⎯⎯⎯⎯[63/218]⎯

 FAIL  |provider-mysql2| tests/providers/docker/mysql2-scalars.test.ts > MySQL2 Driver > MySQL2 json null sentinel behavior > refusals > an inert mode beside a sentinel not is refused
AssertionError: promise resolved "[ 'doc', 'js', 'nest' ]" instead of rejecting

[32m- Expected:[39m 
Error {
  "message": "rejected promise",
}

[31m+ Received:[39m 
[
  "doc",
  "js",
  "nest",
]

 ❯ tests/contracts/drivers/behaviors/json-null-sentinel-behavior.ts:316:9
    314|         await expect(
    315|           findIds({ meta: { mode: "insensitive", not: DbNull } })
    316|         ).rejects.toThrow(INERT_MODE);
       |         ^
    317|         expect(await requireClient(client).entry.count()).toBe(5);
    318|       });

⎯⎯⎯⎯⎯⎯⎯⎯⎯⎯⎯⎯⎯⎯⎯⎯⎯⎯⎯⎯⎯[64/218]⎯

 FAIL  |provider-mysql2| tests/providers/docker/mysql2-scalars.test.ts > MySQL2 Driver > MySQL2 field references > gt compares two columns of the same row
MigrationError: Push completed its statements but the final live fingerprint does not match the desired schema
⎯⎯⎯⎯⎯⎯⎯⎯⎯⎯⎯⎯⎯⎯⎯⎯⎯⎯⎯⎯⎯[65/218]⎯

 FAIL  |provider-mysql2| tests/providers/docker/mysql2-scalars.test.ts > MySQL2 Driver > MySQL2 field references > lt compares two columns of the same row
MigrationError: Push completed its statements but the final live fingerprint does not match the desired schema
⎯⎯⎯⎯⎯⎯⎯⎯⎯⎯⎯⎯⎯⎯⎯⎯⎯⎯⎯⎯⎯[66/218]⎯

 FAIL  |provider-mysql2| tests/providers/docker/mysql2-scalars.test.ts > MySQL2 Driver > MySQL2 field references > gte and lte include the equal row
MigrationError: Push completed its statements but the final live fingerprint does not match the desired schema
⎯⎯⎯⎯⎯⎯⎯⎯⎯⎯⎯⎯⎯⎯⎯⎯⎯⎯⎯⎯⎯[67/218]⎯

 FAIL  |provider-mysql2| tests/providers/docker/mysql2-scalars.test.ts > MySQL2 Driver > MySQL2 field references > equals and not compare two columns of the same row
MigrationError: Push completed its statements but the final live fingerprint does not match the desired schema
⎯⎯⎯⎯⎯⎯⎯⎯⎯⎯⎯⎯⎯⎯⎯⎯⎯⎯⎯⎯⎯[68/218]⎯

 FAIL  |provider-mysql2| tests/providers/docker/mysql2-scalars.test.ts > MySQL2 Driver > MySQL2 field references > a bare reference is the equals shorthand
MigrationError: Push completed its statements but the final live fingerprint does not match the desired schema
⎯⎯⎯⎯⎯⎯⎯⎯⎯⎯⎯⎯⎯⎯⎯⎯⎯⎯⎯⎯⎯[69/218]⎯

 FAIL  |provider-mysql2| tests/providers/docker/mysql2-scalars.test.ts > MySQL2 Driver > MySQL2 field references > a reference resolves through .map()ed column names
MigrationError: Push completed its statements but the final live fingerprint does not match the desired schema
⎯⎯⎯⎯⎯⎯⎯⎯⎯⎯⎯⎯⎯⎯⎯⎯⎯⎯⎯⎯⎯[70/218]⎯

 FAIL  |provider-mysql2| tests/providers/docker/mysql2-scalars.test.ts > MySQL2 Driver > MySQL2 field references > string prefix/suffix/substring predicates accept a reference
MigrationError: Push completed its statements but the final live fingerprint does not match the desired schema
⎯⎯⎯⎯⎯⎯⎯⎯⎯⎯⎯⎯⎯⎯⎯⎯⎯⎯⎯⎯⎯[71/218]⎯

 FAIL  |provider-mysql2| tests/providers/docker/mysql2-scalars.test.ts > MySQL2 Driver > MySQL2 field references > a callback is refused where only the token is accepted
MigrationError: Push completed its statements but the final live fingerprint does not match the desired schema
⎯⎯⎯⎯⎯⎯⎯⎯⎯⎯⎯⎯⎯⎯⎯⎯⎯⎯⎯⎯⎯[72/218]⎯

 FAIL  |provider-mysql2| tests/providers/docker/mysql2-scalars.test.ts > MySQL2 Driver > MySQL2 field references > case folding against a referenced column > default mode compares case-sensitively, whatever the server collation
MigrationError: Push completed its statements but the final live fingerprint does not match the desired schema
⎯⎯⎯⎯⎯⎯⎯⎯⎯⎯⎯⎯⎯⎯⎯⎯⎯⎯⎯⎯⎯[73/218]⎯

 FAIL  |provider-mysql2| tests/providers/docker/mysql2-scalars.test.ts > MySQL2 Driver > MySQL2 field references > case folding against a referenced column > insensitive mode folds both the filtered and the referenced column
MigrationError: Push completed its statements but the final live fingerprint does not match the desired schema
⎯⎯⎯⎯⎯⎯⎯⎯⎯⎯⎯⎯⎯⎯⎯⎯⎯⎯⎯⎯⎯[74/218]⎯

 FAIL  |provider-mysql2| tests/providers/docker/mysql2-scalars.test.ts > MySQL2 Driver > MySQL2 field references > case folding against a referenced column > insensitive contains folds the referenced column
MigrationError: Push completed its statements but the final live fingerprint does not match the desired schema
⎯⎯⎯⎯⎯⎯⎯⎯⎯⎯⎯⎯⎯⎯⎯⎯⎯⎯⎯⎯⎯[75/218]⎯

 FAIL  |provider-mysql2| tests/providers/docker/mysql2-scalars.test.ts > MySQL2 Driver > MySQL2 field references > case folding against a referenced column > insensitive startsWith folds the referenced column
MigrationError: Push completed its statements but the final live fingerprint does not match the desired schema
⎯⎯⎯⎯⎯⎯⎯⎯⎯⎯⎯⎯⎯⎯⎯⎯⎯⎯⎯⎯⎯[76/218]⎯

 FAIL  |provider-mysql2| tests/providers/docker/mysql2-scalars.test.ts > MySQL2 Driver > MySQL2 field references > case folding against a referenced column > insensitive endsWith folds the referenced column
MigrationError: Push completed its statements but the final live fingerprint does not match the desired schema
⎯⎯⎯⎯⎯⎯⎯⎯⎯⎯⎯⎯⎯⎯⎯⎯⎯⎯⎯⎯⎯[77/218]⎯

 FAIL  |provider-mysql2| tests/providers/docker/mysql2-scalars.test.ts > MySQL2 Driver > MySQL2 field references > case folding against a referenced column > insensitive `not` complements the folded comparison
MigrationError: Push completed its statements but the final live fingerprint does not match the desired schema
⎯⎯⎯⎯⎯⎯⎯⎯⎯⎯⎯⎯⎯⎯⎯⎯⎯⎯⎯⎯⎯[78/218]⎯

 FAIL  |provider-mysql2| tests/providers/docker/mysql2-scalars.test.ts > MySQL2 Driver > MySQL2 field references > case folding against a referenced column > insensitive mode folds ASCII only
MigrationError: Push completed its statements but the final live fingerprint does not match the desired schema
⎯⎯⎯⎯⎯⎯⎯⎯⎯⎯⎯⎯⎯⎯⎯⎯⎯⎯⎯⎯⎯[79/218]⎯

 FAIL  |provider-mysql2| tests/providers/docker/mysql2-scalars.test.ts > MySQL2 Driver > MySQL2 field references > enum references > equals compares two enum columns of the same row
MigrationError: Push completed its statements but the final live fingerprint does not match the desired schema
⎯⎯⎯⎯⎯⎯⎯⎯⎯⎯⎯⎯⎯⎯⎯⎯⎯⎯⎯⎯⎯[80/218]⎯

 FAIL  |provider-mysql2| tests/providers/docker/mysql2-scalars.test.ts > MySQL2 Driver > MySQL2 field references > enum references > not complements it
MigrationError: Push completed its statements but the final live fingerprint does not match the desired schema
⎯⎯⎯⎯⎯⎯⎯⎯⎯⎯⎯⎯⎯⎯⎯⎯⎯⎯⎯⎯⎯[81/218]⎯

 FAIL  |provider-mysql2| tests/providers/docker/mysql2-scalars.test.ts > MySQL2 Driver > MySQL2 field references > enum references > a bare enum reference is the equals shorthand
MigrationError: Push completed its statements but the final live fingerprint does not match the desired schema
⎯⎯⎯⎯⎯⎯⎯⎯⎯⎯⎯⎯⎯⎯⎯⎯⎯⎯⎯⎯⎯[82/218]⎯

 FAIL  |provider-mysql2| tests/providers/docker/mysql2-scalars.test.ts > MySQL2 Driver > MySQL2 field references > enum references > the reference resolves through the .map()ed column name
MigrationError: Push completed its statements but the final live fingerprint does not match the desired schema
⎯⎯⎯⎯⎯⎯⎯⎯⎯⎯⎯⎯⎯⎯⎯⎯⎯⎯⎯⎯⎯[83/218]⎯

 FAIL  |provider-mysql2| tests/providers/docker/mysql2-scalars.test.ts > MySQL2 Driver > MySQL2 field references > enum references > lt on an enum is refused with the portability reason
MigrationError: Push completed its statements but the final live fingerprint does not match the desired schema
⎯⎯⎯⎯⎯⎯⎯⎯⎯⎯⎯⎯⎯⎯⎯⎯⎯⎯⎯⎯⎯[84/218]⎯

 FAIL  |provider-mysql2| tests/providers/docker/mysql2-scalars.test.ts > MySQL2 Driver > MySQL2 field references > enum references > lte on an enum is refused with the portability reason
MigrationError: Push completed its statements but the final live fingerprint does not match the desired schema
⎯⎯⎯⎯⎯⎯⎯⎯⎯⎯⎯⎯⎯⎯⎯⎯⎯⎯⎯⎯⎯[85/218]⎯

 FAIL  |provider-mysql2| tests/providers/docker/mysql2-scalars.test.ts > MySQL2 Driver > MySQL2 field references > enum references > gt on an enum is refused with the portability reason
MigrationError: Push completed its statements but the final live fingerprint does not match the desired schema
⎯⎯⎯⎯⎯⎯⎯⎯⎯⎯⎯⎯⎯⎯⎯⎯⎯⎯⎯⎯⎯[86/218]⎯

 FAIL  |provider-mysql2| tests/providers/docker/mysql2-scalars.test.ts > MySQL2 Driver > MySQL2 field references > enum references > gte on an enum is refused with the portability reason
MigrationError: Push completed its statements but the final live fingerprint does not match the desired schema
⎯⎯⎯⎯⎯⎯⎯⎯⎯⎯⎯⎯⎯⎯⎯⎯⎯⎯⎯⎯⎯[87/218]⎯

 FAIL  |provider-mysql2| tests/providers/docker/mysql2-scalars.test.ts > MySQL2 Driver > MySQL2 field references > enum references > literal enum filters are untouched
MigrationError: Push completed its statements but the final live fingerprint does not match the desired schema
⎯⎯⎯⎯⎯⎯⎯⎯⎯⎯⎯⎯⎯⎯⎯⎯⎯⎯⎯⎯⎯[88/218]⎯

 FAIL  |provider-mysql2| tests/providers/docker/mysql2-scalars.test.ts > MySQL2 Driver > MySQL2 field references > a reference mixes with literal operands in one filter object
MigrationError: Push completed its statements but the final live fingerprint does not match the desired schema
⎯⎯⎯⎯⎯⎯⎯⎯⎯⎯⎯⎯⎯⎯⎯⎯⎯⎯⎯⎯⎯[89/218]⎯

 FAIL  |provider-mysql2| tests/providers/docker/mysql2-scalars.test.ts > MySQL2 Driver > MySQL2 field references > a reference works inside a nested relation where
MigrationError: Push completed its statements but the final live fingerprint does not match the desired schema
⎯⎯⎯⎯⎯⎯⎯⎯⎯⎯⎯⎯⎯⎯⎯⎯⎯⎯⎯⎯⎯[90/218]⎯

 FAIL  |provider-mysql2| tests/providers/docker/mysql2-scalars.test.ts > MySQL2 Driver > MySQL2 field references > the nested scope's own model is the one a reference must name
MigrationError: Push completed its statements but the final live fingerprint does not match the desired schema
⎯⎯⎯⎯⎯⎯⎯⎯⎯⎯⎯⎯⎯⎯⎯⎯⎯⎯⎯⎯⎯[91/218]⎯

 FAIL  |provider-mysql2| tests/providers/docker/mysql2-scalars.test.ts > MySQL2 Driver > MySQL2 field references > a reference drives updateMany and deleteMany
MigrationError: Push completed its statements but the final live fingerprint does not match the desired schema
⎯⎯⎯⎯⎯⎯⎯⎯⎯⎯⎯⎯⎯⎯⎯⎯⎯⎯⎯⎯⎯[92/218]⎯

 FAIL  |provider-mysql2| tests/providers/docker/mysql2-scalars.test.ts > MySQL2 Driver > MySQL2 field references > two decimals of the SAME domain compare exactly
MigrationError: Push completed its statements but the final live fingerprint does not match the desired schema
⎯⎯⎯⎯⎯⎯⎯⎯⎯⎯⎯⎯⎯⎯⎯⎯⎯⎯⎯⎯⎯[93/218]⎯

 FAIL  |provider-mysql2| tests/providers/docker/mysql2-scalars.test.ts > MySQL2 Driver > MySQL2 field references > two decimals of DIFFERENT domains are refused before any I/O
MigrationError: Push completed its statements but the final live fingerprint does not match the desired schema
⎯⎯⎯⎯⎯⎯⎯⎯⎯⎯⎯⎯⎯⎯⎯⎯⎯⎯⎯⎯⎯[94/218]⎯

 FAIL  |provider-mysql2| tests/providers/docker/mysql2-scalars.test.ts > MySQL2 Driver > MySQL2 field references > a cross-model reference is refused before any I/O
MigrationError: Push completed its statements but the final live fingerprint does not match the desired schema
⎯⎯⎯⎯⎯⎯⎯⎯⎯⎯⎯⎯⎯⎯⎯⎯⎯⎯⎯⎯⎯[95/218]⎯

 FAIL  |provider-mysql2| tests/providers/docker/mysql2-scalars.test.ts > MySQL2 Driver > MySQL2 field references > a reference of the wrong scalar type is refused
MigrationError: Push completed its statements but the final live fingerprint does not match the desired schema
⎯⎯⎯⎯⎯⎯⎯⎯⎯⎯⎯⎯⎯⎯⎯⎯⎯⎯⎯⎯⎯[96/218]⎯

 FAIL  |provider-mysql2| tests/providers/docker/mysql2-scalars.test.ts > MySQL2 Driver > MySQL2 field references > a reference is refused in in/notIn
MigrationError: Push completed its statements but the final live fingerprint does not match the desired schema
⎯⎯⎯⎯⎯⎯⎯⎯⎯⎯⎯⎯⎯⎯⎯⎯⎯⎯⎯⎯⎯[97/218]⎯

 FAIL  |provider-mysql2| tests/providers/docker/mysql2-scalars.test.ts > MySQL2 Driver > MySQL2 field references > a reference is refused in `having`, however deeply nested
MigrationError: Push completed its statements but the final live fingerprint does not match the desired schema
⎯⎯⎯⎯⎯⎯⎯⎯⎯⎯⎯⎯⎯⎯⎯⎯⎯⎯⎯⎯⎯[98/218]⎯

 FAIL  |provider-mysql2| tests/providers/docker/mysql2-scalars.test.ts > MySQL2 Driver > MySQL2 field references > a reference is refused in JSON filters and JSON write data
MigrationError: Push completed its statements but the final live fingerprint does not match the desired schema
⎯⎯⎯⎯⎯⎯⎯⎯⎯⎯⎯⎯⎯⎯⎯⎯⎯⎯⎯⎯⎯[99/218]⎯

 FAIL  |provider-mysql2| tests/providers/docker/mysql2-scalars.test.ts > MySQL2 Driver > MySQL2 field references > SQL fragment operands > an arithmetic expression compares against the row
MigrationError: Push completed its statements but the final live fingerprint does not match the desired schema
⎯⎯⎯⎯⎯⎯⎯⎯⎯⎯⎯⎯⎯⎯⎯⎯⎯⎯⎯⎯[100/218]⎯

 FAIL  |provider-mysql2| tests/providers/docker/mysql2-scalars.test.ts > MySQL2 Driver > MySQL2 field references > SQL fragment operands > a scalar subquery compares against the whole table
MigrationError: Push completed its statements but the final live fingerprint does not match the desired schema
⎯⎯⎯⎯⎯⎯⎯⎯⎯⎯⎯⎯⎯⎯⎯⎯⎯⎯⎯⎯[101/218]⎯

 FAIL  |provider-mysql2| tests/providers/docker/mysql2-scalars.test.ts > MySQL2 Driver > MySQL2 field references > SQL fragment operands > an interpolated value rides as a bound parameter
MigrationError: Push completed its statements but the final live fingerprint does not match the desired schema
⎯⎯⎯⎯⎯⎯⎯⎯⎯⎯⎯⎯⎯⎯⎯⎯⎯⎯⎯⎯[102/218]⎯

 FAIL  |provider-mysql2| tests/providers/docker/mysql2-scalars.test.ts > MySQL2 Driver > MySQL2 field references > SQL fragment operands > a fragment, a reference and a literal mix in one filter
MigrationError: Push completed its statements but the final live fingerprint does not match the desired schema
⎯⎯⎯⎯⎯⎯⎯⎯⎯⎯⎯⎯⎯⎯⎯⎯⎯⎯⎯⎯[103/218]⎯

 FAIL  |provider-mysql2| tests/providers/docker/mysql2-scalars.test.ts > MySQL2 Driver > MySQL2 field references > SQL fragment operands > a fragment drives updateMany and deleteMany
MigrationError: Push completed its statements but the final live fingerprint does not match the desired schema
⎯⎯⎯⎯⎯⎯⎯⎯⎯⎯⎯⎯⎯⎯⎯⎯⎯⎯⎯⎯[104/218]⎯

 FAIL  |provider-mysql2| tests/providers/docker/mysql2-scalars.test.ts > MySQL2 Driver > MySQL2 field references > SQL fragment operands > a fragment survives both execution substrates
MigrationError: Push completed its statements but the final live fingerprint does not match the desired schema
⎯⎯⎯⎯⎯⎯⎯⎯⎯⎯⎯⎯⎯⎯⎯⎯⎯⎯⎯⎯[105/218]⎯

 FAIL  |provider-mysql2| tests/providers/docker/mysql2-scalars.test.ts > MySQL2 Driver > MySQL2 field references > SQL fragment operands > a fragment is refused where a reference is
MigrationError: Push completed its statements but the final live fingerprint does not match the desired schema
⎯⎯⎯⎯⎯⎯⎯⎯⎯⎯⎯⎯⎯⎯⎯⎯⎯⎯⎯⎯[106/218]⎯

 FAIL  |provider-mysql2| tests/providers/docker/mysql2-scalars.test.ts > MySQL2 Driver > MySQL2 decimal exactness > _min/_max/_sum/_avg are exact, and _sum may exceed the precision
QueryEngineError: Driver "mysql2" returned a malformed decimal scalar for operation "aggregate": the value is not an exact decimal in this column's declared domain.
⎯⎯⎯⎯⎯⎯⎯⎯⎯⎯⎯⎯⎯⎯⎯⎯⎯⎯⎯⎯[107/218]⎯

 FAIL  |provider-mysql2| tests/providers/docker/mysql2-scalars.test.ts > MySQL2 Driver > MySQL2 decimal exactness > _avg rounds exact ties to the even neighbour in both signs
QueryEngineError: Driver "mysql2" returned a malformed decimal scalar for operation "aggregate": the value is not an exact decimal in this column's declared domain.
⎯⎯⎯⎯⎯⎯⎯⎯⎯⎯⎯⎯⎯⎯⎯⎯⎯⎯⎯⎯[108/218]⎯

 FAIL  |provider-mysql2| tests/providers/docker/mysql2-scalars.test.ts > MySQL2 Driver > MySQL2 decimal exactness > groupBy compares a widened _sum beyond the field precision
QueryEngineError: Driver "mysql2" returned a malformed decimal scalar for operation "groupBy": the sum is not an exact decimal at this column's scale.
⎯⎯⎯⎯⎯⎯⎯⎯⎯⎯⎯⎯⎯⎯⎯⎯⎯⎯⎯⎯[109/218]⎯

 FAIL  |provider-mysql2| tests/providers/docker/mysql2-scalars.test.ts > MySQL2 Driver > MySQL2 full scalar-type round-trip behavior > every scalar type round-trips exactly top-level
MigrationError: Push completed its statements but the final live fingerprint does not match the desired schema
⎯⎯⎯⎯⎯⎯⎯⎯⎯⎯⎯⎯⎯⎯⎯⎯⎯⎯⎯⎯[110/218]⎯

 FAIL  |provider-mysql2| tests/providers/docker/mysql2-scalars.test.ts > MySQL2 Driver > MySQL2 full scalar-type round-trip behavior > every scalar type round-trips exactly inside an include
MigrationError: Push completed its statements but the final live fingerprint does not match the desired schema
⎯⎯⎯⎯⎯⎯⎯⎯⎯⎯⎯⎯⎯⎯⎯⎯⎯⎯⎯⎯[111/218]⎯

 FAIL  |provider-mysql2| tests/providers/docker/mysql2-scalars.test.ts > MySQL2 Driver > MySQL2 full scalar-type round-trip behavior > json primitives round-trip with exact types
MigrationError: Push completed its statements but the final live fingerprint does not match the desired schema
⎯⎯⎯⎯⎯⎯⎯⎯⎯⎯⎯⎯⎯⎯⎯⎯⎯⎯⎯⎯[112/218]⎯

 FAIL  |provider-mysql2| tests/providers/docker/mysql2-scalars.test.ts > MySQL2 Driver > MySQL2 full scalar-type round-trip behavior > aggregates are scalar-aware
MigrationError: Push completed its statements but the final live fingerprint does not match the desired schema
⎯⎯⎯⎯⎯⎯⎯⎯⎯⎯⎯⎯⎯⎯⎯⎯⎯⎯⎯⎯[113/218]⎯

 FAIL  |provider-mysql2| tests/providers/docker/mysql2-scalars.test.ts > MySQL2 Driver > MySQL2 Prisma parity > insensitive mode on equality filters > equals matches case-insensitively
MigrationError: Push completed its statements but the final live fingerprint does not match the desired schema
⎯⎯⎯⎯⎯⎯⎯⎯⎯⎯⎯⎯⎯⎯⎯⎯⎯⎯⎯⎯[114/218]⎯

 FAIL  |provider-mysql2| tests/providers/docker/mysql2-scalars.test.ts > MySQL2 Driver > MySQL2 Prisma parity > insensitive mode on equality filters > insensitive equality and set filters fold ASCII only
MigrationError: Push completed its statements but the final live fingerprint does not match the desired schema
⎯⎯⎯⎯⎯⎯⎯⎯⎯⎯⎯⎯⎯⎯⎯⎯⎯⎯⎯⎯[115/218]⎯

 FAIL  |provider-mysql2| tests/providers/docker/mysql2-scalars.test.ts > MySQL2 Driver > MySQL2 Prisma parity > insensitive mode on equality filters > equals stays case-sensitive without mode
MigrationError: Push completed its statements but the final live fingerprint does not match the desired schema
⎯⎯⎯⎯⎯⎯⎯⎯⎯⎯⎯⎯⎯⎯⎯⎯⎯⎯⎯⎯[116/218]⎯

 FAIL  |provider-mysql2| tests/providers/docker/mysql2-scalars.test.ts > MySQL2 Driver > MySQL2 Prisma parity > insensitive mode on equality filters > not stays case-sensitive without mode
MigrationError: Push completed its statements but the final live fingerprint does not match the desired schema
⎯⎯⎯⎯⎯⎯⎯⎯⎯⎯⎯⎯⎯⎯⎯⎯⎯⎯⎯⎯[117/218]⎯

 FAIL  |provider-mysql2| tests/providers/docker/mysql2-scalars.test.ts > MySQL2 Driver > MySQL2 Prisma parity > insensitive mode on equality filters > in stays case-sensitive without mode
MigrationError: Push completed its statements but the final live fingerprint does not match the desired schema
⎯⎯⎯⎯⎯⎯⎯⎯⎯⎯⎯⎯⎯⎯⎯⎯⎯⎯⎯⎯[118/218]⎯

 FAIL  |provider-mysql2| tests/providers/docker/mysql2-scalars.test.ts > MySQL2 Driver > MySQL2 Prisma parity > insensitive mode on equality filters > notIn stays case-sensitive without mode
MigrationError: Push completed its statements but the final live fingerprint does not match the desired schema
⎯⎯⎯⎯⎯⎯⎯⎯⎯⎯⎯⎯⎯⎯⎯⎯⎯⎯⎯⎯[119/218]⎯

 FAIL  |provider-mysql2| tests/providers/docker/mysql2-scalars.test.ts > MySQL2 Driver > MySQL2 Prisma parity > insensitive mode on equality filters > insensitive equals does not treat % as a wildcard
MigrationError: Push completed its statements but the final live fingerprint does not match the desired schema
⎯⎯⎯⎯⎯⎯⎯⎯⎯⎯⎯⎯⎯⎯⎯⎯⎯⎯⎯⎯[120/218]⎯

 FAIL  |provider-mysql2| tests/providers/docker/mysql2-scalars.test.ts > MySQL2 Driver > MySQL2 Prisma parity > insensitive mode on equality filters > not excludes case-insensitively
MigrationError: Push completed its statements but the final live fingerprint does not match the desired schema
⎯⎯⎯⎯⎯⎯⎯⎯⎯⎯⎯⎯⎯⎯⎯⎯⎯⎯⎯⎯[121/218]⎯

 FAIL  |provider-mysql2| tests/providers/docker/mysql2-scalars.test.ts > MySQL2 Driver > MySQL2 Prisma parity > insensitive mode on equality filters > in matches case-insensitively
MigrationError: Push completed its statements but the final live fingerprint does not match the desired schema
⎯⎯⎯⎯⎯⎯⎯⎯⎯⎯⎯⎯⎯⎯⎯⎯⎯⎯⎯⎯[122/218]⎯

 FAIL  |provider-mysql2| tests/providers/docker/mysql2-scalars.test.ts > MySQL2 Driver > MySQL2 Prisma parity > insensitive mode on equality filters > insensitive in does not treat % as a wildcard
MigrationError: Push completed its statements but the final live fingerprint does not match the desired schema
⎯⎯⎯⎯⎯⎯⎯⎯⎯⎯⎯⎯⎯⎯⎯⎯⎯⎯⎯⎯[123/218]⎯

 FAIL  |provider-mysql2| tests/providers/docker/mysql2-scalars.test.ts > MySQL2 Driver > MySQL2 Prisma parity > insensitive mode on equality filters > insensitive in with empty list matches nothing
MigrationError: Push completed its statements but the final live fingerprint does not match the desired schema
⎯⎯⎯⎯⎯⎯⎯⎯⎯⎯⎯⎯⎯⎯⎯⎯⎯⎯⎯⎯[124/218]⎯

 FAIL  |provider-mysql2| tests/providers/docker/mysql2-scalars.test.ts > MySQL2 Driver > MySQL2 Prisma parity > insensitive mode on equality filters > notIn excludes case-insensitively
MigrationError: Push completed its statements but the final live fingerprint does not match the desired schema
⎯⎯⎯⎯⎯⎯⎯⎯⎯⎯⎯⎯⎯⎯⎯⎯⎯⎯⎯⎯[125/218]⎯

 FAIL  |provider-mysql2| tests/providers/docker/mysql2-scalars.test.ts > MySQL2 Driver > MySQL2 Prisma parity > string substring filters > contains stays case-sensitive without mode
MigrationError: Push completed its statements but the final live fingerprint does not match the desired schema
⎯⎯⎯⎯⎯⎯⎯⎯⎯⎯⎯⎯⎯⎯⎯⎯⎯⎯⎯⎯[126/218]⎯

 FAIL  |provider-mysql2| tests/providers/docker/mysql2-scalars.test.ts > MySQL2 Driver > MySQL2 Prisma parity > string substring filters > startsWith stays case-sensitive without mode
MigrationError: Push completed its statements but the final live fingerprint does not match the desired schema
⎯⎯⎯⎯⎯⎯⎯⎯⎯⎯⎯⎯⎯⎯⎯⎯⎯⎯⎯⎯[127/218]⎯

 FAIL  |provider-mysql2| tests/providers/docker/mysql2-scalars.test.ts > MySQL2 Driver > MySQL2 Prisma parity > string substring filters > endsWith stays case-sensitive without mode
MigrationError: Push completed its statements but the final live fingerprint does not match the desired schema
⎯⎯⎯⎯⎯⎯⎯⎯⎯⎯⎯⎯⎯⎯⎯⎯⎯⎯⎯⎯[128/218]⎯

 FAIL  |provider-mysql2| tests/providers/docker/mysql2-scalars.test.ts > MySQL2 Driver > MySQL2 Prisma parity > string substring filters > default substring filters treat wildcard characters literally
MigrationError: Push completed its statements but the final live fingerprint does not match the desired schema
⎯⎯⎯⎯⎯⎯⎯⎯⎯⎯⎯⎯⎯⎯⎯⎯⎯⎯⎯⎯[129/218]⎯

 FAIL  |provider-mysql2| tests/providers/docker/mysql2-scalars.test.ts > MySQL2 Driver > MySQL2 Prisma parity > string substring filters > default substring filters handle empty and non-ASCII values exactly
MigrationError: Push completed its statements but the final live fingerprint does not match the desired schema
⎯⎯⎯⎯⎯⎯⎯⎯⎯⎯⎯⎯⎯⎯⎯⎯⎯⎯⎯⎯[130/218]⎯

 FAIL  |provider-mysql2| tests/providers/docker/mysql2-scalars.test.ts > MySQL2 Driver > MySQL2 Prisma parity > string substring filters > startsWith matches case-insensitively
MigrationError: Push completed its statements but the final live fingerprint does not match the desired schema
⎯⎯⎯⎯⎯⎯⎯⎯⎯⎯⎯⎯⎯⎯⎯⎯⎯⎯⎯⎯[131/218]⎯

 FAIL  |provider-mysql2| tests/providers/docker/mysql2-scalars.test.ts > MySQL2 Driver > MySQL2 Prisma parity > string substring filters > endsWith matches case-insensitively
MigrationError: Push completed its statements but the final live fingerprint does not match the desired schema
⎯⎯⎯⎯⎯⎯⎯⎯⎯⎯⎯⎯⎯⎯⎯⎯⎯⎯⎯⎯[132/218]⎯

 FAIL  |provider-mysql2| tests/providers/docker/mysql2-scalars.test.ts > MySQL2 Driver > MySQL2 Prisma parity > string substring filters > insensitive endsWith matches every case variant
MigrationError: Push completed its statements but the final live fingerprint does not match the desired schema
⎯⎯⎯⎯⎯⎯⎯⎯⎯⎯⎯⎯⎯⎯⎯⎯⎯⎯⎯⎯[133/218]⎯

 FAIL  |provider-mysql2| tests/providers/docker/mysql2-scalars.test.ts > MySQL2 Driver > MySQL2 Prisma parity > string substring filters > insensitive substring filters fold ASCII only
MigrationError: Push completed its statements but the final live fingerprint does not match the desired schema
⎯⎯⎯⎯⎯⎯⎯⎯⎯⎯⎯⎯⎯⎯⎯⎯⎯⎯⎯⎯[134/218]⎯

 FAIL  |provider-mysql2| tests/providers/docker/mysql2-scalars.test.ts > MySQL2 Driver > MySQL2 Prisma parity > string substring filters > insensitive startsWith does not treat % as a wildcard
MigrationError: Push completed its statements but the final live fingerprint does not match the desired schema
⎯⎯⎯⎯⎯⎯⎯⎯⎯⎯⎯⎯⎯⎯⎯⎯⎯⎯⎯⎯[135/218]⎯

 FAIL  |provider-mysql2| tests/providers/docker/mysql2-scalars.test.ts > MySQL2 Driver > MySQL2 Prisma parity > string substring filters > insensitive endsWith does not treat % as a wildcard
MigrationError: Push completed its statements but the final live fingerprint does not match the desired schema
⎯⎯⎯⎯⎯⎯⎯⎯⎯⎯⎯⎯⎯⎯⎯⎯⎯⎯⎯⎯[136/218]⎯

 FAIL  |provider-mysql2| tests/providers/docker/mysql2-scalars.test.ts > MySQL2 Driver > MySQL2 Prisma parity > NOT and OR combinators > top-level NOT excludes matching rows
MigrationError: Push completed its statements but the final live fingerprint does not match the desired schema
⎯⎯⎯⎯⎯⎯⎯⎯⎯⎯⎯⎯⎯⎯⎯⎯⎯⎯⎯⎯[137/218]⎯

 FAIL  |provider-mysql2| tests/providers/docker/mysql2-scalars.test.ts > MySQL2 Driver > MySQL2 Prisma parity > NOT and OR combinators > NOT {contains} does not match NULL rows (Prisma parity)
MigrationError: Push completed its statements but the final live fingerprint does not match the desired schema
⎯⎯⎯⎯⎯⎯⎯⎯⎯⎯⎯⎯⎯⎯⎯⎯⎯⎯⎯⎯[138/218]⎯

 FAIL  |provider-mysql2| tests/providers/docker/mysql2-scalars.test.ts > MySQL2 Driver > MySQL2 Prisma parity > NOT and OR combinators > NOT with equality also skips NULL rows
MigrationError: Push completed its statements but the final live fingerprint does not match the desired schema
⎯⎯⎯⎯⎯⎯⎯⎯⎯⎯⎯⎯⎯⎯⎯⎯⎯⎯⎯⎯[139/218]⎯

 FAIL  |provider-mysql2| tests/providers/docker/mysql2-scalars.test.ts > MySQL2 Driver > MySQL2 Prisma parity > NOT and OR combinators > NOT combines with AND
MigrationError: Push completed its statements but the final live fingerprint does not match the desired schema
⎯⎯⎯⎯⎯⎯⎯⎯⎯⎯⎯⎯⎯⎯⎯⎯⎯⎯⎯⎯[140/218]⎯

 FAIL  |provider-mysql2| tests/providers/docker/mysql2-scalars.test.ts > MySQL2 Driver > MySQL2 Prisma parity > NOT and OR combinators > NOT combines with OR
MigrationError: Push completed its statements but the final live fingerprint does not match the desired schema
⎯⎯⎯⎯⎯⎯⎯⎯⎯⎯⎯⎯⎯⎯⎯⎯⎯⎯⎯⎯[141/218]⎯

 FAIL  |provider-mysql2| tests/providers/docker/mysql2-scalars.test.ts > MySQL2 Driver > MySQL2 Prisma parity > NOT and OR combinators > nested NOT double-negates but still skips NULL rows
MigrationError: Push completed its statements but the final live fingerprint does not match the desired schema
⎯⎯⎯⎯⎯⎯⎯⎯⎯⎯⎯⎯⎯⎯⎯⎯⎯⎯⎯⎯[142/218]⎯

 FAIL  |provider-mysql2| tests/providers/docker/mysql2-scalars.test.ts > MySQL2 Driver > MySQL2 Prisma parity > NOT and OR combinators > NOT array negates each condition and ANDs them (Prisma parity)
MigrationError: Push completed its statements but the final live fingerprint does not match the desired schema
⎯⎯⎯⎯⎯⎯⎯⎯⎯⎯⎯⎯⎯⎯⎯⎯⎯⎯⎯⎯[143/218]⎯

 FAIL  |provider-mysql2| tests/providers/docker/mysql2-scalars.test.ts > MySQL2 Driver > MySQL2 Prisma parity > NOT and OR combinators > OR of two scalar predicates
MigrationError: Push completed its statements but the final live fingerprint does not match the desired schema
⎯⎯⎯⎯⎯⎯⎯⎯⎯⎯⎯⎯⎯⎯⎯⎯⎯⎯⎯⎯[144/218]⎯

 FAIL  |provider-mysql2| tests/providers/docker/mysql2-scalars.test.ts > MySQL2 Driver > MySQL2 Prisma parity > NOT and OR combinators > OR with a null check matches NULL rows via IS NULL
MigrationError: Push completed its statements but the final live fingerprint does not match the desired schema
⎯⎯⎯⎯⎯⎯⎯⎯⎯⎯⎯⎯⎯⎯⎯⎯⎯⎯⎯⎯[145/218]⎯

 FAIL  |provider-mysql2| tests/providers/docker/mysql2-scalars.test.ts > MySQL2 Driver > MySQL2 Prisma parity > enum in/notIn filters > enum equals matches a single value
MigrationError: Push completed its statements but the final live fingerprint does not match the desired schema
⎯⎯⎯⎯⎯⎯⎯⎯⎯⎯⎯⎯⎯⎯⎯⎯⎯⎯⎯⎯[146/218]⎯

 FAIL  |provider-mysql2| tests/providers/docker/mysql2-scalars.test.ts > MySQL2 Driver > MySQL2 Prisma parity > enum in/notIn filters > enum in matches listed values and skips NULL rows
MigrationError: Push completed its statements but the final live fingerprint does not match the desired schema
⎯⎯⎯⎯⎯⎯⎯⎯⎯⎯⎯⎯⎯⎯⎯⎯⎯⎯⎯⎯[147/218]⎯

 FAIL  |provider-mysql2| tests/providers/docker/mysql2-scalars.test.ts > MySQL2 Driver > MySQL2 Prisma parity > enum in/notIn filters > enum in with empty list matches nothing
MigrationError: Push completed its statements but the final live fingerprint does not match the desired schema
⎯⎯⎯⎯⎯⎯⎯⎯⎯⎯⎯⎯⎯⎯⎯⎯⎯⎯⎯⎯[148/218]⎯

 FAIL  |provider-mysql2| tests/providers/docker/mysql2-scalars.test.ts > MySQL2 Driver > MySQL2 Prisma parity > enum in/notIn filters > enum notIn excludes listed values and NULL rows
MigrationError: Push completed its statements but the final live fingerprint does not match the desired schema
⎯⎯⎯⎯⎯⎯⎯⎯⎯⎯⎯⎯⎯⎯⎯⎯⎯⎯⎯⎯[149/218]⎯

 FAIL  |provider-mysql2| tests/providers/docker/mysql2-scalars.test.ts > MySQL2 Driver > MySQL2 Prisma parity > enum in/notIn filters > enum notIn with empty list matches every row
MigrationError: Push completed its statements but the final live fingerprint does not match the desired schema
⎯⎯⎯⎯⎯⎯⎯⎯⎯⎯⎯⎯⎯⎯⎯⎯⎯⎯⎯⎯[150/218]⎯

 FAIL  |provider-mysql2| tests/providers/docker/mysql2-scalars.test.ts > MySQL2 Driver > MySQL2 Prisma parity > empty select rejection > empty select object throws
MigrationError: Push completed its statements but the final live fingerprint does not match the desired schema
⎯⎯⎯⎯⎯⎯⎯⎯⎯⎯⎯⎯⎯⎯⎯⎯⎯⎯⎯⎯[151/218]⎯

 FAIL  |provider-mysql2| tests/providers/docker/mysql2-scalars.test.ts > MySQL2 Driver > MySQL2 Prisma parity > empty select rejection > all-false select throws
MigrationError: Push completed its statements but the final live fingerprint does not match the desired schema
⎯⎯⎯⎯⎯⎯⎯⎯⎯⎯⎯⎯⎯⎯⎯⎯⎯⎯⎯⎯[152/218]⎯

 FAIL  |provider-mysql2| tests/providers/docker/mysql2-scalars.test.ts > MySQL2 Driver > MySQL2 Prisma parity > groupBy ordering and having > orderBy a non-grouped column is rejected
MigrationError: Push completed its statements but the final live fingerprint does not match the desired schema
⎯⎯⎯⎯⎯⎯⎯⎯⎯⎯⎯⎯⎯⎯⎯⎯⎯⎯⎯⎯[153/218]⎯

 FAIL  |provider-mysql2| tests/providers/docker/mysql2-scalars.test.ts > MySQL2 Driver > MySQL2 Prisma parity > groupBy ordering and having > orderBy a grouped column still works
MigrationError: Push completed its statements but the final live fingerprint does not match the desired schema
⎯⎯⎯⎯⎯⎯⎯⎯⎯⎯⎯⎯⎯⎯⎯⎯⎯⎯⎯⎯[154/218]⎯

 FAIL  |provider-mysql2| tests/providers/docker/mysql2-scalars.test.ts > MySQL2 Driver > MySQL2 Prisma parity > groupBy ordering and having > orderBy _count on a field
MigrationError: Push completed its statements but the final live fingerprint does not match the desired schema
⎯⎯⎯⎯⎯⎯⎯⎯⎯⎯⎯⎯⎯⎯⎯⎯⎯⎯⎯⎯[155/218]⎯

 FAIL  |provider-mysql2| tests/providers/docker/mysql2-scalars.test.ts > MySQL2 Driver > MySQL2 Prisma parity > groupBy ordering and having > orderBy _count _all
MigrationError: Push completed its statements but the final live fingerprint does not match the desired schema
⎯⎯⎯⎯⎯⎯⎯⎯⎯⎯⎯⎯⎯⎯⎯⎯⎯⎯⎯⎯[156/218]⎯

 FAIL  |provider-mysql2| tests/providers/docker/mysql2-scalars.test.ts > MySQL2 Driver > MySQL2 Prisma parity > groupBy ordering and having > orderBy _sum
MigrationError: Push completed its statements but the final live fingerprint does not match the desired schema
⎯⎯⎯⎯⎯⎯⎯⎯⎯⎯⎯⎯⎯⎯⎯⎯⎯⎯⎯⎯[157/218]⎯

 FAIL  |provider-mysql2| tests/providers/docker/mysql2-scalars.test.ts > MySQL2 Driver > MySQL2 Prisma parity > groupBy ordering and having > having aggregate in filter
MigrationError: Push completed its statements but the final live fingerprint does not match the desired schema
⎯⎯⎯⎯⎯⎯⎯⎯⎯⎯⎯⎯⎯⎯⎯⎯⎯⎯⎯⎯[158/218]⎯

 FAIL  |provider-mysql2| tests/providers/docker/mysql2-scalars.test.ts > MySQL2 Driver > MySQL2 Prisma parity > groupBy ordering and having > having aggregate in with empty list matches nothing
MigrationError: Push completed its statements but the final live fingerprint does not match the desired schema
⎯⎯⎯⎯⎯⎯⎯⎯⎯⎯⎯⎯⎯⎯⎯⎯⎯⎯⎯⎯[159/218]⎯

 FAIL  |provider-mysql2| tests/providers/docker/mysql2-scalars.test.ts > MySQL2 Driver > MySQL2 Prisma parity > groupBy ordering and having > having aggregate notIn with empty list matches everything
MigrationError: Push completed its statements but the final live fingerprint does not match the desired schema
⎯⎯⎯⎯⎯⎯⎯⎯⎯⎯⎯⎯⎯⎯⎯⎯⎯⎯⎯⎯[160/218]⎯

 FAIL  |provider-mysql2| tests/providers/docker/mysql2-scalars.test.ts > MySQL2 Driver > MySQL2 Prisma parity > groupBy ordering and having > having aggregate equals null uses IS NULL
MigrationError: Push completed its statements but the final live fingerprint does not match the desired schema
⎯⎯⎯⎯⎯⎯⎯⎯⎯⎯⎯⎯⎯⎯⎯⎯⎯⎯⎯⎯[161/218]⎯

 FAIL  |provider-mysql2| tests/providers/docker/mysql2-scalars.test.ts > MySQL2 Driver > MySQL2 Prisma parity > groupBy ordering and having > having aggregate not null uses IS NOT NULL
MigrationError: Push completed its statements but the final live fingerprint does not match the desired schema
⎯⎯⎯⎯⎯⎯⎯⎯⎯⎯⎯⎯⎯⎯⎯⎯⎯⎯⎯⎯[162/218]⎯

 FAIL  |provider-mysql2| tests/providers/docker/mysql2-scalars.test.ts > MySQL2 Driver > MySQL2 Prisma parity > groupBy ordering and having > where filters rows before grouping
MigrationError: Push completed its statements but the final live fingerprint does not match the desired schema
⎯⎯⎯⎯⎯⎯⎯⎯⎯⎯⎯⎯⎯⎯⎯⎯⎯⎯⎯⎯[163/218]⎯

 FAIL  |provider-mysql2| tests/providers/docker/mysql2-scalars.test.ts > MySQL2 Driver > MySQL2 Prisma parity > groupBy ordering and having > take with orderBy limits groups
MigrationError: Push completed its statements but the final live fingerprint does not match the desired schema
⎯⎯⎯⎯⎯⎯⎯⎯⎯⎯⎯⎯⎯⎯⎯⎯⎯⎯⎯⎯[164/218]⎯

 FAIL  |provider-mysql2| tests/providers/docker/mysql2-scalars.test.ts > MySQL2 Driver > MySQL2 Prisma parity > groupBy ordering and having > take and skip with orderBy window the groups
MigrationError: Push completed its statements but the final live fingerprint does not match the desired schema
⎯⎯⎯⎯⎯⎯⎯⎯⎯⎯⎯⎯⎯⎯⎯⎯⎯⎯⎯⎯[165/218]⎯

 FAIL  |provider-mysql2| tests/providers/docker/mysql2-scalars.test.ts > MySQL2 Driver > MySQL2 Prisma parity > groupBy ordering and having > take and skip with aggregate orderBy window the groups
MigrationError: Push completed its statements but the final live fingerprint does not match the desired schema
⎯⎯⎯⎯⎯⎯⎯⎯⎯⎯⎯⎯⎯⎯⎯⎯⎯⎯⎯⎯[166/218]⎯

 FAIL  |provider-mysql2| tests/providers/docker/mysql2-scalars.test.ts > MySQL2 Driver > MySQL2 Prisma parity > groupBy ordering and having > multi-field by groups on the field combination
MigrationError: Push completed its statements but the final live fingerprint does not match the desired schema
⎯⎯⎯⎯⎯⎯⎯⎯⎯⎯⎯⎯⎯⎯⎯⎯⎯⎯⎯⎯[167/218]⎯

 FAIL  |provider-mysql2| tests/providers/docker/mysql2-scalars.test.ts > MySQL2 Driver > MySQL2 Prisma parity > groupBy ordering and having > multi-field by supports having on aggregates
MigrationError: Push completed its statements but the final live fingerprint does not match the desired schema
⎯⎯⎯⎯⎯⎯⎯⎯⎯⎯⎯⎯⎯⎯⎯⎯⎯⎯⎯⎯[168/218]⎯

 FAIL  |provider-mysql2| tests/providers/docker/mysql2-scalars.test.ts > MySQL2 Driver > MySQL2 Prisma parity > groupBy ordering and having > having boolean combinators > OR of two single-group conditions matches both groups
MigrationError: Push completed its statements but the final live fingerprint does not match the desired schema
⎯⎯⎯⎯⎯⎯⎯⎯⎯⎯⎯⎯⎯⎯⎯⎯⎯⎯⎯⎯[169/218]⎯

 FAIL  |provider-mysql2| tests/providers/docker/mysql2-scalars.test.ts > MySQL2 Driver > MySQL2 Prisma parity > groupBy ordering and having > having boolean combinators > OR with a single unmatchable arm keeps only the other
MigrationError: Push completed its statements but the final live fingerprint does not match the desired schema
⎯⎯⎯⎯⎯⎯⎯⎯⎯⎯⎯⎯⎯⎯⎯⎯⎯⎯⎯⎯[170/218]⎯

 FAIL  |provider-mysql2| tests/providers/docker/mysql2-scalars.test.ts > MySQL2 Driver > MySQL2 Prisma parity > groupBy ordering and having > having boolean combinators > AND of the same two conditions matches nothing
MigrationError: Push completed its statements but the final live fingerprint does not match the desired schema
⎯⎯⎯⎯⎯⎯⎯⎯⎯⎯⎯⎯⎯⎯⎯⎯⎯⎯⎯⎯[171/218]⎯

 FAIL  |provider-mysql2| tests/providers/docker/mysql2-scalars.test.ts > MySQL2 Driver > MySQL2 Prisma parity > groupBy ordering and having > having boolean combinators > AND accepts a bare object as well as an array
MigrationError: Push completed its statements but the final live fingerprint does not match the desired schema
⎯⎯⎯⎯⎯⎯⎯⎯⎯⎯⎯⎯⎯⎯⎯⎯⎯⎯⎯⎯[172/218]⎯

 FAIL  |provider-mysql2| tests/providers/docker/mysql2-scalars.test.ts > MySQL2 Driver > MySQL2 Prisma parity > groupBy ordering and having > having boolean combinators > AND nested inside OR evaluates the inner conjunction
MigrationError: Push completed its statements but the final live fingerprint does not match the desired schema
⎯⎯⎯⎯⎯⎯⎯⎯⎯⎯⎯⎯⎯⎯⎯⎯⎯⎯⎯⎯[173/218]⎯

 FAIL  |provider-mysql2| tests/providers/docker/mysql2-scalars.test.ts > MySQL2 Driver > MySQL2 Prisma parity > groupBy ordering and having > having boolean combinators > AND nested inside OR fails the arm when one conjunct misses
MigrationError: Push completed its statements but the final live fingerprint does not match the desired schema
⎯⎯⎯⎯⎯⎯⎯⎯⎯⎯⎯⎯⎯⎯⎯⎯⎯⎯⎯⎯[174/218]⎯

 FAIL  |provider-mysql2| tests/providers/docker/mysql2-scalars.test.ts > MySQL2 Driver > MySQL2 Prisma parity > groupBy ordering and having > having boolean combinators > NOT of an aggregate condition selects the complement
MigrationError: Push completed its statements but the final live fingerprint does not match the desired schema
⎯⎯⎯⎯⎯⎯⎯⎯⎯⎯⎯⎯⎯⎯⎯⎯⎯⎯⎯⎯[175/218]⎯

 FAIL  |provider-mysql2| tests/providers/docker/mysql2-scalars.test.ts > MySQL2 Driver > MySQL2 Prisma parity > groupBy ordering and having > having boolean combinators > NOT array negates each arm and ANDs the negations (Prisma parity)
MigrationError: Push completed its statements but the final live fingerprint does not match the desired schema
⎯⎯⎯⎯⎯⎯⎯⎯⎯⎯⎯⎯⎯⎯⎯⎯⎯⎯⎯⎯[176/218]⎯

 FAIL  |provider-mysql2| tests/providers/docker/mysql2-scalars.test.ts > MySQL2 Driver > MySQL2 Prisma parity > groupBy ordering and having > having boolean combinators > NOT array with one unmatchable arm keeps the other complement
MigrationError: Push completed its statements but the final live fingerprint does not match the desired schema
⎯⎯⎯⎯⎯⎯⎯⎯⎯⎯⎯⎯⎯⎯⎯⎯⎯⎯⎯⎯[177/218]⎯

 FAIL  |provider-mysql2| tests/providers/docker/mysql2-scalars.test.ts > MySQL2 Driver > MySQL2 Prisma parity > groupBy ordering and having > having boolean combinators > NOT array on a `by` field agrees with the same NOT array in where
MigrationError: Push completed its statements but the final live fingerprint does not match the desired schema
⎯⎯⎯⎯⎯⎯⎯⎯⎯⎯⎯⎯⎯⎯⎯⎯⎯⎯⎯⎯[178/218]⎯

 FAIL  |provider-mysql2| tests/providers/docker/mysql2-scalars.test.ts > MySQL2 Driver > MySQL2 Prisma parity > groupBy ordering and having > having boolean combinators > NOT array of a single item matches the object form
MigrationError: Push completed its statements but the final live fingerprint does not match the desired schema
⎯⎯⎯⎯⎯⎯⎯⎯⎯⎯⎯⎯⎯⎯⎯⎯⎯⎯⎯⎯[179/218]⎯

 FAIL  |provider-mysql2| tests/providers/docker/mysql2-scalars.test.ts > MySQL2 Driver > MySQL2 Prisma parity > groupBy ordering and having > having boolean combinators > NOT of a multi-key object negates that object's conjunction
MigrationError: Push completed its statements but the final live fingerprint does not match the desired schema
⎯⎯⎯⎯⎯⎯⎯⎯⎯⎯⎯⎯⎯⎯⎯⎯⎯⎯⎯⎯[180/218]⎯

 FAIL  |provider-mysql2| tests/providers/docker/mysql2-scalars.test.ts > MySQL2 Driver > MySQL2 Prisma parity > groupBy ordering and having > having boolean combinators > NOT inside OR restores the excluded group
MigrationError: Push completed its statements but the final live fingerprint does not match the desired schema
⎯⎯⎯⎯⎯⎯⎯⎯⎯⎯⎯⎯⎯⎯⎯⎯⎯⎯⎯⎯[181/218]⎯

 FAIL  |provider-mysql2| tests/providers/docker/mysql2-scalars.test.ts > MySQL2 Driver > MySQL2 Prisma parity > groupBy ordering and having > having boolean combinators > a combinator conjoins with sibling field-keyed conditions
MigrationError: Push completed its statements but the final live fingerprint does not match the desired schema
⎯⎯⎯⎯⎯⎯⎯⎯⎯⎯⎯⎯⎯⎯⎯⎯⎯⎯⎯⎯[182/218]⎯

 FAIL  |provider-mysql2| tests/providers/docker/mysql2-scalars.test.ts > MySQL2 Driver > MySQL2 Prisma parity > groupBy ordering and having > having boolean combinators > a field-keyed condition inside an OR arm still requires `by`
MigrationError: Push completed its statements but the final live fingerprint does not match the desired schema
⎯⎯⎯⎯⎯⎯⎯⎯⎯⎯⎯⎯⎯⎯⎯⎯⎯⎯⎯⎯[183/218]⎯

 FAIL  |provider-mysql2| tests/providers/docker/mysql2-scalars.test.ts > MySQL2 Driver > MySQL2 Prisma parity > groupBy ordering and having > having boolean combinators > empty OR matches no group, exactly like empty OR in where
MigrationError: Push completed its statements but the final live fingerprint does not match the desired schema
⎯⎯⎯⎯⎯⎯⎯⎯⎯⎯⎯⎯⎯⎯⎯⎯⎯⎯⎯⎯[184/218]⎯

 FAIL  |provider-mysql2| tests/providers/docker/mysql2-scalars.test.ts > MySQL2 Driver > MySQL2 Prisma parity > groupBy ordering and having > having boolean combinators > empty OR is false, not absent, when conjoined with a sibling
MigrationError: Push completed its statements but the final live fingerprint does not match the desired schema
⎯⎯⎯⎯⎯⎯⎯⎯⎯⎯⎯⎯⎯⎯⎯⎯⎯⎯⎯⎯[185/218]⎯

 FAIL  |provider-mysql2| tests/providers/docker/mysql2-scalars.test.ts > MySQL2 Driver > MySQL2 Prisma parity > groupBy ordering and having > having boolean combinators > empty OR nested in AND poisons the conjunction
MigrationError: Push completed its statements but the final live fingerprint does not match the desired schema
⎯⎯⎯⎯⎯⎯⎯⎯⎯⎯⎯⎯⎯⎯⎯⎯⎯⎯⎯⎯[186/218]⎯

 FAIL  |provider-mysql2| tests/providers/docker/mysql2-scalars.test.ts > MySQL2 Driver > MySQL2 Prisma parity > groupBy ordering and having > having boolean combinators > empty OR nested in OR contributes nothing but is not vacuous
MigrationError: Push completed its statements but the final live fingerprint does not match the desired schema
⎯⎯⎯⎯⎯⎯⎯⎯⎯⎯⎯⎯⎯⎯⎯⎯⎯⎯⎯⎯[187/218]⎯

 FAIL  |provider-mysql2| tests/providers/docker/mysql2-scalars.test.ts > MySQL2 Driver > MySQL2 Prisma parity > groupBy ordering and having > having boolean combinators > empty OR under NOT is true and keeps every group
MigrationError: Push completed its statements but the final live fingerprint does not match the desired schema
⎯⎯⎯⎯⎯⎯⎯⎯⎯⎯⎯⎯⎯⎯⎯⎯⎯⎯⎯⎯[188/218]⎯

 FAIL  |provider-mysql2| tests/providers/docker/mysql2-scalars.test.ts > MySQL2 Driver > MySQL2 Prisma parity > groupBy ordering and having > having boolean combinators > empty AND and empty NOT stay true and keep every group
MigrationError: Push completed its statements but the final live fingerprint does not match the desired schema
⎯⎯⎯⎯⎯⎯⎯⎯⎯⎯⎯⎯⎯⎯⎯⎯⎯⎯⎯⎯[189/218]⎯

 FAIL  |provider-mysql2| tests/providers/docker/mysql2-scalars.test.ts > MySQL2 Driver > MySQL2 Prisma parity > groupBy ordering and having > having boolean combinators > empty AND still conjoins its sibling rather than erasing it
MigrationError: Push completed its statements but the final live fingerprint does not match the desired schema
⎯⎯⎯⎯⎯⎯⎯⎯⎯⎯⎯⎯⎯⎯⎯⎯⎯⎯⎯⎯[190/218]⎯

 FAIL  |provider-mysql2| tests/providers/docker/mysql2-writes-raw.test.ts > MySQL2 Driver > MySQL2 createMany select fold > four same-shape rows are ONE statement, and the rows come back in input order
AssertionError: expected [ …(5) ] to have a length of 8 but got 5

[32m- Expected[39m
[31m+ Received[39m

[32m- 8[39m
[31m+ 5[39m

 ❯ tests/contracts/drivers/behaviors/create-many-return-fold-behavior.ts:164:28
    162|         // each interleaved with the refetch that reads it back by its…
    163|         // identity. Nothing here folds — the refetch needs one INSERT…
    164|         expect(statements).toHaveLength(8);
       |                            ^
    165|         expect(statements.map(isInsert)).toEqual([
    166|           true,

⎯⎯⎯⎯⎯⎯⎯⎯⎯⎯⎯⎯⎯⎯⎯⎯⎯⎯⎯⎯[191/218]⎯

 FAIL  |provider-mysql2| tests/providers/docker/mysql2-writes-raw.test.ts > MySQL2 Driver > MySQL2 nested write behavior > rejects nested default-only duplicate skipping before the parent write
AssertionError: promise resolved "{ id: 'default-only-parent' }" instead of rejecting

[32m- Expected[39m
[31m+ Received[39m

[32m- Error {[39m
[32m-   "message": "rejected promise",[39m
[31m+ {[39m
[31m+   "id": "default-only-parent",[39m
[2m  }[22m

 ❯ tests/contracts/drivers/behaviors/nested-write-behavior.ts:85:7
     83|           },
     84|         })
     85|       ).rejects.toThrow("no portable duplicate-only DEFAULT VALUES pri…
       |       ^
     86| 
     87|       expect(await currentClient.defaultOnlyParent.count()).toBe(0);

⎯⎯⎯⎯⎯⎯⎯⎯⎯⎯⎯⎯⎯⎯⎯⎯⎯⎯⎯⎯[192/218]⎯

 FAIL  |provider-mysql2| tests/providers/docker/mysql2-writes-raw.test.ts > MySQL2 Driver > MySQL2 nested write behavior > update and updateMany keep child mutations parent-correlated
NestedWriteError: Nested operation 'updateMany' on relation 'posts' depends on an earlier 'update' target write in the same nested write. Split these operations into separate queries.
⎯⎯⎯⎯⎯⎯⎯⎯⎯⎯⎯⎯⎯⎯⎯⎯⎯⎯⎯⎯[193/218]⎯

 FAIL  |provider-mysql2| tests/providers/docker/mysql2-writes-raw.test.ts > MySQL2 Driver > MySQL2 nested write behavior > delete and deleteMany keep child mutations parent-correlated
NestedWriteError: Nested operation 'deleteMany' on relation 'posts' depends on an earlier 'delete' target write in the same nested write. Split these operations into separate queries.
⎯⎯⎯⎯⎯⎯⎯⎯⎯⎯⎯⎯⎯⎯⎯⎯⎯⎯⎯⎯[194/218]⎯

 FAIL  |provider-mysql2| tests/providers/docker/mysql2-writes-raw.test.ts > MySQL2 Driver > MySQL2 upsert atomicity behavior > concurrent plain upserts of the same missing key both succeed
TransactionError: Transaction deadlock detected
Caused by: Error: Underlying error details redacted
⎯⎯⎯⎯⎯⎯⎯⎯⎯⎯⎯⎯⎯⎯⎯⎯⎯⎯⎯⎯⎯⎯⎯⎯⎯⎯⎯⎯⎯⎯
Serialized Error: { code: 'ER_LOCK_DEADLOCK', errno: 1213, sqlState: '40001' }
⎯⎯⎯⎯⎯⎯⎯⎯⎯⎯⎯⎯⎯⎯⎯⎯⎯⎯⎯⎯[195/218]⎯

 FAIL  |provider-mysql2| tests/providers/docker/mysql2-writes-raw.test.ts > MySQL2 Driver > MySQL2 upsert atomicity behavior > concurrent fallback upserts of the same missing key both succeed
TransactionError: Transaction deadlock detected
Caused by: Error: Underlying error details redacted
⎯⎯⎯⎯⎯⎯⎯⎯⎯⎯⎯⎯⎯⎯⎯⎯⎯⎯⎯⎯⎯⎯⎯⎯⎯⎯⎯⎯⎯⎯
Serialized Error: { code: 'ER_LOCK_DEADLOCK', errno: 1213, sqlState: '40001' }
⎯⎯⎯⎯⎯⎯⎯⎯⎯⎯⎯⎯⎯⎯⎯⎯⎯⎯⎯⎯[196/218]⎯

 FAIL  |provider-mysql2| tests/providers/docker/mysql2-writes-raw.test.ts > MySQL2 Driver > mysql2 nested-write concurrency behavior > concurrent upsert of a missing key converges to one row (tx)
TransactionError: Transaction deadlock detected
Caused by: Error: Underlying error details redacted
⎯⎯⎯⎯⎯⎯⎯⎯⎯⎯⎯⎯⎯⎯⎯⎯⎯⎯⎯⎯⎯⎯⎯⎯⎯⎯⎯⎯⎯⎯
Serialized Error: { code: 'ER_LOCK_DEADLOCK', errno: 1213, sqlState: '40001' }
⎯⎯⎯⎯⎯⎯⎯⎯⎯⎯⎯⎯⎯⎯⎯⎯⎯⎯⎯⎯[197/218]⎯

 FAIL  |provider-mysql2| tests/providers/docker/mysql2.test.ts > MySQL2 Driver > MySQL2 GeoPoint behavior > round-trips point writes and returning projections
QueryEngineError: Unknown update operation: longitude, latitude
⎯⎯⎯⎯⎯⎯⎯⎯⎯⎯⎯⎯⎯⎯⎯⎯⎯⎯⎯⎯[198/218]⎯

 FAIL  |provider-mysql2| tests/providers/docker/mysql2.test.ts > MySQL2 Driver > MySQL2 GeoPoint behavior > preserves point values through callback and array transactions
QueryEngineError: Unknown update operation: longitude, latitude
⎯⎯⎯⎯⎯⎯⎯⎯⎯⎯⎯⎯⎯⎯⎯⎯⎯⎯⎯⎯[199/218]⎯

 FAIL  |provider-mysql2| tests/providers/docker/mysql2.test.ts > MySQL2 Driver > uses the GeoPoint spatial index only for positive indexable predicates
AssertionError: expected { table_name: 'q0', …(7) } to match object { access_type: 'range', …(1) }
(11 matching properties omitted from actual)

[32m- Expected[39m
[31m+ Received[39m

[2m  {[22m
[32m-   "access_type": "range",[39m
[32m-   "key": "geopoint_plan_places_location_idx",[39m
[31m+   "access_type": "ALL",[39m
[2m  }[22m

 ❯ tests/providers/docker/mysql2.test.ts:256:9
    254|         { location: { distance: { to: paris, lte: 100_000 } } },
    255|       ]) {
    256|         await expect(explain(where)).resolves.toMatchObject({
       |         ^
    257|           access_type: "range",
    258|           key: "geopoint_plan_places_location_idx",

⎯⎯⎯⎯⎯⎯⎯⎯⎯⎯⎯⎯⎯⎯⎯⎯⎯⎯⎯⎯[200/218]⎯

 FAIL  |provider-mysql2| tests/providers/docker/mysql2.test.ts > MySQL2 Driver > MySQL2 polymorphic relations > empty storage is optional but orphaned membership is invalid
AssertionError: promise resolved "{ id: 2, body: 'optional orphan', …(1) }" instead of rejecting

[32m- Expected[39m
[31m+ Received[39m

[32m- Error {[39m
[32m-   "message": "rejected promise",[39m
[31m+ {[39m
[31m+   "body": "optional orphan",[39m
[31m+   "commentable": null,[39m
[31m+   "id": 2,[39m
[2m  }[22m

 ❯ tests/contracts/drivers/behaviors/polymorphic-relation-behavior.ts:558:32
    556|         include: { commentable: true },
    557|       });
    558|       await expect(optionalRead).rejects.toBeInstanceOf(QueryEngineErr…
       |                                ^
    559|       await expect(optionalRead).rejects.toThrow(
    560|         "Polymorphic relation 'commentable' references a missing 'post…

⎯⎯⎯⎯⎯⎯⎯⎯⎯⎯⎯⎯⎯⎯⎯⎯⎯⎯⎯⎯[201/218]⎯

 FAIL  |provider-mysql2| tests/providers/docker/mysql2.test.ts > MySQL2 Driver > MySQL2 polymorphic collection reads > total and filtered counts, and count ordering
Error: Raptor 3 G1 physical field is not implemented: type
 ❯ buildPhysicalFieldView src/query-engine/raptor3/shared/storage.ts:210:9
    208|     if (field === idColumn.name) return idColumn;
    209|   }
    210|   throw new Error(`Raptor 3 G1 physical field is not implemented: ${fi…
       |         ^
    211| }
    212| 
 ❯ EngineSchema.physicalField src/query-engine/raptor3/shared/schema.ts:542:34
 ❯ physicalField src/query-engine/raptor3/shared/storage.ts:189:17
 ❯ Queries.prepareScalarPredicate src/query-engine/raptor3/shared/query.ts:1177:17
 ❯ src/query-engine/raptor3/shared/query.ts:1156:23
 ❯ Queries.prepareWhere src/query-engine/raptor3/shared/query.ts:1128:31
 ❯ Queries.prepareSelector src/query-engine/raptor3/shared/query.ts:978:16
 ❯ Queries.prepareCounts src/query-engine/raptor3/shared/query.ts:3250:20
 ❯ Queries.prepareProjection src/query-engine/raptor3/shared/query.ts:3079:29

⎯⎯⎯⎯⎯⎯⎯⎯⎯⎯⎯⎯⎯⎯⎯⎯⎯⎯⎯⎯[202/218]⎯

 FAIL  |provider-mysql2| tests/providers/docker/mysql2.test.ts > MySQL2 Driver > MySQL2 polymorphic collection reads > an owner-scoped orphan fails the read, even hidden behind only
AssertionError: promise resolved "{ id: 1, name: 'main', …(1) }" instead of rejecting

[32m- Expected[39m
[31m+ Received[39m

[32m- Error {[39m
[32m-   "message": "rejected promise",[39m
[31m+ {[39m
[31m+   "id": 1,[39m
[31m+   "items": [[39m
[31m+     {[39m
[31m+       "data": {[39m
[31m+         "id": 1,[39m
[31m+         "rank": 1,[39m
[31m+         "sectionId": null,[39m
[31m+         "title": "first",[39m
[31m+       },[39m
[31m+       "type": "article",[39m
[31m+     },[39m
[31m+     {[39m
[31m+       "data": {[39m
[31m+         "id": 2,[39m
[31m+         "rank": 2,[39m
[31m+         "sectionId": null,[39m
[31m+         "title": "second",[39m
[31m+       },[39m
[31m+       "type": "article",[39m
[31m+     },[39m
[31m+   ],[39m
[31m+   "name": "main",[39m
[2m  }[22m

 ❯ tests/contracts/drivers/behaviors/polymorphic-collection-read-behavior.ts:453:24
    451|         include: { items: true },
    452|       });
    453|       await expect(full).rejects.toBeInstanceOf(QueryEngineError);
       |                        ^
    454|       await expect(full).rejects.toThrow(
    455|         "Polymorphic relation 'items' references a missing 'clip' reco…

⎯⎯⎯⎯⎯⎯⎯⎯⎯⎯⎯⎯⎯⎯⎯⎯⎯⎯⎯⎯[203/218]⎯

 FAIL  |provider-mysql2| tests/providers/docker/mysql2.test.ts > MySQL2 Driver > MySQL2 polymorphic collection reads > a singular-inverse duplicate fails BEFORE the LIMIT
AssertionError: promise resolved "{ id: 1, title: 'first', rank: 1, …(2) }" instead of rejecting

[32m- Expected[39m
[31m+ Received[39m

[32m- Error {[39m
[32m-   "message": "rejected promise",[39m
[31m+ {[39m
[31m+   "gallery": {[39m
[31m+     "id": 1,[39m
[31m+     "name": "main",[39m
[31m+   },[39m
[31m+   "id": 1,[39m
[31m+   "rank": 1,[39m
[31m+   "sectionId": null,[39m
[31m+   "title": "first",[39m
[2m  }[22m

 ❯ tests/contracts/drivers/behaviors/polymorphic-collection-read-behavior.ts:530:7
    528|           include: { gallery: true },
    529|         })
    530|       ).rejects.toBeInstanceOf(QueryEngineError);
       |       ^
    531|       // The other half of the §13.3 row — "even when a target filter …
    532|       // leave one visible row" — is pinned as BYTES in

⎯⎯⎯⎯⎯⎯⎯⎯⎯⎯⎯⎯⎯⎯⎯⎯⎯⎯⎯⎯[204/218]⎯

 FAIL  |provider-mysql2| tests/providers/docker/mysql2.test.ts > MySQL2 Driver > MySQL2 polymorphic collection writes > duplicate singular createMany targets transfer once
AssertionError: expected [ 't1/left/eu/111' ] to deeply equal [ 't1/right/eu/111' ]

[32m- Expected[39m
[31m+ Received[39m

[2m  [[22m
[32m-   "t1/right/eu/111",[39m
[31m+   "t1/left/eu/111",[39m
[2m  ][22m

 ❯ tests/contracts/drivers/behaviors/polymorphic-collection-write-behavior.ts:567:35
    565|       });
    566| 
    567|       expect(await bookMembers()).toEqual(["t1/right/eu/111"]);
       |                                   ^
    568|     });
    569| 

⎯⎯⎯⎯⎯⎯⎯⎯⎯⎯⎯⎯⎯⎯⎯⎯⎯⎯⎯⎯[205/218]⎯

 FAIL  |provider-mysql2| tests/providers/docker/mysql2.test.ts > MySQL2 Driver > rejects artificial batch-only non-returning writes before provider access
AssertionError: expected [Function] to throw error including 'cannot execute non-returning upsert w…' but got 'Query execution failed'

Expected: [32m"cannot execute non-returning upsert writes atomically because public result parsing cannot be rolled back after an atomic batch commits"[39m
Received: [31m"Query execution failed"[39m

 ❯ tests/providers/docker/mysql2.test.ts:445:7
    443|     });
    444|     try {
    445|       await expect(
       |       ^
    446|         client.entry.upsert({
    447|           where: { email: "entry@test.com" },

⎯⎯⎯⎯⎯⎯⎯⎯⎯⎯⎯⎯⎯⎯⎯⎯⎯⎯⎯⎯[206/218]⎯

 FAIL  |provider-mysql2| tests/providers/docker/mysql2.test.ts > MySQL namespace containment > applies into the TARGET's control tables, over a connection pointing elsewhere
QueryError: Query execution failed
Caused by: Error: Underlying error details redacted
⎯⎯⎯⎯⎯⎯⎯⎯⎯⎯⎯⎯⎯⎯⎯⎯⎯⎯⎯⎯⎯⎯⎯⎯⎯⎯⎯⎯⎯⎯
Serialized Error: { errno: 1170, sqlState: '42000' }
⎯⎯⎯⎯⎯⎯⎯⎯⎯⎯⎯⎯⎯⎯⎯⎯⎯⎯⎯⎯[207/218]⎯

 FAIL  |provider-mysql2| tests/providers/docker/mysql2.test.ts > MySQL namespace containment > refuses a configured database the server does not have, before any DDL
AssertionError: expected [ '_viborm_migration_state', …(1) ] to deeply equal [ 'ns_sentinel' ]

[32m- Expected[39m
[31m+ Received[39m

[2m  [[22m
[31m+   "_viborm_migration_state",[39m
[2m    "ns_sentinel",[22m
[2m  ][22m

 ❯ tests/providers/docker/mysql2.test.ts:1077:41
    1075|     });
    1076| 
    1077|     expect(await tableNamesIn(BETA_DB)).toEqual(["ns_sentinel"]);
       |                                         ^
    1078|   });
    1079| 

⎯⎯⎯⎯⎯⎯⎯⎯⎯⎯⎯⎯⎯⎯⎯⎯⎯⎯⎯⎯[208/218]⎯

 FAIL  |provider-mysql2| tests/providers/docker/mysql2.test.ts > MySQL namespace containment > refuses the same attested pool when no namespace resolves it
AssertionError: expected [ '_viborm_migration_state', …(1) ] to deeply equal [ 'ns_sentinel' ]

[32m- Expected[39m
[31m+ Received[39m

[2m  [[22m
[31m+   "_viborm_migration_state",[39m
[2m    "ns_sentinel",[22m
[2m  ][22m

 ❯ tests/providers/docker/mysql2.test.ts:1093:41
    1091|     });
    1092| 
    1093|     expect(await tableNamesIn(BETA_DB)).toEqual(["ns_sentinel"]);
       |                                         ^
    1094|   });
    1095| 

⎯⎯⎯⎯⎯⎯⎯⎯⎯⎯⎯⎯⎯⎯⎯⎯⎯⎯⎯⎯[209/218]⎯

 FAIL  |provider-mysql2| tests/providers/docker/mysql2.test.ts > MySQL namespace containment > applies the same portable estate to a second database
MigrationError: Migration control tables are inconsistent: log is missing after interrupted bootstrap
⎯⎯⎯⎯⎯⎯⎯⎯⎯⎯⎯⎯⎯⎯⎯⎯⎯⎯⎯⎯[210/218]⎯

 FAIL  |provider-mysql2| tests/unit/migrations/decimal-list-defaults-mysql-docker.test.ts > MySQL decimal-list defaults > populates old rows, serves raw omitted inserts, introspects, and converges
QueryError: Query execution failed
Caused by: Error: Underlying error details redacted
⎯⎯⎯⎯⎯⎯⎯⎯⎯⎯⎯⎯⎯⎯⎯⎯⎯⎯⎯⎯⎯⎯⎯⎯⎯⎯⎯⎯⎯⎯
Serialized Error: { errno: 1049, sqlState: '42000' }
⎯⎯⎯⎯⎯⎯⎯⎯⎯⎯⎯⎯⎯⎯⎯⎯⎯⎯⎯⎯[211/218]⎯

 FAIL  |provider-mysql2| tests/unit/migrations/mysql-strict-mode-docker.test.ts > MySQL interrupted decimal-conversion recovery > recovers after MODIFY, removes the stale list proof, and converges
CheckConstraintError: Check constraint violation
Caused by: Error: Underlying error details redacted
⎯⎯⎯⎯⎯⎯⎯⎯⎯⎯⎯⎯⎯⎯⎯⎯⎯⎯⎯⎯⎯⎯⎯⎯⎯⎯⎯⎯⎯⎯
Serialized Error: { code: 'ER_CHECK_CONSTRAINT_VIOLATED', errno: 3819, sqlState: 'HY000' }
⎯⎯⎯⎯⎯⎯⎯⎯⎯⎯⎯⎯⎯⎯⎯⎯⎯⎯⎯⎯[212/218]⎯

 FAIL  |provider-mysql2| tests/unit/migrations/mysql-strict-mode-docker.test.ts > MySQL interrupted decimal-conversion recovery > refuses a user collision before effects and preserves it
AssertionError: expected 'MigrationError: The MySQL CHECK const…' to match /reserved.*does not match/i

[32m- Expected:[39m 
/reserved.*does not match/i

[31m+ Received:[39m 
"MigrationError: The MySQL CHECK constraint \"viborm_decimal_s_10_2\" on table \"viborm_decimal_recovery_collision\" uses VibORM's reserved decimal-conversion namespace but the catalog contains 2 reserved proofs, although one locked conversion can leave at most one. Migration work is refused before any cleanup or schema effect; rename the user-owned constraint, or restore the exact interrupted VibORM conversion proof and run the command again."

 ❯ tests/unit/migrations/mysql-strict-mode-docker.test.ts:406:29
    404|         runSequentialProgram(pinned, command, () => Promise.resolve("b…
    405|     ).catch((error: unknown) => error);
    406|     expect(String(failure)).toMatch(RESERVED_PROOF_MISMATCH);
       |                             ^
    407| 
    408|     const remaining = await driver._executeRaw<{ CONSTRAINT_NAME: stri…

⎯⎯⎯⎯⎯⎯⎯⎯⎯⎯⎯⎯⎯⎯⎯⎯⎯⎯⎯⎯[213/218]⎯

 FAIL  |provider-mysql2| tests/contracts/engine/query/decimal-wide-arithmetic-docker.test.ts > MySQL decimal arithmetic at ('40,2') > _avg is the exact average, quantized to the scale
QueryEngineError: Driver "mysql2" returned a malformed decimal scalar for operation "aggregate": the value is not an exact decimal in this column's declared domain.
⎯⎯⎯⎯⎯⎯⎯⎯⎯⎯⎯⎯⎯⎯⎯⎯⎯⎯⎯⎯[214/218]⎯

 FAIL  |provider-mysql2| tests/contracts/engine/query/decimal-wide-arithmetic-docker.test.ts > MySQL decimal arithmetic at ('30,20') > _avg is the exact average, quantized to the scale
QueryEngineError: Driver "mysql2" returned a malformed decimal scalar for operation "aggregate": the value is not an exact decimal in this column's declared domain.
⎯⎯⎯⎯⎯⎯⎯⎯⎯⎯⎯⎯⎯⎯⎯⎯⎯⎯⎯⎯[215/218]⎯

 FAIL  |provider-mysql2| tests/contracts/engine/query/decimal-wide-arithmetic-docker.test.ts > MySQL decimal arithmetic at ('35,30') > _avg is the exact average, quantized to the scale
QueryEngineError: Driver "mysql2" returned a malformed decimal scalar for operation "aggregate": the value is not an exact decimal in this column's declared domain.
⎯⎯⎯⎯⎯⎯⎯⎯⎯⎯⎯⎯⎯⎯⎯⎯⎯⎯⎯⎯[216/218]⎯

 FAIL  |provider-mysql2| tests/contracts/engine/query/decimal-wide-arithmetic-docker.test.ts > MySQL decimal aggregates at the 65-digit expression edge > SUM widens to 66 digits and AVG decides the tie without losing one
QueryEngineError: Driver "mysql2" returned a malformed decimal scalar for operation "aggregate": the value is not an exact decimal in this column's declared domain.
⎯⎯⎯⎯⎯⎯⎯⎯⎯⎯⎯⎯⎯⎯⎯⎯⎯⎯⎯⎯[217/218]⎯


 Test Files  8 failed (8)
      Tests  218 failed | 522 passed | 1 skipped (741)
   Start at  14:54:27
   Duration  255.29s (transform 2.34s, setup 47ms, collect 7.32s, tests 247.50s, environment 0ms, prepare 48ms)

Vitest resources: 258.71s wall, 542.1 MiB peak sampled process-group RSS (sampled ceiling 1536 MiB). Teardown verified.
