
 RUN  v3.1.4 /private/tmp/viborm-parity-merge

 ❯ |provider-mysql2| tests/providers/docker/mysql2.test.ts (85 tests | 4 failed | 1 skipped) 13904ms
   ✓ MySQL2 Driver > MySQL2 GeoPoint behavior > round-trips point writes and returning projections 260ms
   ✓ MySQL2 Driver > MySQL2 GeoPoint behavior > uses coordinate equality and inclusive ordinary and crossing bounds 162ms
   ✓ MySQL2 Driver > MySQL2 GeoPoint behavior > preserves point values through callback and array transactions 155ms
   ✓ MySQL2 Driver > MySQL2 GeoPoint behavior > parses points in ordinary and variant relation graphs 162ms
   ✓ MySQL2 Driver > MySQL2 GeoPoint behavior > keeps cached point results detached and fresh 138ms
   ✓ MySQL2 Driver > MySQL2 GeoPoint behavior > preserves point semantics through request and statement extensions 131ms
   ✓ MySQL2 Driver > MySQL2 GeoPoint behavior > leaves tagged and unsafe raw point results physical 132ms
   ✓ MySQL2 Driver > MySQL2 GeoPoint behavior > uses the fixed-radius metric for filtering, selection, and ordering 133ms
   ✓ MySQL2 Driver > MySQL2 GeoPoint behavior > keeps every distance boundary exact across null, polar, and world-wide cases 156ms
   ✓ MySQL2 Driver > MySQL2 GeoPoint behavior > includes polygon boundaries and excludes holes 152ms
   ✓ MySQL2 Driver > MySQL2 GeoPoint migration lifecycle > converges through generated apply, verify, down, and reset  522ms
   ✓ MySQL2 Driver > creates driver with connection string 35ms
   ✓ MySQL2 Driver > preserves every private result alias exactly 45ms
   ✓ MySQL2 Driver > includes antimeridian polygon boundaries and excludes its hole 47ms
   ✓ MySQL2 Driver > uses the GeoPoint spatial index only for positive indexable predicates  919ms
   ✓ MySQL2 Driver > self-referencing tree deleteMany succeeds with default referential actions 118ms
   ✓ MySQL2 Driver > applies and converges a permuted composite foreign key 157ms
   ✓ MySQL2 Driver > $transaction portable option boundary > rejects removed isolation before the callback 58ms
   ✓ MySQL2 Driver > MySQL2 compound key behavior > push enforces the compound primary key 120ms
   ✓ MySQL2 Driver > MySQL2 compound key behavior > push enforces the compound unique constraint 161ms
   ✓ MySQL2 Driver > MySQL2 compound key behavior > findUnique resolves compound id and compound unique selectors 159ms
   ✓ MySQL2 Driver > MySQL2 compound key behavior > nested create from a compound-id parent populates all FK columns 142ms
   ✓ MySQL2 Driver > MySQL2 compound key behavior > connect from a compound-id parent populates all FK columns 139ms
   ✓ MySQL2 Driver > MySQL2 compound key behavior > include correlates on every compound FK column, not just one 151ms
   ✓ MySQL2 Driver > MySQL2 compound key behavior > is null treats a partially-null compound FK as no relation 207ms
   ✓ MySQL2 Driver > MySQL2 compound key behavior > update and delete by compound id target only that row 147ms
   ✓ MySQL2 Driver > MySQL2 compound key behavior > upsert on a compound-id model takes both branches 139ms
   ✓ MySQL2 Driver > MySQL2 compound junction storage > round-trips two complete string-key sides and their cascade 196ms
   ✓ MySQL2 Driver > MySQL2 polymorphic member junction storage > creates, enforces and converges the member tables 199ms
   ✓ MySQL2 Driver > MySQL2 polymorphic relations > direct writes preserve the generated private storage pair 172ms
   ✓ MySQL2 Driver > MySQL2 polymorphic relations > inverse create publishes a generated parent identity 142ms
   ✓ MySQL2 Driver > MySQL2 polymorphic relations > direct and inverse reads correlate exact variants without N+1 163ms
   ✓ MySQL2 Driver > MySQL2 polymorphic relations > target-local omit subtracts from polymorphic select 137ms
   ↓ MySQL2 Driver > MySQL2 polymorphic relations > inverse reads use the generated discriminator/id index
   ✓ MySQL2 Driver > MySQL2 polymorphic relations > empty storage is optional but orphaned membership is invalid 169ms
   ✓ MySQL2 Driver > MySQL2 polymorphic collection reads > an empty collection reads as a fresh empty array, never null 146ms
   ✓ MySQL2 Driver > MySQL2 polymorphic collection reads > mixed variants flatten in DECLARATION order, tagged correctly 192ms
   ✓ MySQL2 Driver > MySQL2 polymorphic collection reads > equal ids in two target tables return two correctly tagged rows 176ms
   ✓ MySQL2 Driver > MySQL2 polymorphic collection reads > order, window and distinct stay ARM-LOCAL 183ms
   ✓ MySQL2 Driver > MySQL2 polymorphic collection reads > a negative arm take restores the logical order 180ms
   ✓ MySQL2 Driver > MySQL2 polymorphic collection reads > only narrows the returned variants without reordering 179ms
   ✓ MySQL2 Driver > MySQL2 polymorphic collection reads > total and filtered counts, and count ordering 198ms
   ✓ MySQL2 Driver > MySQL2 polymorphic collection reads > some / every / none over a MIXED-VARIANT truth table 192ms
   ✓ MySQL2 Driver > MySQL2 polymorphic collection reads > an owner-scoped orphan fails the read, even hidden behind only 184ms
   ✓ MySQL2 Driver > MySQL2 polymorphic collection reads > a singular inverse returns one row or null, and a plural one an array 169ms
   ✓ MySQL2 Driver > MySQL2 polymorphic collection reads > a singular-inverse duplicate fails BEFORE the LIMIT 195ms
   ✓ MySQL2 Driver > MySQL2 polymorphic collection reads > parent ordering through a singular inverse keeps NULL placement 188ms
   ✓ MySQL2 Driver > MySQL2 polymorphic collection writes > a fresh owner writes memberships across several variants at once 173ms
   ✓ MySQL2 Driver > MySQL2 polymorphic collection writes > connect is idempotent for the same owner and target 197ms
   ✓ MySQL2 Driver > MySQL2 polymorphic collection writes > a plural member admits SEVERAL owners for one target 196ms
   ✓ MySQL2 Driver > MySQL2 polymorphic collection writes > a SINGULAR member replaces its slot instead of doubling it 186ms
   ✓ MySQL2 Driver > MySQL2 polymorphic collection writes > connectOrCreate finds, then creates, without doubling either 194ms
   ✓ MySQL2 Driver > MySQL2 polymorphic collection writes > `set` clears every configured variant once, then refills 213ms
   ✓ MySQL2 Driver > MySQL2 polymorphic collection writes > `set` of an already-owned SINGULAR target keeps the row 194ms
   ✓ MySQL2 Driver > MySQL2 polymorphic collection writes > `set: []` empties every variant and deletes no target 195ms
   ✓ MySQL2 Driver > MySQL2 polymorphic collection writes > disconnect removes this owner's membership and nothing else 210ms
   ✓ MySQL2 Driver > MySQL2 polymorphic collection writes > update and updateMany reach only the connected targets 207ms
   ✓ MySQL2 Driver > MySQL2 polymorphic collection writes > upsert creates then updates, scoped to this owner's membership 202ms
   ✓ MySQL2 Driver > MySQL2 polymorphic collection writes > createMany writes one bulk group per variant 187ms
   ✓ MySQL2 Driver > MySQL2 polymorphic collection writes > duplicate singular createMany targets transfer once 184ms
   ✓ MySQL2 Driver > MySQL2 polymorphic collection writes > delete and deleteMany are membership-scoped and cascade the membership 185ms
   ✓ MySQL2 Driver > MySQL2 polymorphic collection writes > a singular inverse connect TRANSFERS the slot rather than inserting beside it 185ms
   ✓ MySQL2 Driver > MySQL2 polymorphic collection writes > a singular inverse disconnect deletes THE junction row, and delete deletes the OWNER 208ms
   ✓ MySQL2 Driver > MySQL2 polymorphic collection writes > a singular inverse composes vacate, supply and a modify of the SUPPLIED owner 213ms
   ✓ MySQL2 Driver > MySQL2 polymorphic collection writes > a singular inverse upsert takes both arms through the membership 196ms
   ✓ MySQL2 Driver > MySQL2 polymorphic collection writes > WRITE-THEN-READ crossover: the read half sees what the write half wrote 216ms
   ✓ MySQL2 Driver > rejects artificial batch-only non-returning writes before provider access 77ms
   ✓ MySQL2 Driver > prefix predicate on a collation viborm did not choose > the accelerator alone would answer case-insensitively 91ms
   ✓ MySQL2 Driver > prefix predicate on a collation viborm did not choose > the shipped conjunction keeps the case-sensitivity contract 74ms
   ✓ MySQL2 Driver > exact equality on a collation viborm did not choose > the accelerator alone would answer equality case-insensitively 65ms
   ✓ MySQL2 Driver > exact equality on a collation viborm did not choose > the shipped equality conjunction keeps the case-sensitivity contract 79ms
   ✓ MySQL2 Driver > exact equality on a collation viborm did not choose > the accelerator alone would answer membership case-insensitively 63ms
   ✓ MySQL2 Driver > exact equality on a collation viborm did not choose > the shipped membership conjunction keeps the case-sensitivity contract 101ms
   ✓ MySQL2 Driver > exact equality keeps the index it used to lose > the BINARY wrap alone forecloses the index 142ms
   ✓ MySQL2 Driver > exact equality keeps the index it used to lose > the emitted equality plans a lookup 235ms
   ✓ MySQL2 Driver > exact equality keeps the index it used to lose > the emitted membership plans a range 199ms
   ✓ MySQL2 Driver > emitted equality on a collation viborm did not choose > equals answers exactly, not case-insensitively 286ms
   ✓ MySQL2 Driver > emitted equality on a collation viborm did not choose > in answers exactly, not case-insensitively 178ms
   ✓ MySQL namespace containment > pushes and writes into the target, not the connection's database 107ms
   ✓ MySQL namespace containment > introspects only the target and converges on a second push 62ms
   × MySQL namespace containment > applies into the TARGET's control tables, over a connection pointing elsewhere 25ms
     → Query execution failed
   × MySQL namespace containment > refuses a configured database the server does not have, before any DDL 11ms
     → expected [ '_viborm_migration_state', …(1) ] to deeply equal [ 'ns_sentinel' ]
   × MySQL namespace containment > refuses the same attested pool when no namespace resolves it 7ms
     → expected [ '_viborm_migration_state', …(1) ] to deeply equal [ 'ns_sentinel' ]
   ✓ MySQL namespace containment > refuses an inbound cross-database foreign key before planning 44ms
   × MySQL namespace containment > applies the same portable estate to a second database 76ms
     → Migration control tables are inconsistent: log is missing after interrupted bootstrap
 ✓ |provider-mysql2| tests/contracts/engine/query/decimal-wide-arithmetic-docker.test.ts (35 tests) 1075ms
 ❯ |provider-mysql2| tests/unit/migrations/mysql-strict-mode-docker.test.ts (8 tests | 2 failed) 488ms
   ✓ the MySQL strict-mode proof > admits a strict session 9ms
   ✓ the MySQL strict-mode proof > REFUSES a session with neither strict mode, naming the mode 9ms
   ✓ the MySQL strict-mode proof > admits STRICT_ALL_TABLES on its own 8ms
   ✓ MySQL decimal-list descriptor checks > accepts only canonical coefficient containers in a strict session 90ms
   ✓ MySQL decimal-list descriptor checks > accepts only canonical coefficient containers in a non-strict session 75ms
   ✓ MySQL interrupted decimal-conversion recovery > recovers after ADD CHECK, reruns the scalar transition, and converges 159ms
   × MySQL interrupted decimal-conversion recovery > recovers after MODIFY, removes the stale list proof, and converges 119ms
     → Check constraint violation
   × MySQL interrupted decimal-conversion recovery > refuses a user collision before effects and preserves it 14ms
     → expected 'MigrationError: The MySQL CHECK const…' to match /reserved.*does not match/i
 ❯ |provider-mysql2| tests/unit/migrations/decimal-list-defaults-mysql-docker.test.ts (1 test | 1 failed) 6ms
   × MySQL decimal-list defaults > populates old rows, serves raw omitted inserts, introspects, and converges 6ms
     → Query execution failed
 ❯ |provider-mysql2| tests/providers/docker/mysql2-writes-raw.test.ts (92 tests | 5 failed) 30905ms
   × MySQL2 Driver > MySQL2 createMany select fold > four same-shape rows are ONE statement, and the rows come back in input order 102ms
     → expected [ …(5) ] to have a length of 8 but got 5
   ✓ MySQL2 Driver > MySQL2 createMany select fold > row shapes that differ split into one statement per contiguous run, still in input order 117ms
   ✓ MySQL2 Driver > MySQL2 createMany select fold > skipDuplicates with select is ONE statement whose rows are exactly the rows inserted 155ms
   ✓ MySQL2 Driver > MySQL2 bulk-write limit > deleteMany limit below the matching count removes exactly limit rows 165ms
   ✓ MySQL2 Driver > MySQL2 bulk-write limit > deleteMany limit equal to the matching count removes all of them 212ms
   ✓ MySQL2 Driver > MySQL2 bulk-write limit > deleteMany limit above the matching count is the uncapped delete 151ms
   ✓ MySQL2 Driver > MySQL2 bulk-write limit > deleteMany limit 0 removes nothing and reports count 0 173ms
   ✓ MySQL2 Driver > MySQL2 bulk-write limit > deleteMany limit without a where caps a whole-table delete 140ms
   ✓ MySQL2 Driver > MySQL2 bulk-write limit > updateMany limit below the matching count updates exactly limit rows 151ms
   ✓ MySQL2 Driver > MySQL2 bulk-write limit > updateMany limit at or above the matching count updates all of them 146ms
   ✓ MySQL2 Driver > MySQL2 bulk-write limit > updateMany limit 0 changes nothing and reports count 0 156ms
   ✓ MySQL2 Driver > MySQL2 bulk-write limit > updateMany limit composes with an arithmetic update 141ms
   ✓ MySQL2 Driver > MySQL2 bulk-write limit > updateMany limit composes with a relation filter 127ms
   ✓ MySQL2 Driver > MySQL2 bulk-write limit > deleteMany limit composes with a relation filter 136ms
   ✓ MySQL2 Driver > MySQL2 bulk-write limit > updateMany with select returns exactly the capped rows 125ms
   ✓ MySQL2 Driver > MySQL2 bulk-write limit > deleteMany with select returns exactly the capped rows 144ms
   ✓ MySQL2 Driver > MySQL2 bulk-write limit > a select-carrying bulk write with limit 0 returns an empty row set 134ms
   ✓ MySQL2 Driver > MySQL2 bulk-write limit > limit works on a model with a compound primary key 130ms
   ✓ MySQL2 Driver > MySQL2 bulk-write limit > limit 0 is the same no-op inside $transaction([...]) 124ms
   ✓ MySQL2 Driver > MySQL2 bulk-write limit > a negative or fractional limit is rejected before any write 129ms
   ✓ MySQL2 Driver > MySQL2 nested write behavior > declares an atomic strategy for nested writes 173ms
   ✓ MySQL2 Driver > MySQL2 nested write behavior > rejects default-only createMany duplicate skipping before writing 171ms
   ✓ MySQL2 Driver > MySQL2 nested write behavior > rejects nested default-only duplicate skipping before the parent write 194ms
   ✓ MySQL2 Driver > MySQL2 nested write behavior > create derives to-one and to-many foreign keys 231ms
   ✓ MySQL2 Driver > MySQL2 nested write behavior > create connects and connect-or-creates nullable children 235ms
   ✓ MySQL2 Driver > MySQL2 nested write behavior > update creates, createManys, and connects children 221ms
   ✓ MySQL2 Driver > MySQL2 nested write behavior > update disconnects and sets nullable children 222ms
   ✓ MySQL2 Driver > MySQL2 nested write behavior > update and updateMany keep child mutations parent-correlated 213ms
   ✓ MySQL2 Driver > MySQL2 nested write behavior > delete and deleteMany keep child mutations parent-correlated 224ms
   ✓ MySQL2 Driver > MySQL2 nested write behavior > to-many upsert creates and updates the current parent's child 222ms
   ✓ MySQL2 Driver > MySQL2 nested write behavior > to-one upsert creates and updates the current target 290ms
   ✓ MySQL2 Driver > MySQL2 nested write behavior > to-one nested update modifies the connected author  487ms
   ✓ MySQL2 Driver > MySQL2 nested write behavior > to-one disconnect true nulls the foreign key, both rows survive  677ms
   ✓ MySQL2 Driver > MySQL2 nested write behavior > to-one delete true deletes the related row  605ms
   ✓ MySQL2 Driver > MySQL2 nested write behavior > to-one delete true (FK-holder side) nulls the FK then deletes the author  751ms
   ✓ MySQL2 Driver > MySQL2 nested write behavior > inverse-side to-one upsert: absent creates, found updates, witness survives  664ms
   ✓ MySQL2 Driver > MySQL2 nested write behavior > explicit join rows work as a practical many-to-many case  514ms
   ✓ MySQL2 Driver > MySQL2 nested write behavior > unsupported nested create keys reject before parent mutation  305ms
   ✓ MySQL2 Driver > MySQL2 nested write behavior > nested child failures roll back parent and prior children  343ms
   ✓ MySQL2 Driver > MySQL2 nested write behavior > to-many updates cannot target another parent's child 264ms
   ✓ MySQL2 Driver > MySQL2 nested write behavior > non-nullable child foreign keys reject disconnect atomically 279ms
   ✓ MySQL2 Driver > MySQL2 nested write behavior > nested create propagates foreign keys through mapped columns  399ms
   ✓ MySQL2 Driver > MySQL2 nested write behavior > nested create derives mapped foreign keys for createMany and connect 256ms
   ✓ MySQL2 Driver > MySQL2 nested write behavior > set keeping all required-FK children is a no-op and succeeds  361ms
   ✓ MySQL2 Driver > MySQL2 nested write behavior > set on required-FK children rejects only when rows would be orphaned  363ms
   ✓ MySQL2 Driver > MySQL2 nested write behavior > set disconnects only nullable-FK children leaving the set  438ms
   ✓ MySQL2 Driver > MySQL2 nested write behavior > connect with a list of targets reparents every one of them  483ms
   ✓ MySQL2 Driver > MySQL2 nested write behavior > a connect list with one absent target writes nothing  501ms
   ✓ MySQL2 Driver > MySQL2 nested write behavior > disconnect with a list nulls every one of them  495ms
   ✓ MySQL2 Driver > MySQL2 nested write behavior > a disconnect list naming ANOTHER parent's child nulls nothing  629ms
   ✓ MySQL2 Driver > MySQL2 nested write behavior > a create tree's connect list reparents every one of them  754ms
   ✓ MySQL2 Driver > MySQL2 nested write behavior > delete with a relation projection > a to-many relation inside `select` comes back, and the row is gone  430ms
   ✓ MySQL2 Driver > MySQL2 nested write behavior > delete with a relation projection > a to-one relation inside `select` comes back, and the row is gone  534ms
   ✓ MySQL2 Driver > MySQL2 nested write behavior > delete with a relation projection > the `include` spelling is unaffected  529ms
   ✓ MySQL2 Driver > MySQL2 advanced nested write behavior > connectOrCreate create branch accepts recursive nested writes  635ms
   ✓ MySQL2 Driver > MySQL2 advanced nested write behavior > top-level upsert guards gate nested update branch  586ms
   ✓ MySQL2 Driver > MySQL2 client raw/orThrow/exist behavior > $queryRaw > binds a tagged interpolation and rows round-trip  341ms
   ✓ MySQL2 Driver > MySQL2 client raw/orThrow/exist behavior > $queryRaw > binds multiple tagged interpolations in order 247ms
   ✓ MySQL2 Driver > MySQL2 client raw/orThrow/exist behavior > $queryRaw > accepts a prebuilt sql`` fragment 282ms
   ✓ MySQL2 Driver > MySQL2 client raw/orThrow/exist behavior > $queryRawUnsafe > splices the statement verbatim and binds positional params  333ms
   ✓ MySQL2 Driver > MySQL2 client raw/orThrow/exist behavior > $executeRaw > mutates and answers the affected count, visible to the ORM read path 277ms
   ✓ MySQL2 Driver > MySQL2 client raw/orThrow/exist behavior > $executeRawUnsafe > mutates through a hand-written statement 265ms
   ✓ MySQL2 Driver > MySQL2 client raw/orThrow/exist behavior > direct mutation misses > update reports NotFoundError  337ms
   ✓ MySQL2 Driver > MySQL2 client raw/orThrow/exist behavior > direct mutation misses > delete reports NotFoundError  304ms
   ✓ MySQL2 Driver > MySQL2 client raw/orThrow/exist behavior > findFirstOrThrow > returns the matching row when found  307ms
   ✓ MySQL2 Driver > MySQL2 client raw/orThrow/exist behavior > findFirstOrThrow > throws NotFoundError when nothing matches  306ms
   ✓ MySQL2 Driver > MySQL2 client raw/orThrow/exist behavior > findUniqueOrThrow > returns the matching row when found 249ms
   ✓ MySQL2 Driver > MySQL2 client raw/orThrow/exist behavior > findUniqueOrThrow > throws NotFoundError when the id does not exist  328ms
   ✓ MySQL2 Driver > MySQL2 client raw/orThrow/exist behavior > exist > returns true when a matching row exists  387ms
   ✓ MySQL2 Driver > MySQL2 client raw/orThrow/exist behavior > exist > returns false when no row matches 282ms
   ✓ MySQL2 Driver > raw/model array transactions (Docker MySQL) > execute in declared order and return each public result 284ms
   ✓ MySQL2 Driver > raw/model array transactions (Docker MySQL) > a later raw failure rolls model and raw writes back  452ms
   ✓ MySQL2 Driver > MySQL2 upsert atomicity behavior > plain upsert creates the row when missing  418ms
   ✓ MySQL2 Driver > MySQL2 upsert atomicity behavior > plain upsert updates the row when present  459ms
   ✓ MySQL2 Driver > MySQL2 upsert atomicity behavior > does not take the update branch for a conflict outside the requested target  369ms
   ✓ MySQL2 Driver > MySQL2 upsert atomicity behavior > unique upsert targets distinguish case, accents, and trailing spaces  427ms
   ✓ MySQL2 Driver > MySQL2 upsert atomicity behavior > plain upsert returns the row when the update is a no-op  558ms
   ✓ MySQL2 Driver > MySQL2 upsert atomicity behavior > plain upsert create branch resolves auto-increment ids  450ms
   ✓ MySQL2 Driver > MySQL2 upsert atomicity behavior > upsert update branch may rewrite the unique where field  510ms
   ✓ MySQL2 Driver > MySQL2 upsert atomicity behavior > upsert supports select on both branches  403ms
   ✓ MySQL2 Driver > MySQL2 upsert atomicity behavior > upsert with include returns the relation payload on both branches  376ms
   ✓ MySQL2 Driver > MySQL2 upsert atomicity behavior > delete with include returns the relation payload  352ms
   × MySQL2 Driver > MySQL2 upsert atomicity behavior > concurrent plain upserts of the same missing key both succeed 387ms
     → Transaction deadlock detected
   × MySQL2 Driver > MySQL2 upsert atomicity behavior > concurrent fallback upserts of the same missing key both succeed 380ms
     → Transaction deadlock detected
   ✓ MySQL2 Driver > mysql2 atomic non-returning mutation interleavings > competing updates return their own writes while sharing one connection per operation  313ms
   ✓ MySQL2 Driver > mysql2 atomic non-returning mutation interleavings > a replacement row survives a delete that locked and deleted the captured PK  404ms
   ✓ MySQL2 Driver > mysql2 atomic non-returning mutation interleavings > interleaved auto-increment creates refetch their own inserted identities 273ms
   ✓ MySQL2 Driver > mysql2 atomic non-returning mutation interleavings > competing upserts identify their branches and refetch their own updates  390ms
   × MySQL2 Driver > mysql2 nested-write concurrency behavior > concurrent upsert of a missing key converges to one row (tx) 444ms
     → Transaction deadlock detected
   × MySQL2 Driver > mysql2 nested-write concurrency behavior > concurrent nested connectOrCreate of a missing key converges to one row (tx) 344ms
     → Transaction deadlock detected
   ✓ MySQL2 Driver > mysql2 singular polymorphic slot transfer under concurrency > two adopters of a held target leave one membership owned by an adopter that succeeded (tx)  534ms
   ✓ MySQL2 Driver > mysql2 singular polymorphic slot transfer under concurrency > two adopters of an empty slot are arbitrated to one membership (tx)  592ms
 ❯ |provider-mysql2| tests/providers/docker/mysql2-scalars.test.ts (293 tests | 125 failed) 47004ms
   ✓ MySQL2 Driver > MySQL2 list/json filter and update behavior > list round-trip > create returns real arrays with typed elements 281ms
   ✓ MySQL2 Driver > MySQL2 list/json filter and update behavior > list round-trip > empty and null lists round-trip 264ms
   ✓ MySQL2 Driver > MySQL2 list/json filter and update behavior > list filters > equals matches the exact list 258ms
   ✓ MySQL2 Driver > MySQL2 list/json filter and update behavior > list filters > equals is order-sensitive  416ms
   ✓ MySQL2 Driver > MySQL2 list/json filter and update behavior > list filters > equals matches empty lists 232ms
   ✓ MySQL2 Driver > MySQL2 list/json filter and update behavior > list filters > equals matches int lists 175ms
   ✓ MySQL2 Driver > MySQL2 list/json filter and update behavior > list filters > equals null matches null lists only 171ms
   ✓ MySQL2 Driver > MySQL2 list/json filter and update behavior > list filters > not excludes the matching list and null lists 150ms
   ✓ MySQL2 Driver > MySQL2 list/json filter and update behavior > list filters > has matches string elements 176ms
   ✓ MySQL2 Driver > MySQL2 list/json filter and update behavior > list filters > has matches int elements 142ms
   ✓ MySQL2 Driver > MySQL2 list/json filter and update behavior > list filters > has with no match returns empty 131ms
   ✓ MySQL2 Driver > MySQL2 list/json filter and update behavior > list filters > has null is rejected consistently 135ms
   ✓ MySQL2 Driver > MySQL2 list/json filter and update behavior > list filters > hasEvery requires all elements 138ms
   ✓ MySQL2 Driver > MySQL2 list/json filter and update behavior > list filters > hasSome requires any element 118ms
   × MySQL2 Driver > MySQL2 list/json filter and update behavior > list filters > DateTime membership uses the same values as the stored list 125ms
     → expected [] to deeply equal [ 'both' ]
   ✓ MySQL2 Driver > MySQL2 list/json filter and update behavior > list filters > isEmpty treats null lists as empty on every dialect 113ms
   ✓ MySQL2 Driver > MySQL2 list/json filter and update behavior > list updates > set replaces the whole list 129ms
   ✓ MySQL2 Driver > MySQL2 list/json filter and update behavior > list updates > push appends a single value 111ms
   ✓ MySQL2 Driver > MySQL2 list/json filter and update behavior > list updates > push expands an array value element-wise 123ms
   ✓ MySQL2 Driver > MySQL2 list/json filter and update behavior > list updates > push appends int elements 115ms
   ✓ MySQL2 Driver > MySQL2 list/json filter and update behavior > list updates > push onto an empty list 130ms
   ✓ MySQL2 Driver > MySQL2 list/json filter and update behavior > list updates > push onto a null list creates the list 108ms
   ✓ MySQL2 Driver > MySQL2 list/json filter and update behavior > list updates > unshift prepends a single value 110ms
   ✓ MySQL2 Driver > MySQL2 list/json filter and update behavior > list updates > unshift expands an array value element-wise 107ms
   ✓ MySQL2 Driver > MySQL2 list/json filter and update behavior > json filters > equals matches the exact document 113ms
   ✓ MySQL2 Driver > MySQL2 list/json filter and update behavior > json filters > equals does not match a partial document 111ms
   ✓ MySQL2 Driver > MySQL2 list/json filter and update behavior > json filters > equals null matches null json only 102ms
   ✓ MySQL2 Driver > MySQL2 list/json filter and update behavior > json filters > not equals excludes the matching document and nulls 112ms
   ✓ MySQL2 Driver > MySQL2 list/json filter and update behavior > json path filters > equals at a path matches the scoped value 103ms
   ✓ MySQL2 Driver > MySQL2 list/json filter and update behavior > json path filters > equals at a nested path 112ms
   ✓ MySQL2 Driver > MySQL2 list/json filter and update behavior > json path filters > equals at a path matches numbers 107ms
   ✓ MySQL2 Driver > MySQL2 list/json filter and update behavior > json path filters > equals at a path matches whole sub-documents 104ms
   ✓ MySQL2 Driver > MySQL2 list/json filter and update behavior > json path filters > equals at a missing path matches nothing 114ms
   ✓ MySQL2 Driver > MySQL2 list/json filter and update behavior > json path filters > equals null at a path matches JSON null, not missing keys 107ms
   ✓ MySQL2 Driver > MySQL2 list/json filter and update behavior > json path filters > integer path segments address array elements 120ms
   ✓ MySQL2 Driver > MySQL2 list/json filter and update behavior > json path filters > path segments with dots stay literal 98ms
   ✓ MySQL2 Driver > MySQL2 list/json filter and update behavior > json path filters > non-portable JSON path segments reject before execution 114ms
   ✓ MySQL2 Driver > MySQL2 list/json filter and update behavior > json path filters > string_contains at a path 103ms
   ✓ MySQL2 Driver > MySQL2 list/json filter and update behavior > json path filters > string_starts_with and string_ends_with combine as AND 102ms
   ✓ MySQL2 Driver > MySQL2 list/json filter and update behavior > json path filters > JSON string ops are exact across case, wildcards, and Unicode 104ms
   ✓ MySQL2 Driver > MySQL2 list/json filter and update behavior > json path filters > string_contains without a path matches string roots 101ms
   ✓ MySQL2 Driver > MySQL2 list/json filter and update behavior > json path filters > array_contains requires every candidate element 103ms
   ✓ MySQL2 Driver > MySQL2 list/json filter and update behavior > json path filters > array_contains accepts a scalar candidate 105ms
   ✓ MySQL2 Driver > MySQL2 list/json filter and update behavior > json path filters > array_contains without a path matches array roots only 109ms
   ✓ MySQL2 Driver > MySQL2 list/json filter and update behavior > json path filters > array_starts_with matches the first element 111ms
   ✓ MySQL2 Driver > MySQL2 list/json filter and update behavior > json path filters > array_ends_with matches the last element 105ms
   ✓ MySQL2 Driver > MySQL2 list/json filter and update behavior > json path filters > not at a path inherits the path 98ms
   ✓ MySQL2 Driver > MySQL2 list/json filter and update behavior > json path filters > mode: insensitive > folds ASCII A-Z on all three string operators 103ms
   ✓ MySQL2 Driver > MySQL2 list/json filter and update behavior > json path filters > mode: insensitive > mode: default keeps the exact-text contract 111ms
   ✓ MySQL2 Driver > MySQL2 list/json filter and update behavior > json path filters > mode: insensitive > folds ASCII only — accents are never case-folded 106ms
   ✓ MySQL2 Driver > MySQL2 list/json filter and update behavior > json path filters > mode: insensitive > wildcards stay literal under the fold 109ms
   ✓ MySQL2 Driver > MySQL2 list/json filter and update behavior > json path filters > mode: insensitive > a nested not inherits the mode 115ms
   ✓ MySQL2 Driver > MySQL2 list/json filter and update behavior > json path filters > mode: insensitive > a nested not may override the inherited mode 102ms
   ✓ MySQL2 Driver > MySQL2 list/json filter and update behavior > json path filters > mode: insensitive > string paths carry the mode too 113ms
   ✓ MySQL2 Driver > MySQL2 list/json filter and update behavior > json path filters > mode: insensitive > an inert mode is refused, not ignored 106ms
   ✓ MySQL2 Driver > MySQL2 list/json filter and update behavior > json string paths ('$.a.b') > dot paths equal their array form 118ms
   ✓ MySQL2 Driver > MySQL2 list/json filter and update behavior > json string paths ('$.a.b') > bracket segments address array elements 103ms
   ✓ MySQL2 Driver > MySQL2 list/json filter and update behavior > json string paths ('$.a.b') > '$' alone is the document root 110ms
   ✓ MySQL2 Driver > MySQL2 list/json filter and update behavior > json string paths ('$.a.b') > every operator accepts the string form 106ms
   ✓ MySQL2 Driver > MySQL2 list/json filter and update behavior > json string paths ('$.a.b') > a dot is always a separator — literal dots need the array form 110ms
   ✓ MySQL2 Driver > MySQL2 list/json filter and update behavior > json string paths ('$.a.b') > unsupported path grammar rejects before execution 118ms
   ✓ MySQL2 Driver > MySQL2 list/json filter and update behavior > json string paths ('$.a.b') > quoted labels keep the portable-path refusal 107ms
   ✓ MySQL2 Driver > MySQL2 list/json filter and update behavior > json comparison filters (lt/lte/gt/gte) > numeric operands compare numbers only 126ms
   ✓ MySQL2 Driver > MySQL2 list/json filter and update behavior > json comparison filters (lt/lte/gt/gte) > numeric operands never match a numeric string or other types 100ms
   ✓ MySQL2 Driver > MySQL2 list/json filter and update behavior > json comparison filters (lt/lte/gt/gte) > string operands compare strings only, by code point 122ms
   ✓ MySQL2 Driver > MySQL2 list/json filter and update behavior > json comparison filters (lt/lte/gt/gte) > string ordering is byte order, not the database's locale collation 100ms
   ✓ MySQL2 Driver > MySQL2 list/json filter and update behavior > json comparison filters (lt/lte/gt/gte) > mixed operand classes never cross 100ms
   ✓ MySQL2 Driver > MySQL2 list/json filter and update behavior > json comparison filters (lt/lte/gt/gte) > absent paths and NULL columns never match and never error 107ms
   ✓ MySQL2 Driver > MySQL2 list/json filter and update behavior > json comparison filters (lt/lte/gt/gte) > comparisons combine as AND inside one filter object 129ms
   ✓ MySQL2 Driver > MySQL2 list/json filter and update behavior > json comparison filters (lt/lte/gt/gte) > comparisons reach nested objects and array indices 107ms
   ✓ MySQL2 Driver > MySQL2 list/json filter and update behavior > json comparison filters (lt/lte/gt/gte) > comparisons without a path apply to the document root 106ms
   ✓ MySQL2 Driver > MySQL2 list/json filter and update behavior > json comparison filters (lt/lte/gt/gte) > not inherits the path and drops non-comparable rows 108ms
   ✓ MySQL2 Driver > MySQL2 list/json filter and update behavior > json comparison filters (lt/lte/gt/gte) > non-number, non-string operands reject before execution 100ms
   ✓ MySQL2 Driver > MySQL2 json null sentinel behavior > the truth table > equals DbNull matches the SQL NULLs only 110ms
   ✓ MySQL2 Driver > MySQL2 json null sentinel behavior > the truth table > equals JsonNull matches the stored JSON null only 115ms
   ✓ MySQL2 Driver > MySQL2 json null sentinel behavior > the truth table > equals AnyNull matches both 115ms
   ✓ MySQL2 Driver > MySQL2 json null sentinel behavior > the truth table > not DbNull matches every row that holds a document 118ms
   ✓ MySQL2 Driver > MySQL2 json null sentinel behavior > the truth table > not JsonNull excludes the JSON null and the SQL NULLs 107ms
   ✓ MySQL2 Driver > MySQL2 json null sentinel behavior > the truth table > not AnyNull matches only real documents 124ms
   ✓ MySQL2 Driver > MySQL2 json null sentinel behavior > the truth table > the three equals predicates partition the table 108ms
   ✓ MySQL2 Driver > MySQL2 json null sentinel behavior > writes > DbNull and JsonNull are different stored values 120ms
   ✓ MySQL2 Driver > MySQL2 json null sentinel behavior > writes > update moves a row between the two nulls 129ms
   ✓ MySQL2 Driver > MySQL2 json null sentinel behavior > writes > upsert stores a sentinel on either arm 134ms
   × MySQL2 Driver > MySQL2 json null sentinel behavior > writes > JsonNull is storable in a NOT NULL json column 119ms
     → Driver "mysql2" returned a malformed json scalar for operation "create": a required scalar is null.
   ✓ MySQL2 Driver > MySQL2 json null sentinel behavior > refusals > a bare null in write position is refused, not guessed 119ms
   ✓ MySQL2 Driver > MySQL2 json null sentinel behavior > refusals > AnyNull is filter-only 116ms
   ✓ MySQL2 Driver > MySQL2 json null sentinel behavior > refusals > DbNull is refused on a NOT NULL json column 111ms
   ✓ MySQL2 Driver > MySQL2 json null sentinel behavior > refusals > a sentinel nested inside a document is refused 113ms
   ✓ MySQL2 Driver > MySQL2 json null sentinel behavior > refusals > a sentinel under a path is refused before execution 131ms
   ✓ MySQL2 Driver > MySQL2 json null sentinel behavior > refusals > an inert mode beside a sentinel not is refused 123ms
   ✓ MySQL2 Driver > MySQL2 json null sentinel behavior > bare null in filter position (unchanged) > equals null still means the SQL NULL at the root 132ms
   ✓ MySQL2 Driver > MySQL2 json null sentinel behavior > bare null in filter position (unchanged) > not { equals: null } still means IS NOT NULL 141ms
   ✓ MySQL2 Driver > MySQL2 json null sentinel behavior > bare null in filter position (unchanged) > equals null under a path still means the JSON null there 141ms
   × MySQL2 Driver > MySQL2 field references > gt compares two columns of the same row 138ms
     → Push completed its statements but the final live fingerprint does not match the desired schema
   × MySQL2 Driver > MySQL2 field references > lt compares two columns of the same row 162ms
     → Push completed its statements but the final live fingerprint does not match the desired schema
   × MySQL2 Driver > MySQL2 field references > gte and lte include the equal row 143ms
     → Push completed its statements but the final live fingerprint does not match the desired schema
   × MySQL2 Driver > MySQL2 field references > equals and not compare two columns of the same row 131ms
     → Push completed its statements but the final live fingerprint does not match the desired schema
   × MySQL2 Driver > MySQL2 field references > a bare reference is the equals shorthand 154ms
     → Push completed its statements but the final live fingerprint does not match the desired schema
   × MySQL2 Driver > MySQL2 field references > a reference resolves through .map()ed column names 258ms
     → Push completed its statements but the final live fingerprint does not match the desired schema
   × MySQL2 Driver > MySQL2 field references > string prefix/suffix/substring predicates accept a reference 165ms
     → Push completed its statements but the final live fingerprint does not match the desired schema
   × MySQL2 Driver > MySQL2 field references > a callback is refused where only the token is accepted 213ms
     → Push completed its statements but the final live fingerprint does not match the desired schema
   × MySQL2 Driver > MySQL2 field references > case folding against a referenced column > default mode compares case-sensitively, whatever the server collation 182ms
     → Push completed its statements but the final live fingerprint does not match the desired schema
   × MySQL2 Driver > MySQL2 field references > case folding against a referenced column > insensitive mode folds both the filtered and the referenced column 167ms
     → Push completed its statements but the final live fingerprint does not match the desired schema
   × MySQL2 Driver > MySQL2 field references > case folding against a referenced column > insensitive contains folds the referenced column 191ms
     → Push completed its statements but the final live fingerprint does not match the desired schema
   × MySQL2 Driver > MySQL2 field references > case folding against a referenced column > insensitive startsWith folds the referenced column 162ms
     → Push completed its statements but the final live fingerprint does not match the desired schema
   × MySQL2 Driver > MySQL2 field references > case folding against a referenced column > insensitive endsWith folds the referenced column 161ms
     → Push completed its statements but the final live fingerprint does not match the desired schema
   × MySQL2 Driver > MySQL2 field references > case folding against a referenced column > insensitive `not` complements the folded comparison 154ms
     → Push completed its statements but the final live fingerprint does not match the desired schema
   × MySQL2 Driver > MySQL2 field references > case folding against a referenced column > insensitive mode folds ASCII only 162ms
     → Push completed its statements but the final live fingerprint does not match the desired schema
   × MySQL2 Driver > MySQL2 field references > enum references > equals compares two enum columns of the same row 134ms
     → Push completed its statements but the final live fingerprint does not match the desired schema
   × MySQL2 Driver > MySQL2 field references > enum references > not complements it 170ms
     → Push completed its statements but the final live fingerprint does not match the desired schema
   × MySQL2 Driver > MySQL2 field references > enum references > a bare enum reference is the equals shorthand 129ms
     → Push completed its statements but the final live fingerprint does not match the desired schema
   × MySQL2 Driver > MySQL2 field references > enum references > the reference resolves through the .map()ed column name 129ms
     → Push completed its statements but the final live fingerprint does not match the desired schema
   × MySQL2 Driver > MySQL2 field references > enum references > lt on an enum is refused with the portability reason 124ms
     → Push completed its statements but the final live fingerprint does not match the desired schema
   × MySQL2 Driver > MySQL2 field references > enum references > lte on an enum is refused with the portability reason 127ms
     → Push completed its statements but the final live fingerprint does not match the desired schema
   × MySQL2 Driver > MySQL2 field references > enum references > gt on an enum is refused with the portability reason 118ms
     → Push completed its statements but the final live fingerprint does not match the desired schema
   × MySQL2 Driver > MySQL2 field references > enum references > gte on an enum is refused with the portability reason 127ms
     → Push completed its statements but the final live fingerprint does not match the desired schema
   × MySQL2 Driver > MySQL2 field references > enum references > literal enum filters are untouched 129ms
     → Push completed its statements but the final live fingerprint does not match the desired schema
   × MySQL2 Driver > MySQL2 field references > a reference mixes with literal operands in one filter object 132ms
     → Push completed its statements but the final live fingerprint does not match the desired schema
   × MySQL2 Driver > MySQL2 field references > a reference works inside a nested relation where 139ms
     → Push completed its statements but the final live fingerprint does not match the desired schema
   × MySQL2 Driver > MySQL2 field references > the nested scope's own model is the one a reference must name 132ms
     → Push completed its statements but the final live fingerprint does not match the desired schema
   × MySQL2 Driver > MySQL2 field references > a reference drives updateMany and deleteMany 145ms
     → Push completed its statements but the final live fingerprint does not match the desired schema
   × MySQL2 Driver > MySQL2 field references > two decimals of the SAME domain compare exactly 136ms
     → Push completed its statements but the final live fingerprint does not match the desired schema
   × MySQL2 Driver > MySQL2 field references > two decimals of DIFFERENT domains are refused before any I/O 158ms
     → Push completed its statements but the final live fingerprint does not match the desired schema
   × MySQL2 Driver > MySQL2 field references > a cross-model reference is refused before any I/O 146ms
     → Push completed its statements but the final live fingerprint does not match the desired schema
   × MySQL2 Driver > MySQL2 field references > a reference of the wrong scalar type is refused 139ms
     → Push completed its statements but the final live fingerprint does not match the desired schema
   × MySQL2 Driver > MySQL2 field references > a reference is refused in in/notIn 143ms
     → Push completed its statements but the final live fingerprint does not match the desired schema
   × MySQL2 Driver > MySQL2 field references > a reference is refused in `having`, however deeply nested 160ms
     → Push completed its statements but the final live fingerprint does not match the desired schema
   × MySQL2 Driver > MySQL2 field references > a reference is refused in JSON filters and JSON write data 141ms
     → Push completed its statements but the final live fingerprint does not match the desired schema
   × MySQL2 Driver > MySQL2 field references > SQL fragment operands > an arithmetic expression compares against the row 135ms
     → Push completed its statements but the final live fingerprint does not match the desired schema
   × MySQL2 Driver > MySQL2 field references > SQL fragment operands > a scalar subquery compares against the whole table 144ms
     → Push completed its statements but the final live fingerprint does not match the desired schema
   × MySQL2 Driver > MySQL2 field references > SQL fragment operands > an interpolated value rides as a bound parameter 132ms
     → Push completed its statements but the final live fingerprint does not match the desired schema
   × MySQL2 Driver > MySQL2 field references > SQL fragment operands > a fragment, a reference and a literal mix in one filter 137ms
     → Push completed its statements but the final live fingerprint does not match the desired schema
   × MySQL2 Driver > MySQL2 field references > SQL fragment operands > a fragment drives updateMany and deleteMany 129ms
     → Push completed its statements but the final live fingerprint does not match the desired schema
   × MySQL2 Driver > MySQL2 field references > SQL fragment operands > a fragment survives both execution substrates 143ms
     → Push completed its statements but the final live fingerprint does not match the desired schema
   × MySQL2 Driver > MySQL2 field references > SQL fragment operands > a fragment is refused where a reference is 135ms
     → Push completed its statements but the final live fingerprint does not match the desired schema
   ✓ MySQL2 Driver > MySQL2 scalar round-trip behavior > datetime round-trips exactly through create and findMany 172ms
   ✓ MySQL2 Driver > MySQL2 scalar round-trip behavior > datetime filters match the stored instant 182ms
   ✓ MySQL2 Driver > MySQL2 scalar round-trip behavior > datetime update round-trips exactly 147ms
   ✓ MySQL2 Driver > MySQL2 scalar round-trip behavior > decimal reads back as its exact canonical value 131ms
   ✓ MySQL2 Driver > MySQL2 scalar round-trip behavior > a decimal LIST round-trips member by member 131ms
   ✓ MySQL2 Driver > MySQL2 scalar round-trip behavior > a decimal LIST filters by containment on its logical members 123ms
   ✓ MySQL2 Driver > MySQL2 scalar round-trip behavior > a decimal LIST compares and updates in its logical vocabulary 148ms
   ✓ MySQL2 Driver > MySQL2 scalar round-trip behavior > a decimal LIST survives a grouped projection 127ms
   ✓ MySQL2 Driver > MySQL2 scalar round-trip behavior > bigint beyond Number.MAX_SAFE_INTEGER round-trips exactly 149ms
   ✓ MySQL2 Driver > MySQL2 scalar round-trip behavior > include round-trips datetime, decimal, and bigint exactly 128ms
   ✓ MySQL2 Driver > MySQL2 decimal exactness > round-trips every value in the domain exactly 138ms
   ✓ MySQL2 Driver > MySQL2 decimal exactness > callback transactions materialize fresh Decimal scalar and list results 122ms
   ✓ MySQL2 Driver > MySQL2 decimal exactness > array transactions materialize fresh Decimal scalar and list results 124ms
   ✓ MySQL2 Driver > MySQL2 decimal exactness > a nullable decimal stores and reads NULL, not zero 130ms
   ✓ MySQL2 Driver > MySQL2 decimal exactness > equals matches on value, not on spelling 135ms
   ✓ MySQL2 Driver > MySQL2 decimal exactness > equals distinguishes the two values a double cannot 152ms
   ✓ MySQL2 Driver > MySQL2 decimal exactness > in / notIn compare numerically 140ms
   ✓ MySQL2 Driver > MySQL2 decimal exactness > gt/lt compare numerically, not lexicographically 142ms
   ✓ MySQL2 Driver > MySQL2 decimal exactness > orderBy sorts numerically, windowed and not 141ms
   ✓ MySQL2 Driver > MySQL2 decimal exactness > _min/_max/_sum/_avg are exact, and _sum may exceed the precision 144ms
   ✓ MySQL2 Driver > MySQL2 decimal exactness > _avg of an all-null column is NULL, not zero and not an error 132ms
   ✓ MySQL2 Driver > MySQL2 decimal exactness > _avg rounds exact ties to the even neighbour in both signs 135ms
   ✓ MySQL2 Driver > MySQL2 decimal exactness > groupBy orders groups and filters them on exact aggregates 153ms
   ✓ MySQL2 Driver > MySQL2 decimal exactness > groupBy compares a widened _sum beyond the field precision 162ms
   ✓ MySQL2 Driver > MySQL2 decimal exactness > increment and decrement are exact and never round 150ms
   ✓ MySQL2 Driver > MySQL2 decimal exactness > the precision-plus-scale edge keeps an in-range 10^18 intermediate exact 149ms
   ✓ MySQL2 Driver > MySQL2 decimal exactness > multiply rounds an exact POSITIVE tie to the EVEN neighbour 153ms
   ✓ MySQL2 Driver > MySQL2 decimal exactness > multiply rounds an exact POSITIVE tie AWAY when the neighbour is odd 131ms
   ✓ MySQL2 Driver > MySQL2 decimal exactness > multiply rounds an exact NEGATIVE tie to the EVEN neighbour 172ms
   ✓ MySQL2 Driver > MySQL2 decimal exactness > a rounded tie CARRIES across the whole value 136ms
   ✓ MySQL2 Driver > MySQL2 decimal exactness > divide rounds by the same rule, in both signs 155ms
   ✓ MySQL2 Driver > MySQL2 decimal exactness > dividing by a NEGATIVE operand keeps the quotient's sign 124ms
   ✓ MySQL2 Driver > MySQL2 decimal exactness > arithmetic on a NULL column stays NULL 121ms
   ✓ MySQL2 Driver > MySQL2 decimal exactness > division by zero fails BEFORE any statement is issued 116ms
   ✓ MySQL2 Driver > MySQL2 decimal exactness > a result past the field's precision fails and leaves the row alone 116ms
   ✓ MySQL2 Driver > MySQL2 decimal exactness > an INTERMEDIATE past the safe range fails; it never answers through a float 133ms
   ✓ MySQL2 Driver > MySQL2 decimal exactness > an operand finer than the field's scale is refused, never rounded 144ms
   × MySQL2 Driver > MySQL2 full scalar-type round-trip behavior > every scalar type round-trips exactly top-level 141ms
     → Push completed its statements but the final live fingerprint does not match the desired schema
   × MySQL2 Driver > MySQL2 full scalar-type round-trip behavior > every scalar type round-trips exactly inside an include 130ms
     → Push completed its statements but the final live fingerprint does not match the desired schema
   × MySQL2 Driver > MySQL2 full scalar-type round-trip behavior > json primitives round-trip with exact types 131ms
     → Push completed its statements but the final live fingerprint does not match the desired schema
   × MySQL2 Driver > MySQL2 full scalar-type round-trip behavior > aggregates are scalar-aware 144ms
     → Push completed its statements but the final live fingerprint does not match the desired schema
   × MySQL2 Driver > MySQL2 Prisma parity > insensitive mode on equality filters > equals matches case-insensitively 151ms
     → Push completed its statements but the final live fingerprint does not match the desired schema
   × MySQL2 Driver > MySQL2 Prisma parity > insensitive mode on equality filters > insensitive equality and set filters fold ASCII only 250ms
     → Push completed its statements but the final live fingerprint does not match the desired schema
   × MySQL2 Driver > MySQL2 Prisma parity > insensitive mode on equality filters > equals stays case-sensitive without mode 245ms
     → Push completed its statements but the final live fingerprint does not match the desired schema
   × MySQL2 Driver > MySQL2 Prisma parity > insensitive mode on equality filters > not stays case-sensitive without mode 212ms
     → Push completed its statements but the final live fingerprint does not match the desired schema
   × MySQL2 Driver > MySQL2 Prisma parity > insensitive mode on equality filters > in stays case-sensitive without mode 242ms
     → Push completed its statements but the final live fingerprint does not match the desired schema
   × MySQL2 Driver > MySQL2 Prisma parity > insensitive mode on equality filters > notIn stays case-sensitive without mode 317ms
     → Push completed its statements but the final live fingerprint does not match the desired schema
   × MySQL2 Driver > MySQL2 Prisma parity > insensitive mode on equality filters > insensitive equals does not treat % as a wildcard 379ms
     → Push completed its statements but the final live fingerprint does not match the desired schema
   × MySQL2 Driver > MySQL2 Prisma parity > insensitive mode on equality filters > not excludes case-insensitively 252ms
     → Push completed its statements but the final live fingerprint does not match the desired schema
   × MySQL2 Driver > MySQL2 Prisma parity > insensitive mode on equality filters > in matches case-insensitively 232ms
     → Push completed its statements but the final live fingerprint does not match the desired schema
   × MySQL2 Driver > MySQL2 Prisma parity > insensitive mode on equality filters > insensitive in does not treat % as a wildcard 306ms
     → Push completed its statements but the final live fingerprint does not match the desired schema
   × MySQL2 Driver > MySQL2 Prisma parity > insensitive mode on equality filters > insensitive in with empty list matches nothing 351ms
     → Push completed its statements but the final live fingerprint does not match the desired schema
   × MySQL2 Driver > MySQL2 Prisma parity > insensitive mode on equality filters > notIn excludes case-insensitively 346ms
     → Push completed its statements but the final live fingerprint does not match the desired schema
   × MySQL2 Driver > MySQL2 Prisma parity > string substring filters > contains stays case-sensitive without mode 342ms
     → Push completed its statements but the final live fingerprint does not match the desired schema
   × MySQL2 Driver > MySQL2 Prisma parity > string substring filters > startsWith stays case-sensitive without mode 187ms
     → Push completed its statements but the final live fingerprint does not match the desired schema
   × MySQL2 Driver > MySQL2 Prisma parity > string substring filters > endsWith stays case-sensitive without mode 189ms
     → Push completed its statements but the final live fingerprint does not match the desired schema
   × MySQL2 Driver > MySQL2 Prisma parity > string substring filters > default substring filters treat wildcard characters literally 158ms
     → Push completed its statements but the final live fingerprint does not match the desired schema
   × MySQL2 Driver > MySQL2 Prisma parity > string substring filters > default substring filters handle empty and non-ASCII values exactly 150ms
     → Push completed its statements but the final live fingerprint does not match the desired schema
   × MySQL2 Driver > MySQL2 Prisma parity > string substring filters > startsWith matches case-insensitively 152ms
     → Push completed its statements but the final live fingerprint does not match the desired schema
   × MySQL2 Driver > MySQL2 Prisma parity > string substring filters > endsWith matches case-insensitively 283ms
     → Push completed its statements but the final live fingerprint does not match the desired schema
   × MySQL2 Driver > MySQL2 Prisma parity > string substring filters > insensitive endsWith matches every case variant 530ms
     → Push completed its statements but the final live fingerprint does not match the desired schema
   × MySQL2 Driver > MySQL2 Prisma parity > string substring filters > insensitive substring filters fold ASCII only 232ms
     → Push completed its statements but the final live fingerprint does not match the desired schema
   × MySQL2 Driver > MySQL2 Prisma parity > string substring filters > insensitive startsWith does not treat % as a wildcard 255ms
     → Push completed its statements but the final live fingerprint does not match the desired schema
   × MySQL2 Driver > MySQL2 Prisma parity > string substring filters > insensitive endsWith does not treat % as a wildcard 189ms
     → Push completed its statements but the final live fingerprint does not match the desired schema
   × MySQL2 Driver > MySQL2 Prisma parity > NOT and OR combinators > top-level NOT excludes matching rows 183ms
     → Push completed its statements but the final live fingerprint does not match the desired schema
   × MySQL2 Driver > MySQL2 Prisma parity > NOT and OR combinators > NOT {contains} does not match NULL rows (Prisma parity) 221ms
     → Push completed its statements but the final live fingerprint does not match the desired schema
   × MySQL2 Driver > MySQL2 Prisma parity > NOT and OR combinators > NOT with equality also skips NULL rows 207ms
     → Push completed its statements but the final live fingerprint does not match the desired schema
   × MySQL2 Driver > MySQL2 Prisma parity > NOT and OR combinators > NOT combines with AND 189ms
     → Push completed its statements but the final live fingerprint does not match the desired schema
   × MySQL2 Driver > MySQL2 Prisma parity > NOT and OR combinators > NOT combines with OR 186ms
     → Push completed its statements but the final live fingerprint does not match the desired schema
   × MySQL2 Driver > MySQL2 Prisma parity > NOT and OR combinators > nested NOT double-negates but still skips NULL rows 197ms
     → Push completed its statements but the final live fingerprint does not match the desired schema
   × MySQL2 Driver > MySQL2 Prisma parity > NOT and OR combinators > NOT array negates each condition and ANDs them (Prisma parity) 370ms
     → Push completed its statements but the final live fingerprint does not match the desired schema
   × MySQL2 Driver > MySQL2 Prisma parity > NOT and OR combinators > OR of two scalar predicates 337ms
     → Push completed its statements but the final live fingerprint does not match the desired schema
   × MySQL2 Driver > MySQL2 Prisma parity > NOT and OR combinators > OR with a null check matches NULL rows via IS NULL 259ms
     → Push completed its statements but the final live fingerprint does not match the desired schema
   × MySQL2 Driver > MySQL2 Prisma parity > enum in/notIn filters > enum equals matches a single value 296ms
     → Push completed its statements but the final live fingerprint does not match the desired schema
   × MySQL2 Driver > MySQL2 Prisma parity > enum in/notIn filters > enum in matches listed values and skips NULL rows 289ms
     → Push completed its statements but the final live fingerprint does not match the desired schema
   × MySQL2 Driver > MySQL2 Prisma parity > enum in/notIn filters > enum in with empty list matches nothing 242ms
     → Push completed its statements but the final live fingerprint does not match the desired schema
   × MySQL2 Driver > MySQL2 Prisma parity > enum in/notIn filters > enum notIn excludes listed values and NULL rows 206ms
     → Push completed its statements but the final live fingerprint does not match the desired schema
   × MySQL2 Driver > MySQL2 Prisma parity > enum in/notIn filters > enum notIn with empty list matches every row 196ms
     → Push completed its statements but the final live fingerprint does not match the desired schema
   × MySQL2 Driver > MySQL2 Prisma parity > empty select rejection > empty select object throws 202ms
     → Push completed its statements but the final live fingerprint does not match the desired schema
   × MySQL2 Driver > MySQL2 Prisma parity > empty select rejection > all-false select throws 223ms
     → Push completed its statements but the final live fingerprint does not match the desired schema
   × MySQL2 Driver > MySQL2 Prisma parity > groupBy ordering and having > orderBy a non-grouped column is rejected 219ms
     → Push completed its statements but the final live fingerprint does not match the desired schema
   × MySQL2 Driver > MySQL2 Prisma parity > groupBy ordering and having > orderBy a grouped column still works 170ms
     → Push completed its statements but the final live fingerprint does not match the desired schema
   × MySQL2 Driver > MySQL2 Prisma parity > groupBy ordering and having > orderBy _count on a field 182ms
     → Push completed its statements but the final live fingerprint does not match the desired schema
   × MySQL2 Driver > MySQL2 Prisma parity > groupBy ordering and having > orderBy _count _all 163ms
     → Push completed its statements but the final live fingerprint does not match the desired schema
   × MySQL2 Driver > MySQL2 Prisma parity > groupBy ordering and having > orderBy _sum 170ms
     → Push completed its statements but the final live fingerprint does not match the desired schema
   × MySQL2 Driver > MySQL2 Prisma parity > groupBy ordering and having > having aggregate in filter 170ms
     → Push completed its statements but the final live fingerprint does not match the desired schema
   × MySQL2 Driver > MySQL2 Prisma parity > groupBy ordering and having > having aggregate in with empty list matches nothing 163ms
     → Push completed its statements but the final live fingerprint does not match the desired schema
   × MySQL2 Driver > MySQL2 Prisma parity > groupBy ordering and having > having aggregate notIn with empty list matches everything 154ms
     → Push completed its statements but the final live fingerprint does not match the desired schema
   × MySQL2 Driver > MySQL2 Prisma parity > groupBy ordering and having > having aggregate equals null uses IS NULL 158ms
     → Push completed its statements but the final live fingerprint does not match the desired schema
   × MySQL2 Driver > MySQL2 Prisma parity > groupBy ordering and having > having aggregate not null uses IS NOT NULL 156ms
     → Push completed its statements but the final live fingerprint does not match the desired schema
   × MySQL2 Driver > MySQL2 Prisma parity > groupBy ordering and having > where filters rows before grouping 164ms
     → Push completed its statements but the final live fingerprint does not match the desired schema
   × MySQL2 Driver > MySQL2 Prisma parity > groupBy ordering and having > take with orderBy limits groups 158ms
     → Push completed its statements but the final live fingerprint does not match the desired schema
   × MySQL2 Driver > MySQL2 Prisma parity > groupBy ordering and having > take and skip with orderBy window the groups 176ms
     → Push completed its statements but the final live fingerprint does not match the desired schema
   × MySQL2 Driver > MySQL2 Prisma parity > groupBy ordering and having > take and skip with aggregate orderBy window the groups 203ms
     → Push completed its statements but the final live fingerprint does not match the desired schema
   × MySQL2 Driver > MySQL2 Prisma parity > groupBy ordering and having > multi-field by groups on the field combination 206ms
     → Push completed its statements but the final live fingerprint does not match the desired schema
   × MySQL2 Driver > MySQL2 Prisma parity > groupBy ordering and having > multi-field by supports having on aggregates 236ms
     → Push completed its statements but the final live fingerprint does not match the desired schema
   × MySQL2 Driver > MySQL2 Prisma parity > groupBy ordering and having > having boolean combinators > OR of two single-group conditions matches both groups 173ms
     → Push completed its statements but the final live fingerprint does not match the desired schema
   × MySQL2 Driver > MySQL2 Prisma parity > groupBy ordering and having > having boolean combinators > OR with a single unmatchable arm keeps only the other 199ms
     → Push completed its statements but the final live fingerprint does not match the desired schema
   × MySQL2 Driver > MySQL2 Prisma parity > groupBy ordering and having > having boolean combinators > AND of the same two conditions matches nothing 161ms
     → Push completed its statements but the final live fingerprint does not match the desired schema
   × MySQL2 Driver > MySQL2 Prisma parity > groupBy ordering and having > having boolean combinators > AND accepts a bare object as well as an array 172ms
     → Push completed its statements but the final live fingerprint does not match the desired schema
   × MySQL2 Driver > MySQL2 Prisma parity > groupBy ordering and having > having boolean combinators > AND nested inside OR evaluates the inner conjunction 297ms
     → Push completed its statements but the final live fingerprint does not match the desired schema
   × MySQL2 Driver > MySQL2 Prisma parity > groupBy ordering and having > having boolean combinators > AND nested inside OR fails the arm when one conjunct misses 185ms
     → Push completed its statements but the final live fingerprint does not match the desired schema
   × MySQL2 Driver > MySQL2 Prisma parity > groupBy ordering and having > having boolean combinators > NOT of an aggregate condition selects the complement 209ms
     → Push completed its statements but the final live fingerprint does not match the desired schema
   × MySQL2 Driver > MySQL2 Prisma parity > groupBy ordering and having > having boolean combinators > NOT array negates each arm and ANDs the negations (Prisma parity) 212ms
     → Push completed its statements but the final live fingerprint does not match the desired schema
   × MySQL2 Driver > MySQL2 Prisma parity > groupBy ordering and having > having boolean combinators > NOT array with one unmatchable arm keeps the other complement 187ms
     → Push completed its statements but the final live fingerprint does not match the desired schema
   × MySQL2 Driver > MySQL2 Prisma parity > groupBy ordering and having > having boolean combinators > NOT array on a `by` field agrees with the same NOT array in where 221ms
     → Push completed its statements but the final live fingerprint does not match the desired schema
   × MySQL2 Driver > MySQL2 Prisma parity > groupBy ordering and having > having boolean combinators > NOT array of a single item matches the object form 219ms
     → Push completed its statements but the final live fingerprint does not match the desired schema
   × MySQL2 Driver > MySQL2 Prisma parity > groupBy ordering and having > having boolean combinators > NOT of a multi-key object negates that object's conjunction 257ms
     → Push completed its statements but the final live fingerprint does not match the desired schema
   × MySQL2 Driver > MySQL2 Prisma parity > groupBy ordering and having > having boolean combinators > NOT inside OR restores the excluded group 188ms
     → Push completed its statements but the final live fingerprint does not match the desired schema
   × MySQL2 Driver > MySQL2 Prisma parity > groupBy ordering and having > having boolean combinators > a combinator conjoins with sibling field-keyed conditions 239ms
     → Push completed its statements but the final live fingerprint does not match the desired schema
   × MySQL2 Driver > MySQL2 Prisma parity > groupBy ordering and having > having boolean combinators > a field-keyed condition inside an OR arm still requires `by` 262ms
     → Push completed its statements but the final live fingerprint does not match the desired schema
   × MySQL2 Driver > MySQL2 Prisma parity > groupBy ordering and having > having boolean combinators > empty OR matches no group, exactly like empty OR in where 225ms
     → Push completed its statements but the final live fingerprint does not match the desired schema
   × MySQL2 Driver > MySQL2 Prisma parity > groupBy ordering and having > having boolean combinators > empty OR is false, not absent, when conjoined with a sibling 211ms
     → Push completed its statements but the final live fingerprint does not match the desired schema
   × MySQL2 Driver > MySQL2 Prisma parity > groupBy ordering and having > having boolean combinators > empty OR nested in AND poisons the conjunction 215ms
     → Push completed its statements but the final live fingerprint does not match the desired schema
   × MySQL2 Driver > MySQL2 Prisma parity > groupBy ordering and having > having boolean combinators > empty OR nested in OR contributes nothing but is not vacuous 170ms
     → Push completed its statements but the final live fingerprint does not match the desired schema
   × MySQL2 Driver > MySQL2 Prisma parity > groupBy ordering and having > having boolean combinators > empty OR under NOT is true and keeps every group 188ms
     → Push completed its statements but the final live fingerprint does not match the desired schema
   × MySQL2 Driver > MySQL2 Prisma parity > groupBy ordering and having > having boolean combinators > empty AND and empty NOT stay true and keep every group 186ms
     → Push completed its statements but the final live fingerprint does not match the desired schema
   × MySQL2 Driver > MySQL2 Prisma parity > groupBy ordering and having > having boolean combinators > empty AND still conjoins its sibling rather than erasing it 205ms
     → Push completed its statements but the final live fingerprint does not match the desired schema
   ✓ MySQL2 Driver > MySQL2 optional-relation Prisma parity > create succeeds with all optional relations omitted 172ms
   ✓ MySQL2 Driver > MySQL2 optional-relation Prisma parity > nested create does not demand other optional relations 178ms
   ✓ MySQL2 Driver > MySQL2 optional-relation Prisma parity > where: { relation: null } matches rows with a null FK 189ms
   ✓ MySQL2 Driver > MySQL2 optional-relation Prisma parity > include: { rel: false } omits the relation 173ms
   ✓ MySQL2 Driver > MySQL2 optional-relation Prisma parity > select > include chains down the relation tree 170ms
   ✓ MySQL2 Driver > MySQL2 optional-relation Prisma parity > nested select+include on the same node is rejected 173ms
   ✓ MySQL2 Driver > MySQL2 optional-relation Prisma parity > create with nested writes returns scalars only without include 157ms
   ✓ MySQL2 Driver > MySQL2 LIKE wildcard escaping > contains with literal % matches only literal occurrences 153ms
   ✓ MySQL2 Driver > MySQL2 LIKE wildcard escaping > contains with literal _ matches only literal occurrences 139ms
   ✓ MySQL2 Driver > MySQL2 LIKE wildcard escaping > contains with literal backslash matches only literal occurrences 188ms
   ✓ MySQL2 Driver > MySQL2 LIKE wildcard escaping > startsWith with literal % does not act as a wildcard 218ms
   ✓ MySQL2 Driver > MySQL2 LIKE wildcard escaping > endsWith with literal _ does not act as a wildcard 195ms
   ✓ MySQL2 Driver > MySQL2 LIKE wildcard escaping > insensitive contains with literal % matches only literal occurrences 183ms
   ✓ MySQL2 Driver > MySQL2 LIKE wildcard escaping > insensitive contains still matches case-insensitively 166ms
   ✓ MySQL2 Driver > MySQL2 LIKE wildcard escaping > plain contains without wildcards still matches 158ms
   ✓ MySQL2 Driver > MySQL2 LIKE wildcard escaping > not-contains with literal % excludes only literal occurrences 152ms
   ✓ MySQL2 Driver > MySQL2 LIKE wildcard escaping > escaped prefix patterns > a percent in the value stays literal 152ms
   ✓ MySQL2 Driver > MySQL2 LIKE wildcard escaping > escaped prefix patterns > an underscore in the value stays literal 157ms
   ✓ MySQL2 Driver > MySQL2 LIKE wildcard escaping > escaped prefix patterns > a trailing escape character in the value stays literal 148ms
   ✓ MySQL2 Driver > MySQL2 LIKE wildcard escaping > escaped prefix patterns > a value that is only the escape character stays literal 157ms
   ✓ MySQL2 Driver > MySQL2 LIKE wildcard escaping > escaped prefix patterns > the empty value matches every row 148ms
   ✓ MySQL2 Driver > MySQL2 LIKE wildcard escaping > escaped prefix patterns > every wildcard family at once stays literal 155ms
   ✓ MySQL2 Driver > MySQL2 LIKE wildcard escaping > escaped prefix patterns > SQLite's GLOB metacharacters stay literal on every dialect 142ms
   ✓ MySQL2 Driver > MySQL2 LIKE wildcard escaping > escaped prefix patterns > the prefix path stays case-sensitive 137ms
   ✓ MySQL2 Driver > MySQL2 LIKE wildcard escaping > escaped prefix patterns > insensitive mode is unchanged and still ignores case 143ms
   ✓ MySQL2 Driver > MySQL2 LIKE wildcard escaping > escaped prefix patterns > endsWith keeps its spelling and its literal wildcards 135ms
   ✓ MySQL2 Driver > MySQL2 blob in/notIn filters > in matches exactly the listed byte arrays 142ms
   ✓ MySQL2 Driver > MySQL2 blob in/notIn filters > in compares bytes, not length — the one-byte decoy stays out 129ms
   ✓ MySQL2 Driver > MySQL2 blob in/notIn filters > in with no matching member returns nothing 119ms
   ✓ MySQL2 Driver > MySQL2 blob in/notIn filters > empty in matches nothing (Prisma semantics) 115ms
   ✓ MySQL2 Driver > MySQL2 blob in/notIn filters > notIn excludes exactly the listed byte arrays 127ms
   ✓ MySQL2 Driver > MySQL2 blob in/notIn filters > empty notIn matches everything (Prisma semantics) 119ms
   ✓ MySQL2 Driver > MySQL2 blob in/notIn filters > notIn on a nullable column excludes NULL rows 141ms
   ✓ MySQL2 Driver > MySQL2 blob in/notIn filters > in on a nullable column excludes NULL rows 131ms
   ✓ MySQL2 Driver > MySQL2 blob in/notIn filters > empty notIn on a nullable column keeps the NULL row 137ms
   ✓ MySQL2 Driver > MySQL2 blob in/notIn filters > Buffer members are accepted alongside Uint8Array 118ms
   ✓ MySQL2 Driver > MySQL2 blob in/notIn filters > in composes with not 115ms
   ✓ MySQL2 Driver > MySQL2 blob in/notIn filters > in composes with arbitrarily nested not 150ms
   ✓ MySQL2 Driver > MySQL2 blob in/notIn filters > in composes with the boolean wrappers 188ms
   ✓ MySQL2 Driver > MySQL2 blob in/notIn filters > in drives deleteMany, not just reads 176ms
 ❯ |provider-mysql2| tests/providers/docker/mysql2-relations-ddl.test.ts (105 tests | 28 failed) 33461ms
   ✓ MySQL2 Driver > MySQL2 ordering/array/create behavior > to-many include honors ascending orderBy 187ms
   × MySQL2 Driver > MySQL2 ordering/array/create behavior > to-many include honors descending orderBy 166ms
     → expected [ 'Alpha', 'Beta', 'Gamma', …(2) ] to deeply equal [ 'Epsilon', 'Delta', 'Gamma', …(2) ]
   ✓ MySQL2 Driver > MySQL2 ordering/array/create behavior > to-many include honors orderBy with skip and no take 172ms
   ✓ MySQL2 Driver > MySQL2 ordering/array/create behavior > orderBy asc with nulls last places null rows at the end 215ms
   ✓ MySQL2 Driver > MySQL2 ordering/array/create behavior > orderBy desc with nulls first places null rows at the start 183ms
   ✓ MySQL2 Driver > MySQL2 ordering/array/create behavior > orderBy asc with nulls first places null rows at the start 173ms
   ✓ MySQL2 Driver > MySQL2 ordering/array/create behavior > has filter matches string array elements 167ms
   ✓ MySQL2 Driver > MySQL2 ordering/array/create behavior > has filter matches int array elements 149ms
   ✓ MySQL2 Driver > MySQL2 ordering/array/create behavior > has filter with no match returns empty 168ms
   ✓ MySQL2 Driver > MySQL2 ordering/array/create behavior > create returns the auto-increment row 163ms
   ✓ MySQL2 Driver > MySQL2 ordering/array/create behavior > concurrent creates each return their own row 151ms
   × MySQL2 Driver > MySQL2 bulk-write implicit returning > createMany without select returns { count }, with select returns rows 159ms
     → Push completed its statements but the final live fingerprint does not match the desired schema
   × MySQL2 Driver > MySQL2 bulk-write implicit returning > createMany with a narrow select returns only selected fields 173ms
     → Push completed its statements but the final live fingerprint does not match the desired schema
   × MySQL2 Driver > MySQL2 bulk-write implicit returning > a relation in a bulk write's select is refused, not silently emptied 168ms
     → Push completed its statements but the final live fingerprint does not match the desired schema
   × MySQL2 Driver > MySQL2 bulk-write implicit returning > include is refused with a message that names the alternative 236ms
     → Push completed its statements but the final live fingerprint does not match the desired schema
   × MySQL2 Driver > MySQL2 bulk-write implicit returning > createMany with select assigns auto-increment ids 215ms
     → Push completed its statements but the final live fingerprint does not match the desired schema
   × MySQL2 Driver > MySQL2 bulk-write implicit returning > createMany preserves generation when another row supplies an increment id 289ms
     → Push completed its statements but the final live fingerprint does not match the desired schema
   × MySQL2 Driver > MySQL2 bulk-write implicit returning > createMany with select restores input order across increment row shapes 215ms
     → Push completed its statements but the final live fingerprint does not match the desired schema
   × MySQL2 Driver > MySQL2 bulk-write implicit returning > createMany with select preserves bigint generation and order 245ms
     → Push completed its statements but the final live fingerprint does not match the desired schema
   × MySQL2 Driver > MySQL2 bulk-write implicit returning > application defaults remain values while increment defaults stay database-owned 223ms
     → Push completed its statements but the final live fingerprint does not match the desired schema
   × MySQL2 Driver > MySQL2 bulk-write implicit returning > default-only createMany rows use database generation 252ms
     → Push completed its statements but the final live fingerprint does not match the desired schema
   × MySQL2 Driver > MySQL2 bulk-write implicit returning > default-only create uses database generation 203ms
     → Push completed its statements but the final live fingerprint does not match the desired schema
   × MySQL2 Driver > MySQL2 bulk-write implicit returning > createMany preserves conflict winner input order across row shapes 296ms
     → Push completed its statements but the final live fingerprint does not match the desired schema
   × MySQL2 Driver > MySQL2 bulk-write implicit returning > singleton createMany duplicate recovery returns count zero 383ms
     → Push completed its statements but the final live fingerprint does not match the desired schema
   × MySQL2 Driver > MySQL2 bulk-write implicit returning > skipDuplicates keeps case, accent, and trailing-space unique values distinct 401ms
     → Push completed its statements but the final live fingerprint does not match the desired schema
   × MySQL2 Driver > MySQL2 bulk-write implicit returning > explicit zero increment ids reject uniformly before mutation 298ms
     → Push completed its statements but the final live fingerprint does not match the desired schema
   × MySQL2 Driver > MySQL2 bulk-write implicit returning > createMany with select skips only duplicate rows and returns inserted rows 214ms
     → Push completed its statements but the final live fingerprint does not match the desired schema
   × MySQL2 Driver > MySQL2 bulk-write implicit returning > skipDuplicates still surfaces unrelated foreign-key failures 219ms
     → Push completed its statements but the final live fingerprint does not match the desired schema
   × MySQL2 Driver > MySQL2 bulk-write implicit returning > skipDuplicates does not suppress required, length, or conversion errors 221ms
     → Push completed its statements but the final live fingerprint does not match the desired schema
   × MySQL2 Driver > MySQL2 bulk-write implicit returning > updateMany without select returns { count }, with select returns rows 214ms
     → Push completed its statements but the final live fingerprint does not match the desired schema
   × MySQL2 Driver > MySQL2 bulk-write implicit returning > updateMany with select applies atomic operations 231ms
     → Push completed its statements but the final live fingerprint does not match the desired schema
   × MySQL2 Driver > MySQL2 bulk-write implicit returning > updateMany with select applies atomic decrement and multiply 184ms
     → Push completed its statements but the final live fingerprint does not match the desired schema
   × MySQL2 Driver > MySQL2 bulk-write implicit returning > updateMany with select applies atomic divide (exact quotient) 208ms
     → Push completed its statements but the final live fingerprint does not match the desired schema
   × MySQL2 Driver > MySQL2 bulk-write implicit returning > atomic divide pins integer-division semantics on inexact quotients 210ms
     → Push completed its statements but the final live fingerprint does not match the desired schema
   × MySQL2 Driver > MySQL2 bulk-write implicit returning > updateMany with select returns empty array when nothing matches 205ms
     → Push completed its statements but the final live fingerprint does not match the desired schema
   × MySQL2 Driver > MySQL2 bulk-write implicit returning > deleteMany without select returns { count }, with select returns the deleted rows 203ms
     → Push completed its statements but the final live fingerprint does not match the desired schema
   × MySQL2 Driver > MySQL2 bulk-write implicit returning > deleteMany with select returns [] when nothing matches and deletes nothing 223ms
     → Push completed its statements but the final live fingerprint does not match the desired schema
   × MySQL2 Driver > MySQL2 bulk-write implicit returning > deleteMany with select over every row returns them all 314ms
     → Push completed its statements but the final live fingerprint does not match the desired schema
   ✓ MySQL2 Driver > MySQL2 foreign-key index > push creates an index over the manyToOne FK column 278ms
   ✓ MySQL2 Driver > MySQL2 foreign-key index > re-pushing the schema is not an index change 291ms
   ✓ MySQL2 Driver > MySQL2 foreign-key index > re-pushing the schema is not a foreign-key change 289ms
   ✓ MySQL2 Driver > MySQL2 foreign-key index > a declared .index() on the FK column is not duplicated 220ms
   ✓ MySQL2 Driver > MySQL2 foreign-key index > a wider declared index over the FK columns replaces it in one push 284ms
   ✓ MySQL2 Driver > MySQL2 foreign-key index > a compound unique over the FK columns replaces it in one push 254ms
   ✓ MySQL2 Driver > MySQL2 declared index on a mapped field > push creates the index over the mapped column names 170ms
   ✓ MySQL2 Driver > MySQL2 declared index on a mapped field > re-pushing the schema is not an index change 217ms
   ✓ MySQL2 Driver > MySQL2 declared index on a mapped field > the declared index leaves the FK index nothing to add 178ms
   ✓ MySQL2 Driver > MySQL2 partial index refusal > push refuses the declaration by name 104ms
   ✓ MySQL2 Driver > MySQL2 forward-ref FK push ordering > simple forward ref: push creates every table + FK round-trips 157ms
   ✓ MySQL2 Driver > MySQL2 forward-ref FK push ordering > multi-model forward chain: push + create through the chain 220ms
   ✓ MySQL2 Driver > MySQL2 forward-ref FK push ordering > self reference: push + parent/child round-trip 225ms
   ✓ MySQL2 Driver > MySQL2 forward-ref FK push ordering > idempotency: re-pushing a forward-ref schema does not recreate tables 246ms
   ✓ MySQL2 Driver > MySQL2 many-to-many write behavior > connect inserts junction rows without touching unrelated foreign keys 297ms
   ✓ MySQL2 Driver > MySQL2 many-to-many write behavior > connect is idempotent  342ms
   ✓ MySQL2 Driver > MySQL2 many-to-many write behavior > connect of a missing record fails  333ms
   ✓ MySQL2 Driver > MySQL2 many-to-many write behavior > create connects and creates through the junction on parent create  365ms
   ✓ MySQL2 Driver > MySQL2 many-to-many write behavior > connectOrCreate connects existing and creates missing  365ms
   ✓ MySQL2 Driver > MySQL2 many-to-many write behavior > disconnect removes the association and keeps the row  565ms
   ✓ MySQL2 Driver > MySQL2 many-to-many write behavior > set replaces the association set  575ms
   ✓ MySQL2 Driver > MySQL2 many-to-many write behavior > delete removes the child row and all its associations  449ms
   ✓ MySQL2 Driver > MySQL2 many-to-many write behavior > delete of a record not connected to the parent fails  373ms
   ✓ MySQL2 Driver > MySQL2 many-to-many write behavior > deleteMany deletes only connected rows matching the filter  388ms
   ✓ MySQL2 Driver > MySQL2 many-to-many write behavior > writes from the side without junction config resolve the same junction  385ms
   ✓ MySQL2 Driver > MySQL2 many-to-many write behavior > implicit default junction works end to end  521ms
   ✓ MySQL2 Driver > MySQL2 many-to-many write behavior > rows participating in a many-to-many can be deleted directly  449ms
   ✓ MySQL2 Driver > MySQL2 many-to-many write behavior > nested update modifies a connected record only  352ms
   ✓ MySQL2 Driver > MySQL2 many-to-many write behavior > nested updateMany touches only connected rows matching the filter  478ms
   ✓ MySQL2 Driver > MySQL2 many-to-many write behavior > nested upsert updates a connected record  679ms
   ✓ MySQL2 Driver > MySQL2 many-to-many write behavior > nested upsert creates and connects a missing record  363ms
   ✓ MySQL2 Driver > MySQL2 many-to-many write behavior > nested upsert of an existing but unconnected record fails  481ms
   ✓ MySQL2 Driver > MySQL2 many-to-many write behavior > connect lands after a deleteMany that cannot see it  528ms
   ✓ MySQL2 Driver > MySQL2 many-to-many write behavior > duplicate connectOrCreate targets collapse to one association  478ms
   ✓ MySQL2 Driver > MySQL2 many-to-many write behavior > boolean disconnect on a many-to-many relation is rejected  322ms
   ✓ MySQL2 Driver > MySQL2 many-to-many write behavior > named duplicate pairs keep isolated junction tables  491ms
   ✓ MySQL2 Driver > MySQL2 many-to-many write behavior > unnamed duplicate pairs are rejected before any DDL  495ms
   ✓ MySQL2 Driver > MySQL2 many-to-many write behavior > self-referential many-to-many round trip  476ms
   ✓ MySQL2 Driver > MySQL2 many-to-many write behavior > create through the junction with a DB-generated target primary key  664ms
   ✓ MySQL2 Driver > MySQL2 many-to-many write behavior > junction create with a generated target PK under an update root  680ms
   ✓ MySQL2 Driver > MySQL2 many-to-many write behavior > connectOrCreate with a generated target PK connects existing and creates missing  524ms
   ✓ MySQL2 Driver > MySQL2 many-to-many write behavior > upsert through the junction creates a target whose PK the database generates  971ms
   ✓ MySQL2 Driver > MySQL2 relation-filter mutation behavior > updateMany with some relation filter affects only matching rows  542ms
   ✓ MySQL2 Driver > MySQL2 relation-filter mutation behavior > updateMany with every relation filter affects only matching rows 297ms
   ✓ MySQL2 Driver > MySQL2 relation-filter mutation behavior > updateMany with none relation filter affects only matching rows  441ms
   ✓ MySQL2 Driver > MySQL2 relation-filter mutation behavior > deleteMany with some relation filter deletes only matching rows  429ms
   ✓ MySQL2 Driver > MySQL2 relation-filter mutation behavior > deleteMany with every relation filter deletes only matching rows  353ms
   ✓ MySQL2 Driver > MySQL2 relation-filter mutation behavior > deleteMany with none relation filter deletes only matching rows  373ms
   ✓ MySQL2 Driver > MySQL2 relation-filter mutation behavior > combined relation operators > updateMany applies same-object some and none filters  431ms
   ✓ MySQL2 Driver > MySQL2 relation-filter mutation behavior > combined relation operators > updateMany applies same-object some and every filters  345ms
   ✓ MySQL2 Driver > MySQL2 relation-filter mutation behavior > combined relation operators > updateMany applies same-object every and none filters  360ms
   ✓ MySQL2 Driver > MySQL2 relation-filter mutation behavior > combined relation operators > updateMany applies same-object some, every, and none filters  329ms
   ✓ MySQL2 Driver > MySQL2 relation-filter mutation behavior > combined relation operators > updateMany applies same-object is and isNot filters  400ms
   ✓ MySQL2 Driver > MySQL2 relation-filter mutation behavior > combined relation operators > deleteMany applies reversed same-object none and some filters  324ms
   ✓ MySQL2 Driver > MySQL2 relation-filter mutation behavior > combined relation operators > deleteMany applies reversed same-object every and some filters  341ms
   ✓ MySQL2 Driver > MySQL2 relation-filter mutation behavior > combined relation operators > deleteMany applies reversed same-object none and every filters  482ms
   ✓ MySQL2 Driver > MySQL2 relation-filter mutation behavior > combined relation operators > deleteMany applies reversed same-object none, every, and some filters  316ms
   ✓ MySQL2 Driver > MySQL2 relation-filter mutation behavior > combined relation operators > deleteMany applies reversed same-object isNot and is filters  451ms
   ✓ MySQL2 Driver > MySQL2 relation-filter mutation behavior > combined relation operators > rolls back a combined-filter mutation when a later operation fails  316ms
   ✓ MySQL2 Driver > MySQL2 relation-filter mutation behavior > self-relation filters > updateMany with to-many self-relation filter affects only matching rows  376ms
   ✓ MySQL2 Driver > MySQL2 relation-filter mutation behavior > self-relation filters > updateMany with to-one self-relation filter affects only matching rows  386ms
   ✓ MySQL2 Driver > MySQL2 relation-filter mutation behavior > self-relation filters > deleteMany with self-relation filter deletes only matching rows 254ms
   ✓ MySQL2 Driver > MySQL2 relation-filter mutation behavior > self-relation filters > upsert's update arm carries a to-many self-relation filter 209ms
   ✓ MySQL2 Driver > MySQL2 relation-filter mutation behavior > self-relation filters > upsert's update arm carries a to-one self-relation filter 234ms
   ✓ MySQL2 Driver > MySQL2 relation-filter mutation behavior > self-relation filters > an excluding self-relation filter takes the create arm instead 223ms
   ✓ MySQL2 Driver > MySQL2 relation-filter mutation behavior > self-relation filters > update by a self-relation-filtered unique where locates or declines 214ms
   ✓ MySQL2 Driver > MySQL2 relation-filter mutation behavior > self-relation filters > delete by a self-relation-filtered unique where removes one row 216ms
 ✓ |provider-mysql2| tests/providers/docker/mysql2-read-surface.test.ts (122 tests) 19752ms
   ✓ MySQL2 Driver > MySQL2 relation read/aggregate behavior > relation _count selection > select _count returns exact counts, including zero  302ms

⎯⎯⎯⎯⎯⎯ Failed Tests 165 ⎯⎯⎯⎯⎯⎯

 FAIL  |provider-mysql2| tests/providers/docker/mysql2-relations-ddl.test.ts > MySQL2 Driver > MySQL2 ordering/array/create behavior > to-many include honors descending orderBy
AssertionError: expected [ 'Alpha', 'Beta', 'Gamma', …(2) ] to deeply equal [ 'Epsilon', 'Delta', 'Gamma', …(2) ]

[32m- Expected[39m
[31m+ Received[39m

[2m  [[22m
[32m-   "Epsilon",[39m
[32m-   "Delta",[39m
[32m-   "Gamma",[39m
[32m-   "Beta",[39m
[2m    "Alpha",[22m
[31m+   "Beta",[39m
[31m+   "Gamma",[39m
[31m+   "Delta",[39m
[31m+   "Epsilon",[39m
[2m  ][22m

 ❯ tests/contracts/drivers/behaviors/ordering-array-create-behavior.ts:128:57
    126|       });
    127| 
    128|       expect(result?.books.map((entry) => entry.title)).toEqual([
       |                                                         ^
    129|         "Epsilon",
    130|         "Delta",

⎯⎯⎯⎯⎯⎯⎯⎯⎯⎯⎯⎯⎯⎯⎯⎯⎯⎯⎯⎯⎯⎯[1/165]⎯

 FAIL  |provider-mysql2| tests/providers/docker/mysql2-relations-ddl.test.ts > MySQL2 Driver > MySQL2 bulk-write implicit returning > createMany without select returns { count }, with select returns rows
MigrationError: Push completed its statements but the final live fingerprint does not match the desired schema
⎯⎯⎯⎯⎯⎯⎯⎯⎯⎯⎯⎯⎯⎯⎯⎯⎯⎯⎯⎯⎯⎯[2/165]⎯

 FAIL  |provider-mysql2| tests/providers/docker/mysql2-relations-ddl.test.ts > MySQL2 Driver > MySQL2 bulk-write implicit returning > createMany with a narrow select returns only selected fields
MigrationError: Push completed its statements but the final live fingerprint does not match the desired schema
⎯⎯⎯⎯⎯⎯⎯⎯⎯⎯⎯⎯⎯⎯⎯⎯⎯⎯⎯⎯⎯⎯[3/165]⎯

 FAIL  |provider-mysql2| tests/providers/docker/mysql2-relations-ddl.test.ts > MySQL2 Driver > MySQL2 bulk-write implicit returning > a relation in a bulk write's select is refused, not silently emptied
MigrationError: Push completed its statements but the final live fingerprint does not match the desired schema
⎯⎯⎯⎯⎯⎯⎯⎯⎯⎯⎯⎯⎯⎯⎯⎯⎯⎯⎯⎯⎯⎯[4/165]⎯

 FAIL  |provider-mysql2| tests/providers/docker/mysql2-relations-ddl.test.ts > MySQL2 Driver > MySQL2 bulk-write implicit returning > include is refused with a message that names the alternative
MigrationError: Push completed its statements but the final live fingerprint does not match the desired schema
⎯⎯⎯⎯⎯⎯⎯⎯⎯⎯⎯⎯⎯⎯⎯⎯⎯⎯⎯⎯⎯⎯[5/165]⎯

 FAIL  |provider-mysql2| tests/providers/docker/mysql2-relations-ddl.test.ts > MySQL2 Driver > MySQL2 bulk-write implicit returning > createMany with select assigns auto-increment ids
MigrationError: Push completed its statements but the final live fingerprint does not match the desired schema
⎯⎯⎯⎯⎯⎯⎯⎯⎯⎯⎯⎯⎯⎯⎯⎯⎯⎯⎯⎯⎯⎯[6/165]⎯

 FAIL  |provider-mysql2| tests/providers/docker/mysql2-relations-ddl.test.ts > MySQL2 Driver > MySQL2 bulk-write implicit returning > createMany preserves generation when another row supplies an increment id
MigrationError: Push completed its statements but the final live fingerprint does not match the desired schema
⎯⎯⎯⎯⎯⎯⎯⎯⎯⎯⎯⎯⎯⎯⎯⎯⎯⎯⎯⎯⎯⎯[7/165]⎯

 FAIL  |provider-mysql2| tests/providers/docker/mysql2-relations-ddl.test.ts > MySQL2 Driver > MySQL2 bulk-write implicit returning > createMany with select restores input order across increment row shapes
MigrationError: Push completed its statements but the final live fingerprint does not match the desired schema
⎯⎯⎯⎯⎯⎯⎯⎯⎯⎯⎯⎯⎯⎯⎯⎯⎯⎯⎯⎯⎯⎯[8/165]⎯

 FAIL  |provider-mysql2| tests/providers/docker/mysql2-relations-ddl.test.ts > MySQL2 Driver > MySQL2 bulk-write implicit returning > createMany with select preserves bigint generation and order
MigrationError: Push completed its statements but the final live fingerprint does not match the desired schema
⎯⎯⎯⎯⎯⎯⎯⎯⎯⎯⎯⎯⎯⎯⎯⎯⎯⎯⎯⎯⎯⎯[9/165]⎯

 FAIL  |provider-mysql2| tests/providers/docker/mysql2-relations-ddl.test.ts > MySQL2 Driver > MySQL2 bulk-write implicit returning > application defaults remain values while increment defaults stay database-owned
MigrationError: Push completed its statements but the final live fingerprint does not match the desired schema
⎯⎯⎯⎯⎯⎯⎯⎯⎯⎯⎯⎯⎯⎯⎯⎯⎯⎯⎯⎯⎯[10/165]⎯

 FAIL  |provider-mysql2| tests/providers/docker/mysql2-relations-ddl.test.ts > MySQL2 Driver > MySQL2 bulk-write implicit returning > default-only createMany rows use database generation
MigrationError: Push completed its statements but the final live fingerprint does not match the desired schema
⎯⎯⎯⎯⎯⎯⎯⎯⎯⎯⎯⎯⎯⎯⎯⎯⎯⎯⎯⎯⎯[11/165]⎯

 FAIL  |provider-mysql2| tests/providers/docker/mysql2-relations-ddl.test.ts > MySQL2 Driver > MySQL2 bulk-write implicit returning > default-only create uses database generation
MigrationError: Push completed its statements but the final live fingerprint does not match the desired schema
⎯⎯⎯⎯⎯⎯⎯⎯⎯⎯⎯⎯⎯⎯⎯⎯⎯⎯⎯⎯⎯[12/165]⎯

 FAIL  |provider-mysql2| tests/providers/docker/mysql2-relations-ddl.test.ts > MySQL2 Driver > MySQL2 bulk-write implicit returning > createMany preserves conflict winner input order across row shapes
MigrationError: Push completed its statements but the final live fingerprint does not match the desired schema
⎯⎯⎯⎯⎯⎯⎯⎯⎯⎯⎯⎯⎯⎯⎯⎯⎯⎯⎯⎯⎯[13/165]⎯

 FAIL  |provider-mysql2| tests/providers/docker/mysql2-relations-ddl.test.ts > MySQL2 Driver > MySQL2 bulk-write implicit returning > singleton createMany duplicate recovery returns count zero
MigrationError: Push completed its statements but the final live fingerprint does not match the desired schema
⎯⎯⎯⎯⎯⎯⎯⎯⎯⎯⎯⎯⎯⎯⎯⎯⎯⎯⎯⎯⎯[14/165]⎯

 FAIL  |provider-mysql2| tests/providers/docker/mysql2-relations-ddl.test.ts > MySQL2 Driver > MySQL2 bulk-write implicit returning > skipDuplicates keeps case, accent, and trailing-space unique values distinct
MigrationError: Push completed its statements but the final live fingerprint does not match the desired schema
⎯⎯⎯⎯⎯⎯⎯⎯⎯⎯⎯⎯⎯⎯⎯⎯⎯⎯⎯⎯⎯[15/165]⎯

 FAIL  |provider-mysql2| tests/providers/docker/mysql2-relations-ddl.test.ts > MySQL2 Driver > MySQL2 bulk-write implicit returning > explicit zero increment ids reject uniformly before mutation
MigrationError: Push completed its statements but the final live fingerprint does not match the desired schema
⎯⎯⎯⎯⎯⎯⎯⎯⎯⎯⎯⎯⎯⎯⎯⎯⎯⎯⎯⎯⎯[16/165]⎯

 FAIL  |provider-mysql2| tests/providers/docker/mysql2-relations-ddl.test.ts > MySQL2 Driver > MySQL2 bulk-write implicit returning > createMany with select skips only duplicate rows and returns inserted rows
MigrationError: Push completed its statements but the final live fingerprint does not match the desired schema
⎯⎯⎯⎯⎯⎯⎯⎯⎯⎯⎯⎯⎯⎯⎯⎯⎯⎯⎯⎯⎯[17/165]⎯

 FAIL  |provider-mysql2| tests/providers/docker/mysql2-relations-ddl.test.ts > MySQL2 Driver > MySQL2 bulk-write implicit returning > skipDuplicates still surfaces unrelated foreign-key failures
MigrationError: Push completed its statements but the final live fingerprint does not match the desired schema
⎯⎯⎯⎯⎯⎯⎯⎯⎯⎯⎯⎯⎯⎯⎯⎯⎯⎯⎯⎯⎯[18/165]⎯

 FAIL  |provider-mysql2| tests/providers/docker/mysql2-relations-ddl.test.ts > MySQL2 Driver > MySQL2 bulk-write implicit returning > skipDuplicates does not suppress required, length, or conversion errors
MigrationError: Push completed its statements but the final live fingerprint does not match the desired schema
⎯⎯⎯⎯⎯⎯⎯⎯⎯⎯⎯⎯⎯⎯⎯⎯⎯⎯⎯⎯⎯[19/165]⎯

 FAIL  |provider-mysql2| tests/providers/docker/mysql2-relations-ddl.test.ts > MySQL2 Driver > MySQL2 bulk-write implicit returning > updateMany without select returns { count }, with select returns rows
MigrationError: Push completed its statements but the final live fingerprint does not match the desired schema
⎯⎯⎯⎯⎯⎯⎯⎯⎯⎯⎯⎯⎯⎯⎯⎯⎯⎯⎯⎯⎯[20/165]⎯

 FAIL  |provider-mysql2| tests/providers/docker/mysql2-relations-ddl.test.ts > MySQL2 Driver > MySQL2 bulk-write implicit returning > updateMany with select applies atomic operations
MigrationError: Push completed its statements but the final live fingerprint does not match the desired schema
⎯⎯⎯⎯⎯⎯⎯⎯⎯⎯⎯⎯⎯⎯⎯⎯⎯⎯⎯⎯⎯[21/165]⎯

 FAIL  |provider-mysql2| tests/providers/docker/mysql2-relations-ddl.test.ts > MySQL2 Driver > MySQL2 bulk-write implicit returning > updateMany with select applies atomic decrement and multiply
MigrationError: Push completed its statements but the final live fingerprint does not match the desired schema
⎯⎯⎯⎯⎯⎯⎯⎯⎯⎯⎯⎯⎯⎯⎯⎯⎯⎯⎯⎯⎯[22/165]⎯

 FAIL  |provider-mysql2| tests/providers/docker/mysql2-relations-ddl.test.ts > MySQL2 Driver > MySQL2 bulk-write implicit returning > updateMany with select applies atomic divide (exact quotient)
MigrationError: Push completed its statements but the final live fingerprint does not match the desired schema
⎯⎯⎯⎯⎯⎯⎯⎯⎯⎯⎯⎯⎯⎯⎯⎯⎯⎯⎯⎯⎯[23/165]⎯

 FAIL  |provider-mysql2| tests/providers/docker/mysql2-relations-ddl.test.ts > MySQL2 Driver > MySQL2 bulk-write implicit returning > atomic divide pins integer-division semantics on inexact quotients
MigrationError: Push completed its statements but the final live fingerprint does not match the desired schema
⎯⎯⎯⎯⎯⎯⎯⎯⎯⎯⎯⎯⎯⎯⎯⎯⎯⎯⎯⎯⎯[24/165]⎯

 FAIL  |provider-mysql2| tests/providers/docker/mysql2-relations-ddl.test.ts > MySQL2 Driver > MySQL2 bulk-write implicit returning > updateMany with select returns empty array when nothing matches
MigrationError: Push completed its statements but the final live fingerprint does not match the desired schema
⎯⎯⎯⎯⎯⎯⎯⎯⎯⎯⎯⎯⎯⎯⎯⎯⎯⎯⎯⎯⎯[25/165]⎯

 FAIL  |provider-mysql2| tests/providers/docker/mysql2-relations-ddl.test.ts > MySQL2 Driver > MySQL2 bulk-write implicit returning > deleteMany without select returns { count }, with select returns the deleted rows
MigrationError: Push completed its statements but the final live fingerprint does not match the desired schema
⎯⎯⎯⎯⎯⎯⎯⎯⎯⎯⎯⎯⎯⎯⎯⎯⎯⎯⎯⎯⎯[26/165]⎯

 FAIL  |provider-mysql2| tests/providers/docker/mysql2-relations-ddl.test.ts > MySQL2 Driver > MySQL2 bulk-write implicit returning > deleteMany with select returns [] when nothing matches and deletes nothing
MigrationError: Push completed its statements but the final live fingerprint does not match the desired schema
⎯⎯⎯⎯⎯⎯⎯⎯⎯⎯⎯⎯⎯⎯⎯⎯⎯⎯⎯⎯⎯[27/165]⎯

 FAIL  |provider-mysql2| tests/providers/docker/mysql2-relations-ddl.test.ts > MySQL2 Driver > MySQL2 bulk-write implicit returning > deleteMany with select over every row returns them all
MigrationError: Push completed its statements but the final live fingerprint does not match the desired schema
⎯⎯⎯⎯⎯⎯⎯⎯⎯⎯⎯⎯⎯⎯⎯⎯⎯⎯⎯⎯⎯[28/165]⎯

 FAIL  |provider-mysql2| tests/providers/docker/mysql2-scalars.test.ts > MySQL2 Driver > MySQL2 list/json filter and update behavior > list filters > DateTime membership uses the same values as the stored list
AssertionError: expected [] to deeply equal [ 'both' ]

[32m- Expected[39m
[31m+ Received[39m

[32m- [[39m
[32m-   "both",[39m
[32m- ][39m
[31m+ [][39m

 ❯ tests/contracts/drivers/behaviors/list-json-filter-behavior.ts:250:11
    248|             })
    249|           )
    250|         ).toEqual(["both"]);
       |           ^
    251|         expect(
    252|           names(

⎯⎯⎯⎯⎯⎯⎯⎯⎯⎯⎯⎯⎯⎯⎯⎯⎯⎯⎯⎯⎯[29/165]⎯

 FAIL  |provider-mysql2| tests/providers/docker/mysql2-scalars.test.ts > MySQL2 Driver > MySQL2 json null sentinel behavior > writes > JsonNull is storable in a NOT NULL json column
QueryEngineError: Driver "mysql2" returned a malformed json scalar for operation "create": a required scalar is null.
⎯⎯⎯⎯⎯⎯⎯⎯⎯⎯⎯⎯⎯⎯⎯⎯⎯⎯⎯⎯⎯[30/165]⎯

 FAIL  |provider-mysql2| tests/providers/docker/mysql2-scalars.test.ts > MySQL2 Driver > MySQL2 field references > gt compares two columns of the same row
MigrationError: Push completed its statements but the final live fingerprint does not match the desired schema
⎯⎯⎯⎯⎯⎯⎯⎯⎯⎯⎯⎯⎯⎯⎯⎯⎯⎯⎯⎯⎯[31/165]⎯

 FAIL  |provider-mysql2| tests/providers/docker/mysql2-scalars.test.ts > MySQL2 Driver > MySQL2 field references > lt compares two columns of the same row
MigrationError: Push completed its statements but the final live fingerprint does not match the desired schema
⎯⎯⎯⎯⎯⎯⎯⎯⎯⎯⎯⎯⎯⎯⎯⎯⎯⎯⎯⎯⎯[32/165]⎯

 FAIL  |provider-mysql2| tests/providers/docker/mysql2-scalars.test.ts > MySQL2 Driver > MySQL2 field references > gte and lte include the equal row
MigrationError: Push completed its statements but the final live fingerprint does not match the desired schema
⎯⎯⎯⎯⎯⎯⎯⎯⎯⎯⎯⎯⎯⎯⎯⎯⎯⎯⎯⎯⎯[33/165]⎯

 FAIL  |provider-mysql2| tests/providers/docker/mysql2-scalars.test.ts > MySQL2 Driver > MySQL2 field references > equals and not compare two columns of the same row
MigrationError: Push completed its statements but the final live fingerprint does not match the desired schema
⎯⎯⎯⎯⎯⎯⎯⎯⎯⎯⎯⎯⎯⎯⎯⎯⎯⎯⎯⎯⎯[34/165]⎯

 FAIL  |provider-mysql2| tests/providers/docker/mysql2-scalars.test.ts > MySQL2 Driver > MySQL2 field references > a bare reference is the equals shorthand
MigrationError: Push completed its statements but the final live fingerprint does not match the desired schema
⎯⎯⎯⎯⎯⎯⎯⎯⎯⎯⎯⎯⎯⎯⎯⎯⎯⎯⎯⎯⎯[35/165]⎯

 FAIL  |provider-mysql2| tests/providers/docker/mysql2-scalars.test.ts > MySQL2 Driver > MySQL2 field references > a reference resolves through .map()ed column names
MigrationError: Push completed its statements but the final live fingerprint does not match the desired schema
⎯⎯⎯⎯⎯⎯⎯⎯⎯⎯⎯⎯⎯⎯⎯⎯⎯⎯⎯⎯⎯[36/165]⎯

 FAIL  |provider-mysql2| tests/providers/docker/mysql2-scalars.test.ts > MySQL2 Driver > MySQL2 field references > string prefix/suffix/substring predicates accept a reference
MigrationError: Push completed its statements but the final live fingerprint does not match the desired schema
⎯⎯⎯⎯⎯⎯⎯⎯⎯⎯⎯⎯⎯⎯⎯⎯⎯⎯⎯⎯⎯[37/165]⎯

 FAIL  |provider-mysql2| tests/providers/docker/mysql2-scalars.test.ts > MySQL2 Driver > MySQL2 field references > a callback is refused where only the token is accepted
MigrationError: Push completed its statements but the final live fingerprint does not match the desired schema
⎯⎯⎯⎯⎯⎯⎯⎯⎯⎯⎯⎯⎯⎯⎯⎯⎯⎯⎯⎯⎯[38/165]⎯

 FAIL  |provider-mysql2| tests/providers/docker/mysql2-scalars.test.ts > MySQL2 Driver > MySQL2 field references > case folding against a referenced column > default mode compares case-sensitively, whatever the server collation
MigrationError: Push completed its statements but the final live fingerprint does not match the desired schema
⎯⎯⎯⎯⎯⎯⎯⎯⎯⎯⎯⎯⎯⎯⎯⎯⎯⎯⎯⎯⎯[39/165]⎯

 FAIL  |provider-mysql2| tests/providers/docker/mysql2-scalars.test.ts > MySQL2 Driver > MySQL2 field references > case folding against a referenced column > insensitive mode folds both the filtered and the referenced column
MigrationError: Push completed its statements but the final live fingerprint does not match the desired schema
⎯⎯⎯⎯⎯⎯⎯⎯⎯⎯⎯⎯⎯⎯⎯⎯⎯⎯⎯⎯⎯[40/165]⎯

 FAIL  |provider-mysql2| tests/providers/docker/mysql2-scalars.test.ts > MySQL2 Driver > MySQL2 field references > case folding against a referenced column > insensitive contains folds the referenced column
MigrationError: Push completed its statements but the final live fingerprint does not match the desired schema
⎯⎯⎯⎯⎯⎯⎯⎯⎯⎯⎯⎯⎯⎯⎯⎯⎯⎯⎯⎯⎯[41/165]⎯

 FAIL  |provider-mysql2| tests/providers/docker/mysql2-scalars.test.ts > MySQL2 Driver > MySQL2 field references > case folding against a referenced column > insensitive startsWith folds the referenced column
MigrationError: Push completed its statements but the final live fingerprint does not match the desired schema
⎯⎯⎯⎯⎯⎯⎯⎯⎯⎯⎯⎯⎯⎯⎯⎯⎯⎯⎯⎯⎯[42/165]⎯

 FAIL  |provider-mysql2| tests/providers/docker/mysql2-scalars.test.ts > MySQL2 Driver > MySQL2 field references > case folding against a referenced column > insensitive endsWith folds the referenced column
MigrationError: Push completed its statements but the final live fingerprint does not match the desired schema
⎯⎯⎯⎯⎯⎯⎯⎯⎯⎯⎯⎯⎯⎯⎯⎯⎯⎯⎯⎯⎯[43/165]⎯

 FAIL  |provider-mysql2| tests/providers/docker/mysql2-scalars.test.ts > MySQL2 Driver > MySQL2 field references > case folding against a referenced column > insensitive `not` complements the folded comparison
MigrationError: Push completed its statements but the final live fingerprint does not match the desired schema
⎯⎯⎯⎯⎯⎯⎯⎯⎯⎯⎯⎯⎯⎯⎯⎯⎯⎯⎯⎯⎯[44/165]⎯

 FAIL  |provider-mysql2| tests/providers/docker/mysql2-scalars.test.ts > MySQL2 Driver > MySQL2 field references > case folding against a referenced column > insensitive mode folds ASCII only
MigrationError: Push completed its statements but the final live fingerprint does not match the desired schema
⎯⎯⎯⎯⎯⎯⎯⎯⎯⎯⎯⎯⎯⎯⎯⎯⎯⎯⎯⎯⎯[45/165]⎯

 FAIL  |provider-mysql2| tests/providers/docker/mysql2-scalars.test.ts > MySQL2 Driver > MySQL2 field references > enum references > equals compares two enum columns of the same row
MigrationError: Push completed its statements but the final live fingerprint does not match the desired schema
⎯⎯⎯⎯⎯⎯⎯⎯⎯⎯⎯⎯⎯⎯⎯⎯⎯⎯⎯⎯⎯[46/165]⎯

 FAIL  |provider-mysql2| tests/providers/docker/mysql2-scalars.test.ts > MySQL2 Driver > MySQL2 field references > enum references > not complements it
MigrationError: Push completed its statements but the final live fingerprint does not match the desired schema
⎯⎯⎯⎯⎯⎯⎯⎯⎯⎯⎯⎯⎯⎯⎯⎯⎯⎯⎯⎯⎯[47/165]⎯

 FAIL  |provider-mysql2| tests/providers/docker/mysql2-scalars.test.ts > MySQL2 Driver > MySQL2 field references > enum references > a bare enum reference is the equals shorthand
MigrationError: Push completed its statements but the final live fingerprint does not match the desired schema
⎯⎯⎯⎯⎯⎯⎯⎯⎯⎯⎯⎯⎯⎯⎯⎯⎯⎯⎯⎯⎯[48/165]⎯

 FAIL  |provider-mysql2| tests/providers/docker/mysql2-scalars.test.ts > MySQL2 Driver > MySQL2 field references > enum references > the reference resolves through the .map()ed column name
MigrationError: Push completed its statements but the final live fingerprint does not match the desired schema
⎯⎯⎯⎯⎯⎯⎯⎯⎯⎯⎯⎯⎯⎯⎯⎯⎯⎯⎯⎯⎯[49/165]⎯

 FAIL  |provider-mysql2| tests/providers/docker/mysql2-scalars.test.ts > MySQL2 Driver > MySQL2 field references > enum references > lt on an enum is refused with the portability reason
MigrationError: Push completed its statements but the final live fingerprint does not match the desired schema
⎯⎯⎯⎯⎯⎯⎯⎯⎯⎯⎯⎯⎯⎯⎯⎯⎯⎯⎯⎯⎯[50/165]⎯

 FAIL  |provider-mysql2| tests/providers/docker/mysql2-scalars.test.ts > MySQL2 Driver > MySQL2 field references > enum references > lte on an enum is refused with the portability reason
MigrationError: Push completed its statements but the final live fingerprint does not match the desired schema
⎯⎯⎯⎯⎯⎯⎯⎯⎯⎯⎯⎯⎯⎯⎯⎯⎯⎯⎯⎯⎯[51/165]⎯

 FAIL  |provider-mysql2| tests/providers/docker/mysql2-scalars.test.ts > MySQL2 Driver > MySQL2 field references > enum references > gt on an enum is refused with the portability reason
MigrationError: Push completed its statements but the final live fingerprint does not match the desired schema
⎯⎯⎯⎯⎯⎯⎯⎯⎯⎯⎯⎯⎯⎯⎯⎯⎯⎯⎯⎯⎯[52/165]⎯

 FAIL  |provider-mysql2| tests/providers/docker/mysql2-scalars.test.ts > MySQL2 Driver > MySQL2 field references > enum references > gte on an enum is refused with the portability reason
MigrationError: Push completed its statements but the final live fingerprint does not match the desired schema
⎯⎯⎯⎯⎯⎯⎯⎯⎯⎯⎯⎯⎯⎯⎯⎯⎯⎯⎯⎯⎯[53/165]⎯

 FAIL  |provider-mysql2| tests/providers/docker/mysql2-scalars.test.ts > MySQL2 Driver > MySQL2 field references > enum references > literal enum filters are untouched
MigrationError: Push completed its statements but the final live fingerprint does not match the desired schema
⎯⎯⎯⎯⎯⎯⎯⎯⎯⎯⎯⎯⎯⎯⎯⎯⎯⎯⎯⎯⎯[54/165]⎯

 FAIL  |provider-mysql2| tests/providers/docker/mysql2-scalars.test.ts > MySQL2 Driver > MySQL2 field references > a reference mixes with literal operands in one filter object
MigrationError: Push completed its statements but the final live fingerprint does not match the desired schema
⎯⎯⎯⎯⎯⎯⎯⎯⎯⎯⎯⎯⎯⎯⎯⎯⎯⎯⎯⎯⎯[55/165]⎯

 FAIL  |provider-mysql2| tests/providers/docker/mysql2-scalars.test.ts > MySQL2 Driver > MySQL2 field references > a reference works inside a nested relation where
MigrationError: Push completed its statements but the final live fingerprint does not match the desired schema
⎯⎯⎯⎯⎯⎯⎯⎯⎯⎯⎯⎯⎯⎯⎯⎯⎯⎯⎯⎯⎯[56/165]⎯

 FAIL  |provider-mysql2| tests/providers/docker/mysql2-scalars.test.ts > MySQL2 Driver > MySQL2 field references > the nested scope's own model is the one a reference must name
MigrationError: Push completed its statements but the final live fingerprint does not match the desired schema
⎯⎯⎯⎯⎯⎯⎯⎯⎯⎯⎯⎯⎯⎯⎯⎯⎯⎯⎯⎯⎯[57/165]⎯

 FAIL  |provider-mysql2| tests/providers/docker/mysql2-scalars.test.ts > MySQL2 Driver > MySQL2 field references > a reference drives updateMany and deleteMany
MigrationError: Push completed its statements but the final live fingerprint does not match the desired schema
⎯⎯⎯⎯⎯⎯⎯⎯⎯⎯⎯⎯⎯⎯⎯⎯⎯⎯⎯⎯⎯[58/165]⎯

 FAIL  |provider-mysql2| tests/providers/docker/mysql2-scalars.test.ts > MySQL2 Driver > MySQL2 field references > two decimals of the SAME domain compare exactly
MigrationError: Push completed its statements but the final live fingerprint does not match the desired schema
⎯⎯⎯⎯⎯⎯⎯⎯⎯⎯⎯⎯⎯⎯⎯⎯⎯⎯⎯⎯⎯[59/165]⎯

 FAIL  |provider-mysql2| tests/providers/docker/mysql2-scalars.test.ts > MySQL2 Driver > MySQL2 field references > two decimals of DIFFERENT domains are refused before any I/O
MigrationError: Push completed its statements but the final live fingerprint does not match the desired schema
⎯⎯⎯⎯⎯⎯⎯⎯⎯⎯⎯⎯⎯⎯⎯⎯⎯⎯⎯⎯⎯[60/165]⎯

 FAIL  |provider-mysql2| tests/providers/docker/mysql2-scalars.test.ts > MySQL2 Driver > MySQL2 field references > a cross-model reference is refused before any I/O
MigrationError: Push completed its statements but the final live fingerprint does not match the desired schema
⎯⎯⎯⎯⎯⎯⎯⎯⎯⎯⎯⎯⎯⎯⎯⎯⎯⎯⎯⎯⎯[61/165]⎯

 FAIL  |provider-mysql2| tests/providers/docker/mysql2-scalars.test.ts > MySQL2 Driver > MySQL2 field references > a reference of the wrong scalar type is refused
MigrationError: Push completed its statements but the final live fingerprint does not match the desired schema
⎯⎯⎯⎯⎯⎯⎯⎯⎯⎯⎯⎯⎯⎯⎯⎯⎯⎯⎯⎯⎯[62/165]⎯

 FAIL  |provider-mysql2| tests/providers/docker/mysql2-scalars.test.ts > MySQL2 Driver > MySQL2 field references > a reference is refused in in/notIn
MigrationError: Push completed its statements but the final live fingerprint does not match the desired schema
⎯⎯⎯⎯⎯⎯⎯⎯⎯⎯⎯⎯⎯⎯⎯⎯⎯⎯⎯⎯⎯[63/165]⎯

 FAIL  |provider-mysql2| tests/providers/docker/mysql2-scalars.test.ts > MySQL2 Driver > MySQL2 field references > a reference is refused in `having`, however deeply nested
MigrationError: Push completed its statements but the final live fingerprint does not match the desired schema
⎯⎯⎯⎯⎯⎯⎯⎯⎯⎯⎯⎯⎯⎯⎯⎯⎯⎯⎯⎯⎯[64/165]⎯

 FAIL  |provider-mysql2| tests/providers/docker/mysql2-scalars.test.ts > MySQL2 Driver > MySQL2 field references > a reference is refused in JSON filters and JSON write data
MigrationError: Push completed its statements but the final live fingerprint does not match the desired schema
⎯⎯⎯⎯⎯⎯⎯⎯⎯⎯⎯⎯⎯⎯⎯⎯⎯⎯⎯⎯⎯[65/165]⎯

 FAIL  |provider-mysql2| tests/providers/docker/mysql2-scalars.test.ts > MySQL2 Driver > MySQL2 field references > SQL fragment operands > an arithmetic expression compares against the row
MigrationError: Push completed its statements but the final live fingerprint does not match the desired schema
⎯⎯⎯⎯⎯⎯⎯⎯⎯⎯⎯⎯⎯⎯⎯⎯⎯⎯⎯⎯⎯[66/165]⎯

 FAIL  |provider-mysql2| tests/providers/docker/mysql2-scalars.test.ts > MySQL2 Driver > MySQL2 field references > SQL fragment operands > a scalar subquery compares against the whole table
MigrationError: Push completed its statements but the final live fingerprint does not match the desired schema
⎯⎯⎯⎯⎯⎯⎯⎯⎯⎯⎯⎯⎯⎯⎯⎯⎯⎯⎯⎯⎯[67/165]⎯

 FAIL  |provider-mysql2| tests/providers/docker/mysql2-scalars.test.ts > MySQL2 Driver > MySQL2 field references > SQL fragment operands > an interpolated value rides as a bound parameter
MigrationError: Push completed its statements but the final live fingerprint does not match the desired schema
⎯⎯⎯⎯⎯⎯⎯⎯⎯⎯⎯⎯⎯⎯⎯⎯⎯⎯⎯⎯⎯[68/165]⎯

 FAIL  |provider-mysql2| tests/providers/docker/mysql2-scalars.test.ts > MySQL2 Driver > MySQL2 field references > SQL fragment operands > a fragment, a reference and a literal mix in one filter
MigrationError: Push completed its statements but the final live fingerprint does not match the desired schema
⎯⎯⎯⎯⎯⎯⎯⎯⎯⎯⎯⎯⎯⎯⎯⎯⎯⎯⎯⎯⎯[69/165]⎯

 FAIL  |provider-mysql2| tests/providers/docker/mysql2-scalars.test.ts > MySQL2 Driver > MySQL2 field references > SQL fragment operands > a fragment drives updateMany and deleteMany
MigrationError: Push completed its statements but the final live fingerprint does not match the desired schema
⎯⎯⎯⎯⎯⎯⎯⎯⎯⎯⎯⎯⎯⎯⎯⎯⎯⎯⎯⎯⎯[70/165]⎯

 FAIL  |provider-mysql2| tests/providers/docker/mysql2-scalars.test.ts > MySQL2 Driver > MySQL2 field references > SQL fragment operands > a fragment survives both execution substrates
MigrationError: Push completed its statements but the final live fingerprint does not match the desired schema
⎯⎯⎯⎯⎯⎯⎯⎯⎯⎯⎯⎯⎯⎯⎯⎯⎯⎯⎯⎯⎯[71/165]⎯

 FAIL  |provider-mysql2| tests/providers/docker/mysql2-scalars.test.ts > MySQL2 Driver > MySQL2 field references > SQL fragment operands > a fragment is refused where a reference is
MigrationError: Push completed its statements but the final live fingerprint does not match the desired schema
⎯⎯⎯⎯⎯⎯⎯⎯⎯⎯⎯⎯⎯⎯⎯⎯⎯⎯⎯⎯⎯[72/165]⎯

 FAIL  |provider-mysql2| tests/providers/docker/mysql2-scalars.test.ts > MySQL2 Driver > MySQL2 full scalar-type round-trip behavior > every scalar type round-trips exactly top-level
MigrationError: Push completed its statements but the final live fingerprint does not match the desired schema
⎯⎯⎯⎯⎯⎯⎯⎯⎯⎯⎯⎯⎯⎯⎯⎯⎯⎯⎯⎯⎯[73/165]⎯

 FAIL  |provider-mysql2| tests/providers/docker/mysql2-scalars.test.ts > MySQL2 Driver > MySQL2 full scalar-type round-trip behavior > every scalar type round-trips exactly inside an include
MigrationError: Push completed its statements but the final live fingerprint does not match the desired schema
⎯⎯⎯⎯⎯⎯⎯⎯⎯⎯⎯⎯⎯⎯⎯⎯⎯⎯⎯⎯⎯[74/165]⎯

 FAIL  |provider-mysql2| tests/providers/docker/mysql2-scalars.test.ts > MySQL2 Driver > MySQL2 full scalar-type round-trip behavior > json primitives round-trip with exact types
MigrationError: Push completed its statements but the final live fingerprint does not match the desired schema
⎯⎯⎯⎯⎯⎯⎯⎯⎯⎯⎯⎯⎯⎯⎯⎯⎯⎯⎯⎯⎯[75/165]⎯

 FAIL  |provider-mysql2| tests/providers/docker/mysql2-scalars.test.ts > MySQL2 Driver > MySQL2 full scalar-type round-trip behavior > aggregates are scalar-aware
MigrationError: Push completed its statements but the final live fingerprint does not match the desired schema
⎯⎯⎯⎯⎯⎯⎯⎯⎯⎯⎯⎯⎯⎯⎯⎯⎯⎯⎯⎯⎯[76/165]⎯

 FAIL  |provider-mysql2| tests/providers/docker/mysql2-scalars.test.ts > MySQL2 Driver > MySQL2 Prisma parity > insensitive mode on equality filters > equals matches case-insensitively
MigrationError: Push completed its statements but the final live fingerprint does not match the desired schema
⎯⎯⎯⎯⎯⎯⎯⎯⎯⎯⎯⎯⎯⎯⎯⎯⎯⎯⎯⎯⎯[77/165]⎯

 FAIL  |provider-mysql2| tests/providers/docker/mysql2-scalars.test.ts > MySQL2 Driver > MySQL2 Prisma parity > insensitive mode on equality filters > insensitive equality and set filters fold ASCII only
MigrationError: Push completed its statements but the final live fingerprint does not match the desired schema
⎯⎯⎯⎯⎯⎯⎯⎯⎯⎯⎯⎯⎯⎯⎯⎯⎯⎯⎯⎯⎯[78/165]⎯

 FAIL  |provider-mysql2| tests/providers/docker/mysql2-scalars.test.ts > MySQL2 Driver > MySQL2 Prisma parity > insensitive mode on equality filters > equals stays case-sensitive without mode
MigrationError: Push completed its statements but the final live fingerprint does not match the desired schema
⎯⎯⎯⎯⎯⎯⎯⎯⎯⎯⎯⎯⎯⎯⎯⎯⎯⎯⎯⎯⎯[79/165]⎯

 FAIL  |provider-mysql2| tests/providers/docker/mysql2-scalars.test.ts > MySQL2 Driver > MySQL2 Prisma parity > insensitive mode on equality filters > not stays case-sensitive without mode
MigrationError: Push completed its statements but the final live fingerprint does not match the desired schema
⎯⎯⎯⎯⎯⎯⎯⎯⎯⎯⎯⎯⎯⎯⎯⎯⎯⎯⎯⎯⎯[80/165]⎯

 FAIL  |provider-mysql2| tests/providers/docker/mysql2-scalars.test.ts > MySQL2 Driver > MySQL2 Prisma parity > insensitive mode on equality filters > in stays case-sensitive without mode
MigrationError: Push completed its statements but the final live fingerprint does not match the desired schema
⎯⎯⎯⎯⎯⎯⎯⎯⎯⎯⎯⎯⎯⎯⎯⎯⎯⎯⎯⎯⎯[81/165]⎯

 FAIL  |provider-mysql2| tests/providers/docker/mysql2-scalars.test.ts > MySQL2 Driver > MySQL2 Prisma parity > insensitive mode on equality filters > notIn stays case-sensitive without mode
MigrationError: Push completed its statements but the final live fingerprint does not match the desired schema
⎯⎯⎯⎯⎯⎯⎯⎯⎯⎯⎯⎯⎯⎯⎯⎯⎯⎯⎯⎯⎯[82/165]⎯

 FAIL  |provider-mysql2| tests/providers/docker/mysql2-scalars.test.ts > MySQL2 Driver > MySQL2 Prisma parity > insensitive mode on equality filters > insensitive equals does not treat % as a wildcard
MigrationError: Push completed its statements but the final live fingerprint does not match the desired schema
⎯⎯⎯⎯⎯⎯⎯⎯⎯⎯⎯⎯⎯⎯⎯⎯⎯⎯⎯⎯⎯[83/165]⎯

 FAIL  |provider-mysql2| tests/providers/docker/mysql2-scalars.test.ts > MySQL2 Driver > MySQL2 Prisma parity > insensitive mode on equality filters > not excludes case-insensitively
MigrationError: Push completed its statements but the final live fingerprint does not match the desired schema
⎯⎯⎯⎯⎯⎯⎯⎯⎯⎯⎯⎯⎯⎯⎯⎯⎯⎯⎯⎯⎯[84/165]⎯

 FAIL  |provider-mysql2| tests/providers/docker/mysql2-scalars.test.ts > MySQL2 Driver > MySQL2 Prisma parity > insensitive mode on equality filters > in matches case-insensitively
MigrationError: Push completed its statements but the final live fingerprint does not match the desired schema
⎯⎯⎯⎯⎯⎯⎯⎯⎯⎯⎯⎯⎯⎯⎯⎯⎯⎯⎯⎯⎯[85/165]⎯

 FAIL  |provider-mysql2| tests/providers/docker/mysql2-scalars.test.ts > MySQL2 Driver > MySQL2 Prisma parity > insensitive mode on equality filters > insensitive in does not treat % as a wildcard
MigrationError: Push completed its statements but the final live fingerprint does not match the desired schema
⎯⎯⎯⎯⎯⎯⎯⎯⎯⎯⎯⎯⎯⎯⎯⎯⎯⎯⎯⎯⎯[86/165]⎯

 FAIL  |provider-mysql2| tests/providers/docker/mysql2-scalars.test.ts > MySQL2 Driver > MySQL2 Prisma parity > insensitive mode on equality filters > insensitive in with empty list matches nothing
MigrationError: Push completed its statements but the final live fingerprint does not match the desired schema
⎯⎯⎯⎯⎯⎯⎯⎯⎯⎯⎯⎯⎯⎯⎯⎯⎯⎯⎯⎯⎯[87/165]⎯

 FAIL  |provider-mysql2| tests/providers/docker/mysql2-scalars.test.ts > MySQL2 Driver > MySQL2 Prisma parity > insensitive mode on equality filters > notIn excludes case-insensitively
MigrationError: Push completed its statements but the final live fingerprint does not match the desired schema
⎯⎯⎯⎯⎯⎯⎯⎯⎯⎯⎯⎯⎯⎯⎯⎯⎯⎯⎯⎯⎯[88/165]⎯

 FAIL  |provider-mysql2| tests/providers/docker/mysql2-scalars.test.ts > MySQL2 Driver > MySQL2 Prisma parity > string substring filters > contains stays case-sensitive without mode
MigrationError: Push completed its statements but the final live fingerprint does not match the desired schema
⎯⎯⎯⎯⎯⎯⎯⎯⎯⎯⎯⎯⎯⎯⎯⎯⎯⎯⎯⎯⎯[89/165]⎯

 FAIL  |provider-mysql2| tests/providers/docker/mysql2-scalars.test.ts > MySQL2 Driver > MySQL2 Prisma parity > string substring filters > startsWith stays case-sensitive without mode
MigrationError: Push completed its statements but the final live fingerprint does not match the desired schema
⎯⎯⎯⎯⎯⎯⎯⎯⎯⎯⎯⎯⎯⎯⎯⎯⎯⎯⎯⎯⎯[90/165]⎯

 FAIL  |provider-mysql2| tests/providers/docker/mysql2-scalars.test.ts > MySQL2 Driver > MySQL2 Prisma parity > string substring filters > endsWith stays case-sensitive without mode
MigrationError: Push completed its statements but the final live fingerprint does not match the desired schema
⎯⎯⎯⎯⎯⎯⎯⎯⎯⎯⎯⎯⎯⎯⎯⎯⎯⎯⎯⎯⎯[91/165]⎯

 FAIL  |provider-mysql2| tests/providers/docker/mysql2-scalars.test.ts > MySQL2 Driver > MySQL2 Prisma parity > string substring filters > default substring filters treat wildcard characters literally
MigrationError: Push completed its statements but the final live fingerprint does not match the desired schema
⎯⎯⎯⎯⎯⎯⎯⎯⎯⎯⎯⎯⎯⎯⎯⎯⎯⎯⎯⎯⎯[92/165]⎯

 FAIL  |provider-mysql2| tests/providers/docker/mysql2-scalars.test.ts > MySQL2 Driver > MySQL2 Prisma parity > string substring filters > default substring filters handle empty and non-ASCII values exactly
MigrationError: Push completed its statements but the final live fingerprint does not match the desired schema
⎯⎯⎯⎯⎯⎯⎯⎯⎯⎯⎯⎯⎯⎯⎯⎯⎯⎯⎯⎯⎯[93/165]⎯

 FAIL  |provider-mysql2| tests/providers/docker/mysql2-scalars.test.ts > MySQL2 Driver > MySQL2 Prisma parity > string substring filters > startsWith matches case-insensitively
MigrationError: Push completed its statements but the final live fingerprint does not match the desired schema
⎯⎯⎯⎯⎯⎯⎯⎯⎯⎯⎯⎯⎯⎯⎯⎯⎯⎯⎯⎯⎯[94/165]⎯

 FAIL  |provider-mysql2| tests/providers/docker/mysql2-scalars.test.ts > MySQL2 Driver > MySQL2 Prisma parity > string substring filters > endsWith matches case-insensitively
MigrationError: Push completed its statements but the final live fingerprint does not match the desired schema
⎯⎯⎯⎯⎯⎯⎯⎯⎯⎯⎯⎯⎯⎯⎯⎯⎯⎯⎯⎯⎯[95/165]⎯

 FAIL  |provider-mysql2| tests/providers/docker/mysql2-scalars.test.ts > MySQL2 Driver > MySQL2 Prisma parity > string substring filters > insensitive endsWith matches every case variant
MigrationError: Push completed its statements but the final live fingerprint does not match the desired schema
⎯⎯⎯⎯⎯⎯⎯⎯⎯⎯⎯⎯⎯⎯⎯⎯⎯⎯⎯⎯⎯[96/165]⎯

 FAIL  |provider-mysql2| tests/providers/docker/mysql2-scalars.test.ts > MySQL2 Driver > MySQL2 Prisma parity > string substring filters > insensitive substring filters fold ASCII only
MigrationError: Push completed its statements but the final live fingerprint does not match the desired schema
⎯⎯⎯⎯⎯⎯⎯⎯⎯⎯⎯⎯⎯⎯⎯⎯⎯⎯⎯⎯⎯[97/165]⎯

 FAIL  |provider-mysql2| tests/providers/docker/mysql2-scalars.test.ts > MySQL2 Driver > MySQL2 Prisma parity > string substring filters > insensitive startsWith does not treat % as a wildcard
MigrationError: Push completed its statements but the final live fingerprint does not match the desired schema
⎯⎯⎯⎯⎯⎯⎯⎯⎯⎯⎯⎯⎯⎯⎯⎯⎯⎯⎯⎯⎯[98/165]⎯

 FAIL  |provider-mysql2| tests/providers/docker/mysql2-scalars.test.ts > MySQL2 Driver > MySQL2 Prisma parity > string substring filters > insensitive endsWith does not treat % as a wildcard
MigrationError: Push completed its statements but the final live fingerprint does not match the desired schema
⎯⎯⎯⎯⎯⎯⎯⎯⎯⎯⎯⎯⎯⎯⎯⎯⎯⎯⎯⎯⎯[99/165]⎯

 FAIL  |provider-mysql2| tests/providers/docker/mysql2-scalars.test.ts > MySQL2 Driver > MySQL2 Prisma parity > NOT and OR combinators > top-level NOT excludes matching rows
MigrationError: Push completed its statements but the final live fingerprint does not match the desired schema
⎯⎯⎯⎯⎯⎯⎯⎯⎯⎯⎯⎯⎯⎯⎯⎯⎯⎯⎯⎯[100/165]⎯

 FAIL  |provider-mysql2| tests/providers/docker/mysql2-scalars.test.ts > MySQL2 Driver > MySQL2 Prisma parity > NOT and OR combinators > NOT {contains} does not match NULL rows (Prisma parity)
MigrationError: Push completed its statements but the final live fingerprint does not match the desired schema
⎯⎯⎯⎯⎯⎯⎯⎯⎯⎯⎯⎯⎯⎯⎯⎯⎯⎯⎯⎯[101/165]⎯

 FAIL  |provider-mysql2| tests/providers/docker/mysql2-scalars.test.ts > MySQL2 Driver > MySQL2 Prisma parity > NOT and OR combinators > NOT with equality also skips NULL rows
MigrationError: Push completed its statements but the final live fingerprint does not match the desired schema
⎯⎯⎯⎯⎯⎯⎯⎯⎯⎯⎯⎯⎯⎯⎯⎯⎯⎯⎯⎯[102/165]⎯

 FAIL  |provider-mysql2| tests/providers/docker/mysql2-scalars.test.ts > MySQL2 Driver > MySQL2 Prisma parity > NOT and OR combinators > NOT combines with AND
MigrationError: Push completed its statements but the final live fingerprint does not match the desired schema
⎯⎯⎯⎯⎯⎯⎯⎯⎯⎯⎯⎯⎯⎯⎯⎯⎯⎯⎯⎯[103/165]⎯

 FAIL  |provider-mysql2| tests/providers/docker/mysql2-scalars.test.ts > MySQL2 Driver > MySQL2 Prisma parity > NOT and OR combinators > NOT combines with OR
MigrationError: Push completed its statements but the final live fingerprint does not match the desired schema
⎯⎯⎯⎯⎯⎯⎯⎯⎯⎯⎯⎯⎯⎯⎯⎯⎯⎯⎯⎯[104/165]⎯

 FAIL  |provider-mysql2| tests/providers/docker/mysql2-scalars.test.ts > MySQL2 Driver > MySQL2 Prisma parity > NOT and OR combinators > nested NOT double-negates but still skips NULL rows
MigrationError: Push completed its statements but the final live fingerprint does not match the desired schema
⎯⎯⎯⎯⎯⎯⎯⎯⎯⎯⎯⎯⎯⎯⎯⎯⎯⎯⎯⎯[105/165]⎯

 FAIL  |provider-mysql2| tests/providers/docker/mysql2-scalars.test.ts > MySQL2 Driver > MySQL2 Prisma parity > NOT and OR combinators > NOT array negates each condition and ANDs them (Prisma parity)
MigrationError: Push completed its statements but the final live fingerprint does not match the desired schema
⎯⎯⎯⎯⎯⎯⎯⎯⎯⎯⎯⎯⎯⎯⎯⎯⎯⎯⎯⎯[106/165]⎯

 FAIL  |provider-mysql2| tests/providers/docker/mysql2-scalars.test.ts > MySQL2 Driver > MySQL2 Prisma parity > NOT and OR combinators > OR of two scalar predicates
MigrationError: Push completed its statements but the final live fingerprint does not match the desired schema
⎯⎯⎯⎯⎯⎯⎯⎯⎯⎯⎯⎯⎯⎯⎯⎯⎯⎯⎯⎯[107/165]⎯

 FAIL  |provider-mysql2| tests/providers/docker/mysql2-scalars.test.ts > MySQL2 Driver > MySQL2 Prisma parity > NOT and OR combinators > OR with a null check matches NULL rows via IS NULL
MigrationError: Push completed its statements but the final live fingerprint does not match the desired schema
⎯⎯⎯⎯⎯⎯⎯⎯⎯⎯⎯⎯⎯⎯⎯⎯⎯⎯⎯⎯[108/165]⎯

 FAIL  |provider-mysql2| tests/providers/docker/mysql2-scalars.test.ts > MySQL2 Driver > MySQL2 Prisma parity > enum in/notIn filters > enum equals matches a single value
MigrationError: Push completed its statements but the final live fingerprint does not match the desired schema
⎯⎯⎯⎯⎯⎯⎯⎯⎯⎯⎯⎯⎯⎯⎯⎯⎯⎯⎯⎯[109/165]⎯

 FAIL  |provider-mysql2| tests/providers/docker/mysql2-scalars.test.ts > MySQL2 Driver > MySQL2 Prisma parity > enum in/notIn filters > enum in matches listed values and skips NULL rows
MigrationError: Push completed its statements but the final live fingerprint does not match the desired schema
⎯⎯⎯⎯⎯⎯⎯⎯⎯⎯⎯⎯⎯⎯⎯⎯⎯⎯⎯⎯[110/165]⎯

 FAIL  |provider-mysql2| tests/providers/docker/mysql2-scalars.test.ts > MySQL2 Driver > MySQL2 Prisma parity > enum in/notIn filters > enum in with empty list matches nothing
MigrationError: Push completed its statements but the final live fingerprint does not match the desired schema
⎯⎯⎯⎯⎯⎯⎯⎯⎯⎯⎯⎯⎯⎯⎯⎯⎯⎯⎯⎯[111/165]⎯

 FAIL  |provider-mysql2| tests/providers/docker/mysql2-scalars.test.ts > MySQL2 Driver > MySQL2 Prisma parity > enum in/notIn filters > enum notIn excludes listed values and NULL rows
MigrationError: Push completed its statements but the final live fingerprint does not match the desired schema
⎯⎯⎯⎯⎯⎯⎯⎯⎯⎯⎯⎯⎯⎯⎯⎯⎯⎯⎯⎯[112/165]⎯

 FAIL  |provider-mysql2| tests/providers/docker/mysql2-scalars.test.ts > MySQL2 Driver > MySQL2 Prisma parity > enum in/notIn filters > enum notIn with empty list matches every row
MigrationError: Push completed its statements but the final live fingerprint does not match the desired schema
⎯⎯⎯⎯⎯⎯⎯⎯⎯⎯⎯⎯⎯⎯⎯⎯⎯⎯⎯⎯[113/165]⎯

 FAIL  |provider-mysql2| tests/providers/docker/mysql2-scalars.test.ts > MySQL2 Driver > MySQL2 Prisma parity > empty select rejection > empty select object throws
MigrationError: Push completed its statements but the final live fingerprint does not match the desired schema
⎯⎯⎯⎯⎯⎯⎯⎯⎯⎯⎯⎯⎯⎯⎯⎯⎯⎯⎯⎯[114/165]⎯

 FAIL  |provider-mysql2| tests/providers/docker/mysql2-scalars.test.ts > MySQL2 Driver > MySQL2 Prisma parity > empty select rejection > all-false select throws
MigrationError: Push completed its statements but the final live fingerprint does not match the desired schema
⎯⎯⎯⎯⎯⎯⎯⎯⎯⎯⎯⎯⎯⎯⎯⎯⎯⎯⎯⎯[115/165]⎯

 FAIL  |provider-mysql2| tests/providers/docker/mysql2-scalars.test.ts > MySQL2 Driver > MySQL2 Prisma parity > groupBy ordering and having > orderBy a non-grouped column is rejected
MigrationError: Push completed its statements but the final live fingerprint does not match the desired schema
⎯⎯⎯⎯⎯⎯⎯⎯⎯⎯⎯⎯⎯⎯⎯⎯⎯⎯⎯⎯[116/165]⎯

 FAIL  |provider-mysql2| tests/providers/docker/mysql2-scalars.test.ts > MySQL2 Driver > MySQL2 Prisma parity > groupBy ordering and having > orderBy a grouped column still works
MigrationError: Push completed its statements but the final live fingerprint does not match the desired schema
⎯⎯⎯⎯⎯⎯⎯⎯⎯⎯⎯⎯⎯⎯⎯⎯⎯⎯⎯⎯[117/165]⎯

 FAIL  |provider-mysql2| tests/providers/docker/mysql2-scalars.test.ts > MySQL2 Driver > MySQL2 Prisma parity > groupBy ordering and having > orderBy _count on a field
MigrationError: Push completed its statements but the final live fingerprint does not match the desired schema
⎯⎯⎯⎯⎯⎯⎯⎯⎯⎯⎯⎯⎯⎯⎯⎯⎯⎯⎯⎯[118/165]⎯

 FAIL  |provider-mysql2| tests/providers/docker/mysql2-scalars.test.ts > MySQL2 Driver > MySQL2 Prisma parity > groupBy ordering and having > orderBy _count _all
MigrationError: Push completed its statements but the final live fingerprint does not match the desired schema
⎯⎯⎯⎯⎯⎯⎯⎯⎯⎯⎯⎯⎯⎯⎯⎯⎯⎯⎯⎯[119/165]⎯

 FAIL  |provider-mysql2| tests/providers/docker/mysql2-scalars.test.ts > MySQL2 Driver > MySQL2 Prisma parity > groupBy ordering and having > orderBy _sum
MigrationError: Push completed its statements but the final live fingerprint does not match the desired schema
⎯⎯⎯⎯⎯⎯⎯⎯⎯⎯⎯⎯⎯⎯⎯⎯⎯⎯⎯⎯[120/165]⎯

 FAIL  |provider-mysql2| tests/providers/docker/mysql2-scalars.test.ts > MySQL2 Driver > MySQL2 Prisma parity > groupBy ordering and having > having aggregate in filter
MigrationError: Push completed its statements but the final live fingerprint does not match the desired schema
⎯⎯⎯⎯⎯⎯⎯⎯⎯⎯⎯⎯⎯⎯⎯⎯⎯⎯⎯⎯[121/165]⎯

 FAIL  |provider-mysql2| tests/providers/docker/mysql2-scalars.test.ts > MySQL2 Driver > MySQL2 Prisma parity > groupBy ordering and having > having aggregate in with empty list matches nothing
MigrationError: Push completed its statements but the final live fingerprint does not match the desired schema
⎯⎯⎯⎯⎯⎯⎯⎯⎯⎯⎯⎯⎯⎯⎯⎯⎯⎯⎯⎯[122/165]⎯

 FAIL  |provider-mysql2| tests/providers/docker/mysql2-scalars.test.ts > MySQL2 Driver > MySQL2 Prisma parity > groupBy ordering and having > having aggregate notIn with empty list matches everything
MigrationError: Push completed its statements but the final live fingerprint does not match the desired schema
⎯⎯⎯⎯⎯⎯⎯⎯⎯⎯⎯⎯⎯⎯⎯⎯⎯⎯⎯⎯[123/165]⎯

 FAIL  |provider-mysql2| tests/providers/docker/mysql2-scalars.test.ts > MySQL2 Driver > MySQL2 Prisma parity > groupBy ordering and having > having aggregate equals null uses IS NULL
MigrationError: Push completed its statements but the final live fingerprint does not match the desired schema
⎯⎯⎯⎯⎯⎯⎯⎯⎯⎯⎯⎯⎯⎯⎯⎯⎯⎯⎯⎯[124/165]⎯

 FAIL  |provider-mysql2| tests/providers/docker/mysql2-scalars.test.ts > MySQL2 Driver > MySQL2 Prisma parity > groupBy ordering and having > having aggregate not null uses IS NOT NULL
MigrationError: Push completed its statements but the final live fingerprint does not match the desired schema
⎯⎯⎯⎯⎯⎯⎯⎯⎯⎯⎯⎯⎯⎯⎯⎯⎯⎯⎯⎯[125/165]⎯

 FAIL  |provider-mysql2| tests/providers/docker/mysql2-scalars.test.ts > MySQL2 Driver > MySQL2 Prisma parity > groupBy ordering and having > where filters rows before grouping
MigrationError: Push completed its statements but the final live fingerprint does not match the desired schema
⎯⎯⎯⎯⎯⎯⎯⎯⎯⎯⎯⎯⎯⎯⎯⎯⎯⎯⎯⎯[126/165]⎯

 FAIL  |provider-mysql2| tests/providers/docker/mysql2-scalars.test.ts > MySQL2 Driver > MySQL2 Prisma parity > groupBy ordering and having > take with orderBy limits groups
MigrationError: Push completed its statements but the final live fingerprint does not match the desired schema
⎯⎯⎯⎯⎯⎯⎯⎯⎯⎯⎯⎯⎯⎯⎯⎯⎯⎯⎯⎯[127/165]⎯

 FAIL  |provider-mysql2| tests/providers/docker/mysql2-scalars.test.ts > MySQL2 Driver > MySQL2 Prisma parity > groupBy ordering and having > take and skip with orderBy window the groups
MigrationError: Push completed its statements but the final live fingerprint does not match the desired schema
⎯⎯⎯⎯⎯⎯⎯⎯⎯⎯⎯⎯⎯⎯⎯⎯⎯⎯⎯⎯[128/165]⎯

 FAIL  |provider-mysql2| tests/providers/docker/mysql2-scalars.test.ts > MySQL2 Driver > MySQL2 Prisma parity > groupBy ordering and having > take and skip with aggregate orderBy window the groups
MigrationError: Push completed its statements but the final live fingerprint does not match the desired schema
⎯⎯⎯⎯⎯⎯⎯⎯⎯⎯⎯⎯⎯⎯⎯⎯⎯⎯⎯⎯[129/165]⎯

 FAIL  |provider-mysql2| tests/providers/docker/mysql2-scalars.test.ts > MySQL2 Driver > MySQL2 Prisma parity > groupBy ordering and having > multi-field by groups on the field combination
MigrationError: Push completed its statements but the final live fingerprint does not match the desired schema
⎯⎯⎯⎯⎯⎯⎯⎯⎯⎯⎯⎯⎯⎯⎯⎯⎯⎯⎯⎯[130/165]⎯

 FAIL  |provider-mysql2| tests/providers/docker/mysql2-scalars.test.ts > MySQL2 Driver > MySQL2 Prisma parity > groupBy ordering and having > multi-field by supports having on aggregates
MigrationError: Push completed its statements but the final live fingerprint does not match the desired schema
⎯⎯⎯⎯⎯⎯⎯⎯⎯⎯⎯⎯⎯⎯⎯⎯⎯⎯⎯⎯[131/165]⎯

 FAIL  |provider-mysql2| tests/providers/docker/mysql2-scalars.test.ts > MySQL2 Driver > MySQL2 Prisma parity > groupBy ordering and having > having boolean combinators > OR of two single-group conditions matches both groups
MigrationError: Push completed its statements but the final live fingerprint does not match the desired schema
⎯⎯⎯⎯⎯⎯⎯⎯⎯⎯⎯⎯⎯⎯⎯⎯⎯⎯⎯⎯[132/165]⎯

 FAIL  |provider-mysql2| tests/providers/docker/mysql2-scalars.test.ts > MySQL2 Driver > MySQL2 Prisma parity > groupBy ordering and having > having boolean combinators > OR with a single unmatchable arm keeps only the other
MigrationError: Push completed its statements but the final live fingerprint does not match the desired schema
⎯⎯⎯⎯⎯⎯⎯⎯⎯⎯⎯⎯⎯⎯⎯⎯⎯⎯⎯⎯[133/165]⎯

 FAIL  |provider-mysql2| tests/providers/docker/mysql2-scalars.test.ts > MySQL2 Driver > MySQL2 Prisma parity > groupBy ordering and having > having boolean combinators > AND of the same two conditions matches nothing
MigrationError: Push completed its statements but the final live fingerprint does not match the desired schema
⎯⎯⎯⎯⎯⎯⎯⎯⎯⎯⎯⎯⎯⎯⎯⎯⎯⎯⎯⎯[134/165]⎯

 FAIL  |provider-mysql2| tests/providers/docker/mysql2-scalars.test.ts > MySQL2 Driver > MySQL2 Prisma parity > groupBy ordering and having > having boolean combinators > AND accepts a bare object as well as an array
MigrationError: Push completed its statements but the final live fingerprint does not match the desired schema
⎯⎯⎯⎯⎯⎯⎯⎯⎯⎯⎯⎯⎯⎯⎯⎯⎯⎯⎯⎯[135/165]⎯

 FAIL  |provider-mysql2| tests/providers/docker/mysql2-scalars.test.ts > MySQL2 Driver > MySQL2 Prisma parity > groupBy ordering and having > having boolean combinators > AND nested inside OR evaluates the inner conjunction
MigrationError: Push completed its statements but the final live fingerprint does not match the desired schema
⎯⎯⎯⎯⎯⎯⎯⎯⎯⎯⎯⎯⎯⎯⎯⎯⎯⎯⎯⎯[136/165]⎯

 FAIL  |provider-mysql2| tests/providers/docker/mysql2-scalars.test.ts > MySQL2 Driver > MySQL2 Prisma parity > groupBy ordering and having > having boolean combinators > AND nested inside OR fails the arm when one conjunct misses
MigrationError: Push completed its statements but the final live fingerprint does not match the desired schema
⎯⎯⎯⎯⎯⎯⎯⎯⎯⎯⎯⎯⎯⎯⎯⎯⎯⎯⎯⎯[137/165]⎯

 FAIL  |provider-mysql2| tests/providers/docker/mysql2-scalars.test.ts > MySQL2 Driver > MySQL2 Prisma parity > groupBy ordering and having > having boolean combinators > NOT of an aggregate condition selects the complement
MigrationError: Push completed its statements but the final live fingerprint does not match the desired schema
⎯⎯⎯⎯⎯⎯⎯⎯⎯⎯⎯⎯⎯⎯⎯⎯⎯⎯⎯⎯[138/165]⎯

 FAIL  |provider-mysql2| tests/providers/docker/mysql2-scalars.test.ts > MySQL2 Driver > MySQL2 Prisma parity > groupBy ordering and having > having boolean combinators > NOT array negates each arm and ANDs the negations (Prisma parity)
MigrationError: Push completed its statements but the final live fingerprint does not match the desired schema
⎯⎯⎯⎯⎯⎯⎯⎯⎯⎯⎯⎯⎯⎯⎯⎯⎯⎯⎯⎯[139/165]⎯

 FAIL  |provider-mysql2| tests/providers/docker/mysql2-scalars.test.ts > MySQL2 Driver > MySQL2 Prisma parity > groupBy ordering and having > having boolean combinators > NOT array with one unmatchable arm keeps the other complement
MigrationError: Push completed its statements but the final live fingerprint does not match the desired schema
⎯⎯⎯⎯⎯⎯⎯⎯⎯⎯⎯⎯⎯⎯⎯⎯⎯⎯⎯⎯[140/165]⎯

 FAIL  |provider-mysql2| tests/providers/docker/mysql2-scalars.test.ts > MySQL2 Driver > MySQL2 Prisma parity > groupBy ordering and having > having boolean combinators > NOT array on a `by` field agrees with the same NOT array in where
MigrationError: Push completed its statements but the final live fingerprint does not match the desired schema
⎯⎯⎯⎯⎯⎯⎯⎯⎯⎯⎯⎯⎯⎯⎯⎯⎯⎯⎯⎯[141/165]⎯

 FAIL  |provider-mysql2| tests/providers/docker/mysql2-scalars.test.ts > MySQL2 Driver > MySQL2 Prisma parity > groupBy ordering and having > having boolean combinators > NOT array of a single item matches the object form
MigrationError: Push completed its statements but the final live fingerprint does not match the desired schema
⎯⎯⎯⎯⎯⎯⎯⎯⎯⎯⎯⎯⎯⎯⎯⎯⎯⎯⎯⎯[142/165]⎯

 FAIL  |provider-mysql2| tests/providers/docker/mysql2-scalars.test.ts > MySQL2 Driver > MySQL2 Prisma parity > groupBy ordering and having > having boolean combinators > NOT of a multi-key object negates that object's conjunction
MigrationError: Push completed its statements but the final live fingerprint does not match the desired schema
⎯⎯⎯⎯⎯⎯⎯⎯⎯⎯⎯⎯⎯⎯⎯⎯⎯⎯⎯⎯[143/165]⎯

 FAIL  |provider-mysql2| tests/providers/docker/mysql2-scalars.test.ts > MySQL2 Driver > MySQL2 Prisma parity > groupBy ordering and having > having boolean combinators > NOT inside OR restores the excluded group
MigrationError: Push completed its statements but the final live fingerprint does not match the desired schema
⎯⎯⎯⎯⎯⎯⎯⎯⎯⎯⎯⎯⎯⎯⎯⎯⎯⎯⎯⎯[144/165]⎯

 FAIL  |provider-mysql2| tests/providers/docker/mysql2-scalars.test.ts > MySQL2 Driver > MySQL2 Prisma parity > groupBy ordering and having > having boolean combinators > a combinator conjoins with sibling field-keyed conditions
MigrationError: Push completed its statements but the final live fingerprint does not match the desired schema
⎯⎯⎯⎯⎯⎯⎯⎯⎯⎯⎯⎯⎯⎯⎯⎯⎯⎯⎯⎯[145/165]⎯

 FAIL  |provider-mysql2| tests/providers/docker/mysql2-scalars.test.ts > MySQL2 Driver > MySQL2 Prisma parity > groupBy ordering and having > having boolean combinators > a field-keyed condition inside an OR arm still requires `by`
MigrationError: Push completed its statements but the final live fingerprint does not match the desired schema
⎯⎯⎯⎯⎯⎯⎯⎯⎯⎯⎯⎯⎯⎯⎯⎯⎯⎯⎯⎯[146/165]⎯

 FAIL  |provider-mysql2| tests/providers/docker/mysql2-scalars.test.ts > MySQL2 Driver > MySQL2 Prisma parity > groupBy ordering and having > having boolean combinators > empty OR matches no group, exactly like empty OR in where
MigrationError: Push completed its statements but the final live fingerprint does not match the desired schema
⎯⎯⎯⎯⎯⎯⎯⎯⎯⎯⎯⎯⎯⎯⎯⎯⎯⎯⎯⎯[147/165]⎯

 FAIL  |provider-mysql2| tests/providers/docker/mysql2-scalars.test.ts > MySQL2 Driver > MySQL2 Prisma parity > groupBy ordering and having > having boolean combinators > empty OR is false, not absent, when conjoined with a sibling
MigrationError: Push completed its statements but the final live fingerprint does not match the desired schema
⎯⎯⎯⎯⎯⎯⎯⎯⎯⎯⎯⎯⎯⎯⎯⎯⎯⎯⎯⎯[148/165]⎯

 FAIL  |provider-mysql2| tests/providers/docker/mysql2-scalars.test.ts > MySQL2 Driver > MySQL2 Prisma parity > groupBy ordering and having > having boolean combinators > empty OR nested in AND poisons the conjunction
MigrationError: Push completed its statements but the final live fingerprint does not match the desired schema
⎯⎯⎯⎯⎯⎯⎯⎯⎯⎯⎯⎯⎯⎯⎯⎯⎯⎯⎯⎯[149/165]⎯

 FAIL  |provider-mysql2| tests/providers/docker/mysql2-scalars.test.ts > MySQL2 Driver > MySQL2 Prisma parity > groupBy ordering and having > having boolean combinators > empty OR nested in OR contributes nothing but is not vacuous
MigrationError: Push completed its statements but the final live fingerprint does not match the desired schema
⎯⎯⎯⎯⎯⎯⎯⎯⎯⎯⎯⎯⎯⎯⎯⎯⎯⎯⎯⎯[150/165]⎯

 FAIL  |provider-mysql2| tests/providers/docker/mysql2-scalars.test.ts > MySQL2 Driver > MySQL2 Prisma parity > groupBy ordering and having > having boolean combinators > empty OR under NOT is true and keeps every group
MigrationError: Push completed its statements but the final live fingerprint does not match the desired schema
⎯⎯⎯⎯⎯⎯⎯⎯⎯⎯⎯⎯⎯⎯⎯⎯⎯⎯⎯⎯[151/165]⎯

 FAIL  |provider-mysql2| tests/providers/docker/mysql2-scalars.test.ts > MySQL2 Driver > MySQL2 Prisma parity > groupBy ordering and having > having boolean combinators > empty AND and empty NOT stay true and keep every group
MigrationError: Push completed its statements but the final live fingerprint does not match the desired schema
⎯⎯⎯⎯⎯⎯⎯⎯⎯⎯⎯⎯⎯⎯⎯⎯⎯⎯⎯⎯[152/165]⎯

 FAIL  |provider-mysql2| tests/providers/docker/mysql2-scalars.test.ts > MySQL2 Driver > MySQL2 Prisma parity > groupBy ordering and having > having boolean combinators > empty AND still conjoins its sibling rather than erasing it
MigrationError: Push completed its statements but the final live fingerprint does not match the desired schema
⎯⎯⎯⎯⎯⎯⎯⎯⎯⎯⎯⎯⎯⎯⎯⎯⎯⎯⎯⎯[153/165]⎯

 FAIL  |provider-mysql2| tests/providers/docker/mysql2-writes-raw.test.ts > MySQL2 Driver > MySQL2 createMany select fold > four same-shape rows are ONE statement, and the rows come back in input order
AssertionError: expected [ …(5) ] to have a length of 8 but got 5

[32m- Expected[39m
[31m+ Received[39m

[32m- 8[39m
[31m+ 5[39m

 ❯ tests/contracts/drivers/behaviors/create-many-return-fold-behavior.ts:164:28
    162|         // each interleaved with the refetch that reads it back by its…
    163|         // identity. Nothing here folds — the refetch needs one INSERT…
    164|         expect(statements).toHaveLength(8);
       |                            ^
    165|         expect(statements.map(isInsert)).toEqual([
    166|           true,

⎯⎯⎯⎯⎯⎯⎯⎯⎯⎯⎯⎯⎯⎯⎯⎯⎯⎯⎯⎯[154/165]⎯

 FAIL  |provider-mysql2| tests/providers/docker/mysql2-writes-raw.test.ts > MySQL2 Driver > MySQL2 upsert atomicity behavior > concurrent plain upserts of the same missing key both succeed
TransactionError: Transaction deadlock detected
Caused by: Error: Underlying error details redacted
⎯⎯⎯⎯⎯⎯⎯⎯⎯⎯⎯⎯⎯⎯⎯⎯⎯⎯⎯⎯⎯⎯⎯⎯⎯⎯⎯⎯⎯⎯
Serialized Error: { code: 'ER_LOCK_DEADLOCK', errno: 1213, sqlState: '40001' }
⎯⎯⎯⎯⎯⎯⎯⎯⎯⎯⎯⎯⎯⎯⎯⎯⎯⎯⎯⎯[155/165]⎯

 FAIL  |provider-mysql2| tests/providers/docker/mysql2-writes-raw.test.ts > MySQL2 Driver > MySQL2 upsert atomicity behavior > concurrent fallback upserts of the same missing key both succeed
TransactionError: Transaction deadlock detected
Caused by: Error: Underlying error details redacted
⎯⎯⎯⎯⎯⎯⎯⎯⎯⎯⎯⎯⎯⎯⎯⎯⎯⎯⎯⎯⎯⎯⎯⎯⎯⎯⎯⎯⎯⎯
Serialized Error: { code: 'ER_LOCK_DEADLOCK', errno: 1213, sqlState: '40001' }
⎯⎯⎯⎯⎯⎯⎯⎯⎯⎯⎯⎯⎯⎯⎯⎯⎯⎯⎯⎯[156/165]⎯

 FAIL  |provider-mysql2| tests/providers/docker/mysql2-writes-raw.test.ts > MySQL2 Driver > mysql2 nested-write concurrency behavior > concurrent upsert of a missing key converges to one row (tx)
TransactionError: Transaction deadlock detected
Caused by: Error: Underlying error details redacted
⎯⎯⎯⎯⎯⎯⎯⎯⎯⎯⎯⎯⎯⎯⎯⎯⎯⎯⎯⎯⎯⎯⎯⎯⎯⎯⎯⎯⎯⎯
Serialized Error: { code: 'ER_LOCK_DEADLOCK', errno: 1213, sqlState: '40001' }
⎯⎯⎯⎯⎯⎯⎯⎯⎯⎯⎯⎯⎯⎯⎯⎯⎯⎯⎯⎯[157/165]⎯

 FAIL  |provider-mysql2| tests/providers/docker/mysql2-writes-raw.test.ts > MySQL2 Driver > mysql2 nested-write concurrency behavior > concurrent nested connectOrCreate of a missing key converges to one row (tx)
TransactionError: Transaction deadlock detected
Caused by: Error: Underlying error details redacted
⎯⎯⎯⎯⎯⎯⎯⎯⎯⎯⎯⎯⎯⎯⎯⎯⎯⎯⎯⎯⎯⎯⎯⎯⎯⎯⎯⎯⎯⎯
Serialized Error: { code: 'ER_LOCK_DEADLOCK', errno: 1213, sqlState: '40001' }
⎯⎯⎯⎯⎯⎯⎯⎯⎯⎯⎯⎯⎯⎯⎯⎯⎯⎯⎯⎯[158/165]⎯

 FAIL  |provider-mysql2| tests/providers/docker/mysql2.test.ts > MySQL namespace containment > applies into the TARGET's control tables, over a connection pointing elsewhere
QueryError: Query execution failed
Caused by: Error: Underlying error details redacted
⎯⎯⎯⎯⎯⎯⎯⎯⎯⎯⎯⎯⎯⎯⎯⎯⎯⎯⎯⎯⎯⎯⎯⎯⎯⎯⎯⎯⎯⎯
Serialized Error: { errno: 1170, sqlState: '42000' }
⎯⎯⎯⎯⎯⎯⎯⎯⎯⎯⎯⎯⎯⎯⎯⎯⎯⎯⎯⎯[159/165]⎯

 FAIL  |provider-mysql2| tests/providers/docker/mysql2.test.ts > MySQL namespace containment > refuses a configured database the server does not have, before any DDL
AssertionError: expected [ '_viborm_migration_state', …(1) ] to deeply equal [ 'ns_sentinel' ]

[32m- Expected[39m
[31m+ Received[39m

[2m  [[22m
[31m+   "_viborm_migration_state",[39m
[2m    "ns_sentinel",[22m
[2m  ][22m

 ❯ tests/providers/docker/mysql2.test.ts:1077:41
    1075|     });
    1076| 
    1077|     expect(await tableNamesIn(BETA_DB)).toEqual(["ns_sentinel"]);
       |                                         ^
    1078|   });
    1079| 

⎯⎯⎯⎯⎯⎯⎯⎯⎯⎯⎯⎯⎯⎯⎯⎯⎯⎯⎯⎯[160/165]⎯

 FAIL  |provider-mysql2| tests/providers/docker/mysql2.test.ts > MySQL namespace containment > refuses the same attested pool when no namespace resolves it
AssertionError: expected [ '_viborm_migration_state', …(1) ] to deeply equal [ 'ns_sentinel' ]

[32m- Expected[39m
[31m+ Received[39m

[2m  [[22m
[31m+   "_viborm_migration_state",[39m
[2m    "ns_sentinel",[22m
[2m  ][22m

 ❯ tests/providers/docker/mysql2.test.ts:1093:41
    1091|     });
    1092| 
    1093|     expect(await tableNamesIn(BETA_DB)).toEqual(["ns_sentinel"]);
       |                                         ^
    1094|   });
    1095| 

⎯⎯⎯⎯⎯⎯⎯⎯⎯⎯⎯⎯⎯⎯⎯⎯⎯⎯⎯⎯[161/165]⎯

 FAIL  |provider-mysql2| tests/providers/docker/mysql2.test.ts > MySQL namespace containment > applies the same portable estate to a second database
MigrationError: Migration control tables are inconsistent: log is missing after interrupted bootstrap
⎯⎯⎯⎯⎯⎯⎯⎯⎯⎯⎯⎯⎯⎯⎯⎯⎯⎯⎯⎯[162/165]⎯

 FAIL  |provider-mysql2| tests/unit/migrations/decimal-list-defaults-mysql-docker.test.ts > MySQL decimal-list defaults > populates old rows, serves raw omitted inserts, introspects, and converges
QueryError: Query execution failed
Caused by: Error: Underlying error details redacted
⎯⎯⎯⎯⎯⎯⎯⎯⎯⎯⎯⎯⎯⎯⎯⎯⎯⎯⎯⎯⎯⎯⎯⎯⎯⎯⎯⎯⎯⎯
Serialized Error: { errno: 1049, sqlState: '42000' }
⎯⎯⎯⎯⎯⎯⎯⎯⎯⎯⎯⎯⎯⎯⎯⎯⎯⎯⎯⎯[163/165]⎯

 FAIL  |provider-mysql2| tests/unit/migrations/mysql-strict-mode-docker.test.ts > MySQL interrupted decimal-conversion recovery > recovers after MODIFY, removes the stale list proof, and converges
CheckConstraintError: Check constraint violation
Caused by: Error: Underlying error details redacted
⎯⎯⎯⎯⎯⎯⎯⎯⎯⎯⎯⎯⎯⎯⎯⎯⎯⎯⎯⎯⎯⎯⎯⎯⎯⎯⎯⎯⎯⎯
Serialized Error: { code: 'ER_CHECK_CONSTRAINT_VIOLATED', errno: 3819, sqlState: 'HY000' }
⎯⎯⎯⎯⎯⎯⎯⎯⎯⎯⎯⎯⎯⎯⎯⎯⎯⎯⎯⎯[164/165]⎯

 FAIL  |provider-mysql2| tests/unit/migrations/mysql-strict-mode-docker.test.ts > MySQL interrupted decimal-conversion recovery > refuses a user collision before effects and preserves it
AssertionError: expected 'MigrationError: The MySQL CHECK const…' to match /reserved.*does not match/i

[32m- Expected:[39m 
/reserved.*does not match/i

[31m+ Received:[39m 
"MigrationError: The MySQL CHECK constraint \"viborm_decimal_s_10_2\" on table \"viborm_decimal_recovery_collision\" uses VibORM's reserved decimal-conversion namespace but the catalog contains 2 reserved proofs, although one locked conversion can leave at most one. Migration work is refused before any cleanup or schema effect; rename the user-owned constraint, or restore the exact interrupted VibORM conversion proof and run the command again."

 ❯ tests/unit/migrations/mysql-strict-mode-docker.test.ts:406:29
    404|         runSequentialProgram(pinned, command, () => Promise.resolve("b…
    405|     ).catch((error: unknown) => error);
    406|     expect(String(failure)).toMatch(RESERVED_PROOF_MISMATCH);
       |                             ^
    407| 
    408|     const remaining = await driver._executeRaw<{ CONSTRAINT_NAME: stri…

⎯⎯⎯⎯⎯⎯⎯⎯⎯⎯⎯⎯⎯⎯⎯⎯⎯⎯⎯⎯[165/165]⎯


 Test Files  6 failed | 2 passed (8)
      Tests  165 failed | 575 passed | 1 skipped (741)
   Start at  14:46:22
   Duration  150.98s (transform 1.44s, setup 19ms, collect 4.18s, tests 146.60s, environment 0ms, prepare 36ms)

Vitest resources: 152.99s wall, 655.3 MiB peak sampled process-group RSS (sampled ceiling 1536 MiB). Teardown verified.
