
 RUN  v3.1.4 /Users/arnaud/code/viborm

 ❯ |layer-query-engine| tests/contracts/engine/query/sql-generation.core.test.ts (147 tests | 108 failed) 31ms
   × Basic CRUD Operations > findFirst > simple query 4ms
     → Operation 'findFirst' does not compile to one SQL statement. Execute the operation instead.
   × Basic CRUD Operations > findFirst > with where clause 0ms
     → Operation 'findFirst' does not compile to one SQL statement. Execute the operation instead.
   × Basic CRUD Operations > findFirst > with orderBy 0ms
     → Operation 'findFirst' does not compile to one SQL statement. Execute the operation instead.
   × Basic CRUD Operations > findMany > simple query 0ms
     → Operation 'findMany' does not compile to one SQL statement. Execute the operation instead.
   × Basic CRUD Operations > findMany > with pagination (take/skip) 0ms
     → Operation 'findMany' does not compile to one SQL statement. Execute the operation instead.
   × Basic CRUD Operations > findMany > with cursor pagination 0ms
     → Operation 'findMany' does not compile to one SQL statement. Execute the operation instead.
   × Basic CRUD Operations > findMany > cursor without orderBy defaults to cursor field order 0ms
     → Operation 'findMany' does not compile to one SQL statement. Execute the operation instead.
   × Basic CRUD Operations > findMany > negative take inverts SQL order and uses absolute limit 0ms
     → Operation 'findMany' does not compile to one SQL statement. Execute the operation instead.
   × Basic CRUD Operations > findMany > negative take reverses a relation-order fallback recursively 0ms
     → Operation 'findMany' does not compile to one SQL statement. Execute the operation instead.
   × Basic CRUD Operations > findMany > compound unique cursor uses compound whereUnique fields 0ms
     → Operation 'findMany' does not compile to one SQL statement. Execute the operation instead.
   × Basic CRUD Operations > findMany > cursor with non-cursor orderBy builds a keyset comparison (Prisma parity) 0ms
     → Operation 'findMany' does not compile to one SQL statement. Execute the operation instead.
   × Basic CRUD Operations > findMany > invalid pagination values reject before SQL generation 1ms
     → expected error to be instance of ValidationError
   × Basic CRUD Operations > findMany > json path filter scopes string matching to the path 0ms
     → Operation 'findMany' does not compile to one SQL statement. Execute the operation instead.
   × Basic CRUD Operations > findMany > json string paths compile to the same SQL as the array form 0ms
     → Operation 'findMany' does not compile to one SQL statement. Execute the operation instead.
   × Basic CRUD Operations > findMany > json filter with only a path fails closed 2ms
     → expected [Function] to throw error including 'Filter for field \'metadata\' must co…' but got 'Operation \'findMany\' does not compi…'
   × Basic CRUD Operations > findMany > json root and path comparisons keep number and string classes distinct 0ms
     → Operation 'findMany' does not compile to one SQL statement. Execute the operation instead.
   × Basic CRUD Operations > findMany > json string operators inherit and can override case-folding scope 0ms
     → Operation 'findMany' does not compile to one SQL statement. Execute the operation instead.
   × Basic CRUD Operations > findMany > json array predicates preserve scalar containment and endpoint meaning 0ms
     → Operation 'findMany' does not compile to one SQL statement. Execute the operation instead.
   × Basic CRUD Operations > findMany > json null at the root and under a path remain different questions 0ms
     → Operation 'findMany' does not compile to one SQL statement. Execute the operation instead.
   × Basic CRUD Operations > findMany > refuses non-portable JSON string path status 0ms
     → expected [Function] to throw error including 'must start with \'$\'' but got 'Operation \'findMany\' does not compi…'
   × Basic CRUD Operations > findMany > refuses non-portable JSON string path $. 0ms
     → expected [Function] to throw error including 'object key may not be empty' but got 'Operation \'findMany\' does not compi…'
   × Basic CRUD Operations > findMany > refuses non-portable JSON string path $.* 0ms
     → expected [Function] to throw error including 'wildcards are not supported' but got 'Operation \'findMany\' does not compi…'
   × Basic CRUD Operations > findMany > refuses non-portable JSON string path $[last] 0ms
     → expected [Function] to throw error including 'not a non-negative integer array index' but got 'Operation \'findMany\' does not compi…'
   × Basic CRUD Operations > findMany > refuses non-portable JSON string path $[0 0ms
     → expected [Function] to throw error including 'an unclosed \'[\'' but got 'Operation \'findMany\' does not compi…'
   × Basic CRUD Operations > findMany > refuses non-portable JSON string path $status 0ms
     → expected [Function] to throw error including 'unexpected \'s\'' but got 'Operation \'findMany\' does not compi…'
   × Basic CRUD Operations > findMany > refuses path segments whose escaping is not portable 0ms
     → expected [Function] to throw error matching /requires a portable JSON path/ but got 'Operation \'findMany\' does not compi…'
   × Basic CRUD Operations > findMany > empty accepted scalar filter fails closed 0ms
     → expected [Function] to throw error including 'Filter for field \'name\' must contai…' but got 'Operation \'findMany\' does not compi…'
   × Basic CRUD Operations > findMany > empty accepted relation filter fails closed 0ms
     → expected [Function] to throw error including 'Relation filter \'posts\' requires on…' but got 'Operation \'findMany\' does not compi…'
   × Basic CRUD Operations > findMany > empty OR filter does not broaden the query 0ms
     → Operation 'findMany' does not compile to one SQL statement. Execute the operation instead.
   × Basic CRUD Operations > findMany > to-one relation scalar orderBy joins related table 0ms
     → Operation 'findMany' does not compile to one SQL statement. Execute the operation instead.
   ✓ Basic CRUD Operations > findMany > builder chains 2-hop to-one relation orderBy joins 1ms
   ✓ Basic CRUD Operations > findMany > builder chains 3-hop to-one relation orderBy joins 0ms
   ✓ Basic CRUD Operations > findMany > builder rejects to-many relation orderBy mid-chain 0ms
   ✓ Basic CRUD Operations > findMany > builder accepts a four-hop to-one relation orderBy 0ms
   ✓ Basic CRUD Operations > findMany > builder accepts a to-one relation orderBy at the depth cap 0ms
   ✓ Basic CRUD Operations > findMany > builder rejects relation orderBy past the depth cap 0ms
   × Basic CRUD Operations > findMany > to-many relation _count orderBy uses count subquery 0ms
     → Operation 'findMany' does not compile to one SQL statement. Execute the operation instead.
   ✓ Basic CRUD Operations > findMany > to-many relation scalar orderBy fails closed 0ms
   ✓ Basic CRUD Operations > findMany > nested relation orderBy shape fails closed 0ms
   ✓ Basic CRUD Operations > findMany > unknown builder filter operation fails closed 0ms
   ✓ Basic CRUD Operations > findMany > unknown builder where field fails closed 0ms
   ✓ Basic CRUD Operations > findMany > empty unique builder fails closed 0ms
   ✓ Basic CRUD Operations > findMany > a filter-only unique builder input fails closed 0ms
   ✓ Basic CRUD Operations > findMany > an unknown field in the filter half still fails closed 0ms
   × Basic CRUD Operations > findUnique > by id 0ms
     → Operation 'findUnique' does not compile to one SQL statement. Execute the operation instead.
   × Basic CRUD Operations > findUnique > by unique field 0ms
     → Operation 'findUnique' does not compile to one SQL statement. Execute the operation instead.
   × Basic CRUD Operations > findUnique > empty where fails before SQL generation 0ms
     → expected [Function] to throw error including 'Object cannot be empty' but got 'Operation \'findUnique\' does not com…'
   × Basic CRUD Operations > findUnique > by compound id 0ms
     → Operation 'findUnique' does not compile to one SQL statement. Execute the operation instead.
   × Basic CRUD Operations > findUnique > by compound unique 0ms
     → Operation 'findUnique' does not compile to one SQL statement. Execute the operation instead.
   × Basic CRUD Operations > create > simple create 0ms
     → Operation 'create' does not compile to one SQL statement. Execute the operation instead.
   × Basic CRUD Operations > create > with defaults 0ms
     → Operation 'create' does not compile to one SQL statement. Execute the operation instead.
   × Basic CRUD Operations > update > simple update 0ms
     → Operation 'update' does not compile to one SQL statement. Execute the operation instead.
   × Basic CRUD Operations > update > empty where fails before SQL generation 0ms
     → expected [Function] to throw error including 'Object cannot be empty' but got 'Operation \'update\' does not compile…'
   × Basic CRUD Operations > delete > a scalar delete on a RETURNING driver is ONE statement 0ms
     → Operation 'delete' does not compile to one SQL statement. Execute the operation instead.
   ✓ Basic CRUD Operations > delete > a non-returning driver keeps the multi-step path 0ms
   × Basic CRUD Operations > delete > empty where fails before SQL generation 0ms
     → expected [Function] to throw error including 'Object cannot be empty' but got 'Operation \'delete\' does not compile…'
   ✓ Basic CRUD Operations > upsert > assembles filtered conflict and update clauses through the adapter 1ms
   × Basic CRUD Operations > upsert > empty where fails before SQL generation 0ms
     → expected [Function] to throw error including 'Object cannot be empty' but got 'Operation \'upsert\' does not compile…'
   ✓ Basic CRUD Operations > upsert > multi-step upsert rejects the single-statement build API 0ms
   × Select/Include (Relation Loading) > select scalar fields only > select specific fields 0ms
     → Operation 'findMany' does not compile to one SQL statement. Execute the operation instead.
   × Select/Include (Relation Loading) > select with to-one relation > select author on post (manyToOne) 0ms
     → Operation 'findMany' does not compile to one SQL statement. Execute the operation instead.
   × Select/Include (Relation Loading) > select with to-many relation > select posts on author (oneToMany) 0ms
     → Operation 'findMany' does not compile to one SQL statement. Execute the operation instead.
   × Select/Include (Relation Loading) > nested selects (2-3 levels deep) > author -> posts -> comments 0ms
     → Operation 'findMany' does not compile to one SQL statement. Execute the operation instead.
   × Select/Include (Relation Loading) > select with where filter on relation > select posts with where 0ms
     → Operation 'findMany' does not compile to one SQL statement. Execute the operation instead.
   × Select/Include (Relation Loading) > select with orderBy on relation > select posts ordered by title 0ms
     → Operation 'findMany' does not compile to one SQL statement. Execute the operation instead.
   × Select/Include (Relation Loading) > select with take/skip on relation > select first 5 posts 0ms
     → Operation 'findMany' does not compile to one SQL statement. Execute the operation instead.
   × Select/Include (Relation Loading) > select with take/skip on relation > select posts with skip 0ms
     → Operation 'findMany' does not compile to one SQL statement. Execute the operation instead.
   × Select/Include (Relation Loading) > select with take/skip on relation > select posts with take and skip 0ms
     → Operation 'findMany' does not compile to one SQL statement. Execute the operation instead.
   × Relation Filters in WHERE > to-many filters > some filter 0ms
     → Operation 'findMany' does not compile to one SQL statement. Execute the operation instead.
   × Relation Filters in WHERE > to-many filters > every filter 0ms
     → Operation 'findMany' does not compile to one SQL statement. Execute the operation instead.
   × Relation Filters in WHERE > to-many filters > none filter 0ms
     → Operation 'findMany' does not compile to one SQL statement. Execute the operation instead.
   × Relation Filters in WHERE > to-many filters > combines all supplied filters independent of key order 0ms
     → Operation 'findMany' does not compile to one SQL statement. Execute the operation instead.
   × Relation Filters in WHERE > to-many filters > empty every predicates lower to portable true 0ms
     → Operation 'findMany' does not compile to one SQL statement. Execute the operation instead.
   × Relation Filters in WHERE > to-one filters > is filter 0ms
     → Operation 'findMany' does not compile to one SQL statement. Execute the operation instead.
   × Relation Filters in WHERE > to-one filters > isNot filter 0ms
     → Operation 'findMany' does not compile to one SQL statement. Execute the operation instead.
   × Relation Filters in WHERE > to-one filters > combines is and isNot independent of key order 0ms
     → Operation 'findMany' does not compile to one SQL statement. Execute the operation instead.
   × Relation Filters in WHERE > null checks on a to-one > a required slot refuses the null form 0ms
     → expected error to be instance of ValidationError
   × Relation Filters in WHERE > null checks on a to-one > is null 0ms
     → Operation 'findMany' does not compile to one SQL statement. Execute the operation instead.
   × Relation Filters in WHERE > null checks on a to-one > isNot null 0ms
     → Operation 'findMany' does not compile to one SQL statement. Execute the operation instead.
   × Relation Filters in WHERE > null checks on a to-one > combines null and object forms 0ms
     → Operation 'findMany' does not compile to one SQL statement. Execute the operation instead.
   × Many-to-Many Relations > select with manyToMany relation > select tags on post 0ms
     → Operation 'findMany' does not compile to one SQL statement. Execute the operation instead.
   × Many-to-Many Relations > select with manyToMany relation > select posts on tag 0ms
     → Operation 'findMany' does not compile to one SQL statement. Execute the operation instead.
   × Many-to-Many Relations > filter with manyToMany > some filter through junction 0ms
     → Operation 'findMany' does not compile to one SQL statement. Execute the operation instead.
   × Many-to-Many Relations > filter with manyToMany > every filter through junction 0ms
     → Operation 'findMany' does not compile to one SQL statement. Execute the operation instead.
   × Many-to-Many Relations > filter with manyToMany > none filter through junction 0ms
     → Operation 'findMany' does not compile to one SQL statement. Execute the operation instead.
   × Many-to-Many Relations > filter with manyToMany > combines all supplied filters through the junction independent of key order 0ms
     → Operation 'findMany' does not compile to one SQL statement. Execute the operation instead.
   × Many-to-Many Relations > filter with manyToMany > empty every through the junction lowers to portable true 0ms
     → Operation 'findMany' does not compile to one SQL statement. Execute the operation instead.
   × Relation _count > count posts on author 0ms
     → Operation 'findMany' does not compile to one SQL statement. Execute the operation instead.
   × Relation _count > count with filter 0ms
     → Operation 'findMany' does not compile to one SQL statement. Execute the operation instead.
   ✓ Multi-step writes > create with nested > create with connect rejects the single-statement build API 0ms
   × Multi-step writes > create with nested > create with nested create builds ONE folded statement 0ms
     → Operation 'create' does not compile to one SQL statement. Execute the operation instead.
   × Multi-step writes > create with nested > create with nested createMany builds ONE folded statement 0ms
     → Operation 'create' does not compile to one SQL statement. Execute the operation instead.
   ✓ Multi-step writes > create with nested > create with nested create list rejects the single-statement build API 0ms
   ✓ Multi-step writes > update with nested > update with connect rejects the single-statement build API 0ms
   × Multi-step writes > update with nested > a required relation publishes no disconnect at all 0ms
     → expected error to be instance of ValidationError
   ✓ Multi-step writes > update with nested > update with nested update rejects the single-statement build API 0ms
   × Multi-step writes > dialect top-level relation-filter mutations > 'PostgreSQL' updateMany relation filter stays correlated to the target table 0ms
     → Operation 'updateMany' does not compile to one SQL statement. Execute the operation instead.
   × Multi-step writes > dialect top-level relation-filter mutations > 'SQLite' updateMany relation filter stays correlated to the target table 0ms
     → Operation 'updateMany' does not compile to one SQL statement. Execute the operation instead.
   × Multi-step writes > dialect top-level relation-filter mutations > 'MySQL' updateMany relation filter stays correlated to the target table 0ms
     → Operation 'updateMany' does not compile to one SQL statement. Execute the operation instead.
   × Multi-step writes > dialect top-level relation-filter mutations > 'PostgreSQL' deleteMany relation filter stays correlated to the target table 0ms
     → Operation 'deleteMany' does not compile to one SQL statement. Execute the operation instead.
   × Multi-step writes > dialect top-level relation-filter mutations > 'SQLite' deleteMany relation filter stays correlated to the target table 0ms
     → Operation 'deleteMany' does not compile to one SQL statement. Execute the operation instead.
   × Multi-step writes > dialect top-level relation-filter mutations > 'MySQL' deleteMany relation filter stays correlated to the target table 0ms
     → Operation 'deleteMany' does not compile to one SQL statement. Execute the operation instead.
   × Aggregates > count > simple count 0ms
     → Operation 'count' does not compile to one SQL statement. Execute the operation instead.
   × Aggregates > count > count with where 0ms
     → Operation 'count' does not compile to one SQL statement. Execute the operation instead.
   × Aggregates > count > with order and pagination counts an input subquery 0ms
     → Operation 'count' does not compile to one SQL statement. Execute the operation instead.
   × Aggregates > count > with cursor pagination counts an input subquery 0ms
     → Operation 'count' does not compile to one SQL statement. Execute the operation instead.
   × Aggregates > count > with supported relation order counts an input subquery 0ms
     → Operation 'count' does not compile to one SQL statement. Execute the operation instead.
   ✓ Aggregates > count > with unsupported relation order fails closed 0ms
   × Aggregates > aggregate > projects selected count members and ignores false selections 0ms
     → Operation 'aggregate' does not compile to one SQL statement. Execute the operation instead.
   × Aggregates > aggregate > with _sum, _avg, _min, _max 0ms
     → Operation 'aggregate' does not compile to one SQL statement. Execute the operation instead.
   × Aggregates > aggregate > with order and pagination aggregates an input subquery 0ms
     → Operation 'aggregate' does not compile to one SQL statement. Execute the operation instead.
   × Aggregates > aggregate > with supported relation order aggregates an input subquery 0ms
     → Operation 'aggregate' does not compile to one SQL statement. Execute the operation instead.
   ✓ Aggregates > aggregate > with unsupported relation order fails closed 0ms
   × Aggregates > groupBy > with aggregate having (_count) 0ms
     → Operation 'groupBy' does not compile to one SQL statement. Execute the operation instead.
   × Aggregates > groupBy > with multiple aggregates on same field 0ms
     → Operation 'groupBy' does not compile to one SQL statement. Execute the operation instead.
   × Aggregates > groupBy > with multiple fields (aggregate having) 0ms
     → Operation 'groupBy' does not compile to one SQL statement. Execute the operation instead.
   × Aggregates > groupBy > with direct value filter in having 0ms
     → Operation 'groupBy' does not compile to one SQL statement. Execute the operation instead.
   × Aggregates > groupBy > with direct object filter (equals) 0ms
     → Operation 'groupBy' does not compile to one SQL statement. Execute the operation instead.
   × Aggregates > groupBy > with direct object filter (in) 0ms
     → Operation 'groupBy' does not compile to one SQL statement. Execute the operation instead.
   × Aggregates > groupBy > with direct object filter (notIn) 0ms
     → Operation 'groupBy' does not compile to one SQL statement. Execute the operation instead.
   × Aggregates > groupBy > with mixed aggregate and direct filters 0ms
     → Operation 'groupBy' does not compile to one SQL statement. Execute the operation instead.
   × Aggregates > groupBy > throws when direct having filter field is not in by 0ms
     → expected [Function] to throw error including 'must be included in \'by\'' but got 'Operation \'groupBy\' does not compil…'
   × Aggregates > groupBy > combines logical having arms without widening empty disjunctions 0ms
     → Operation 'groupBy' does not compile to one SQL statement. Execute the operation instead.
   × Aggregates > groupBy > orders groups by every aggregate expression and applies a window 0ms
     → Operation 'groupBy' does not compile to one SQL statement. Execute the operation instead.
   × Aggregates > groupBy > keeps empty aggregate membership comparisons mathematically exact 0ms
     → Operation 'groupBy' does not compile to one SQL statement. Execute the operation instead.
   ✓ Aggregates > groupBy > compares nullable aggregate answers with IS NULL semantics 0ms
   ✓ assembleInnerQuery helper > basic query: SELECT FROM WHERE 0ms
   ✓ assembleInnerQuery helper > with joins 0ms
   ✓ assembleInnerQuery helper > with ORDER BY 0ms
   ✓ assembleInnerQuery helper > with LIMIT 0ms
   ✓ assembleInnerQuery helper > with OFFSET 0ms
   ✓ assembleInnerQuery helper > full query: SELECT FROM JOIN WHERE ORDER LIMIT OFFSET 0ms
   ✓ assembleInnerQuery helper > empty joins array is ignored 0ms
   ✓ assembleInnerQuery helper > distinct without an order uses PostgreSQL's DISTINCT ON 0ms
   ✓ assembleInnerQuery helper > distinct with an order uses the ROW_NUMBER partition emulation 0ms
   ✓ batch ref adapter SQL > PostgreSQL adapter owns batch ref storage SQL 0ms
   ✓ batch ref adapter SQL > SQLite adapter owns batch ref storage SQL 0ms
   ✓ batch ref adapter SQL > MySQL retains exact statement-local generated identity storage 0ms
   × explicit undefined args behave like absent args > findMany with { where: undefined } matches {} 0ms
     → Operation 'findMany' does not compile to one SQL statement. Execute the operation instead.
   × explicit undefined args behave like absent args > findMany with undefined where field matches omitting it 0ms
     → Operation 'findMany' does not compile to one SQL statement. Execute the operation instead.
   × explicit undefined args behave like absent args > findMany with undefined select/orderBy/take matches {} 0ms
     → Operation 'findMany' does not compile to one SQL statement. Execute the operation instead.
   × explicit undefined args behave like absent args > update with undefined data field does not touch the column 0ms
     → Operation 'update' does not compile to one SQL statement. Execute the operation instead.
   × explicit undefined args behave like absent args > relation count with { where: undefined } matches plain count 0ms
     → Operation 'findMany' does not compile to one SQL statement. Execute the operation instead.
   ✓ coverage low value > operation builders fail closed on shapes excluded by validation 1ms
   ✓ coverage low value > relation order helpers fail closed on shapes excluded by validation 0ms
   ✓ coverage low value > sort order helper refuses invalid directions excluded by validation 1ms
   ✓ coverage low value > distinct helper refuses a non-scalar field excluded by validation 0ms
 ❯ |layer-query-engine| tests/contracts/engine/query/read-traversal-byte-pins.core.test.ts (32 tests | 32 failed) 3ms
   × self-relation many-to-many read SQL > PostgreSQL include of the forward side (follows) 1ms
     → Operation 'findMany' does not compile to one SQL statement. Execute the operation instead.
   × self-relation many-to-many read SQL > SQLite include of the forward side (follows) 0ms
     → Operation 'findMany' does not compile to one SQL statement. Execute the operation instead.
   × self-relation many-to-many read SQL > MySQL include of the forward side (follows) 0ms
     → Operation 'findMany' does not compile to one SQL statement. Execute the operation instead.
   × self-relation many-to-many read SQL > PostgreSQL include of the reversed side (followedBy) 0ms
     → Operation 'findMany' does not compile to one SQL statement. Execute the operation instead.
   × self-relation many-to-many read SQL > SQLite include of the reversed side (followedBy) 0ms
     → Operation 'findMany' does not compile to one SQL statement. Execute the operation instead.
   × self-relation many-to-many read SQL > PostgreSQL some and none filters through the self junction 0ms
     → Operation 'findMany' does not compile to one SQL statement. Execute the operation instead.
   × self-relation many-to-many read SQL > SQLite some and none filters through the self junction 0ms
     → Operation 'findMany' does not compile to one SQL statement. Execute the operation instead.
   × self-relation many-to-many read SQL > PostgreSQL _count of the self relation 0ms
     → Operation 'findMany' does not compile to one SQL statement. Execute the operation instead.
   × self-relation many-to-many read SQL > SQLite _count of the self relation 0ms
     → Operation 'findMany' does not compile to one SQL statement. Execute the operation instead.
   × ordinary many-to-many read SQL > PostgreSQL include takes the LATERAL strategy 0ms
     → Operation 'findMany' does not compile to one SQL statement. Execute the operation instead.
   × ordinary many-to-many read SQL > SQLite include takes the correlated-subquery strategy 0ms
     → Operation 'findMany' does not compile to one SQL statement. Execute the operation instead.
   × ordinary many-to-many read SQL > PostgreSQL some, every and none filters through the junction 0ms
     → Operation 'findMany' does not compile to one SQL statement. Execute the operation instead.
   × ordinary many-to-many read SQL > PostgreSQL _count through the junction 0ms
     → Operation 'findMany' does not compile to one SQL statement. Execute the operation instead.
   × foreign-key read SQL > PostgreSQL scalar-FK include, to-one then to-many 0ms
     → Operation 'findMany' does not compile to one SQL statement. Execute the operation instead.
   × foreign-key read SQL > SQLite scalar-FK include, to-one then to-many 0ms
     → Operation 'findMany' does not compile to one SQL statement. Execute the operation instead.
   × foreign-key read SQL > PostgreSQL compound-FK to-one include correlates on both members 0ms
     → Operation 'findMany' does not compile to one SQL statement. Execute the operation instead.
   × foreign-key read SQL > PostgreSQL findUnique by the named compound unique 0ms
     → Operation 'findUnique' does not compile to one SQL statement. Execute the operation instead.
   × relation ordering read SQL > PostgreSQL orderBy through a to-one chain joins the target 0ms
     → Operation 'findMany' does not compile to one SQL statement. Execute the operation instead.
   × relation ordering read SQL > PostgreSQL orderBy on a to-many _count uses a count subquery 0ms
     → Operation 'findMany' does not compile to one SQL statement. Execute the operation instead.
   × polymorphic inverse read SQL > PostgreSQL to-many inverse include takes the LATERAL strategy 0ms
     → Operation 'findMany' does not compile to one SQL statement. Execute the operation instead.
   × polymorphic inverse read SQL > SQLite to-many inverse include takes the correlated-subquery strategy 0ms
     → Operation 'findMany' does not compile to one SQL statement. Execute the operation instead.
   × polymorphic inverse read SQL > PostgreSQL fields-less singular inverse include 0ms
     → Operation 'findMany' does not compile to one SQL statement. Execute the operation instead.
   × nested include read SQL > PostgreSQL depth-2 include with an inner where, orderBy and take 0ms
     → Operation 'findMany' does not compile to one SQL statement. Execute the operation instead.
   × nested include read SQL > SQLite depth-2 include with an inner where, orderBy and take 0ms
     → Operation 'findMany' does not compile to one SQL statement. Execute the operation instead.
   × polymorphic collection read SQL > PostgreSQL direct collection include, every variant 0ms
     → Operation 'findMany' does not compile to one SQL statement. Execute the operation instead.
   × polymorphic collection read SQL > SQLite direct collection include, every variant 0ms
     → Operation 'findMany' does not compile to one SQL statement. Execute the operation instead.
   × polymorphic collection read SQL > PostgreSQL direct collection include narrowed by only 0ms
     → Operation 'findMany' does not compile to one SQL statement. Execute the operation instead.
   × polymorphic collection read SQL > PostgreSQL collection quantifier filters 0ms
     → Operation 'findMany' does not compile to one SQL statement. Execute the operation instead.
   × polymorphic collection read SQL > PostgreSQL collection _count projection and ordering 0ms
     → Operation 'findMany' does not compile to one SQL statement. Execute the operation instead.
   × polymorphic collection read SQL > PostgreSQL singular collection inverse include 0ms
     → Operation 'findMany' does not compile to one SQL statement. Execute the operation instead.
   × polymorphic collection read SQL > PostgreSQL plural collection inverse include 0ms
     → Operation 'findMany' does not compile to one SQL statement. Execute the operation instead.
   × polymorphic collection read SQL > PostgreSQL parent ordering through a singular collection inverse 0ms
     → Operation 'findMany' does not compile to one SQL statement. Execute the operation instead.
 ✓ |layer-query-engine| tests/contracts/engine/query/polymorphic-read-sql.core.test.ts (30 tests) 8ms
 ✓ |layer-query-engine| tests/contracts/engine/query/scalar-result-contracts.core.test.ts (102 tests) 15ms
 ✓ |layer-query-engine| tests/contracts/engine/query/query-builder-coverage-boundaries.core.test.ts (23 tests) 7ms
 ❯ |layer-query-engine| tests/contracts/engine/query/operand-callback-sql.core.test.ts (74 tests | 67 failed) 18ms
   × 'PostgreSQL' operand callbacks > the callback form and the token form compile identically 1ms
     → Operation 'findMany' does not compile to one SQL statement. Execute the operation instead.
   × 'PostgreSQL' operand callbacks > every comparison operator takes the callback 0ms
     → Operation 'findMany' does not compile to one SQL statement. Execute the operation instead.
   × 'PostgreSQL' operand callbacks > the bare shorthand takes the callback too 0ms
     → Operation 'findMany' does not compile to one SQL statement. Execute the operation instead.
   × 'PostgreSQL' operand callbacks > the callback resolves through .map(), like the token 0ms
     → Operation 'findMany' does not compile to one SQL statement. Execute the operation instead.
   × 'PostgreSQL' operand callbacks > a fragment operand is spliced parenthesized, its values bound 0ms
     → Operation 'findMany' does not compile to one SQL statement. Execute the operation instead.
   × 'PostgreSQL' operand callbacks > a fragment operand that carries a hostile string stays a parameter 0ms
     → Operation 'findMany' does not compile to one SQL statement. Execute the operation instead.
   × 'PostgreSQL' operand callbacks > a fragment, a reference and a literal mix in one where 0ms
     → Operation 'findMany' does not compile to one SQL statement. Execute the operation instead.
   × 'PostgreSQL' operand callbacks > a bare Sql fragment is accepted without the callback 0ms
     → Operation 'findMany' does not compile to one SQL statement. Execute the operation instead.
   × 'PostgreSQL' operand callbacks > a subquery fragment compiles as an operand 0ms
     → Operation 'findMany' does not compile to one SQL statement. Execute the operation instead.
   × 'PostgreSQL' operand callbacks > `ctx.fields` at depth 2 names the nested model's columns 0ms
     → Operation 'findMany' does not compile to one SQL statement. Execute the operation instead.
   × 'PostgreSQL' operand callbacks > a nested `ctx.fields` cannot reach the enclosing model's columns 0ms
     → expected 'QueryEngineError' to be 'ValidationError' // Object.is equality
   × 'PostgreSQL' operand callbacks > the scope pops back out of a nested relation filter 0ms
     → Operation 'findMany' does not compile to one SQL statement. Execute the operation instead.
   × 'PostgreSQL' operand callbacks > an extended unique where takes a callback in its filter portion 0ms
     → Operation 'findUnique' does not compile to one SQL statement. Execute the operation instead.
   × 'MySQL' operand callbacks > the callback form and the token form compile identically 0ms
     → Operation 'findMany' does not compile to one SQL statement. Execute the operation instead.
   × 'MySQL' operand callbacks > every comparison operator takes the callback 0ms
     → Operation 'findMany' does not compile to one SQL statement. Execute the operation instead.
   × 'MySQL' operand callbacks > the bare shorthand takes the callback too 0ms
     → Operation 'findMany' does not compile to one SQL statement. Execute the operation instead.
   × 'MySQL' operand callbacks > the callback resolves through .map(), like the token 0ms
     → Operation 'findMany' does not compile to one SQL statement. Execute the operation instead.
   × 'MySQL' operand callbacks > a fragment operand is spliced parenthesized, its values bound 0ms
     → Operation 'findMany' does not compile to one SQL statement. Execute the operation instead.
   × 'MySQL' operand callbacks > a fragment operand that carries a hostile string stays a parameter 0ms
     → Operation 'findMany' does not compile to one SQL statement. Execute the operation instead.
   × 'MySQL' operand callbacks > a fragment, a reference and a literal mix in one where 0ms
     → Operation 'findMany' does not compile to one SQL statement. Execute the operation instead.
   × 'MySQL' operand callbacks > a bare Sql fragment is accepted without the callback 0ms
     → Operation 'findMany' does not compile to one SQL statement. Execute the operation instead.
   × 'MySQL' operand callbacks > a subquery fragment compiles as an operand 0ms
     → Operation 'findMany' does not compile to one SQL statement. Execute the operation instead.
   × 'MySQL' operand callbacks > `ctx.fields` at depth 2 names the nested model's columns 0ms
     → Operation 'findMany' does not compile to one SQL statement. Execute the operation instead.
   × 'MySQL' operand callbacks > a nested `ctx.fields` cannot reach the enclosing model's columns 0ms
     → expected 'QueryEngineError' to be 'ValidationError' // Object.is equality
   × 'MySQL' operand callbacks > the scope pops back out of a nested relation filter 0ms
     → Operation 'findMany' does not compile to one SQL statement. Execute the operation instead.
   × 'MySQL' operand callbacks > an extended unique where takes a callback in its filter portion 0ms
     → Operation 'findUnique' does not compile to one SQL statement. Execute the operation instead.
   × 'SQLite' operand callbacks > the callback form and the token form compile identically 0ms
     → Operation 'findMany' does not compile to one SQL statement. Execute the operation instead.
   × 'SQLite' operand callbacks > every comparison operator takes the callback 0ms
     → Operation 'findMany' does not compile to one SQL statement. Execute the operation instead.
   × 'SQLite' operand callbacks > the bare shorthand takes the callback too 0ms
     → Operation 'findMany' does not compile to one SQL statement. Execute the operation instead.
   × 'SQLite' operand callbacks > the callback resolves through .map(), like the token 0ms
     → Operation 'findMany' does not compile to one SQL statement. Execute the operation instead.
   × 'SQLite' operand callbacks > a fragment operand is spliced parenthesized, its values bound 0ms
     → Operation 'findMany' does not compile to one SQL statement. Execute the operation instead.
   × 'SQLite' operand callbacks > a fragment operand that carries a hostile string stays a parameter 0ms
     → Operation 'findMany' does not compile to one SQL statement. Execute the operation instead.
   × 'SQLite' operand callbacks > a fragment, a reference and a literal mix in one where 0ms
     → Operation 'findMany' does not compile to one SQL statement. Execute the operation instead.
   × 'SQLite' operand callbacks > a bare Sql fragment is accepted without the callback 0ms
     → Operation 'findMany' does not compile to one SQL statement. Execute the operation instead.
   × 'SQLite' operand callbacks > a subquery fragment compiles as an operand 0ms
     → Operation 'findMany' does not compile to one SQL statement. Execute the operation instead.
   × 'SQLite' operand callbacks > `ctx.fields` at depth 2 names the nested model's columns 0ms
     → Operation 'findMany' does not compile to one SQL statement. Execute the operation instead.
   × 'SQLite' operand callbacks > a nested `ctx.fields` cannot reach the enclosing model's columns 0ms
     → expected 'QueryEngineError' to be 'ValidationError' // Object.is equality
   × 'SQLite' operand callbacks > the scope pops back out of a nested relation filter 0ms
     → Operation 'findMany' does not compile to one SQL statement. Execute the operation instead.
   × 'SQLite' operand callbacks > an extended unique where takes a callback in its filter portion 0ms
     → Operation 'findUnique' does not compile to one SQL statement. Execute the operation instead.
   × what a callback may return > a plain value is refused, naming the operation and the path 0ms
     → expected 'QueryEngineError' to be 'ValidationError' // Object.is equality
   × what a callback may return > an async callback is refused as a promise, not awaited 0ms
     → the given combination of arguments (undefined and string) is invalid for this assertion. You can use an array, a map, an object, a set, a string, or a weakset instead of a string
   × what a callback may return > a throwing callback surfaces as a validation issue at its path 0ms
     → expected 'QueryEngineError' to be 'ValidationError' // Object.is equality
   × what a callback may return > a mistyped `ctx.fields` key throws, naming the field and the model 0ms
     → the given combination of arguments (undefined and string) is invalid for this assertion. You can use an array, a map, an object, a set, a string, or a weakset instead of a string
   × what a callback may return > a reference of the wrong scalar type is refused 0ms
     → the given combination of arguments (undefined and string) is invalid for this assertion. You can use an array, a map, an object, a set, a string, or a weakset instead of a string
   × what a callback may return > another model's token, smuggled in, is still refused 0ms
     → expected 'Operation \'findMany\' does not compi…' to contain 'may only compare columns of the same …'
   × surfaces that stay closed > `in` takes values, not fragments 0ms
     → expected 'QueryEngineError' to be 'ValidationError' // Object.is equality
   × surfaces that stay closed > a fragment is refused in `having` 0ms
     → expected 'QueryEngineError' to be 'ValidationError' // Object.is equality
   × surfaces that stay closed > a fragment is refused in `having` at any `not` depth 0ms
     → the given combination of arguments (undefined and string) is invalid for this assertion. You can use an array, a map, an object, a set, a string, or a weakset instead of a string
   × surfaces that stay closed > a callback cannot smuggle a fragment into `having` either 0ms
     → the given combination of arguments (undefined and string) is invalid for this assertion. You can use an array, a map, an object, a set, a string, or a weakset instead of a string
   × surfaces that stay closed > a fragment is refused in a JSON filter operand, as non-JSON 0ms
     → expected 'QueryEngineError' to be 'ValidationError' // Object.is equality
   × surfaces that stay closed > a fragment is refused in JSON write data, as non-JSON 0ms
     → expected 'QueryEngineError' to be 'ValidationError' // Object.is equality
   × surfaces that stay closed > a JSON document that looks like a fragment still writes 0ms
     → expected [Function] to not throw an error but 'QueryEngineError: Operation \'updateM…' was thrown
   × surfaces that stay closed > a JSON document that looks like a fragment FILTERS as a value 0ms
     → Operation 'findMany' does not compile to one SQL statement. Execute the operation instead.
   × surfaces that stay closed > write data takes no callback 0ms
     → expected 'QueryEngineError' to be 'ValidationError' // Object.is equality
   × surfaces that stay closed > a text predicate keeps the token but takes no fragment 0ms
     → expected [Function] to not throw an error but 'QueryEngineError: Operation \'findMan…' was thrown
   × the public entry point > exports the token factory the docs teach, and it filters 0ms
     → Operation 'findMany' does not compile to one SQL statement. Execute the operation instead.
   ✓ every filter position the scope has to reach > a nested write's own `where` scopes to the relation TARGET 3ms
   ✓ every filter position the scope has to reach > a nested write's `where` cannot reach the PARENT's columns 1ms
   × every filter position the scope has to reach > a relation `where` under `include` and under `_count` both scope 0ms
     → Operation 'findMany' does not compile to one SQL statement. Execute the operation instead.
   × every filter position the scope has to reach > the aggregate families take the callback in their `where` 0ms
     → Operation 'count' does not compile to one SQL statement. Execute the operation instead.
   × every filter position the scope has to reach > a selector that is not a filter takes no callback 0ms
     → expected 'QueryEngineError' to be 'ValidationError' // Object.is equality
   ✓ operand typing > `ctx` is inferred — the model in scope needs no annotation 1ms
   ✓ operand typing > a mistyped `ctx.fields` key is a compile error 0ms
   ✓ operand typing > the callback's return carries the operand's scalar type 0ms
   ✓ operand typing > a nested `ctx` is the target model's, at the type level 0ms
   ✓ operand typing > a callback is a compile error in `cursor` and in `orderBy` 0ms
   × an unknown key is refused the same way beside every operand kind > unknown operator beside a value 0ms
     → expected 'QueryEngineError' to be 'ValidationError' // Object.is equality
   × an unknown key is refused the same way beside every operand kind > unknown operator beside a token 0ms
     → expected 'QueryEngineError' to be 'ValidationError' // Object.is equality
   × an unknown key is refused the same way beside every operand kind > unknown operator beside a fragment 0ms
     → expected 'QueryEngineError' to be 'ValidationError' // Object.is equality
   × an unknown key is refused the same way beside every operand kind > unknown operator beside a callback 0ms
     → expected 'QueryEngineError' to be 'ValidationError' // Object.is equality
   × an unknown key is refused the same way beside every operand kind > unknown field beside a value 0ms
     → expected 'QueryEngineError' to be 'ValidationError' // Object.is equality
   × an unknown key is refused the same way beside every operand kind > unknown field beside a token 0ms
     → expected 'QueryEngineError' to be 'ValidationError' // Object.is equality
   × an unknown key is refused the same way beside every operand kind > unknown field beside a fragment 0ms
     → expected 'QueryEngineError' to be 'ValidationError' // Object.is equality
   × an unknown key is refused the same way beside every operand kind > unknown field beside a callback 0ms
     → expected 'QueryEngineError' to be 'ValidationError' // Object.is equality
 ✓ |layer-query-engine| tests/contracts/engine/query/result-parser-contracts.core.test.ts (74 tests) 8ms
 ❯ |layer-query-engine| tests/contracts/engine/query/field-reference-sql.core.test.ts (89 tests | 83 failed) 13ms
   × 'PostgreSQL' field-reference SQL > a reference becomes a qualified column, not a bound parameter 1ms
     → Operation 'findMany' does not compile to one SQL statement. Execute the operation instead.
   × 'PostgreSQL' field-reference SQL > the reference resolves through .map(), not the field key 0ms
     → Operation 'findMany' does not compile to one SQL statement. Execute the operation instead.
   × 'PostgreSQL' field-reference SQL > a literal beside a reference is still bound 0ms
     → Operation 'findMany' does not compile to one SQL statement. Execute the operation instead.
   × 'PostgreSQL' field-reference SQL > a nested relation where resolves the reference on the relation's alias 0ms
     → Operation 'findMany' does not compile to one SQL statement. Execute the operation instead.
   × 'PostgreSQL' field-reference SQL > collation and folding of a referenced operand > default mode compares both sides under the case-sensitive collation 0ms
     → Operation 'findMany' does not compile to one SQL statement. Execute the operation instead.
   × 'PostgreSQL' field-reference SQL > collation and folding of a referenced operand > insensitive mode folds AND collates both sides 0ms
     → Operation 'findMany' does not compile to one SQL statement. Execute the operation instead.
   × 'PostgreSQL' field-reference SQL > collation and folding of a referenced operand > insensitive `not` negates the folded comparison 0ms
     → Operation 'findMany' does not compile to one SQL statement. Execute the operation instead.
   × 'PostgreSQL' field-reference SQL > collation and folding of a referenced operand > insensitive contains carries the fold onto the referenced operand 0ms
     → Operation 'findMany' does not compile to one SQL statement. Execute the operation instead.
   × 'PostgreSQL' field-reference SQL > collation and folding of a referenced operand > insensitive startsWith carries the fold onto the referenced operand 0ms
     → Operation 'findMany' does not compile to one SQL statement. Execute the operation instead.
   × 'PostgreSQL' field-reference SQL > collation and folding of a referenced operand > insensitive endsWith carries the fold onto the referenced operand 0ms
     → Operation 'findMany' does not compile to one SQL statement. Execute the operation instead.
   × 'PostgreSQL' field-reference SQL > collation and folding of a referenced operand > default mode leaves the string predicates unwrapped on both sides 0ms
     → Operation 'findMany' does not compile to one SQL statement. Execute the operation instead.
   × 'PostgreSQL' field-reference SQL > collation and folding of a referenced operand > a literal operand is folded but not collation-wrapped 0ms
     → Operation 'findMany' does not compile to one SQL statement. Execute the operation instead.
   × 'PostgreSQL' field-reference SQL > enum operands > equals against a reference casts both sides to text 0ms
     → Operation 'findMany' does not compile to one SQL statement. Execute the operation instead.
   × 'PostgreSQL' field-reference SQL > enum operands > not against a reference negates the same comparison 0ms
     → Operation 'findMany' does not compile to one SQL statement. Execute the operation instead.
   × 'PostgreSQL' field-reference SQL > enum operands > a literal operand leaves the column uncast and bound 0ms
     → Operation 'findMany' does not compile to one SQL statement. Execute the operation instead.
   × 'PostgreSQL' field-reference SQL > a cross-model reference is refused at build time 0ms
     → expected [Function] to throw error matching /Field reference 'User\.name' cannot b…/ but got 'Operation \'findMany\' does not compi…'
   × 'PostgreSQL' field-reference SQL > a reference to a scalar of another type is refused by validation 0ms
     → expected [Function] to throw error matching /is of type 'int', but a 'string' oper…/ but got 'Operation \'findMany\' does not compi…'
   × 'PostgreSQL' field-reference SQL > a list-scalar reference is refused 0ms
     → expected [Function] to throw error matching /is a list field/ but got 'Operation \'findMany\' does not compi…'
   × 'MySQL' field-reference SQL > a reference becomes a qualified column, not a bound parameter 0ms
     → Operation 'findMany' does not compile to one SQL statement. Execute the operation instead.
   × 'MySQL' field-reference SQL > the reference resolves through .map(), not the field key 0ms
     → Operation 'findMany' does not compile to one SQL statement. Execute the operation instead.
   × 'MySQL' field-reference SQL > a literal beside a reference is still bound 0ms
     → Operation 'findMany' does not compile to one SQL statement. Execute the operation instead.
   × 'MySQL' field-reference SQL > a nested relation where resolves the reference on the relation's alias 0ms
     → Operation 'findMany' does not compile to one SQL statement. Execute the operation instead.
   × 'MySQL' field-reference SQL > collation and folding of a referenced operand > default mode compares both sides under the case-sensitive collation 0ms
     → Operation 'findMany' does not compile to one SQL statement. Execute the operation instead.
   × 'MySQL' field-reference SQL > collation and folding of a referenced operand > insensitive mode folds AND collates both sides 0ms
     → Operation 'findMany' does not compile to one SQL statement. Execute the operation instead.
   × 'MySQL' field-reference SQL > collation and folding of a referenced operand > insensitive `not` negates the folded comparison 0ms
     → Operation 'findMany' does not compile to one SQL statement. Execute the operation instead.
   × 'MySQL' field-reference SQL > collation and folding of a referenced operand > insensitive contains carries the fold onto the referenced operand 0ms
     → Operation 'findMany' does not compile to one SQL statement. Execute the operation instead.
   × 'MySQL' field-reference SQL > collation and folding of a referenced operand > insensitive startsWith carries the fold onto the referenced operand 0ms
     → Operation 'findMany' does not compile to one SQL statement. Execute the operation instead.
   × 'MySQL' field-reference SQL > collation and folding of a referenced operand > insensitive endsWith carries the fold onto the referenced operand 0ms
     → Operation 'findMany' does not compile to one SQL statement. Execute the operation instead.
   × 'MySQL' field-reference SQL > collation and folding of a referenced operand > default mode leaves the string predicates unwrapped on both sides 0ms
     → Operation 'findMany' does not compile to one SQL statement. Execute the operation instead.
   × 'MySQL' field-reference SQL > collation and folding of a referenced operand > a literal operand is folded but not collation-wrapped 0ms
     → Operation 'findMany' does not compile to one SQL statement. Execute the operation instead.
   × 'MySQL' field-reference SQL > enum operands > equals against a reference casts both sides to text 0ms
     → Operation 'findMany' does not compile to one SQL statement. Execute the operation instead.
   × 'MySQL' field-reference SQL > enum operands > not against a reference negates the same comparison 0ms
     → Operation 'findMany' does not compile to one SQL statement. Execute the operation instead.
   × 'MySQL' field-reference SQL > enum operands > a literal operand leaves the column uncast and bound 0ms
     → Operation 'findMany' does not compile to one SQL statement. Execute the operation instead.
   × 'MySQL' field-reference SQL > a cross-model reference is refused at build time 0ms
     → expected [Function] to throw error matching /Field reference 'User\.name' cannot b…/ but got 'Operation \'findMany\' does not compi…'
   × 'MySQL' field-reference SQL > a reference to a scalar of another type is refused by validation 0ms
     → expected [Function] to throw error matching /is of type 'int', but a 'string' oper…/ but got 'Operation \'findMany\' does not compi…'
   × 'MySQL' field-reference SQL > a list-scalar reference is refused 0ms
     → expected [Function] to throw error matching /is a list field/ but got 'Operation \'findMany\' does not compi…'
   × 'SQLite' field-reference SQL > a reference becomes a qualified column, not a bound parameter 0ms
     → Operation 'findMany' does not compile to one SQL statement. Execute the operation instead.
   × 'SQLite' field-reference SQL > the reference resolves through .map(), not the field key 0ms
     → Operation 'findMany' does not compile to one SQL statement. Execute the operation instead.
   × 'SQLite' field-reference SQL > a literal beside a reference is still bound 0ms
     → Operation 'findMany' does not compile to one SQL statement. Execute the operation instead.
   × 'SQLite' field-reference SQL > a nested relation where resolves the reference on the relation's alias 0ms
     → Operation 'findMany' does not compile to one SQL statement. Execute the operation instead.
   × 'SQLite' field-reference SQL > collation and folding of a referenced operand > default mode compares both sides under the case-sensitive collation 0ms
     → Operation 'findMany' does not compile to one SQL statement. Execute the operation instead.
   × 'SQLite' field-reference SQL > collation and folding of a referenced operand > insensitive mode folds AND collates both sides 0ms
     → Operation 'findMany' does not compile to one SQL statement. Execute the operation instead.
   × 'SQLite' field-reference SQL > collation and folding of a referenced operand > insensitive `not` negates the folded comparison 0ms
     → Operation 'findMany' does not compile to one SQL statement. Execute the operation instead.
   × 'SQLite' field-reference SQL > collation and folding of a referenced operand > insensitive contains carries the fold onto the referenced operand 0ms
     → Operation 'findMany' does not compile to one SQL statement. Execute the operation instead.
   × 'SQLite' field-reference SQL > collation and folding of a referenced operand > insensitive startsWith carries the fold onto the referenced operand 0ms
     → Operation 'findMany' does not compile to one SQL statement. Execute the operation instead.
   × 'SQLite' field-reference SQL > collation and folding of a referenced operand > insensitive endsWith carries the fold onto the referenced operand 0ms
     → Operation 'findMany' does not compile to one SQL statement. Execute the operation instead.
   × 'SQLite' field-reference SQL > collation and folding of a referenced operand > default mode leaves the string predicates unwrapped on both sides 0ms
     → Operation 'findMany' does not compile to one SQL statement. Execute the operation instead.
   × 'SQLite' field-reference SQL > collation and folding of a referenced operand > a literal operand is folded but not collation-wrapped 0ms
     → Operation 'findMany' does not compile to one SQL statement. Execute the operation instead.
   × 'SQLite' field-reference SQL > enum operands > equals against a reference casts both sides to text 0ms
     → Operation 'findMany' does not compile to one SQL statement. Execute the operation instead.
   × 'SQLite' field-reference SQL > enum operands > not against a reference negates the same comparison 0ms
     → Operation 'findMany' does not compile to one SQL statement. Execute the operation instead.
   × 'SQLite' field-reference SQL > enum operands > a literal operand leaves the column uncast and bound 0ms
     → Operation 'findMany' does not compile to one SQL statement. Execute the operation instead.
   × 'SQLite' field-reference SQL > a cross-model reference is refused at build time 0ms
     → expected [Function] to throw error matching /Field reference 'User\.name' cannot b…/ but got 'Operation \'findMany\' does not compi…'
   × 'SQLite' field-reference SQL > a reference to a scalar of another type is refused by validation 0ms
     → expected [Function] to throw error matching /is of type 'int', but a 'string' oper…/ but got 'Operation \'findMany\' does not compi…'
   × 'SQLite' field-reference SQL > a list-scalar reference is refused 0ms
     → expected [Function] to throw error matching /is a list field/ but got 'Operation \'findMany\' does not compi…'
   × surfaces that stay closed to field references > groupBy having refuses a reference (Prisma excludes it too) 0ms
     → expected [Function] to throw error matching /is not supported in 'having'/ but got 'Operation \'groupBy\' does not compil…'
   × surfaces that stay closed to field references > groupBy having refuses a reference nested 0 `not` levels deep 0ms
     → expected [Function] to throw error matching /is not supported in 'having'/ but got 'Operation \'groupBy\' does not compil…'
   × surfaces that stay closed to field references > groupBy having refuses a reference nested 1 `not` levels deep 0ms
     → expected [Function] to throw error matching /is not supported in 'having'/ but got 'Operation \'groupBy\' does not compil…'
   × surfaces that stay closed to field references > groupBy having refuses a reference nested 2 `not` levels deep 0ms
     → expected [Function] to throw error matching /is not supported in 'having'/ but got 'Operation \'groupBy\' does not compil…'
   × surfaces that stay closed to field references > groupBy having refuses a reference nested 3 `not` levels deep 0ms
     → expected [Function] to throw error matching /is not supported in 'having'/ but got 'Operation \'groupBy\' does not compil…'
   × surfaces that stay closed to field references > groupBy having refuses a reference nested 4 `not` levels deep 0ms
     → expected [Function] to throw error matching /is not supported in 'having'/ but got 'Operation \'groupBy\' does not compil…'
   × surfaces that stay closed to field references > groupBy having refuses a reference nested 5 `not` levels deep 0ms
     → expected [Function] to throw error matching /is not supported in 'having'/ but got 'Operation \'groupBy\' does not compil…'
   × surfaces that stay closed to field references > groupBy having refuses a reference nested 6 `not` levels deep 0ms
     → expected [Function] to throw error matching /is not supported in 'having'/ but got 'Operation \'groupBy\' does not compil…'
   × surfaces that stay closed to field references > groupBy having refuses a reference nested 12 `not` levels deep 0ms
     → expected [Function] to throw error matching /is not supported in 'having'/ but got 'Operation \'groupBy\' does not compil…'
   × surfaces that stay closed to field references > groupBy having refuses a reference nested 64 `not` levels deep 0ms
     → expected [Function] to throw error matching /is not supported in 'having'/ but got 'Operation \'groupBy\' does not compil…'
   × surfaces that stay closed to field references > groupBy having refuses a deeply nested reference under AND 0ms
     → expected [Function] to throw error matching /is not supported in 'having'/ but got 'Operation \'groupBy\' does not compil…'
   × surfaces that stay closed to field references > groupBy having refuses a deeply nested reference under OR 0ms
     → expected [Function] to throw error matching /is not supported in 'having'/ but got 'Operation \'groupBy\' does not compil…'
   × surfaces that stay closed to field references > groupBy having refuses a deeply nested reference under NOT 0ms
     → expected [Function] to throw error matching /is not supported in 'having'/ but got 'Operation \'groupBy\' does not compil…'
   × surfaces that stay closed to field references > the same deep chain is still legal in `where` 0ms
     → Operation 'findMany' does not compile to one SQL statement. Execute the operation instead.
   × surfaces that stay closed to field references > having still accepts ordinary scalar and aggregate filters 0ms
     → expected [Function] to not throw an error but 'QueryEngineError: Operation \'groupBy…' was thrown
   ✓ surfaces that stay closed to field references > a reference is refused in set-membership operands 0ms
   ✓ surfaces that stay closed to field references > a reference is refused in whereUnique 0ms
   × surfaces that stay closed to field references > a reference is refused in create data 0ms
     → expected [Function] to not throw an error but 'QueryEngineError: Operation \'create\…' was thrown
   ✓ surfaces that stay closed to field references > a reference is refused in update data 0ms
   ✓ surfaces that stay closed to field references > a reference is refused in orderBy 0ms
   × JSON operands stay closed to field references > a JSON filter refuses a reference in equals 0ms
     → expected [Function] to throw error matching /Field reference 'Post\.meta2' is not …/ but got 'Operation \'findMany\' does not compi…'
   × JSON operands stay closed to field references > a JSON filter refuses a reference in array_contains 0ms
     → expected [Function] to throw error matching /Field reference 'Post\.meta2' is not …/ but got 'Operation \'findMany\' does not compi…'
   × JSON operands stay closed to field references > a JSON filter refuses a reference in array_starts_with 0ms
     → expected [Function] to throw error matching /Field reference 'Post\.meta2' is not …/ but got 'Operation \'findMany\' does not compi…'
   × JSON operands stay closed to field references > a JSON filter refuses a reference in array_ends_with 0ms
     → expected [Function] to throw error matching /Field reference 'Post\.meta2' is not …/ but got 'Operation \'findMany\' does not compi…'
   × JSON operands stay closed to field references > a JSON filter refuses a reference in equals under a path 0ms
     → expected [Function] to throw error matching /Field reference 'Post\.meta2' is not …/ but got 'Operation \'findMany\' does not compi…'
   × JSON operands stay closed to field references > a JSON filter refuses a reference in equals under not 0ms
     → expected [Function] to throw error matching /Field reference 'Post\.meta2' is not …/ but got 'Operation \'findMany\' does not compi…'
   × JSON operands stay closed to field references > a JSON filter refuses a reference in buried inside a document 0ms
     → expected [Function] to throw error matching /Field reference 'Post\.meta2' is not …/ but got 'Operation \'findMany\' does not compi…'
   × JSON operands stay closed to field references > JSON write data refuses a reference in a create data slot 0ms
     → expected [Function] to throw error matching /Field reference 'Post\.meta2' is not …/ but got 'Operation \'create\' does not compile…'
   × JSON operands stay closed to field references > JSON write data refuses a reference in a create data slot, buried 0ms
     → expected [Function] to throw error matching /Field reference 'Post\.meta2' is not …/ but got 'Operation \'create\' does not compile…'
   × JSON operands stay closed to field references > JSON update data refuses a reference in the shorthand form 0ms
     → expected [Function] to throw error matching /Field reference 'Post\.meta2' is not …/ but got 'Operation \'update\' does not compile…'
   × JSON operands stay closed to field references > JSON update data refuses a reference in the { set } form 0ms
     → expected [Function] to throw error matching /Field reference 'Post\.meta2' is not …/ but got 'Operation \'update\' does not compile…'
   × JSON operands stay closed to field references > JSON update data refuses a reference in a buried position 0ms
     → expected [Function] to throw error matching /Field reference 'Post\.meta2' is not …/ but got 'Operation \'update\' does not compile…'
   × JSON operands stay closed to field references > ordinary JSON documents still compile in filters and writes 0ms
     → expected [Function] to not throw an error but 'QueryEngineError: Operation \'findMan…' was thrown
   ✓ field-reference typing > an Int reference is not assignable to a String filter operand 0ms
   ✓ field-reference typing > a model's reference table exposes scalar fields only, typed per model 0ms
 ❯ |layer-query-engine| tests/contracts/engine/query/pending-operation-contracts.core.test.ts (27 tests | 11 failed) 9ms
   ✓ PendingOperation frozen public contract > keeps construction and authority state behind the module factory 1ms
   ✓ PendingOperation frozen public contract > preserves client identity and mints transaction scope identity 0ms
   × PendingOperation frozen public contract > defers validation and execution until an execution or preparation method is used 1ms
     → expected function to throw an error, but it didn't
   ✓ PendingOperation frozen public contract > memoizes one execution across then, catch, finally, and execute 1ms
   ✓ PendingOperation frozen public contract > memoizes executeWith for the same driver 0ms
   ✓ PendingOperation frozen public contract > rejects default execution after driver-bound execution 0ms
   ✓ PendingOperation frozen public contract > rejects driver-bound execution after default execution 0ms
   ✓ PendingOperation frozen public contract > rejects a second, different driver 0ms
   × PendingOperation frozen public contract > prepares directly and as a bulk batch without executing 1ms
     → expected undefined to match object { sql: Any<String>, …(2) }
   × PendingOperation frozen public contract > preserves raw arguments, identity, attribution, and result parsing 1ms
     → Operation 'findMany' on model 'user' publishes no single driver result to parse.
   ✓ PendingOperation frozen public contract > the internal cache execution attachment is immutable and composes 0ms
   × PendingOperation frozen public contract > publishes mutation cache invalidation after successful execution 0ms
     → promise rejected "TypeError: Cannot read properties of unde…" instead of resolving
   × PendingOperation frozen public contract > preserves mutation failures without invalidating cache 1ms
     → expected TypeError: Cannot read properties of unde… to be Error: mutation failed // Object.is equality
   ✓ PendingOperation frozen public contract > publishes package registrations for every direct committed segment 0ms
   × PendingOperation frozen public contract > owns cache invalidation failures instead of leaking a raw error 0ms
     → expected TypeError: Cannot read properties of unde… to be an instance of CacheConfigurationError
   ✓ PendingOperation frozen public contract > keeps PendingOperation as the root and client runtime export 0ms
   ✓ pending execution ownership > memoizes default and same-driver execution while excluding the other authority 0ms
   ✓ pending execution ownership > memoizes one driver and refuses a different driver or default execution 0ms
   ✓ pending execution ownership > reserves exactly one driver for an array coordinator and runs its child once 0ms
   ✓ pending execution ownership > refuses reservation after either execution authority was selected 0ms
   ✓ pending operation transaction coordination > publishes the exact operation authority through the registered owner 0ms
   × pending operation transaction coordination > resolves request preparation once and rethrows the same preparation failure 0ms
     → Cannot read properties of undefined (reading 'operation')
   × pending operation transaction coordination > stages one package listener and coordinates it through an array child 0ms
     → Cannot read properties of undefined (reading 'operation')
   × pending operation transaction coordination > runs query interception and observation through the owner without provider work 1ms
     → Cannot read properties of undefined (reading 'operation')
   ✓ pending operation transaction coordination > requires observed coordination for request-only array transforms 0ms
   × pending operation transaction coordination > exposes canonical cache input only for read operations 0ms
     → Cannot read properties of undefined (reading 'operation')
   × pending operation transaction coordination > normalizes OrThrow operation identity and refuses unknown routed names 0ms
     → expected [Function] to throw an error
 ❯ |layer-query-engine| tests/contracts/engine/query/query-operation-coverage-boundaries.core.test.ts (25 tests | 1 failed) 7ms
   ✓ query operation composition boundaries > composes cursor, public filters, trusted predicates, projections, and distinct pagination 1ms
   ✓ query operation composition boundaries > builds a filtered cursor window and the empty projection used by count 0ms
   ✓ query operation composition boundaries > adds internal predicates and columns to a unique read 0ms
   ✓ query operation composition boundaries > caps a compound-key bulk mutation through its complete key tuple 0ms
   ✓ query operation composition boundaries > reverses relation-order fallback without interpreting nested order keys 0ms
   ✓ query operation composition boundaries > renders nullable and non-null scalar order members through one normalized plan 0ms
   ✓ grouped aggregate operation boundaries > combines logical groups and every aggregate expression with canonical filters 0ms
   ✓ grouped aggregate operation boundaries > keeps empty logical groups aligned with SQL truth values 0ms
   ✓ grouped aggregate operation boundaries > supports direct aggregate operands, null predicates, and empty sets 0ms
   ✓ grouped aggregate operation boundaries > accepts the single-object AND and NOT forms 0ms
   ✓ grouped aggregate operation boundaries > normalizes a single group key and rejects duplicate result keys 0ms
   ✓ create and mutation identity boundaries > returns generated default rows from one default-values statement 0ms
   ✓ create and mutation identity boundaries > computes every portable numeric primary-key operation 0ms
   ✓ create and mutation identity boundaries > plans assigned, generated, and updated mutation identities 1ms
   ✓ create and mutation identity boundaries > checks portable primary-key envelopes for each mutation family 0ms
   ✓ mutation dependency fold boundaries > addresses root and sibling output columns through their distinct CTE names 0ms
   ✓ pending operation coordination boundaries > recognizes genuine pending operations and refuses unrelated values 0ms
   × pending operation coordination boundaries > runs an unintercepted array child without provider work 1ms
     → Cannot read properties of undefined (reading 'operation')
   ✓ pending operation coordination boundaries > executes reserved core work through the operation authority 0ms
   ✓ coverage low value > contains malformed cursor state rejected before operation planning 0ms
   ✓ coverage low value > contains malformed aggregate filters rejected by operation schemas 0ms
   ✓ coverage low value > contains malformed HAVING carriers and ignored aggregate members 0ms
   ✓ coverage low value > contains empty post-validation group order members 0ms
   ✓ coverage low value > contains dependency references that cannot name an earlier output column 0ms
   ✓ coverage low value > contains corrupted post-validation primary-key operations 1ms
 ✓ |layer-query-engine| tests/contracts/engine/query/relation-mutation-program.core.test.ts (17 tests) 3ms
 ❯ |layer-query-engine| tests/contracts/engine/query/request-result-shape-contracts.core.test.ts (29 tests | 16 failed) 5ms
   ✓ request-aware result shapes > rejects known but unrequested and uniformly missing scalar columns 0ms
   × request-aware result shapes > enforces the requested projection on direct execution 1ms
     → expected TypeError: Cannot read properties of unde… to be an instance of QueryEngineError
   × request-aware result shapes > enforces requested nested include shapes and preserves empty relations 0ms
     → Operation 'findMany' on model 'parent' publishes no single driver result to parse.
   × request-aware result shapes > honors model-level omit in default SQL and result parsing 0ms
     → Operation 'findMany' does not compile to one SQL statement. Execute the operation instead.
   × request-aware result shapes > row keys are checked as a set, not as an order 0ms
     → Operation 'findMany' does not compile to one SQL statement. Execute the operation instead.
   × request-aware result shapes > keeps relation-count carriers distinct from same-named scalars 0ms
     → Operation 'findMany' does not compile to one SQL statement. Execute the operation instead.
   × request-aware result shapes > uses one short exact relation-count carrier across dialects 0ms
     → Operation 'findMany' does not compile to one SQL statement. Execute the operation instead.
   ✓ request-aware result shapes > rejects a relation-count row with missing carrier 0ms
   ✓ request-aware result shapes > rejects a relation-count row with missing inner relation 0ms
   ✓ request-aware result shapes > rejects a relation-count row with extra inner relation 0ms
   ✓ request-aware result shapes > rejects a relation-count row with primitive carrier 0ms
   × request-aware result shapes > maps private aggregate carriers and rejects missing aggregate fields 0ms
     → Operation 'aggregate' on model 'grouped' publishes no single driver result to parse.
   × request-aware result shapes > fails closed when grouped scalars collide with public aggregates 0ms
     → expected [Function] to throw error including 'both grouped scalar \'_count\' and ag…' but got 'Operation \'groupBy\' does not compil…'
   × request-aware result shapes > rejects duplicate groupBy fields for a empty result 0ms
     → expected [Function] to throw error matching /duplicate/i but got 'Operation \'groupBy\' on model \'grou…'
   × request-aware result shapes > rejects duplicate groupBy fields for a non-empty result 0ms
     → expected [Function] to throw error matching /duplicate/i but got 'Operation \'groupBy\' on model \'grou…'
   ✓ request-aware result shapes > rejects private carriers that were not requested 0ms
   ✓ request-aware result shapes > rejects private carrier names during client hydration 1ms
   ✓ request-aware result shapes > rejects empty mapped identifiers during client hydration 0ms
   ✓ request-aware result shapes > rejects scalar and relation key "__proto__" during client hydration 0ms
   ✓ request-aware result shapes > rejects scalar and relation key "constructor" during client hydration 0ms
   ✓ request-aware result shapes > rejects scalar and relation key "toString" during client hydration 0ms
   × request-aware result shapes > rejects inherited request key "__proto__" without a raw TypeError 0ms
     → expected function to throw an error, but it didn't
   × request-aware result shapes > rejects inherited request key "constructor" without a raw TypeError 0ms
     → expected function to throw an error, but it didn't
   × request-aware result shapes > rejects inherited request key "toString" without a raw TypeError 0ms
     → expected function to throw an error, but it didn't
   × request-aware result shapes > preserves cardinality for models with no public default scalars 0ms
     → Operation 'findMany' does not compile to one SQL statement. Execute the operation instead.
   ✓ request-aware result shapes > carries and strips all-omitted held records 0ms
   × request-aware result shapes > fails closed on simultaneous scalar and computed _distance output 0ms
     → expected [Function] to throw error including 'cannot be selected together' but got 'Operation \'findMany\' does not compi…'
   ✓ request-aware result shapes > retains the scalar that owns a computed distance 0ms
   × request-aware result shapes > rejects only nullable-vector distance selection 0ms
     → expected [Function] to throw error matching /nullable vector/i but got 'Operation \'findMany\' does not compi…'
 ✓ |layer-query-engine| tests/contracts/engine/query/polymorphic-result-parser.core.test.ts (54 tests) 5ms
 ❯ |layer-query-engine| tests/contracts/engine/query/geopoint-sql.core.test.ts (20 tests | 10 failed) 9ms
   ✓ GeoPoint adapter SQL > settles each adapter GeoPoint protocol as one immutable fact 0ms
   ✓ GeoPoint adapter SQL > binds longitude before latitude in every physical constructor 0ms
   ✓ GeoPoint adapter SQL > binds canonical polygons and never concatenates caller geometry 1ms
   ✓ GeoPoint adapter SQL > spells the same fixed-radius distance on PostgreSQL and MySQL 0ms
   ✓ GeoPoint adapter SQL > lowers whole-world, polar, and degenerate bounds on 'PostgreSQL' 0ms
   ✓ GeoPoint adapter SQL > lowers whole-world, polar, and degenerate bounds on 'MySQL' 0ms
   ✓ GeoPoint adapter SQL > lowers whole-world, polar, and degenerate bounds on 'SQLite' 0ms
   ✓ GeoPoint adapter SQL > adds an index-usable superset to ordinary bounds on 'PostgreSQL' 0ms
   ✓ GeoPoint adapter SQL > adds an index-usable superset to ordinary bounds on 'MySQL' 0ms
   × GeoPoint query lowering > lowers point values for writes on 'PostgreSQL' 1ms
     → Operation 'create' does not compile to one SQL statement. Execute the operation instead.
   × GeoPoint query lowering > lowers point values for writes on 'MySQL' 0ms
     → Operation 'createMany' does not compile to one SQL statement. Execute the operation instead.
   × GeoPoint query lowering > lowers point values for writes on 'SQLite' 0ms
     → Operation 'create' does not compile to one SQL statement. Execute the operation instead.
   × GeoPoint query lowering > lowers exact equality and inclusive bounds on 'PostgreSQL' 0ms
     → Operation 'findMany' does not compile to one SQL statement. Execute the operation instead.
   × GeoPoint query lowering > lowers exact equality and inclusive bounds on 'MySQL' 0ms
     → Operation 'findMany' does not compile to one SQL statement. Execute the operation instead.
   × GeoPoint query lowering > lowers exact equality and inclusive bounds on 'SQLite' 0ms
     → Operation 'findMany' does not compile to one SQL statement. Execute the operation instead.
   × GeoPoint query lowering > uses the smallest positive upper bound only in positive polarity 0ms
     → Operation 'findMany' does not compile to one SQL statement. Execute the operation instead.
   × GeoPoint query lowering > threads distance-prefilter polarity through relation quantifiers 0ms
     → Operation 'findMany' does not compile to one SQL statement. Execute the operation instead.
   × GeoPoint query lowering > combines every distance comparator and uses null-last point ordering 0ms
     → Operation 'findMany' does not compile to one SQL statement. Execute the operation instead.
   × GeoPoint query lowering > refuses unsupported SQLite work while keeping bounds portable 0ms
     → expected error to be instance of FeatureNotSupportedError
   ✓ GeoPoint query lowering > refuses every unsupported SQLite point operation before cache lookup 4ms
 ✓ |layer-query-engine| tests/contracts/engine/query/target-constraint.core.test.ts (20 tests) 3ms
 ✓ |layer-query-engine| tests/contracts/architecture/extension-system-census.core.test.ts (8 tests) 497ms
   ✓ extension-system source census > keeps no superseded owner or parallel runtime handler carrier  491ms
 ❯ |layer-query-engine| tests/contracts/engine/query/decimal-having-operand-sql.core.test.ts (48 tests | 48 failed) 6ms
   × SQLite widened decimal sum operand range > admits every pinned in-range 19-digit coefficient 1ms
     → Operation 'groupBy' does not compile to one SQL statement. Execute the operation instead.
   × SQLite widened decimal sum operand range > refuses the first coefficient beyond each signed-int64 endpoint 0ms
     → expected [Function] to throw error matching /outside this provider's exact HAVING …/ but got 'Operation \'groupBy\' does not compil…'
   × SQLite widened decimal sum operand range > refuses a very wide coefficient through the same pre-I/O boundary 0ms
     → expected [Function] to throw error matching /outside this provider's exact HAVING …/ but got 'Operation \'groupBy\' does not compil…'
   × 'PostgreSQL' decimal having operands > the where operand is itself lowered through the decimal literal 0ms
     → Operation 'findMany' does not compile to one SQL statement. Execute the operation instead.
   × 'PostgreSQL' decimal having operands > having _min binds its operand exactly as where does 0ms
     → Operation 'groupBy' does not compile to one SQL statement. Execute the operation instead.
   × 'PostgreSQL' decimal having operands > having _max binds its operand exactly as where does 0ms
     → Operation 'groupBy' does not compile to one SQL statement. Execute the operation instead.
   × 'PostgreSQL' decimal having operands > having _sum binds its operand exactly as where does 0ms
     → Operation 'groupBy' does not compile to one SQL statement. Execute the operation instead.
   × 'PostgreSQL' decimal having operands > having _avg binds its operand exactly as where does 0ms
     → Operation 'groupBy' does not compile to one SQL statement. Execute the operation instead.
   × 'PostgreSQL' decimal having operands > every element of a having in-list is lowered, not just the first 0ms
     → Operation 'groupBy' does not compile to one SQL statement. Execute the operation instead.
   × 'PostgreSQL' decimal having operands > a _sum operand wider than the field's precision still binds 0ms
     → Operation 'groupBy' does not compile to one SQL statement. Execute the operation instead.
   × 'PostgreSQL' decimal having operands > a _sum operand past the provider's exact cast domain is refused pre-I/O 0ms
     → Operation 'groupBy' does not compile to one SQL statement. Execute the operation instead.
   × 'PostgreSQL' decimal having operands > the widened _sum operand stops at the provider's exact cast boundary 0ms
     → Operation 'groupBy' does not compile to one SQL statement. Execute the operation instead.
   × 'PostgreSQL' decimal having operands > grouped decimal lists project through their transport but group on the physical column 0ms
     → Operation 'groupBy' does not compile to one SQL statement. Execute the operation instead.
   × 'PostgreSQL' decimal having operands > groupBy ORDER BY _avg orders by the exact average, not AVG() 0ms
     → Operation 'groupBy' does not compile to one SQL statement. Execute the operation instead.
   × 'PostgreSQL' decimal having operands > having _avg filters on the exact average, not AVG() 0ms
     → Operation 'groupBy' does not compile to one SQL statement. Execute the operation instead.
   × 'PostgreSQL' decimal having operands > the projection, the ordering and the filter emit ONE expression 0ms
     → Operation 'groupBy' does not compile to one SQL statement. Execute the operation instead.
   × 'PostgreSQL' decimal having operands > a _sum operand finer than the field's scale is refused 0ms
     → expected [Function] to throw error matching /fractional digit/ but got 'Operation \'groupBy\' does not compil…'
   × 'PostgreSQL' decimal having operands > having _count compares a row count, so it does NOT get the cast 0ms
     → Operation 'groupBy' does not compile to one SQL statement. Execute the operation instead.
   × 'MySQL' decimal having operands > the where operand is itself lowered through the decimal literal 0ms
     → Operation 'findMany' does not compile to one SQL statement. Execute the operation instead.
   × 'MySQL' decimal having operands > having _min binds its operand exactly as where does 0ms
     → Operation 'groupBy' does not compile to one SQL statement. Execute the operation instead.
   × 'MySQL' decimal having operands > having _max binds its operand exactly as where does 0ms
     → Operation 'groupBy' does not compile to one SQL statement. Execute the operation instead.
   × 'MySQL' decimal having operands > having _sum binds its operand exactly as where does 0ms
     → Operation 'groupBy' does not compile to one SQL statement. Execute the operation instead.
   × 'MySQL' decimal having operands > having _avg binds its operand exactly as where does 0ms
     → Operation 'groupBy' does not compile to one SQL statement. Execute the operation instead.
   × 'MySQL' decimal having operands > every element of a having in-list is lowered, not just the first 0ms
     → Operation 'groupBy' does not compile to one SQL statement. Execute the operation instead.
   × 'MySQL' decimal having operands > a _sum operand wider than the field's precision still binds 0ms
     → Operation 'groupBy' does not compile to one SQL statement. Execute the operation instead.
   × 'MySQL' decimal having operands > a _sum operand past the provider's exact cast domain is refused pre-I/O 0ms
     → Operation 'groupBy' does not compile to one SQL statement. Execute the operation instead.
   × 'MySQL' decimal having operands > the widened _sum operand stops at the provider's exact cast boundary 0ms
     → Operation 'groupBy' does not compile to one SQL statement. Execute the operation instead.
   × 'MySQL' decimal having operands > grouped decimal lists project through their transport but group on the physical column 0ms
     → Operation 'groupBy' does not compile to one SQL statement. Execute the operation instead.
   × 'MySQL' decimal having operands > groupBy ORDER BY _avg orders by the exact average, not AVG() 0ms
     → Operation 'groupBy' does not compile to one SQL statement. Execute the operation instead.
   × 'MySQL' decimal having operands > having _avg filters on the exact average, not AVG() 0ms
     → Operation 'groupBy' does not compile to one SQL statement. Execute the operation instead.
   × 'MySQL' decimal having operands > the projection, the ordering and the filter emit ONE expression 0ms
     → Operation 'groupBy' does not compile to one SQL statement. Execute the operation instead.
   × 'MySQL' decimal having operands > a _sum operand finer than the field's scale is refused 0ms
     → expected [Function] to throw error matching /fractional digit/ but got 'Operation \'groupBy\' does not compil…'
   × 'MySQL' decimal having operands > having _count compares a row count, so it does NOT get the cast 0ms
     → Operation 'groupBy' does not compile to one SQL statement. Execute the operation instead.
   × 'SQLite' decimal having operands > the where operand is itself lowered through the decimal literal 0ms
     → Operation 'findMany' does not compile to one SQL statement. Execute the operation instead.
   × 'SQLite' decimal having operands > having _min binds its operand exactly as where does 0ms
     → Operation 'groupBy' does not compile to one SQL statement. Execute the operation instead.
   × 'SQLite' decimal having operands > having _max binds its operand exactly as where does 0ms
     → Operation 'groupBy' does not compile to one SQL statement. Execute the operation instead.
   × 'SQLite' decimal having operands > having _sum binds its operand exactly as where does 0ms
     → Operation 'groupBy' does not compile to one SQL statement. Execute the operation instead.
   × 'SQLite' decimal having operands > having _avg binds its operand exactly as where does 0ms
     → Operation 'groupBy' does not compile to one SQL statement. Execute the operation instead.
   × 'SQLite' decimal having operands > every element of a having in-list is lowered, not just the first 0ms
     → Operation 'groupBy' does not compile to one SQL statement. Execute the operation instead.
   × 'SQLite' decimal having operands > a _sum operand wider than the field's precision still binds 0ms
     → Operation 'groupBy' does not compile to one SQL statement. Execute the operation instead.
   × 'SQLite' decimal having operands > a _sum operand past the provider's exact cast domain is refused pre-I/O 0ms
     → expected [Function] to throw error matching /outside this provider's exact HAVING …/ but got 'Operation \'groupBy\' does not compil…'
   × 'SQLite' decimal having operands > the widened _sum operand stops at the provider's exact cast boundary 0ms
     → expected [Function] to throw error matching /outside this provider's exact HAVING …/ but got 'Operation \'groupBy\' does not compil…'
   × 'SQLite' decimal having operands > grouped decimal lists project through their transport but group on the physical column 0ms
     → Operation 'groupBy' does not compile to one SQL statement. Execute the operation instead.
   × 'SQLite' decimal having operands > groupBy ORDER BY _avg orders by the exact average, not AVG() 0ms
     → Operation 'groupBy' does not compile to one SQL statement. Execute the operation instead.
   × 'SQLite' decimal having operands > having _avg filters on the exact average, not AVG() 0ms
     → Operation 'groupBy' does not compile to one SQL statement. Execute the operation instead.
   × 'SQLite' decimal having operands > the projection, the ordering and the filter emit ONE expression 0ms
     → Operation 'groupBy' does not compile to one SQL statement. Execute the operation instead.
   × 'SQLite' decimal having operands > a _sum operand finer than the field's scale is refused 0ms
     → expected [Function] to throw error matching /fractional digit/ but got 'Operation \'groupBy\' does not compil…'
   × 'SQLite' decimal having operands > having _count compares a row count, so it does NOT get the cast 0ms
     → Operation 'groupBy' does not compile to one SQL statement. Execute the operation instead.
 ❯ |layer-query-engine| tests/contracts/engine/query/cursor-pagination-sql.core.test.ts (44 tests | 42 failed) 7ms
   × 'PostgreSQL' cursor SQL > one normalized order drives ORDER BY and one derived cursor row 1ms
     → Operation 'findMany' does not compile to one SQL statement. Execute the operation instead.
   × 'PostgreSQL' cursor SQL > preserves frozen multi-entry order while appending the identity 0ms
     → Operation 'findMany' does not compile to one SQL statement. Execute the operation instead.
   × 'PostgreSQL' cursor SQL > bare directions resolve portable null placement explicitly 0ms
     → Operation 'findMany' does not compile to one SQL statement. Execute the operation instead.
   × 'PostgreSQL' cursor SQL > negative take flips direction and null placement together 0ms
     → Operation 'findMany' does not compile to one SQL statement. Execute the operation instead.
   × 'PostgreSQL' cursor SQL > include aliases remain distinct from the cursor derived row 0ms
     → Operation 'findMany' does not compile to one SQL statement. Execute the operation instead.
   × 'PostgreSQL' cursor SQL > count uses the normalized cursor order and derived row 0ms
     → Operation 'count' does not compile to one SQL statement. Execute the operation instead.
   × 'PostgreSQL' cursor SQL > NOT NULL sort columns compare as a row value against a row subquery 0ms
     → Operation 'findMany' does not compile to one SQL statement. Execute the operation instead.
   × 'PostgreSQL' cursor SQL > a backward window over an ascending order compares the other way 0ms
     → Operation 'findMany' does not compile to one SQL statement. Execute the operation instead.
   × 'PostgreSQL' cursor SQL > a descending order keeps the null-guarded predicate 0ms
     → Operation 'findMany' does not compile to one SQL statement. Execute the operation instead.
   × 'PostgreSQL' cursor SQL > a single NOT NULL sort column needs no row constructor 0ms
     → Operation 'findMany' does not compile to one SQL statement. Execute the operation instead.
   × 'PostgreSQL' cursor SQL > a nullable sort column keeps the null-guarded predicate 0ms
     → Operation 'findMany' does not compile to one SQL statement. Execute the operation instead.
   × 'PostgreSQL' cursor SQL > mixed sort directions keep the null-guarded predicate 0ms
     → Operation 'findMany' does not compile to one SQL statement. Execute the operation instead.
   × 'PostgreSQL' cursor SQL > relation cursor ordering fails explicitly 0ms
     → expected [Function] to throw error including 'Cursor pagination supports direct sca…' but got 'Operation \'findMany\' does not compi…'
   × 'PostgreSQL' cursor SQL > vector-distance cursor ordering fails explicitly 0ms
     → expected [Function] to throw error including 'Cursor pagination supports direct sca…' but got 'Operation \'findMany\' does not compi…'
   × 'MySQL' cursor SQL > one normalized order drives ORDER BY and one derived cursor row 0ms
     → Operation 'findMany' does not compile to one SQL statement. Execute the operation instead.
   × 'MySQL' cursor SQL > preserves frozen multi-entry order while appending the identity 0ms
     → Operation 'findMany' does not compile to one SQL statement. Execute the operation instead.
   × 'MySQL' cursor SQL > bare directions resolve portable null placement explicitly 0ms
     → Operation 'findMany' does not compile to one SQL statement. Execute the operation instead.
   × 'MySQL' cursor SQL > negative take flips direction and null placement together 0ms
     → Operation 'findMany' does not compile to one SQL statement. Execute the operation instead.
   × 'MySQL' cursor SQL > include aliases remain distinct from the cursor derived row 0ms
     → Operation 'findMany' does not compile to one SQL statement. Execute the operation instead.
   × 'MySQL' cursor SQL > count uses the normalized cursor order and derived row 0ms
     → Operation 'count' does not compile to one SQL statement. Execute the operation instead.
   × 'MySQL' cursor SQL > NOT NULL sort columns compare as a row value against a row subquery 0ms
     → Operation 'findMany' does not compile to one SQL statement. Execute the operation instead.
   × 'MySQL' cursor SQL > a backward window over an ascending order compares the other way 0ms
     → Operation 'findMany' does not compile to one SQL statement. Execute the operation instead.
   × 'MySQL' cursor SQL > a descending order keeps the null-guarded predicate 0ms
     → Operation 'findMany' does not compile to one SQL statement. Execute the operation instead.
   × 'MySQL' cursor SQL > a single NOT NULL sort column needs no row constructor 0ms
     → Operation 'findMany' does not compile to one SQL statement. Execute the operation instead.
   × 'MySQL' cursor SQL > a nullable sort column keeps the null-guarded predicate 0ms
     → Operation 'findMany' does not compile to one SQL statement. Execute the operation instead.
   × 'MySQL' cursor SQL > mixed sort directions keep the null-guarded predicate 0ms
     → Operation 'findMany' does not compile to one SQL statement. Execute the operation instead.
   × 'MySQL' cursor SQL > relation cursor ordering fails explicitly 0ms
     → expected [Function] to throw error including 'Cursor pagination supports direct sca…' but got 'Operation \'findMany\' does not compi…'
   × 'MySQL' cursor SQL > vector-distance cursor ordering fails explicitly 0ms
     → expected [Function] to throw error including 'Cursor pagination supports direct sca…' but got 'Operation \'findMany\' does not compi…'
   × 'SQLite' cursor SQL > one normalized order drives ORDER BY and one derived cursor row 0ms
     → Operation 'findMany' does not compile to one SQL statement. Execute the operation instead.
   × 'SQLite' cursor SQL > preserves frozen multi-entry order while appending the identity 0ms
     → Operation 'findMany' does not compile to one SQL statement. Execute the operation instead.
   × 'SQLite' cursor SQL > bare directions resolve portable null placement explicitly 0ms
     → Operation 'findMany' does not compile to one SQL statement. Execute the operation instead.
   × 'SQLite' cursor SQL > negative take flips direction and null placement together 0ms
     → Operation 'findMany' does not compile to one SQL statement. Execute the operation instead.
   × 'SQLite' cursor SQL > include aliases remain distinct from the cursor derived row 0ms
     → Operation 'findMany' does not compile to one SQL statement. Execute the operation instead.
   × 'SQLite' cursor SQL > count uses the normalized cursor order and derived row 0ms
     → Operation 'count' does not compile to one SQL statement. Execute the operation instead.
   × 'SQLite' cursor SQL > NOT NULL sort columns compare as a row value against a row subquery 0ms
     → Operation 'findMany' does not compile to one SQL statement. Execute the operation instead.
   × 'SQLite' cursor SQL > a backward window over an ascending order compares the other way 0ms
     → Operation 'findMany' does not compile to one SQL statement. Execute the operation instead.
   × 'SQLite' cursor SQL > a descending order keeps the null-guarded predicate 0ms
     → Operation 'findMany' does not compile to one SQL statement. Execute the operation instead.
   × 'SQLite' cursor SQL > a single NOT NULL sort column needs no row constructor 0ms
     → Operation 'findMany' does not compile to one SQL statement. Execute the operation instead.
   × 'SQLite' cursor SQL > a nullable sort column keeps the null-guarded predicate 0ms
     → Operation 'findMany' does not compile to one SQL statement. Execute the operation instead.
   × 'SQLite' cursor SQL > mixed sort directions keep the null-guarded predicate 0ms
     → Operation 'findMany' does not compile to one SQL statement. Execute the operation instead.
   × 'SQLite' cursor SQL > relation cursor ordering fails explicitly 0ms
     → expected [Function] to throw error including 'Cursor pagination supports direct sca…' but got 'Operation \'findMany\' does not compi…'
   × 'SQLite' cursor SQL > vector-distance cursor ordering fails explicitly 0ms
     → expected [Function] to throw error including 'Cursor pagination supports direct sca…' but got 'Operation \'findMany\' does not compi…'
   ✓ find pagination fallback planning > reverses every nested fallback item without interpreting its shape 0ms
   ✓ find pagination fallback planning > coverage low value: validated pagination numbers > fails closed when called below the public validation boundary 0ms
 ❯ |layer-query-engine| tests/contracts/engine/query/bulk-create-plan.core.test.ts (12 tests | 1 failed) 4ms
   ✓ bulk create planning > groups only contiguous equal shapes and retains input indexes 0ms
   ✓ bulk create planning > groups independently executable rows by contiguous physical shape 0ms
   ✓ bulk create planning > refuses non-portable explicit and missing generated values 0ms
   ✓ bulk create planning > routes scalar values through their destination physical vocabulary 1ms
   ✓ bulk create planning > keeps scalar comparison literals consistent with insert literals 0ms
   ✓ bulk create planning > decimal scalar and list boundaries fail closed without exact meaning 0ms
   ✓ bulk create planning > reports scalar type and deferred relation cast from one destination owner 0ms
   ✓ bulk create planning > builds default-row and explicit-row inserts through the adapter 0ms
   ✓ bulk create planning > assembles returning, non-returning, and default-only create statements 0ms
   ✓ bulk create planning > keeps default-only and non-returning bulk rows independently addressable 0ms
   × bulk create planning > fails closed on a short provider result window 0ms
     → Cannot read properties of undefined (reading 'operation')
   ✓ bulk create planning > coverage low value: validated create payload boundaries > fails closed below operation-schema validation 0ms
 ✓ |layer-query-engine| tests/contracts/engine/query/model-key-catalog.core.test.ts (22 tests) 2ms
 ✓ |layer-query-engine| tests/contracts/engine/query/junction-conflict-target.core.test.ts (9 tests) 2ms
 ✓ |layer-query-engine| tests/contracts/engine/query/query-result-coverage-boundaries.core.test.ts (17 tests) 4ms
 ✓ |layer-query-engine| tests/contracts/engine/query/polymorphic-inverse-read-sql.core.test.ts (13 tests) 3ms
 ✓ |layer-query-engine| tests/contracts/engine/query/consumable-result-rows.core.test.ts (13 tests) 3ms
 ✓ |layer-query-engine| tests/contracts/engine/query/decimal-list-container.core.test.ts (42 tests) 3ms
 ❯ |layer-query-engine| tests/contracts/engine/query/batch-attribution-hazard-signature.core.test.ts (17 tests | 12 failed) 3ms
   × 'PostgreSQL' batch attribution hazard signature > the adapter spells both hazard shapes the way the table expects 1ms
     → Operation 'updateMany' does not compile to one SQL statement. Execute the operation instead.
   × 'PostgreSQL' batch attribution hazard signature > an ordinary statement carrying this dialect's trick blocks attribution 0ms
     → Operation 'updateMany' does not compile to one SQL statement. Execute the operation instead.
   × 'PostgreSQL' batch attribution hazard signature > the other dialect's trick is not this dialect's, so attribution stands 0ms
     → Operation 'updateMany' does not compile to one SQL statement. Execute the operation instead.
   × 'PostgreSQL' batch attribution hazard signature > a batch of nothing but its own assertion attributes 0ms
     → Operation 'updateMany' does not compile to one SQL statement. Execute the operation instead.
   × 'MySQL' batch attribution hazard signature > the adapter spells both hazard shapes the way the table expects 0ms
     → Operation 'updateMany' does not compile to one SQL statement. Execute the operation instead.
   × 'MySQL' batch attribution hazard signature > an ordinary statement carrying this dialect's trick blocks attribution 0ms
     → Operation 'updateMany' does not compile to one SQL statement. Execute the operation instead.
   × 'MySQL' batch attribution hazard signature > the other dialect's trick is not this dialect's, so attribution stands 0ms
     → Operation 'updateMany' does not compile to one SQL statement. Execute the operation instead.
   × 'MySQL' batch attribution hazard signature > a batch of nothing but its own assertion attributes 0ms
     → Operation 'updateMany' does not compile to one SQL statement. Execute the operation instead.
   × 'SQLite' batch attribution hazard signature > the adapter spells both hazard shapes the way the table expects 0ms
     → Operation 'updateMany' does not compile to one SQL statement. Execute the operation instead.
   × 'SQLite' batch attribution hazard signature > an ordinary statement carrying this dialect's trick blocks attribution 0ms
     → Operation 'updateMany' does not compile to one SQL statement. Execute the operation instead.
   × 'SQLite' batch attribution hazard signature > the other dialect's trick is not this dialect's, so attribution stands 0ms
     → Operation 'updateMany' does not compile to one SQL statement. Execute the operation instead.
   × 'SQLite' batch attribution hazard signature > a batch of nothing but its own assertion attributes 0ms
     → Operation 'updateMany' does not compile to one SQL statement. Execute the operation instead.
   ✓ batch guard attribution contracts > leaves non-assertion and unmatched indexed failures authoritative 0ms
   ✓ batch guard attribution contracts > uses an exact provider statement index without re-probing 0ms
   ✓ batch guard attribution contracts > attributes both violated probe premise forms 0ms
   ✓ batch guard attribution contracts > does not invent one attribution when guards disagree 0ms
   ✓ batch guard attribution contracts > returns the assertion floor when no guard can own the failure 0ms
 ✓ |layer-query-engine| tests/contracts/engine/query/result-identity-fast-path.core.test.ts (11 tests) 2ms
 ✓ |layer-query-engine| tests/contracts/engine/query/cache-result-codec-boundaries.core.test.ts (9 tests) 2ms
 ✓ |layer-query-engine| tests/contracts/engine/query/list-update-container.core.test.ts (14 tests) 4ms
 ❯ |layer-query-engine| tests/contracts/engine/query/starts-with-prefix-sql.core.test.ts (31 tests | 27 failed) 4ms
   × 'PostgreSQL' startsWith SQL > a plain-string startsWith emits the index-usable prefix predicate 1ms
     → Operation 'findMany' does not compile to one SQL statement. Execute the operation instead.
   × 'PostgreSQL' startsWith SQL > the escape characters land in the bound pattern, not the SQL 0ms
     → Operation 'findMany' does not compile to one SQL statement. Execute the operation instead.
   × 'PostgreSQL' startsWith SQL > the empty value still produces a bare-wildcard pattern 0ms
     → Operation 'findMany' does not compile to one SQL statement. Execute the operation instead.
   × 'PostgreSQL' startsWith SQL > endsWith keeps the LEFT/substr family — no dialect can range a suffix 0ms
     → Operation 'findMany' does not compile to one SQL statement. Execute the operation instead.
   × 'PostgreSQL' startsWith SQL > contains keeps its own spelling 0ms
     → Operation 'findMany' does not compile to one SQL statement. Execute the operation instead.
   × 'PostgreSQL' startsWith SQL > insensitive startsWith keeps the fold spelling 0ms
     → Operation 'findMany' does not compile to one SQL statement. Execute the operation instead.
   × 'PostgreSQL' startsWith SQL > a referenced-column operand keeps the LEFT/substr spelling 0ms
     → Operation 'findMany' does not compile to one SQL statement. Execute the operation instead.
   × 'PostgreSQL' startsWith SQL > the parse boundary refuses startsWith on an enum column 0ms
     → expected [Function] to throw error matching /Unknown key: startsWith|did not match…/ but got 'Operation \'findMany\' does not compi…'
   × 'PostgreSQL' startsWith SQL > the parse boundary refuses startsWith on a string list 0ms
     → expected [Function] to throw error matching /Unknown key: startsWith|did not match…/ but got 'Operation \'findMany\' does not compi…'
   × 'MySQL' startsWith SQL > a plain-string startsWith emits the index-usable prefix predicate 0ms
     → Operation 'findMany' does not compile to one SQL statement. Execute the operation instead.
   × 'MySQL' startsWith SQL > the escape characters land in the bound pattern, not the SQL 0ms
     → Operation 'findMany' does not compile to one SQL statement. Execute the operation instead.
   × 'MySQL' startsWith SQL > the empty value still produces a bare-wildcard pattern 0ms
     → Operation 'findMany' does not compile to one SQL statement. Execute the operation instead.
   × 'MySQL' startsWith SQL > endsWith keeps the LEFT/substr family — no dialect can range a suffix 0ms
     → Operation 'findMany' does not compile to one SQL statement. Execute the operation instead.
   × 'MySQL' startsWith SQL > contains keeps its own spelling 0ms
     → Operation 'findMany' does not compile to one SQL statement. Execute the operation instead.
   × 'MySQL' startsWith SQL > insensitive startsWith keeps the fold spelling 0ms
     → Operation 'findMany' does not compile to one SQL statement. Execute the operation instead.
   × 'MySQL' startsWith SQL > a referenced-column operand keeps the LEFT/substr spelling 0ms
     → Operation 'findMany' does not compile to one SQL statement. Execute the operation instead.
   × 'MySQL' startsWith SQL > the parse boundary refuses startsWith on an enum column 0ms
     → expected [Function] to throw error matching /Unknown key: startsWith|did not match…/ but got 'Operation \'findMany\' does not compi…'
   × 'MySQL' startsWith SQL > the parse boundary refuses startsWith on a string list 0ms
     → expected [Function] to throw error matching /Unknown key: startsWith|did not match…/ but got 'Operation \'findMany\' does not compi…'
   × 'SQLite' startsWith SQL > a plain-string startsWith emits the index-usable prefix predicate 0ms
     → Operation 'findMany' does not compile to one SQL statement. Execute the operation instead.
   × 'SQLite' startsWith SQL > the escape characters land in the bound pattern, not the SQL 0ms
     → Operation 'findMany' does not compile to one SQL statement. Execute the operation instead.
   × 'SQLite' startsWith SQL > the empty value still produces a bare-wildcard pattern 0ms
     → Operation 'findMany' does not compile to one SQL statement. Execute the operation instead.
   × 'SQLite' startsWith SQL > endsWith keeps the LEFT/substr family — no dialect can range a suffix 0ms
     → Operation 'findMany' does not compile to one SQL statement. Execute the operation instead.
   × 'SQLite' startsWith SQL > contains keeps its own spelling 0ms
     → Operation 'findMany' does not compile to one SQL statement. Execute the operation instead.
   × 'SQLite' startsWith SQL > insensitive startsWith keeps the fold spelling 0ms
     → Operation 'findMany' does not compile to one SQL statement. Execute the operation instead.
   × 'SQLite' startsWith SQL > a referenced-column operand keeps the LEFT/substr spelling 0ms
     → Operation 'findMany' does not compile to one SQL statement. Execute the operation instead.
   × 'SQLite' startsWith SQL > the parse boundary refuses startsWith on an enum column 0ms
     → expected [Function] to throw error matching /Unknown key: startsWith|did not match…/ but got 'Operation \'findMany\' does not compi…'
   × 'SQLite' startsWith SQL > the parse boundary refuses startsWith on a string list 0ms
     → expected [Function] to throw error matching /Unknown key: startsWith|did not match…/ but got 'Operation \'findMany\' does not compi…'
   ✓ the escapers > escapeLikeLiteral quotes %, _ and the escape character itself 0ms
   ✓ the escapers > escapeLikeLiteral leaves everything else alone 0ms
   ✓ the escapers > escapeGlobLiteral quotes *, ? and [ as one-character classes 0ms
   ✓ the escapers > escapeGlobLiteral leaves LIKE's metacharacters and backslash alone 0ms
 ✓ |layer-query-engine| tests/contracts/architecture/geopoint-language-census.core.test.ts (4 tests) 1074ms
   ✓ GeoPoint shipped-language census > the complete shipped executable source has zero retired owners  511ms
   ✓ GeoPoint shipped-language census > the codecs and fixed radius each have one declaration owner  561ms
 ❯ |layer-query-engine| tests/contracts/engine/query/lateral-joins.core.test.ts (18 tests | 9 failed) 2ms
   ✓ Lateral Joins > Adapter Capabilities > PostgreSQL adapter supports lateral joins 0ms
   ✓ Lateral Joins > Adapter Capabilities > MySQL adapter supports lateral joins 0ms
   ✓ Lateral Joins > Adapter Capabilities > SQLite adapter does not support lateral joins 0ms
   ✓ Lateral Joins > Adapter Join Methods > PostgreSQL lateral join methods > lateral() generates correct SQL 0ms
   ✓ Lateral Joins > Adapter Join Methods > PostgreSQL lateral join methods > lateralLeft() generates correct SQL 0ms
   ✓ Lateral Joins > Adapter Join Methods > MySQL lateral join methods > lateral() generates correct SQL 0ms
   ✓ Lateral Joins > Adapter Join Methods > MySQL lateral join methods > lateralLeft() generates correct SQL 0ms
   ✓ Lateral Joins > Adapter Join Methods > SQLite lateral join methods > lateral() throws error 0ms
   ✓ Lateral Joins > Adapter Join Methods > SQLite lateral join methods > lateralLeft() throws error 0ms
   × Lateral Joins > SQL Generation > PostgreSQL (lateral joins enabled) > to-many include uses lateral join 0ms
     → Operation 'findMany' does not compile to one SQL statement. Execute the operation instead.
   × Lateral Joins > SQL Generation > PostgreSQL (lateral joins enabled) > to-one include uses lateral join 0ms
     → Operation 'findMany' does not compile to one SQL statement. Execute the operation instead.
   × Lateral Joins > SQL Generation > PostgreSQL (lateral joins enabled) > include with where filter 0ms
     → Operation 'findMany' does not compile to one SQL statement. Execute the operation instead.
   × Lateral Joins > SQL Generation > PostgreSQL (lateral joins enabled) > include with orderBy 0ms
     → Operation 'findMany' does not compile to one SQL statement. Execute the operation instead.
   × Lateral Joins > SQL Generation > PostgreSQL (lateral joins enabled) > include with take/skip pagination 0ms
     → Operation 'findMany' does not compile to one SQL statement. Execute the operation instead.
   × Lateral Joins > SQL Generation > SQLite (correlated subquery fallback) > to-many include uses correlated subquery (no lateral) 0ms
     → Operation 'findMany' does not compile to one SQL statement. Execute the operation instead.
   × Lateral Joins > SQL Generation > SQLite (correlated subquery fallback) > to-one include uses correlated subquery (no lateral) 0ms
     → Operation 'findMany' does not compile to one SQL statement. Execute the operation instead.
   × Lateral Joins > SQL Generation > MySQL (lateral joins enabled) > to-many include uses lateral join 0ms
     → Operation 'findMany' does not compile to one SQL statement. Execute the operation instead.
   × Lateral Joins > SQL Generation > MySQL (lateral joins enabled) > to-one include uses lateral join 0ms
     → Operation 'findMany' does not compile to one SQL statement. Execute the operation instead.
 ✓ |layer-query-engine| tests/contracts/engine/query/junction-statements.core.test.ts (8 tests) 2ms
 ❯ |layer-query-engine| tests/contracts/architecture/core-taxonomy-census.core.test.ts (4 tests | 1 failed) 120ms
   ✓ core test taxonomy > runs the trusted core over the layer projects this census reads 0ms
   ✓ core test taxonomy > selects every core test in exactly one layer project 0ms
   ✓ core test taxonomy > admits nothing but core tests into the layer projects 0ms
   × core test taxonomy > keeps every layer project and include pattern live 1ms
     → expected [ …(51) ] to deeply equal []
 ✓ |layer-query-engine| tests/contracts/engine/query/decimal-capture-materialization.core.test.ts (10 tests) 2ms
 ✓ |layer-query-engine| tests/contracts/engine/query/for-update-dialects.core.test.ts (17 tests) 1ms
 ❯ |layer-query-engine| tests/contracts/engine/query/json-null-sentinel-sql.core.test.ts (30 tests | 24 failed) 4ms
   × 'PostgreSQL' json null sentinel SQL > equals DbNull is IS NULL and binds nothing 1ms
     → Operation 'findMany' does not compile to one SQL statement. Execute the operation instead.
   × 'PostgreSQL' json null sentinel SQL > equals JsonNull compares against the serialized JSON null 0ms
     → Operation 'findMany' does not compile to one SQL statement. Execute the operation instead.
   × 'PostgreSQL' json null sentinel SQL > equals AnyNull is the disjunction of the two 0ms
     → Operation 'findMany' does not compile to one SQL statement. Execute the operation instead.
   × 'PostgreSQL' json null sentinel SQL > not DbNull is IS NOT NULL 0ms
     → Operation 'findMany' does not compile to one SQL statement. Execute the operation instead.
   × 'PostgreSQL' json null sentinel SQL > not JsonNull is a value inequality 0ms
     → Operation 'findMany' does not compile to one SQL statement. Execute the operation instead.
   × 'PostgreSQL' json null sentinel SQL > not AnyNull is the conjunction of both complements 0ms
     → Operation 'findMany' does not compile to one SQL statement. Execute the operation instead.
   ✓ 'PostgreSQL' json null sentinel SQL > the write serialization of JsonNull is the one filters compare 0ms
   ✓ 'PostgreSQL' json null sentinel SQL > DbNull lowers to a SQL NULL literal, bound to nothing 0ms
   × 'PostgreSQL' json null sentinel SQL > a sentinel under a path is refused before SQL exists 0ms
     → expected [Function] to throw error matching /cannot combine 'path' with the DbNull…/ but got 'Operation \'findMany\' does not compi…'
   × 'PostgreSQL' json null sentinel SQL > a bare null keeps its pre-sentinel meaning 0ms
     → Operation 'findMany' does not compile to one SQL statement. Execute the operation instead.
   × 'MySQL' json null sentinel SQL > equals DbNull is IS NULL and binds nothing 0ms
     → Operation 'findMany' does not compile to one SQL statement. Execute the operation instead.
   × 'MySQL' json null sentinel SQL > equals JsonNull compares against the serialized JSON null 0ms
     → Operation 'findMany' does not compile to one SQL statement. Execute the operation instead.
   × 'MySQL' json null sentinel SQL > equals AnyNull is the disjunction of the two 0ms
     → Operation 'findMany' does not compile to one SQL statement. Execute the operation instead.
   × 'MySQL' json null sentinel SQL > not DbNull is IS NOT NULL 0ms
     → Operation 'findMany' does not compile to one SQL statement. Execute the operation instead.
   × 'MySQL' json null sentinel SQL > not JsonNull is a value inequality 0ms
     → Operation 'findMany' does not compile to one SQL statement. Execute the operation instead.
   × 'MySQL' json null sentinel SQL > not AnyNull is the conjunction of both complements 0ms
     → Operation 'findMany' does not compile to one SQL statement. Execute the operation instead.
   ✓ 'MySQL' json null sentinel SQL > the write serialization of JsonNull is the one filters compare 0ms
   ✓ 'MySQL' json null sentinel SQL > DbNull lowers to a SQL NULL literal, bound to nothing 0ms
   × 'MySQL' json null sentinel SQL > a sentinel under a path is refused before SQL exists 0ms
     → expected [Function] to throw error matching /cannot combine 'path' with the DbNull…/ but got 'Operation \'findMany\' does not compi…'
   × 'MySQL' json null sentinel SQL > a bare null keeps its pre-sentinel meaning 0ms
     → Operation 'findMany' does not compile to one SQL statement. Execute the operation instead.
   × 'SQLite' json null sentinel SQL > equals DbNull is IS NULL and binds nothing 0ms
     → Operation 'findMany' does not compile to one SQL statement. Execute the operation instead.
   × 'SQLite' json null sentinel SQL > equals JsonNull compares against the serialized JSON null 0ms
     → Operation 'findMany' does not compile to one SQL statement. Execute the operation instead.
   × 'SQLite' json null sentinel SQL > equals AnyNull is the disjunction of the two 0ms
     → Operation 'findMany' does not compile to one SQL statement. Execute the operation instead.
   × 'SQLite' json null sentinel SQL > not DbNull is IS NOT NULL 0ms
     → Operation 'findMany' does not compile to one SQL statement. Execute the operation instead.
   × 'SQLite' json null sentinel SQL > not JsonNull is a value inequality 0ms
     → Operation 'findMany' does not compile to one SQL statement. Execute the operation instead.
   × 'SQLite' json null sentinel SQL > not AnyNull is the conjunction of both complements 0ms
     → Operation 'findMany' does not compile to one SQL statement. Execute the operation instead.
   ✓ 'SQLite' json null sentinel SQL > the write serialization of JsonNull is the one filters compare 0ms
   ✓ 'SQLite' json null sentinel SQL > DbNull lowers to a SQL NULL literal, bound to nothing 0ms
   × 'SQLite' json null sentinel SQL > a sentinel under a path is refused before SQL exists 0ms
     → expected [Function] to throw error matching /cannot combine 'path' with the DbNull…/ but got 'Operation \'findMany\' does not compi…'
   × 'SQLite' json null sentinel SQL > a bare null keeps its pre-sentinel meaning 0ms
     → Operation 'findMany' does not compile to one SQL statement. Execute the operation instead.
 ✓ |layer-query-engine| tests/contracts/engine/query/query-inspection.core.test.ts (8 tests) 1ms
 ❯ |layer-query-engine| tests/contracts/architecture/contract-matrix.core.test.ts (5 tests | 3 failed) 59ms
   ✓ contract and provider matrix > keeps one stable ContractDefinition ID per behavior registration 5ms
   ✓ contract and provider matrix > assigns every contract to every provider exactly once 7ms
   × contract and provider matrix > matches matrix run decisions to provider registrations 10ms
     → libsql:drivers.batch-primary-key-dataflow: expected '/**\n * LibSQL index DDL and read pla…' to contain 'batchPrimaryKeyDataflowContract.regis…'
   × contract and provider matrix > gives every layer one runtime core owner and one type core 22ms
     → query-engine type core: expected 0 to be greater than 0
   × contract and provider matrix > inventories every executable test by owner and boundary 15ms
     → tests/raptor3/candidate-handoff.test.ts: expected undefined to be defined
 ✓ |layer-query-engine| tests/contracts/engine/query/vector-distance-result-parser.core.test.ts (6 tests) 1ms
 ✓ |layer-query-engine| tests/contracts/engine/query/polymorphic-collection-bind.core.test.ts (3 tests) 1ms
 ✓ |layer-query-engine| tests/contracts/engine/query/decimal-cache-identity.core.test.ts (5 tests) 2ms
 ❯ |layer-query-engine| tests/contracts/engine/query/operation-program-read-contracts.core.test.ts (2 tests | 2 failed) 4ms
   × read result and lifecycle contracts > preserves public result shapes on the direct runtime path 1ms
     → promise rejected "TypeError: Cannot read properties of unde…" instead of resolving
   × read result and lifecycle contracts > wraps execution in the operation span and fails validation before execution 3ms
     → promise rejected "TypeError: Cannot read properties of unde…" instead of resolving
 ✓ |layer-query-engine| tests/contracts/engine/query/polymorphic-row-mutation-intents.core.test.ts (4 tests) 1ms
 ✓ |layer-query-engine| tests/contracts/engine/query/decimal-relation-key-write.core.test.ts (24 tests) 3ms
 ✓ |layer-query-engine| tests/contracts/engine/query/mutation-operation-boundaries.core.test.ts (6 tests) 2ms
 ✓ |layer-query-engine| tests/contracts/engine/query/cursor-order-normalization-boundaries.core.test.ts (5 tests) 1ms
 ✓ |layer-query-engine| tests/contracts/engine/query/target-predicate-footprint.core.test.ts (5 tests) 1ms
 ✓ |layer-query-engine| tests/contracts/engine/query/polymorphic-storage-grouping.core.test.ts (2 tests) 1ms
 ✓ |layer-query-engine| tests/contracts/engine/query/result-parser-architecture-gates.core.test.ts (4 tests) 43ms
 ✓ |layer-query-engine| tests/contracts/engine/query/count-result-carrier.core.test.ts (19 tests) 2ms
 ✓ |layer-query-engine| tests/contracts/engine/query/relation-filter-nullability-planning.core.test.ts (5 tests) 1ms
 ✓ |layer-query-engine| tests/contracts/engine/query/relation-nullability-parity.core.test.ts (2 tests) 1ms
 ✓ |layer-query-engine| tests/contracts/engine/query/select-builder-boundaries.core.test.ts (5 tests) 1ms
 ❯ |layer-query-engine| tests/contracts/engine/query/orderby-relation-depth.core.test.ts (4 tests | 3 failed) 1ms
   ✓ orderBy relation-depth deterministic contracts > validation and engine pin the same cap, and it is 8 0ms
   × orderBy relation-depth deterministic contracts > a 9-hop chain is rejected before provider dispatch 0ms
     → expected [Function] to throw error matching /Unknown key: parent/ but got 'Cannot read properties of undefined (…'
   × orderBy relation-depth deterministic contracts > the 9-hop rejection is a validation error 0ms
     → expected 'TypeError' to be 'ValidationError' // Object.is equality
   × orderBy relation-depth deterministic contracts > a to-many relation inside a to-one chain is rejected 0ms
     → expected [Function] to throw error matching /cannot order through a to-many relati…/ but got 'Cannot read properties of undefined (…'
 ✓ |layer-query-engine| tests/contracts/engine/query/blob-result-parser.core.test.ts (26 tests) 3ms
 ❯ |layer-query-engine| tests/contracts/engine/query/operation-equivalence-oracles.core.test.ts (3 tests | 3 failed) 1ms
   × operation SQL and parameter equivalence oracles > freezes representative postgresql read SQL 0ms
     → Operation 'findMany' does not compile to one SQL statement. Execute the operation instead.
   × operation SQL and parameter equivalence oracles > freezes representative mysql read SQL 0ms
     → Operation 'findMany' does not compile to one SQL statement. Execute the operation instead.
   × operation SQL and parameter equivalence oracles > freezes representative sqlite read SQL 0ms
     → Operation 'findMany' does not compile to one SQL statement. Execute the operation instead.
 ❯ |layer-query-engine| tests/contracts/engine/query/select-mode-capability-matrix.core.test.ts (3 tests | 3 failed) 9ms
   × operation executor atomic-capability refusal > operation 'create' fails before dispatch 6ms
     → expected 'Driver "no-atomic-planning" supports …' to be 'Driver \'no-atomic-planning\' support…' // Object.is equality
   × operation executor atomic-capability refusal > operation 'update' fails before dispatch 2ms
     → expected QueryError: Query execution failed { …(4) } to be an instance of TransactionError
   × operation executor atomic-capability refusal > operation 'upsert' fails before dispatch 1ms
     → expected QueryError: Query execution failed { …(4) } to be an instance of TransactionError
 ✓ |layer-query-engine| tests/contracts/engine/query/nested-writes.core.test.ts (1 test) 0ms
 ✓ |layer-query-engine| tests/contracts/architecture/system-clock.core.test.ts (5 tests) 2ms
 ✓ |layer-query-engine| tests/contracts/engine/query/default-insert-sql.core.test.ts (3 tests) 0ms
 ❯ |layer-query-engine| tests/contracts/engine/query/bulk-insert-row-shapes.core.test.ts (2 tests | 1 failed) 3ms
   × bulk insert row-shape planning > empty createMany rejects during batch preparation 2ms
     → promise resolved "[ { count: +0 } ]" instead of rejecting
   ✓ bulk insert row-shape planning > mixed row shapes require an atomic substrate 1ms
 ✓ |layer-query-engine| tests/contracts/engine/query/result-aliases.core.test.ts (14 tests) 0ms
 ✓ |layer-query-engine| tests/contracts/engine/query/own-write-target.core.test.ts (2 tests) 0ms
 ✓ |layer-query-engine| tests/contracts/engine/query/bind-budget.core.test.ts (2 tests) 0ms
 ✓ |layer-query-engine| tests/contracts/engine/query/nested-captured-target-signature.core.test.ts (1 test) 0ms

⎯⎯⎯⎯⎯⎯ Failed Suites 1 ⎯⎯⎯⎯⎯⎯⎯

 FAIL  |layer-query-engine| tests/contracts/engine/query/namespace-qualification.core.test.ts [ tests/contracts/engine/query/namespace-qualification.core.test.ts ]
QueryEngineError: Operation 'findMany' does not compile to one SQL statement. Execute the operation instead.
⎯⎯⎯⎯⎯⎯⎯⎯⎯⎯⎯⎯⎯⎯⎯⎯⎯⎯⎯⎯⎯⎯[1/508]⎯


⎯⎯⎯⎯⎯⎯ Failed Tests 507 ⎯⎯⎯⎯⎯⎯

 FAIL  |layer-query-engine| tests/contracts/architecture/contract-matrix.core.test.ts > contract and provider matrix > matches matrix run decisions to provider registrations
AssertionError: libsql:drivers.batch-primary-key-dataflow: expected '/**\n * LibSQL index DDL and read pla…' to contain 'batchPrimaryKeyDataflowContract.regis…'

[32m- Expected[39m
[31m+ Received[39m

[32m- batchPrimaryKeyDataflowContract.register([39m
[31m+ /**[39m
[31m+  * LibSQL index DDL and read planning: foreign-key and partial indexes, forward FK ordering, window aggregates, and cursor and nested pagination.[39m
[31m+  *[39m
[31m+  * One file of the LibSQL provider suite, which is split across sibling[39m
[31m+  * `libsql-*.test.ts` files. Every registered contract instantiates the[39m
[31m+  * client's generic surface over its own multi-model schema, and the 1280 MB[39m
[31m+  * TypeScript shard heap holds only a handful of those instantiations per[39m
[31m+  * program, so the suite is partitioned by schema group rather than by size.[39m
[31m+  * The forced-batch driver the batch contracts need lives in[39m
[31m+  * `./libsql-fixtures`, which Vitest does not collect.[39m
[31m+  */[39m
[31m+[39m
[31m+ import { countAggregateWindowContract } from "@tests/contracts/drivers/behaviors/count-aggregate-window-behavior";[39m
[31m+ import { cursorPaginationContract } from "@tests/contracts/drivers/behaviors/cursor-pagination-behavior";[39m
[31m+ import { distinctSkipWindowContract } from "@tests/contracts/drivers/behaviors/distinct-skip-window-behavior";[39m
[31m+ import {[39m
[31m+   fkIndexContract,[39m
[31m+   fkIndexUpgradeContract,[39m
[31m+ } from "@tests/contracts/drivers/behaviors/fk-index-behavior";[39m
[31m+ import { forwardFkOrderingContract } from "@tests/contracts/drivers/behaviors/forward-fk-ordering-behavior";[39m
[31m+ import {[39m
[31m+   mappedIndexContract,[39m
[31m+   partialIndexContract,[39m
[31m+   partialIndexCoverageContract,[39m
[31m+ } from "@tests/contracts/drivers/behaviors/index-ddl-behavior";[39m
[31m+ import { nestedPaginationContract } from "@tests/contracts/drivers/behaviors/nested-pagination-behavior";[39m
[31m+ import { omitContract } from "@tests/contracts/drivers/behaviors/omit-behavior";[39m
[31m+ import { createInMemoryLibSQLDriver } from "@tests/fixtures/drivers/libsql";[39m
[31m+ import { describe } from "vitest";[39m
[31m+[39m
[31m+ // biome-ignore lint/suspicious/noSkippedTests: V1 effectful push is not supported by libSQL.[39m
[31m+ describe.skip("LibSQL contracts that need effectful live-schema setup (DRIVER_NOT_SUPPORTED)", () => {[39m
[31m+   fkIndexContract.register({[39m
[31m+     driverName: "LibSQL",[39m
[31m+     createDriver: createInMemoryLibSQLDriver,[39m
[31m+   });[39m
[31m+   mappedIndexContract.register({[39m
[31m+     driverName: "LibSQL",[39m
[31m+     createDriver: createInMemoryLibSQLDriver,[39m
[31m+   });[39m
[31m+   partialIndexContract.register({[39m
[31m+     driverName: "LibSQL",[39m
[31m+     createDriver: createInMemoryLibSQLDriver,[39m
[31m+   });[39m
[31m+   partialIndexCoverageContract.register({[39m
[31m+     driverName: "LibSQL",[39m
[31m+     createDriver: createInMemoryLibSQLDriver,[39m
[31m+   });[39m
[31m+   fkIndexUpgradeContract.register({[39m
[31m+     driverName: "LibSQL",[39m
[31m+     createDriver: createInMemoryLibSQLDriver,[39m
[31m+   });[39m
[31m+   forwardFkOrderingContract.register({[39m
[31m+     driverName: "LibSQL",[39m
[31m+     createDriver: createInMemoryLibSQLDriver,[39m
[31m+     fkNamesRoundTrip: false,[39m
[31m+   });[39m
[31m+   countAggregateWindowContract.register({[39m
[31m+     driverName: "LibSQL",[39m
[31m+     createDriver: createInMemoryLibSQLDriver,[39m
[31m+   });[39m
[31m+   distinctSkipWindowContract.register({[39m
[31m+     driverName: "LibSQL",[39m
[31m+     createDriver: createInMemoryLibSQLDriver,[39m
[31m+   });[39m
[31m+   cursorPaginationContract.register({[39m
[31m+     driverName: "LibSQL",[39m
[31m+     createDriver: createInMemoryLibSQLDriver,[39m
[31m+   });[39m
[31m+   nestedPaginationContract.register({[39m
[31m+     driverName: "LibSQL",[39m
[31m+     createDriver: createInMemoryLibSQLDriver,[39m
[31m+   });[39m
[31m+   omitContract.register({[39m
[31m+     driverName: "LibSQL",[39m
[31m+     createDriver: createInMemoryLibSQLDriver,[39m
[31m+   });[39m
[31m+ });[39m
[31m+ /**[39m
[31m+  * LibSQL nested-write schemas: nested writes, compound keys, and many-to-many.[39m
[31m+  *[39m
[31m+  * One file of the LibSQL provider suite, which is split across sibling[39m
[31m+  * `libsql-*.test.ts` files. Every registered contract instantiates the[39m
[31m+  * client's generic surface over its own multi-model schema, and the 1280 MB[39m
[31m+  * TypeScript shard heap holds only a handful of those instantiations per[39m
[31m+  * program, so the suite is partitioned by schema group rather than by size.[39m
[31m+  * The forced-batch driver the batch contracts need lives in[39m
[31m+  * `./libsql-fixtures`, which Vitest does not collect.[39m
[31m+  */[39m
[31m+[39m
[31m+ import { compoundKeyContract } from "@tests/contracts/drivers/behaviors/compound-key-behavior";[39m
[31m+ import { manyToManyContract } from "@tests/contracts/drivers/behaviors/many-to-many-behavior";[39m
[31m+ import { nestedWriteAdvancedContract } from "@tests/contracts/drivers/behaviors/nested-write-advanced-behavior";[39m
[31m+ import { nestedWriteContract } from "@tests/contracts/drivers/behaviors/nested-write-behavior";[39m
[31m+ import { createInMemoryLibSQLDriver } from "@tests/fixtures/drivers/libsql";[39m
[31m+ import { describe } from "vitest";[39m
[31m+[39m
[31m+ // biome-ignore lint/suspicious/noSkippedTests: V1 effectful push is not supported by libSQL.[39m
[31m+ describe.skip("LibSQL contracts that need effectful live-schema setup (DRIVER_NOT_SUPPORTED)", () => {[39m
[31m+   nestedWriteContract.register({[39m
[31m+     driverName: "LibSQL",[39m
[31m+     createDriver: createInMemoryLibSQLDriver,[39m
[31m+   });[39m
[31m+   nestedWriteAdvancedContract.register({[39m
[31m+     driverName: "LibSQL",[39m
[31m+     createDriver: createInMemoryLibSQLDriver,[39m
[31m+   });[39m
[31m+   compoundKeyContract.register({[39m
[31m+     driverName: "LibSQL",[39m
[31m+     createDriver: createInMemoryLibSQLDriver,[39m
[31m+   });[39m
[31m+   manyToManyContract.register({[39m
[31m+     driverName: "LibSQL",[39m
[31m+     createDriver: createInMemoryLibSQLDriver,[39m
[31m+   });[39m
[31m+ });[39m
[31m+ /**[39m
[31m+  * LibSQL Prisma parity, optional and polymorphic relations, JSON list and null-sentinel filtering, read-path regressions, relation aggregates, and nested orderBy.[39m
[31m+  *[39m
[31m+  * One file of the LibSQL provider suite, which is split across sibling[39m
[31m+  * `libsql-*.test.ts` files. Every registered contract instantiates the[39m
[31m+  * client's generic surface over its own multi-model schema, and the 1280 MB[39m
[31m+  * TypeScript shard heap holds only a handful of those instantiations per[39m
[31m+  * program, so the suite is partitioned by schema group rather than by size.[39m
[31m+  * The forced-batch driver the batch contracts need lives in[39m
[31m+  * `./libsql-fixtures`, which Vitest does not collect.[39m
[31m+  */[39m
[31m+[39m
[31m+ import { jsonNullSentinelContract } from "@tests/contracts/drivers/behaviors/json-null-sentinel-behavior";[39m
[31m+ import { listJsonFilterContract } from "@tests/contracts/drivers/behaviors/list-json-filter-behavior";[39m
[31m+ import { nestedOrderByContract } from "@tests/contracts/drivers/behaviors/nested-orderby-behavior";[39m
[31m+ import { optionalRelationParityContract } from "@tests/contracts/drivers/behaviors/optional-relation-parity-behavior";[39m
[31m+ import { polymorphicRelationContract } from "@tests/contracts/drivers/behaviors/polymorphic-relation-behavior";[39m
[31m+ import { prismaParityContract } from "@tests/contracts/drivers/behaviors/prisma-parity-behavior";[39m
[31m+ import { readPathRegressionContract } from "@tests/contracts/drivers/behaviors/read-path-regression-behavior";[39m
[31m+ import { relationReadAggregateContract } from "@tests/contracts/drivers/behaviors/relation-read-aggregate-behavior";[39m
[31m+ import { createInMemoryLibSQLDriver } from "@tests/fixtures/drivers/libsql";[39m
[31m+ import { describe } from "vitest";[39m
[31m+[39m
[31m+ // biome-ignore lint/suspicious/noSkippedTests: V1 effectful push is not supported by libSQL.[39m
[31m+ describe.skip("LibSQL contracts that need effectful live-schema setup (DRIVER_NOT_SUPPORTED)", () => {[39m
[31m+   prismaParityContract.register({[39m
[31m+     driverName: "LibSQL",[39m
[31m+     createDriver: createInMemoryLibSQLDriver,[39m
[31m+   });[39m
[31m+   optionalRelationParityContract.register({[39m
[31m+     driverName: "LibSQL",[39m
[31m+     createDriver: createInMemoryLibSQLDriver,[39m
[31m+   });[39m
[31m+   polymorphicRelationContract.register({[39m
[31m+     name: "LibSQL",[39m
[31m+     createDriver: createInMemoryLibSQLDriver,[39m
[31m+   });[39m
[31m+   listJsonFilterContract.register({[39m
[31m+     driverName: "LibSQL",[39m
[31m+     createDriver: createInMemoryLibSQLDriver,[39m
[31m+   });[39m
[31m+   jsonNullSentinelContract.register({[39m
[31m+     driverName: "LibSQL",[39m
[31m+     createDriver: createInMemoryLibSQLDriver,[39m
[31m+   });[39m
[31m+   readPathRegressionContract.register({[39m
[31m+     driverName: "LibSQL",[39m
[31m+     createDriver: createInMemoryLibSQLDriver,[39m
[31m+   });[39m
[31m+   relationReadAggregateContract.register({[39m
[31m+     driverName: "LibSQL",[39m
[31m+     createDriver: createInMemoryLibSQLDriver,[39m
[31m+   });[39m
[31m+   nestedOrderByContract.register({[39m
[31m+     driverName: "LibSQL",[39m
[31m+     createDriver: createInMemoryLibSQLDriver,[39m
[31m+   });[39m
[31m+ });[39m
[31m+ /**[39m
[31m+  * LibSQL ordering arrays, relation filters, RETURNING folds, bulk-write limits, LIKE escaping, blob filters, and field references.[39m
[31m+  *[39m
[31m+  * One file of the LibSQL provider suite, which is split across sibling[39m
[31m+  * `libsql-*.test.ts` files. Every registered contract instantiates the[39m
[31m+  * client's generic surface over its own multi-model schema, and the 1280 MB[39m
[31m+  * TypeScript shard heap holds only a handful of those instantiations per[39m
[31m+  * program, so the suite is partitioned by schema group rather than by size.[39m
[31m+  * The forced-batch driver the batch contracts need lives in[39m
[31m+  * `./libsql-fixtures`, which Vitest does not collect.[39m
[31m+  */[39m
[31m+[39m
[31m+ import { blobFilterContract } from "@tests/contracts/drivers/behaviors/blob-filter-behavior";[39m
[31m+ import { bulkWriteLimitContract } from "@tests/contracts/drivers/behaviors/bulk-write-limit-behavior";[39m
[31m+ import { createManyReturnFoldContract } from "@tests/contracts/drivers/behaviors/create-many-return-fold-behavior";[39m
[31m+ import { fieldReferenceContract } from "@tests/contracts/drivers/behaviors/field-reference-behavior";[39m
[31m+ import { implicitReturningContract } from "@tests/contracts/drivers/behaviors/implicit-returning-behavior";[39m
[31m+ import { likeEscapeContract } from "@tests/contracts/drivers/behaviors/like-escape-behavior";[39m
[31m+ import { orderingArrayCreateContract } from "@tests/contracts/drivers/behaviors/ordering-array-create-behavior";[39m
[31m+ import { relationFilterMutationContract } from "@tests/contracts/drivers/behaviors/relation-filter-mutation-behavior";[39m
[31m+ import { createInMemoryLibSQLDriver } from "@tests/fixtures/drivers/libsql";[39m
[31m+ import { describe } from "vitest";[39m
[31m+[39m
[31m+ // biome-ignore lint/suspicious/noSkippedTests: V1 effectful push is not supported by libSQL.[39m
[31m+ describe.skip("LibSQL contracts that need effectful live-schema setup (DRIVER_NOT_SUPPORTED)", () => {[39m
[31m+   orderingArrayCreateContract.register({[39m
[31m+     driverName: "LibSQL",[39m
[31m+     createDriver: createInMemoryLibSQLDriver,[39m
[31m+   });[39m
[31m+   relationFilterMutationContract.register({[39m
[31m+     driverName: "LibSQL",[39m
[31m+     createDriver: createInMemoryLibSQLDriver,[39m
[31m+   });[39m
[31m+   // LibSQL supports RETURNING, so the full suite applies. Caveat for the[39m
[31m+   // atomic-divide scenario: @libsql/client binds JS numbers as REAL[39m
[31m+   // (float64), so `qty / 2` on an INT column yields 3.5 where better-sqlite3[39m
[31m+   // (INTEGER binding, integer division) yields 3 — same dialect, different[39m
[31m+   // driver binding.[39m
[31m+   implicitReturningContract.register({[39m
[31m+     driverName: "LibSQL",[39m
[31m+     createDriver: createInMemoryLibSQLDriver,[39m
[31m+   });[39m
[31m+   createManyReturnFoldContract.register({[39m
[31m+     driverName: "LibSQL",[39m
[31m+     createDriver: createInMemoryLibSQLDriver,[39m
[31m+   });[39m
[31m+   bulkWriteLimitContract.register({[39m
[31m+     driverName: "LibSQL",[39m
[31m+     createDriver: createInMemoryLibSQLDriver,[39m
[31m+   });[39m
[31m+   likeEscapeContract.register({[39m
[31m+     driverName: "LibSQL",[39m
[31m+     createDriver: createInMemoryLibSQLDriver,[39m
[31m+   });[39m
[31m+   blobFilterContract.register({[39m
[31m+     driverName: "LibSQL",[39m
[31m+     createDriver: createInMemoryLibSQLDriver,[39m
[31m+   });[39m
[31m+   fieldReferenceContract.register({[39m
[31m+     driverName: "LibSQL",[39m
[31m+     createDriver: createInMemoryLibSQLDriver,[39m
[31m+   });[39m
[31m+ });[39m
[31m+ /**[39m
[31m+  * LibSQL provider boundary: the refusal of effectful live-schema setup and the GeoPoint storage tier, the only LibSQL contracts that run.[39m
[31m+  *[39m
[31m+  * One file of the LibSQL provider suite, which is split across sibling[39m
[31m+  * `libsql-*.test.ts` files. Every registered contract instantiates the[39m
[31m+  * client's generic surface over its own multi-model schema, and the 1280 MB[39m
[31m+  * TypeScript shard heap holds only a handful of those instantiations per[39m
[31m+  * program, so the suite is partitioned by schema group rather than by size.[39m
[31m+  * The forced-batch driver the batch contracts need lives in[39m
[31m+  * `./libsql-fixtures`, which Vitest does not collect.[39m
[31m+  */[39m
[31m+[39m
[31m+ import { createClient } from "@client/client";[39m
[31m+ import { VibORMErrorCode } from "@errors";[39m
[31m+ import { s } from "@schema";[39m
[31m+ import {[39m
[31m+   geoPointBatchContract,[39m
[31m+   geoPointContract,[39m
[31m+   setupGeoPointBehaviorSQLite,[39m
[31m+ } from "@tests/contracts/drivers/behaviors/geopoint-behavior";[39m
[31m+ import { createInMemoryLibSQLDriver } from "@tests/fixtures/drivers/libsql";[39m
[31m+ import { syncLiveSchema } from "@tests/fixtures/sync-schema";[39m
[31m+ import { describe, expect, test } from "vitest";[39m
[31m+ import { BatchOnlyLibSQLDriver } from "./libsql-fixtures";[39m
[31m+[39m
[31m+ describe("LibSQL Driver", () => {[39m
[31m+   test("refuses effectful live-schema setup", async () => {[39m
[31m+     const user = s.model({ id: s.string().id() });[39m
[31m+     const client = createClient({[39m
[31m+       schema: { user },[39m
[31m+       driver: createInMemoryLibSQLDriver(),[39m
[31m+     });[39m
[31m+     // Effectful V1 push is refused on libsql. Do not convert this setup[39m
[31m+     // path to syncLiveSchema expecting success.[39m
[31m+     await expect(syncLiveSchema(client)).rejects.toMatchObject({[39m
[31m+       code: VibORMErrorCode.DRIVER_NOT_SUPPORTED,[39m
[31m+     });[39m
[31m+     await client.$disconnect();[39m
[31m+   });[39m
[31m+   geoPointContract.register({[39m
[31m+     driverName: "LibSQL",[39m
[31m+     createDriver: createInMemoryLibSQLDriver,[39m
[31m+     tier: "storage",[39m
[31m+     rawSelectSql:[39m
[31m+       'SELECT "location" FROM "geopoint_behavior_places" WHERE "id" = \'raw\'',[39m
[31m+     setup: setupGeoPointBehaviorSQLite,[39m
[31m+   });[39m
[31m+   geoPointBatchContract.register({[39m
[31m+     driverName: "LibSQL forced native batch",[39m
[31m+     createDriver: () => new BatchOnlyLibSQLDriver(),[39m
[31m+   });[39m
[31m+ });[39m
[31m+[39m

 ❯ tests/contracts/architecture/contract-matrix.core.test.ts:138:66
    136|         const registration = `${contractName}.register(`;
    137|         if (runIds.has(contractId)) {
    138|           expect(providerSource, `${provider.id}:${contractId}`).toCon…
       |                                                                  ^
    139|             registration
    140|           );

⎯⎯⎯⎯⎯⎯⎯⎯⎯⎯⎯⎯⎯⎯⎯⎯⎯⎯⎯⎯⎯⎯[2/508]⎯

 FAIL  |layer-query-engine| tests/contracts/architecture/contract-matrix.core.test.ts > contract and provider matrix > gives every layer one runtime core owner and one type core
AssertionError: query-engine type core: expected 0 to be greater than 0
 ❯ tests/contracts/architecture/contract-matrix.core.test.ts:192:59
    190|         0
    191|       );
    192|       expect(typeCounts.get(layer), `${layer} type core`).toBeGreaterT…
       |                                                           ^
    193|     }
    194|   });

⎯⎯⎯⎯⎯⎯⎯⎯⎯⎯⎯⎯⎯⎯⎯⎯⎯⎯⎯⎯⎯⎯[3/508]⎯

 FAIL  |layer-query-engine| tests/contracts/architecture/contract-matrix.core.test.ts > contract and provider matrix > inventories every executable test by owner and boundary
AssertionError: tests/raptor3/candidate-handoff.test.ts: expected undefined to be defined
 ❯ tests/contracts/architecture/contract-matrix.core.test.ts:208:31
    206|     for (const file of testFiles) {
    207|       const inventory = classifyTestFile(file);
    208|       expect(inventory, file).toBeDefined();
       |                               ^
    209|       expect(inventory?.file).toBe(file);
    210|     }

⎯⎯⎯⎯⎯⎯⎯⎯⎯⎯⎯⎯⎯⎯⎯⎯⎯⎯⎯⎯⎯⎯[4/508]⎯

 FAIL  |layer-query-engine| tests/contracts/architecture/core-taxonomy-census.core.test.ts > core test taxonomy > keeps every layer project and include pattern live
AssertionError: expected [ …(51) ] to deeply equal []

[32m- Expected[39m
[31m+ Received[39m

[32m- [][39m
[31m+ [[39m
[31m+   "layer-query-engine :: tests/contracts/engine/query/bound-relation.core.test.ts",[39m
[31m+   "layer-query-engine :: tests/contracts/engine/query/cache-result-codec.core.test.ts",[39m
[31m+   "layer-query-engine :: tests/contracts/engine/query/junction-topology-order.core.test.ts",[39m
[31m+   "layer-query-engine :: tests/contracts/engine/query/own-write-dependency.core.test.ts",[39m
[31m+   "layer-query-engine :: tests/contracts/engine/query/own-write-ledger.core.test.ts",[39m
[31m+   "layer-query-engine :: tests/contracts/engine/query/query-core-coverage-boundaries.core.test.ts",[39m
[31m+   "layer-query-engine :: tests/contracts/engine/query/query-engine-boundaries.core.test.ts",[39m
[31m+   "layer-query-engine :: tests/contracts/engine/query/query-relation-coverage-boundaries.core.test.ts",[39m
[31m+   "layer-query-engine :: tests/contracts/engine/query/relation-key-legality.core.test.ts",[39m
[31m+   "layer-query-engine :: tests/contracts/engine/query/vector-orderby.core.test.ts",[39m
[31m+   "layer-write-engine :: tests/contracts/engine/write/bulk-polymorphic-connect-contracts.core.test.ts",[39m
[31m+   "layer-write-engine :: tests/contracts/engine/write/bulk-write-limit-plan.core.test.ts",[39m
[31m+   "layer-write-engine :: tests/contracts/engine/write/captured-row-key-decode.core.test.ts",[39m
[31m+   "layer-write-engine :: tests/contracts/engine/write/create-junction-upsert.core.test.ts",[39m
[31m+   "layer-write-engine :: tests/contracts/engine/write/create-many-bind-budget.core.test.ts",[39m
[31m+   "layer-write-engine :: tests/contracts/engine/write/create-many-return-fold.core.test.ts",[39m
[31m+   "layer-write-engine :: tests/contracts/engine/write/destination-cast.core.test.ts",[39m
[31m+   "layer-write-engine :: tests/contracts/engine/write/final-root-assignment.core.test.ts",[39m
[31m+   "layer-write-engine :: tests/contracts/engine/write/generated-identity-demand.core.test.ts",[39m
[31m+   "layer-write-engine :: tests/contracts/engine/write/generated-output-segment-contract.core.test.ts",[39m
[31m+   "layer-write-engine :: tests/contracts/engine/write/implicit-returning-refusal.core.test.ts",[39m
[31m+   "layer-write-engine :: tests/contracts/engine/write/inverse-to-one-create.core.test.ts",[39m
[31m+   "layer-write-engine :: tests/contracts/engine/write/junction-produced-identity.core.test.ts",[39m
[31m+   "layer-write-engine :: tests/contracts/engine/write/junction-upsert-arm-probe.core.test.ts",[39m
[31m+   "layer-write-engine :: tests/contracts/engine/write/namespace-write-qualification.core.test.ts",[39m
[31m+   "layer-write-engine :: tests/contracts/engine/write/nested-series-coverage.core.test.ts",[39m
[31m+   "layer-write-engine :: tests/contracts/engine/write/non-returning-delete-plan.core.test.ts",[39m
[31m+   "layer-write-engine :: tests/contracts/engine/write/operation-construction-inventory.core.test.ts",[39m
[31m+   "layer-write-engine :: tests/contracts/engine/write/operation-construction-witnesses.core.test.ts",[39m
[31m+   "layer-write-engine :: tests/contracts/engine/write/operation-executor-scenarios.core.test.ts",[39m
[31m+   "layer-write-engine :: tests/contracts/engine/write/operation-owner-coverage.core.test.ts",[39m
[31m+   "layer-write-engine :: tests/contracts/engine/write/own-write-linearization.core.test.ts",[39m
[31m+   "layer-write-engine :: tests/contracts/engine/write/parity-b-upsert-arm.core.test.ts",[39m
[31m+   "layer-write-engine :: tests/contracts/engine/write/parity-c-selected-identity.core.test.ts",[39m
[31m+   "layer-write-engine :: tests/contracts/engine/write/parity-d-transition.core.test.ts",[39m
[31m+   "layer-write-engine :: tests/contracts/engine/write/parity-e-shared-pk.core.test.ts",[39m
[31m+   "layer-write-engine :: tests/contracts/engine/write/parity-f-fresh-field.core.test.ts",[39m
[31m+   "layer-write-engine :: tests/contracts/engine/write/parity-h-to-one-lattice.core.test.ts",[39m
[31m+   "layer-write-engine :: tests/contracts/engine/write/parity-j-create-many.core.test.ts",[39m
[31m+   "layer-write-engine :: tests/contracts/engine/write/parity-k-update-many.core.test.ts",[39m
[31m+   "layer-write-engine :: tests/contracts/engine/write/parity-m-create-dag.core.test.ts",[39m
[31m+   "layer-write-engine :: tests/contracts/engine/write/polymorphic-write-plan.core.test.ts",[39m
[31m+   "layer-write-engine :: tests/contracts/engine/write/record-compiler-contract.core.test.ts",[39m
[31m+   "layer-write-engine :: tests/contracts/engine/write/record-series-coverage.core.test.ts",[39m
[31m+   "layer-write-engine :: tests/contracts/engine/write/relation-junction-collection-coverage.core.test.ts",[39m
[31m+   "layer-write-engine :: tests/contracts/engine/write/relation-junction-singular-coverage.core.test.ts",[39m
[31m+   "layer-write-engine :: tests/contracts/engine/write/relation-mutation-scenario-matrix.core.test.ts",[39m
[31m+   "layer-write-engine :: tests/contracts/engine/write/relation-record-compiler-coverage.core.test.ts",[39m
[31m+   "layer-write-engine :: tests/contracts/engine/write/relation-write-parity-anchors.core.test.ts",[39m
[31m+   "layer-write-engine :: tests/contracts/engine/write/unique-where-relation-filter-plan.core.test.ts",[39m
[31m+   "layer-write-engine :: tests/contracts/engine/write/upsert-planning-scenarios.core.test.ts",[39m
[31m+ ][39m

 ❯ tests/contracts/architecture/core-taxonomy-census.core.test.ts:242:26
    240|       .map((project) => project.name);
    241| 
    242|     expect(deadPatterns).toEqual([]);
       |                          ^
    243|     expect(emptyProjects).toEqual([]);
    244|   });

⎯⎯⎯⎯⎯⎯⎯⎯⎯⎯⎯⎯⎯⎯⎯⎯⎯⎯⎯⎯⎯⎯[5/508]⎯

 FAIL  |layer-query-engine| tests/contracts/engine/query/batch-attribution-hazard-signature.core.test.ts > 'PostgreSQL' batch attribution hazard signature > the adapter spells both hazard shapes the way the table expects
QueryEngineError: Operation 'updateMany' does not compile to one SQL statement. Execute the operation instead.
⎯⎯⎯⎯⎯⎯⎯⎯⎯⎯⎯⎯⎯⎯⎯⎯⎯⎯⎯⎯⎯⎯[6/508]⎯

 FAIL  |layer-query-engine| tests/contracts/engine/query/batch-attribution-hazard-signature.core.test.ts > 'PostgreSQL' batch attribution hazard signature > an ordinary statement carrying this dialect's trick blocks attribution
QueryEngineError: Operation 'updateMany' does not compile to one SQL statement. Execute the operation instead.
⎯⎯⎯⎯⎯⎯⎯⎯⎯⎯⎯⎯⎯⎯⎯⎯⎯⎯⎯⎯⎯⎯[7/508]⎯

 FAIL  |layer-query-engine| tests/contracts/engine/query/batch-attribution-hazard-signature.core.test.ts > 'PostgreSQL' batch attribution hazard signature > the other dialect's trick is not this dialect's, so attribution stands
QueryEngineError: Operation 'updateMany' does not compile to one SQL statement. Execute the operation instead.
⎯⎯⎯⎯⎯⎯⎯⎯⎯⎯⎯⎯⎯⎯⎯⎯⎯⎯⎯⎯⎯⎯[8/508]⎯

 FAIL  |layer-query-engine| tests/contracts/engine/query/batch-attribution-hazard-signature.core.test.ts > 'PostgreSQL' batch attribution hazard signature > a batch of nothing but its own assertion attributes
QueryEngineError: Operation 'updateMany' does not compile to one SQL statement. Execute the operation instead.
⎯⎯⎯⎯⎯⎯⎯⎯⎯⎯⎯⎯⎯⎯⎯⎯⎯⎯⎯⎯⎯⎯[9/508]⎯

 FAIL  |layer-query-engine| tests/contracts/engine/query/batch-attribution-hazard-signature.core.test.ts > 'MySQL' batch attribution hazard signature > the adapter spells both hazard shapes the way the table expects
QueryEngineError: Operation 'updateMany' does not compile to one SQL statement. Execute the operation instead.
⎯⎯⎯⎯⎯⎯⎯⎯⎯⎯⎯⎯⎯⎯⎯⎯⎯⎯⎯⎯⎯[10/508]⎯

 FAIL  |layer-query-engine| tests/contracts/engine/query/batch-attribution-hazard-signature.core.test.ts > 'MySQL' batch attribution hazard signature > an ordinary statement carrying this dialect's trick blocks attribution
QueryEngineError: Operation 'updateMany' does not compile to one SQL statement. Execute the operation instead.
⎯⎯⎯⎯⎯⎯⎯⎯⎯⎯⎯⎯⎯⎯⎯⎯⎯⎯⎯⎯⎯[11/508]⎯

 FAIL  |layer-query-engine| tests/contracts/engine/query/batch-attribution-hazard-signature.core.test.ts > 'MySQL' batch attribution hazard signature > the other dialect's trick is not this dialect's, so attribution stands
QueryEngineError: Operation 'updateMany' does not compile to one SQL statement. Execute the operation instead.
⎯⎯⎯⎯⎯⎯⎯⎯⎯⎯⎯⎯⎯⎯⎯⎯⎯⎯⎯⎯⎯[12/508]⎯

 FAIL  |layer-query-engine| tests/contracts/engine/query/batch-attribution-hazard-signature.core.test.ts > 'MySQL' batch attribution hazard signature > a batch of nothing but its own assertion attributes
QueryEngineError: Operation 'updateMany' does not compile to one SQL statement. Execute the operation instead.
⎯⎯⎯⎯⎯⎯⎯⎯⎯⎯⎯⎯⎯⎯⎯⎯⎯⎯⎯⎯⎯[13/508]⎯

 FAIL  |layer-query-engine| tests/contracts/engine/query/batch-attribution-hazard-signature.core.test.ts > 'SQLite' batch attribution hazard signature > the adapter spells both hazard shapes the way the table expects
QueryEngineError: Operation 'updateMany' does not compile to one SQL statement. Execute the operation instead.
⎯⎯⎯⎯⎯⎯⎯⎯⎯⎯⎯⎯⎯⎯⎯⎯⎯⎯⎯⎯⎯[14/508]⎯

 FAIL  |layer-query-engine| tests/contracts/engine/query/batch-attribution-hazard-signature.core.test.ts > 'SQLite' batch attribution hazard signature > an ordinary statement carrying this dialect's trick blocks attribution
QueryEngineError: Operation 'updateMany' does not compile to one SQL statement. Execute the operation instead.
⎯⎯⎯⎯⎯⎯⎯⎯⎯⎯⎯⎯⎯⎯⎯⎯⎯⎯⎯⎯⎯[15/508]⎯

 FAIL  |layer-query-engine| tests/contracts/engine/query/batch-attribution-hazard-signature.core.test.ts > 'SQLite' batch attribution hazard signature > the other dialect's trick is not this dialect's, so attribution stands
QueryEngineError: Operation 'updateMany' does not compile to one SQL statement. Execute the operation instead.
⎯⎯⎯⎯⎯⎯⎯⎯⎯⎯⎯⎯⎯⎯⎯⎯⎯⎯⎯⎯⎯[16/508]⎯

 FAIL  |layer-query-engine| tests/contracts/engine/query/batch-attribution-hazard-signature.core.test.ts > 'SQLite' batch attribution hazard signature > a batch of nothing but its own assertion attributes
QueryEngineError: Operation 'updateMany' does not compile to one SQL statement. Execute the operation instead.
⎯⎯⎯⎯⎯⎯⎯⎯⎯⎯⎯⎯⎯⎯⎯⎯⎯⎯⎯⎯⎯[17/508]⎯

 FAIL  |layer-query-engine| tests/contracts/engine/query/bulk-create-plan.core.test.ts > bulk create planning > fails closed on a short provider result window
TypeError: Cannot read properties of undefined (reading 'operation')
 ❯ PendingOperation.#resolveRouted src/query-engine/pending-operation.ts:460:32
    458|     if (shared) return shared;
    459|     if (this.#routedInstance) return this.#routedInstance;
    460|     const routed = this.#route.operation(
       |                                ^
    461|       this.#model,
    462|       String(this.#options.originalOperation),
 ❯ Object.prepareBatch src/query-engine/pending-operation.ts:343:19
 ❯ TestTransactionOperationView.prepareBatch tests/fixtures/transaction-operation.ts:74:24
 ❯ tests/contracts/engine/query/bulk-create-plan.core.test.ts:415:7

⎯⎯⎯⎯⎯⎯⎯⎯⎯⎯⎯⎯⎯⎯⎯⎯⎯⎯⎯⎯⎯[18/508]⎯

 FAIL  |layer-query-engine| tests/contracts/engine/query/bulk-insert-row-shapes.core.test.ts > bulk insert row-shape planning > empty createMany rejects during batch preparation
AssertionError: promise resolved "[ { count: +0 } ]" instead of rejecting

[32m- Expected:[39m 
Error {
  "message": "rejected promise",
}

[31m+ Received:[39m 
[
  {
    "count": 0,
  },
]

 ❯ tests/contracts/engine/query/bulk-insert-row-shapes.core.test.ts:26:5
     24|     await expect(
     25|       client.$transaction([client.batchRow.createMany({ data: [] })])
     26|     ).rejects.toThrow("No data to insert");
       |     ^
     27|   });
     28| 

⎯⎯⎯⎯⎯⎯⎯⎯⎯⎯⎯⎯⎯⎯⎯⎯⎯⎯⎯⎯⎯[19/508]⎯

 FAIL  |layer-query-engine| tests/contracts/engine/query/cursor-pagination-sql.core.test.ts > 'PostgreSQL' cursor SQL > one normalized order drives ORDER BY and one derived cursor row
QueryEngineError: Operation 'findMany' does not compile to one SQL statement. Execute the operation instead.
⎯⎯⎯⎯⎯⎯⎯⎯⎯⎯⎯⎯⎯⎯⎯⎯⎯⎯⎯⎯⎯[20/508]⎯

 FAIL  |layer-query-engine| tests/contracts/engine/query/cursor-pagination-sql.core.test.ts > 'PostgreSQL' cursor SQL > preserves frozen multi-entry order while appending the identity
QueryEngineError: Operation 'findMany' does not compile to one SQL statement. Execute the operation instead.
⎯⎯⎯⎯⎯⎯⎯⎯⎯⎯⎯⎯⎯⎯⎯⎯⎯⎯⎯⎯⎯[21/508]⎯

 FAIL  |layer-query-engine| tests/contracts/engine/query/cursor-pagination-sql.core.test.ts > 'PostgreSQL' cursor SQL > bare directions resolve portable null placement explicitly
QueryEngineError: Operation 'findMany' does not compile to one SQL statement. Execute the operation instead.
⎯⎯⎯⎯⎯⎯⎯⎯⎯⎯⎯⎯⎯⎯⎯⎯⎯⎯⎯⎯⎯[22/508]⎯

 FAIL  |layer-query-engine| tests/contracts/engine/query/cursor-pagination-sql.core.test.ts > 'PostgreSQL' cursor SQL > negative take flips direction and null placement together
QueryEngineError: Operation 'findMany' does not compile to one SQL statement. Execute the operation instead.
⎯⎯⎯⎯⎯⎯⎯⎯⎯⎯⎯⎯⎯⎯⎯⎯⎯⎯⎯⎯⎯[23/508]⎯

 FAIL  |layer-query-engine| tests/contracts/engine/query/cursor-pagination-sql.core.test.ts > 'PostgreSQL' cursor SQL > include aliases remain distinct from the cursor derived row
QueryEngineError: Operation 'findMany' does not compile to one SQL statement. Execute the operation instead.
⎯⎯⎯⎯⎯⎯⎯⎯⎯⎯⎯⎯⎯⎯⎯⎯⎯⎯⎯⎯⎯[24/508]⎯

 FAIL  |layer-query-engine| tests/contracts/engine/query/cursor-pagination-sql.core.test.ts > 'PostgreSQL' cursor SQL > count uses the normalized cursor order and derived row
QueryEngineError: Operation 'count' does not compile to one SQL statement. Execute the operation instead.
⎯⎯⎯⎯⎯⎯⎯⎯⎯⎯⎯⎯⎯⎯⎯⎯⎯⎯⎯⎯⎯[25/508]⎯

 FAIL  |layer-query-engine| tests/contracts/engine/query/cursor-pagination-sql.core.test.ts > 'PostgreSQL' cursor SQL > NOT NULL sort columns compare as a row value against a row subquery
QueryEngineError: Operation 'findMany' does not compile to one SQL statement. Execute the operation instead.
⎯⎯⎯⎯⎯⎯⎯⎯⎯⎯⎯⎯⎯⎯⎯⎯⎯⎯⎯⎯⎯[26/508]⎯

 FAIL  |layer-query-engine| tests/contracts/engine/query/cursor-pagination-sql.core.test.ts > 'PostgreSQL' cursor SQL > a backward window over an ascending order compares the other way
QueryEngineError: Operation 'findMany' does not compile to one SQL statement. Execute the operation instead.
⎯⎯⎯⎯⎯⎯⎯⎯⎯⎯⎯⎯⎯⎯⎯⎯⎯⎯⎯⎯⎯[27/508]⎯

 FAIL  |layer-query-engine| tests/contracts/engine/query/cursor-pagination-sql.core.test.ts > 'PostgreSQL' cursor SQL > a descending order keeps the null-guarded predicate
QueryEngineError: Operation 'findMany' does not compile to one SQL statement. Execute the operation instead.
⎯⎯⎯⎯⎯⎯⎯⎯⎯⎯⎯⎯⎯⎯⎯⎯⎯⎯⎯⎯⎯[28/508]⎯

 FAIL  |layer-query-engine| tests/contracts/engine/query/cursor-pagination-sql.core.test.ts > 'PostgreSQL' cursor SQL > a single NOT NULL sort column needs no row constructor
QueryEngineError: Operation 'findMany' does not compile to one SQL statement. Execute the operation instead.
⎯⎯⎯⎯⎯⎯⎯⎯⎯⎯⎯⎯⎯⎯⎯⎯⎯⎯⎯⎯⎯[29/508]⎯

 FAIL  |layer-query-engine| tests/contracts/engine/query/cursor-pagination-sql.core.test.ts > 'PostgreSQL' cursor SQL > a nullable sort column keeps the null-guarded predicate
QueryEngineError: Operation 'findMany' does not compile to one SQL statement. Execute the operation instead.
⎯⎯⎯⎯⎯⎯⎯⎯⎯⎯⎯⎯⎯⎯⎯⎯⎯⎯⎯⎯⎯[30/508]⎯

 FAIL  |layer-query-engine| tests/contracts/engine/query/cursor-pagination-sql.core.test.ts > 'PostgreSQL' cursor SQL > mixed sort directions keep the null-guarded predicate
QueryEngineError: Operation 'findMany' does not compile to one SQL statement. Execute the operation instead.
⎯⎯⎯⎯⎯⎯⎯⎯⎯⎯⎯⎯⎯⎯⎯⎯⎯⎯⎯⎯⎯[31/508]⎯

 FAIL  |layer-query-engine| tests/contracts/engine/query/cursor-pagination-sql.core.test.ts > 'PostgreSQL' cursor SQL > relation cursor ordering fails explicitly
 FAIL  |layer-query-engine| tests/contracts/engine/query/cursor-pagination-sql.core.test.ts > 'MySQL' cursor SQL > relation cursor ordering fails explicitly
 FAIL  |layer-query-engine| tests/contracts/engine/query/cursor-pagination-sql.core.test.ts > 'SQLite' cursor SQL > relation cursor ordering fails explicitly
AssertionError: expected [Function] to throw error including 'Cursor pagination supports direct sca…' but got 'Operation \'findMany\' does not compi…'

Expected: [32m"Cursor pagination supports direct scalar sort directions only"[39m
Received: [31m"Operation 'findMany' does not compile to one SQL statement. Execute the operation instead."[39m

 ❯ tests/contracts/engine/query/cursor-pagination-sql.core.test.ts:313:7
    311|         take: 2,
    312|       })
    313|     ).toThrow("Cursor pagination supports direct scalar sort direction…
       |       ^
    314|   });
    315| 

⎯⎯⎯⎯⎯⎯⎯⎯⎯⎯⎯⎯⎯⎯⎯⎯⎯⎯⎯⎯⎯[32/508]⎯

 FAIL  |layer-query-engine| tests/contracts/engine/query/cursor-pagination-sql.core.test.ts > 'PostgreSQL' cursor SQL > vector-distance cursor ordering fails explicitly
 FAIL  |layer-query-engine| tests/contracts/engine/query/cursor-pagination-sql.core.test.ts > 'MySQL' cursor SQL > vector-distance cursor ordering fails explicitly
 FAIL  |layer-query-engine| tests/contracts/engine/query/cursor-pagination-sql.core.test.ts > 'SQLite' cursor SQL > vector-distance cursor ordering fails explicitly
AssertionError: expected [Function] to throw error including 'Cursor pagination supports direct sca…' but got 'Operation \'findMany\' does not compi…'

Expected: [32m"Cursor pagination supports direct scalar sort directions only"[39m
Received: [31m"Operation 'findMany' does not compile to one SQL statement. Execute the operation instead."[39m

 ❯ tests/contracts/engine/query/cursor-pagination-sql.core.test.ts:329:7
    327|         take: 2,
    328|       })
    329|     ).toThrow("Cursor pagination supports direct scalar sort direction…
       |       ^
    330|   });
    331| });

⎯⎯⎯⎯⎯⎯⎯⎯⎯⎯⎯⎯⎯⎯⎯⎯⎯⎯⎯⎯⎯[33/508]⎯

 FAIL  |layer-query-engine| tests/contracts/engine/query/cursor-pagination-sql.core.test.ts > 'MySQL' cursor SQL > one normalized order drives ORDER BY and one derived cursor row
QueryEngineError: Operation 'findMany' does not compile to one SQL statement. Execute the operation instead.
⎯⎯⎯⎯⎯⎯⎯⎯⎯⎯⎯⎯⎯⎯⎯⎯⎯⎯⎯⎯⎯[34/508]⎯

 FAIL  |layer-query-engine| tests/contracts/engine/query/cursor-pagination-sql.core.test.ts > 'MySQL' cursor SQL > preserves frozen multi-entry order while appending the identity
QueryEngineError: Operation 'findMany' does not compile to one SQL statement. Execute the operation instead.
⎯⎯⎯⎯⎯⎯⎯⎯⎯⎯⎯⎯⎯⎯⎯⎯⎯⎯⎯⎯⎯[35/508]⎯

 FAIL  |layer-query-engine| tests/contracts/engine/query/cursor-pagination-sql.core.test.ts > 'MySQL' cursor SQL > bare directions resolve portable null placement explicitly
QueryEngineError: Operation 'findMany' does not compile to one SQL statement. Execute the operation instead.
⎯⎯⎯⎯⎯⎯⎯⎯⎯⎯⎯⎯⎯⎯⎯⎯⎯⎯⎯⎯⎯[36/508]⎯

 FAIL  |layer-query-engine| tests/contracts/engine/query/cursor-pagination-sql.core.test.ts > 'MySQL' cursor SQL > negative take flips direction and null placement together
QueryEngineError: Operation 'findMany' does not compile to one SQL statement. Execute the operation instead.
⎯⎯⎯⎯⎯⎯⎯⎯⎯⎯⎯⎯⎯⎯⎯⎯⎯⎯⎯⎯⎯[37/508]⎯

 FAIL  |layer-query-engine| tests/contracts/engine/query/cursor-pagination-sql.core.test.ts > 'MySQL' cursor SQL > include aliases remain distinct from the cursor derived row
QueryEngineError: Operation 'findMany' does not compile to one SQL statement. Execute the operation instead.
⎯⎯⎯⎯⎯⎯⎯⎯⎯⎯⎯⎯⎯⎯⎯⎯⎯⎯⎯⎯⎯[38/508]⎯

 FAIL  |layer-query-engine| tests/contracts/engine/query/cursor-pagination-sql.core.test.ts > 'MySQL' cursor SQL > count uses the normalized cursor order and derived row
QueryEngineError: Operation 'count' does not compile to one SQL statement. Execute the operation instead.
⎯⎯⎯⎯⎯⎯⎯⎯⎯⎯⎯⎯⎯⎯⎯⎯⎯⎯⎯⎯⎯[39/508]⎯

 FAIL  |layer-query-engine| tests/contracts/engine/query/cursor-pagination-sql.core.test.ts > 'MySQL' cursor SQL > NOT NULL sort columns compare as a row value against a row subquery
QueryEngineError: Operation 'findMany' does not compile to one SQL statement. Execute the operation instead.
⎯⎯⎯⎯⎯⎯⎯⎯⎯⎯⎯⎯⎯⎯⎯⎯⎯⎯⎯⎯⎯[40/508]⎯

 FAIL  |layer-query-engine| tests/contracts/engine/query/cursor-pagination-sql.core.test.ts > 'MySQL' cursor SQL > a backward window over an ascending order compares the other way
QueryEngineError: Operation 'findMany' does not compile to one SQL statement. Execute the operation instead.
⎯⎯⎯⎯⎯⎯⎯⎯⎯⎯⎯⎯⎯⎯⎯⎯⎯⎯⎯⎯⎯[41/508]⎯

 FAIL  |layer-query-engine| tests/contracts/engine/query/cursor-pagination-sql.core.test.ts > 'MySQL' cursor SQL > a descending order keeps the null-guarded predicate
QueryEngineError: Operation 'findMany' does not compile to one SQL statement. Execute the operation instead.
⎯⎯⎯⎯⎯⎯⎯⎯⎯⎯⎯⎯⎯⎯⎯⎯⎯⎯⎯⎯⎯[42/508]⎯

 FAIL  |layer-query-engine| tests/contracts/engine/query/cursor-pagination-sql.core.test.ts > 'MySQL' cursor SQL > a single NOT NULL sort column needs no row constructor
QueryEngineError: Operation 'findMany' does not compile to one SQL statement. Execute the operation instead.
⎯⎯⎯⎯⎯⎯⎯⎯⎯⎯⎯⎯⎯⎯⎯⎯⎯⎯⎯⎯⎯[43/508]⎯

 FAIL  |layer-query-engine| tests/contracts/engine/query/cursor-pagination-sql.core.test.ts > 'MySQL' cursor SQL > a nullable sort column keeps the null-guarded predicate
QueryEngineError: Operation 'findMany' does not compile to one SQL statement. Execute the operation instead.
⎯⎯⎯⎯⎯⎯⎯⎯⎯⎯⎯⎯⎯⎯⎯⎯⎯⎯⎯⎯⎯[44/508]⎯

 FAIL  |layer-query-engine| tests/contracts/engine/query/cursor-pagination-sql.core.test.ts > 'MySQL' cursor SQL > mixed sort directions keep the null-guarded predicate
QueryEngineError: Operation 'findMany' does not compile to one SQL statement. Execute the operation instead.
⎯⎯⎯⎯⎯⎯⎯⎯⎯⎯⎯⎯⎯⎯⎯⎯⎯⎯⎯⎯⎯[45/508]⎯

 FAIL  |layer-query-engine| tests/contracts/engine/query/cursor-pagination-sql.core.test.ts > 'SQLite' cursor SQL > one normalized order drives ORDER BY and one derived cursor row
QueryEngineError: Operation 'findMany' does not compile to one SQL statement. Execute the operation instead.
⎯⎯⎯⎯⎯⎯⎯⎯⎯⎯⎯⎯⎯⎯⎯⎯⎯⎯⎯⎯⎯[46/508]⎯

 FAIL  |layer-query-engine| tests/contracts/engine/query/cursor-pagination-sql.core.test.ts > 'SQLite' cursor SQL > preserves frozen multi-entry order while appending the identity
QueryEngineError: Operation 'findMany' does not compile to one SQL statement. Execute the operation instead.
⎯⎯⎯⎯⎯⎯⎯⎯⎯⎯⎯⎯⎯⎯⎯⎯⎯⎯⎯⎯⎯[47/508]⎯

 FAIL  |layer-query-engine| tests/contracts/engine/query/cursor-pagination-sql.core.test.ts > 'SQLite' cursor SQL > bare directions resolve portable null placement explicitly
QueryEngineError: Operation 'findMany' does not compile to one SQL statement. Execute the operation instead.
⎯⎯⎯⎯⎯⎯⎯⎯⎯⎯⎯⎯⎯⎯⎯⎯⎯⎯⎯⎯⎯[48/508]⎯

 FAIL  |layer-query-engine| tests/contracts/engine/query/cursor-pagination-sql.core.test.ts > 'SQLite' cursor SQL > negative take flips direction and null placement together
QueryEngineError: Operation 'findMany' does not compile to one SQL statement. Execute the operation instead.
⎯⎯⎯⎯⎯⎯⎯⎯⎯⎯⎯⎯⎯⎯⎯⎯⎯⎯⎯⎯⎯[49/508]⎯

 FAIL  |layer-query-engine| tests/contracts/engine/query/cursor-pagination-sql.core.test.ts > 'SQLite' cursor SQL > include aliases remain distinct from the cursor derived row
QueryEngineError: Operation 'findMany' does not compile to one SQL statement. Execute the operation instead.
⎯⎯⎯⎯⎯⎯⎯⎯⎯⎯⎯⎯⎯⎯⎯⎯⎯⎯⎯⎯⎯[50/508]⎯

 FAIL  |layer-query-engine| tests/contracts/engine/query/cursor-pagination-sql.core.test.ts > 'SQLite' cursor SQL > count uses the normalized cursor order and derived row
QueryEngineError: Operation 'count' does not compile to one SQL statement. Execute the operation instead.
⎯⎯⎯⎯⎯⎯⎯⎯⎯⎯⎯⎯⎯⎯⎯⎯⎯⎯⎯⎯⎯[51/508]⎯

 FAIL  |layer-query-engine| tests/contracts/engine/query/cursor-pagination-sql.core.test.ts > 'SQLite' cursor SQL > NOT NULL sort columns compare as a row value against a row subquery
QueryEngineError: Operation 'findMany' does not compile to one SQL statement. Execute the operation instead.
⎯⎯⎯⎯⎯⎯⎯⎯⎯⎯⎯⎯⎯⎯⎯⎯⎯⎯⎯⎯⎯[52/508]⎯

 FAIL  |layer-query-engine| tests/contracts/engine/query/cursor-pagination-sql.core.test.ts > 'SQLite' cursor SQL > a backward window over an ascending order compares the other way
QueryEngineError: Operation 'findMany' does not compile to one SQL statement. Execute the operation instead.
⎯⎯⎯⎯⎯⎯⎯⎯⎯⎯⎯⎯⎯⎯⎯⎯⎯⎯⎯⎯⎯[53/508]⎯

 FAIL  |layer-query-engine| tests/contracts/engine/query/cursor-pagination-sql.core.test.ts > 'SQLite' cursor SQL > a descending order keeps the null-guarded predicate
QueryEngineError: Operation 'findMany' does not compile to one SQL statement. Execute the operation instead.
⎯⎯⎯⎯⎯⎯⎯⎯⎯⎯⎯⎯⎯⎯⎯⎯⎯⎯⎯⎯⎯[54/508]⎯

 FAIL  |layer-query-engine| tests/contracts/engine/query/cursor-pagination-sql.core.test.ts > 'SQLite' cursor SQL > a single NOT NULL sort column needs no row constructor
QueryEngineError: Operation 'findMany' does not compile to one SQL statement. Execute the operation instead.
⎯⎯⎯⎯⎯⎯⎯⎯⎯⎯⎯⎯⎯⎯⎯⎯⎯⎯⎯⎯⎯[55/508]⎯

 FAIL  |layer-query-engine| tests/contracts/engine/query/cursor-pagination-sql.core.test.ts > 'SQLite' cursor SQL > a nullable sort column keeps the null-guarded predicate
QueryEngineError: Operation 'findMany' does not compile to one SQL statement. Execute the operation instead.
⎯⎯⎯⎯⎯⎯⎯⎯⎯⎯⎯⎯⎯⎯⎯⎯⎯⎯⎯⎯⎯[56/508]⎯

 FAIL  |layer-query-engine| tests/contracts/engine/query/cursor-pagination-sql.core.test.ts > 'SQLite' cursor SQL > mixed sort directions keep the null-guarded predicate
QueryEngineError: Operation 'findMany' does not compile to one SQL statement. Execute the operation instead.
⎯⎯⎯⎯⎯⎯⎯⎯⎯⎯⎯⎯⎯⎯⎯⎯⎯⎯⎯⎯⎯[57/508]⎯

 FAIL  |layer-query-engine| tests/contracts/engine/query/decimal-having-operand-sql.core.test.ts > SQLite widened decimal sum operand range > admits every pinned in-range 19-digit coefficient
QueryEngineError: Operation 'groupBy' does not compile to one SQL statement. Execute the operation instead.
⎯⎯⎯⎯⎯⎯⎯⎯⎯⎯⎯⎯⎯⎯⎯⎯⎯⎯⎯⎯⎯[58/508]⎯

 FAIL  |layer-query-engine| tests/contracts/engine/query/decimal-having-operand-sql.core.test.ts > SQLite widened decimal sum operand range > refuses the first coefficient beyond each signed-int64 endpoint
AssertionError: expected [Function] to throw error matching /outside this provider's exact HAVING …/ but got 'Operation \'groupBy\' does not compil…'

[32m- Expected:[39m 
/outside this provider's exact HAVING operand cast domain/

[31m+ Received:[39m 
"Operation 'groupBy' does not compile to one SQL statement. Execute the operation instead."

 ❯ tests/contracts/engine/query/decimal-having-operand-sql.core.test.ts:174:56
    172| 
    173|   test("refuses the first coefficient beyond each signed-int64 endpoin…
    174|     expect(() => buildOperand("92233720368547758.08")).toThrow(
       |                                                        ^
    175|       SUM_DOMAIN_REFUSAL
    176|     );

⎯⎯⎯⎯⎯⎯⎯⎯⎯⎯⎯⎯⎯⎯⎯⎯⎯⎯⎯⎯⎯[59/508]⎯

 FAIL  |layer-query-engine| tests/contracts/engine/query/decimal-having-operand-sql.core.test.ts > SQLite widened decimal sum operand range > refuses a very wide coefficient through the same pre-I/O boundary
AssertionError: expected [Function] to throw error matching /outside this provider's exact HAVING …/ but got 'Operation \'groupBy\' does not compil…'

[32m- Expected:[39m 
/outside this provider's exact HAVING operand cast domain/

[31m+ Received:[39m 
"Operation 'groupBy' does not compile to one SQL statement. Execute the operation instead."

 ❯ tests/contracts/engine/query/decimal-having-operand-sql.core.test.ts:183:52
    181| 
    182|   test("refuses a very wide coefficient through the same pre-I/O bound…
    183|     expect(() => buildOperand("9".repeat(10_000))).toThrow(SUM_DOMAIN_…
       |                                                    ^
    184|   });
    185| });

⎯⎯⎯⎯⎯⎯⎯⎯⎯⎯⎯⎯⎯⎯⎯⎯⎯⎯⎯⎯⎯[60/508]⎯

 FAIL  |layer-query-engine| tests/contracts/engine/query/decimal-having-operand-sql.core.test.ts > 'PostgreSQL' decimal having operands > the where operand is itself lowered through the decimal literal
QueryEngineError: Operation 'findMany' does not compile to one SQL statement. Execute the operation instead.
⎯⎯⎯⎯⎯⎯⎯⎯⎯⎯⎯⎯⎯⎯⎯⎯⎯⎯⎯⎯⎯[61/508]⎯

 FAIL  |layer-query-engine| tests/contracts/engine/query/decimal-having-operand-sql.core.test.ts > 'PostgreSQL' decimal having operands > having _min binds its operand exactly as where does
QueryEngineError: Operation 'groupBy' does not compile to one SQL statement. Execute the operation instead.
⎯⎯⎯⎯⎯⎯⎯⎯⎯⎯⎯⎯⎯⎯⎯⎯⎯⎯⎯⎯⎯[62/508]⎯

 FAIL  |layer-query-engine| tests/contracts/engine/query/decimal-having-operand-sql.core.test.ts > 'PostgreSQL' decimal having operands > having _max binds its operand exactly as where does
QueryEngineError: Operation 'groupBy' does not compile to one SQL statement. Execute the operation instead.
⎯⎯⎯⎯⎯⎯⎯⎯⎯⎯⎯⎯⎯⎯⎯⎯⎯⎯⎯⎯⎯[63/508]⎯

 FAIL  |layer-query-engine| tests/contracts/engine/query/decimal-having-operand-sql.core.test.ts > 'PostgreSQL' decimal having operands > having _sum binds its operand exactly as where does
QueryEngineError: Operation 'groupBy' does not compile to one SQL statement. Execute the operation instead.
⎯⎯⎯⎯⎯⎯⎯⎯⎯⎯⎯⎯⎯⎯⎯⎯⎯⎯⎯⎯⎯[64/508]⎯

 FAIL  |layer-query-engine| tests/contracts/engine/query/decimal-having-operand-sql.core.test.ts > 'PostgreSQL' decimal having operands > having _avg binds its operand exactly as where does
QueryEngineError: Operation 'groupBy' does not compile to one SQL statement. Execute the operation instead.
⎯⎯⎯⎯⎯⎯⎯⎯⎯⎯⎯⎯⎯⎯⎯⎯⎯⎯⎯⎯⎯[65/508]⎯

 FAIL  |layer-query-engine| tests/contracts/engine/query/decimal-having-operand-sql.core.test.ts > 'PostgreSQL' decimal having operands > every element of a having in-list is lowered, not just the first
QueryEngineError: Operation 'groupBy' does not compile to one SQL statement. Execute the operation instead.
⎯⎯⎯⎯⎯⎯⎯⎯⎯⎯⎯⎯⎯⎯⎯⎯⎯⎯⎯⎯⎯[66/508]⎯

 FAIL  |layer-query-engine| tests/contracts/engine/query/decimal-having-operand-sql.core.test.ts > 'PostgreSQL' decimal having operands > a _sum operand wider than the field's precision still binds
QueryEngineError: Operation 'groupBy' does not compile to one SQL statement. Execute the operation instead.
⎯⎯⎯⎯⎯⎯⎯⎯⎯⎯⎯⎯⎯⎯⎯⎯⎯⎯⎯⎯⎯[67/508]⎯

 FAIL  |layer-query-engine| tests/contracts/engine/query/decimal-having-operand-sql.core.test.ts > 'PostgreSQL' decimal having operands > a _sum operand past the provider's exact cast domain is refused pre-I/O
QueryEngineError: Operation 'groupBy' does not compile to one SQL statement. Execute the operation instead.
⎯⎯⎯⎯⎯⎯⎯⎯⎯⎯⎯⎯⎯⎯⎯⎯⎯⎯⎯⎯⎯[68/508]⎯

 FAIL  |layer-query-engine| tests/contracts/engine/query/decimal-having-operand-sql.core.test.ts > 'PostgreSQL' decimal having operands > the widened _sum operand stops at the provider's exact cast boundary
QueryEngineError: Operation 'groupBy' does not compile to one SQL statement. Execute the operation instead.
⎯⎯⎯⎯⎯⎯⎯⎯⎯⎯⎯⎯⎯⎯⎯⎯⎯⎯⎯⎯⎯[69/508]⎯

 FAIL  |layer-query-engine| tests/contracts/engine/query/decimal-having-operand-sql.core.test.ts > 'PostgreSQL' decimal having operands > grouped decimal lists project through their transport but group on the physical column
QueryEngineError: Operation 'groupBy' does not compile to one SQL statement. Execute the operation instead.
⎯⎯⎯⎯⎯⎯⎯⎯⎯⎯⎯⎯⎯⎯⎯⎯⎯⎯⎯⎯⎯[70/508]⎯

 FAIL  |layer-query-engine| tests/contracts/engine/query/decimal-having-operand-sql.core.test.ts > 'PostgreSQL' decimal having operands > groupBy ORDER BY _avg orders by the exact average, not AVG()
QueryEngineError: Operation 'groupBy' does not compile to one SQL statement. Execute the operation instead.
⎯⎯⎯⎯⎯⎯⎯⎯⎯⎯⎯⎯⎯⎯⎯⎯⎯⎯⎯⎯⎯[71/508]⎯

 FAIL  |layer-query-engine| tests/contracts/engine/query/decimal-having-operand-sql.core.test.ts > 'PostgreSQL' decimal having operands > having _avg filters on the exact average, not AVG()
QueryEngineError: Operation 'groupBy' does not compile to one SQL statement. Execute the operation instead.
⎯⎯⎯⎯⎯⎯⎯⎯⎯⎯⎯⎯⎯⎯⎯⎯⎯⎯⎯⎯⎯[72/508]⎯

 FAIL  |layer-query-engine| tests/contracts/engine/query/decimal-having-operand-sql.core.test.ts > 'PostgreSQL' decimal having operands > the projection, the ordering and the filter emit ONE expression
QueryEngineError: Operation 'groupBy' does not compile to one SQL statement. Execute the operation instead.
⎯⎯⎯⎯⎯⎯⎯⎯⎯⎯⎯⎯⎯⎯⎯⎯⎯⎯⎯⎯⎯[73/508]⎯

 FAIL  |layer-query-engine| tests/contracts/engine/query/decimal-having-operand-sql.core.test.ts > 'PostgreSQL' decimal having operands > a _sum operand finer than the field's scale is refused
 FAIL  |layer-query-engine| tests/contracts/engine/query/decimal-having-operand-sql.core.test.ts > 'MySQL' decimal having operands > a _sum operand finer than the field's scale is refused
 FAIL  |layer-query-engine| tests/contracts/engine/query/decimal-having-operand-sql.core.test.ts > 'SQLite' decimal having operands > a _sum operand finer than the field's scale is refused
AssertionError: expected [Function] to throw error matching /fractional digit/ but got 'Operation \'groupBy\' does not compil…'

[32m- Expected:[39m 
/fractional digit/

[31m+ Received:[39m 
"Operation 'groupBy' does not compile to one SQL statement. Execute the operation instead."

 ❯ tests/contracts/engine/query/decimal-having-operand-sql.core.test.ts:413:5
    411|     // Scale is NOT widened: every summed value carries the field's sc…
    412|     // third fractional digit names a number the column cannot produce.
    413|     await expect(
       |     ^
    414|       Promise.resolve().then(() =>
    415|         buildHere("groupBy", {

⎯⎯⎯⎯⎯⎯⎯⎯⎯⎯⎯⎯⎯⎯⎯⎯⎯⎯⎯⎯⎯[74/508]⎯

 FAIL  |layer-query-engine| tests/contracts/engine/query/decimal-having-operand-sql.core.test.ts > 'PostgreSQL' decimal having operands > having _count compares a row count, so it does NOT get the cast
QueryEngineError: Operation 'groupBy' does not compile to one SQL statement. Execute the operation instead.
⎯⎯⎯⎯⎯⎯⎯⎯⎯⎯⎯⎯⎯⎯⎯⎯⎯⎯⎯⎯⎯[75/508]⎯

 FAIL  |layer-query-engine| tests/contracts/engine/query/decimal-having-operand-sql.core.test.ts > 'MySQL' decimal having operands > the where operand is itself lowered through the decimal literal
QueryEngineError: Operation 'findMany' does not compile to one SQL statement. Execute the operation instead.
⎯⎯⎯⎯⎯⎯⎯⎯⎯⎯⎯⎯⎯⎯⎯⎯⎯⎯⎯⎯⎯[76/508]⎯

 FAIL  |layer-query-engine| tests/contracts/engine/query/decimal-having-operand-sql.core.test.ts > 'MySQL' decimal having operands > having _min binds its operand exactly as where does
QueryEngineError: Operation 'groupBy' does not compile to one SQL statement. Execute the operation instead.
⎯⎯⎯⎯⎯⎯⎯⎯⎯⎯⎯⎯⎯⎯⎯⎯⎯⎯⎯⎯⎯[77/508]⎯

 FAIL  |layer-query-engine| tests/contracts/engine/query/decimal-having-operand-sql.core.test.ts > 'MySQL' decimal having operands > having _max binds its operand exactly as where does
QueryEngineError: Operation 'groupBy' does not compile to one SQL statement. Execute the operation instead.
⎯⎯⎯⎯⎯⎯⎯⎯⎯⎯⎯⎯⎯⎯⎯⎯⎯⎯⎯⎯⎯[78/508]⎯

 FAIL  |layer-query-engine| tests/contracts/engine/query/decimal-having-operand-sql.core.test.ts > 'MySQL' decimal having operands > having _sum binds its operand exactly as where does
QueryEngineError: Operation 'groupBy' does not compile to one SQL statement. Execute the operation instead.
⎯⎯⎯⎯⎯⎯⎯⎯⎯⎯⎯⎯⎯⎯⎯⎯⎯⎯⎯⎯⎯[79/508]⎯

 FAIL  |layer-query-engine| tests/contracts/engine/query/decimal-having-operand-sql.core.test.ts > 'MySQL' decimal having operands > having _avg binds its operand exactly as where does
QueryEngineError: Operation 'groupBy' does not compile to one SQL statement. Execute the operation instead.
⎯⎯⎯⎯⎯⎯⎯⎯⎯⎯⎯⎯⎯⎯⎯⎯⎯⎯⎯⎯⎯[80/508]⎯

 FAIL  |layer-query-engine| tests/contracts/engine/query/decimal-having-operand-sql.core.test.ts > 'MySQL' decimal having operands > every element of a having in-list is lowered, not just the first
QueryEngineError: Operation 'groupBy' does not compile to one SQL statement. Execute the operation instead.
⎯⎯⎯⎯⎯⎯⎯⎯⎯⎯⎯⎯⎯⎯⎯⎯⎯⎯⎯⎯⎯[81/508]⎯

 FAIL  |layer-query-engine| tests/contracts/engine/query/decimal-having-operand-sql.core.test.ts > 'MySQL' decimal having operands > a _sum operand wider than the field's precision still binds
QueryEngineError: Operation 'groupBy' does not compile to one SQL statement. Execute the operation instead.
⎯⎯⎯⎯⎯⎯⎯⎯⎯⎯⎯⎯⎯⎯⎯⎯⎯⎯⎯⎯⎯[82/508]⎯

 FAIL  |layer-query-engine| tests/contracts/engine/query/decimal-having-operand-sql.core.test.ts > 'MySQL' decimal having operands > a _sum operand past the provider's exact cast domain is refused pre-I/O
QueryEngineError: Operation 'groupBy' does not compile to one SQL statement. Execute the operation instead.
⎯⎯⎯⎯⎯⎯⎯⎯⎯⎯⎯⎯⎯⎯⎯⎯⎯⎯⎯⎯⎯[83/508]⎯

 FAIL  |layer-query-engine| tests/contracts/engine/query/decimal-having-operand-sql.core.test.ts > 'MySQL' decimal having operands > the widened _sum operand stops at the provider's exact cast boundary
QueryEngineError: Operation 'groupBy' does not compile to one SQL statement. Execute the operation instead.
⎯⎯⎯⎯⎯⎯⎯⎯⎯⎯⎯⎯⎯⎯⎯⎯⎯⎯⎯⎯⎯[84/508]⎯

 FAIL  |layer-query-engine| tests/contracts/engine/query/decimal-having-operand-sql.core.test.ts > 'MySQL' decimal having operands > grouped decimal lists project through their transport but group on the physical column
QueryEngineError: Operation 'groupBy' does not compile to one SQL statement. Execute the operation instead.
⎯⎯⎯⎯⎯⎯⎯⎯⎯⎯⎯⎯⎯⎯⎯⎯⎯⎯⎯⎯⎯[85/508]⎯

 FAIL  |layer-query-engine| tests/contracts/engine/query/decimal-having-operand-sql.core.test.ts > 'MySQL' decimal having operands > groupBy ORDER BY _avg orders by the exact average, not AVG()
QueryEngineError: Operation 'groupBy' does not compile to one SQL statement. Execute the operation instead.
⎯⎯⎯⎯⎯⎯⎯⎯⎯⎯⎯⎯⎯⎯⎯⎯⎯⎯⎯⎯⎯[86/508]⎯

 FAIL  |layer-query-engine| tests/contracts/engine/query/decimal-having-operand-sql.core.test.ts > 'MySQL' decimal having operands > having _avg filters on the exact average, not AVG()
QueryEngineError: Operation 'groupBy' does not compile to one SQL statement. Execute the operation instead.
⎯⎯⎯⎯⎯⎯⎯⎯⎯⎯⎯⎯⎯⎯⎯⎯⎯⎯⎯⎯⎯[87/508]⎯

 FAIL  |layer-query-engine| tests/contracts/engine/query/decimal-having-operand-sql.core.test.ts > 'MySQL' decimal having operands > the projection, the ordering and the filter emit ONE expression
QueryEngineError: Operation 'groupBy' does not compile to one SQL statement. Execute the operation instead.
⎯⎯⎯⎯⎯⎯⎯⎯⎯⎯⎯⎯⎯⎯⎯⎯⎯⎯⎯⎯⎯[88/508]⎯

 FAIL  |layer-query-engine| tests/contracts/engine/query/decimal-having-operand-sql.core.test.ts > 'MySQL' decimal having operands > having _count compares a row count, so it does NOT get the cast
QueryEngineError: Operation 'groupBy' does not compile to one SQL statement. Execute the operation instead.
⎯⎯⎯⎯⎯⎯⎯⎯⎯⎯⎯⎯⎯⎯⎯⎯⎯⎯⎯⎯⎯[89/508]⎯

 FAIL  |layer-query-engine| tests/contracts/engine/query/decimal-having-operand-sql.core.test.ts > 'SQLite' decimal having operands > the where operand is itself lowered through the decimal literal
QueryEngineError: Operation 'findMany' does not compile to one SQL statement. Execute the operation instead.
⎯⎯⎯⎯⎯⎯⎯⎯⎯⎯⎯⎯⎯⎯⎯⎯⎯⎯⎯⎯⎯[90/508]⎯

 FAIL  |layer-query-engine| tests/contracts/engine/query/decimal-having-operand-sql.core.test.ts > 'SQLite' decimal having operands > having _min binds its operand exactly as where does
QueryEngineError: Operation 'groupBy' does not compile to one SQL statement. Execute the operation instead.
⎯⎯⎯⎯⎯⎯⎯⎯⎯⎯⎯⎯⎯⎯⎯⎯⎯⎯⎯⎯⎯[91/508]⎯

 FAIL  |layer-query-engine| tests/contracts/engine/query/decimal-having-operand-sql.core.test.ts > 'SQLite' decimal having operands > having _max binds its operand exactly as where does
QueryEngineError: Operation 'groupBy' does not compile to one SQL statement. Execute the operation instead.
⎯⎯⎯⎯⎯⎯⎯⎯⎯⎯⎯⎯⎯⎯⎯⎯⎯⎯⎯⎯⎯[92/508]⎯

 FAIL  |layer-query-engine| tests/contracts/engine/query/decimal-having-operand-sql.core.test.ts > 'SQLite' decimal having operands > having _sum binds its operand exactly as where does
QueryEngineError: Operation 'groupBy' does not compile to one SQL statement. Execute the operation instead.
⎯⎯⎯⎯⎯⎯⎯⎯⎯⎯⎯⎯⎯⎯⎯⎯⎯⎯⎯⎯⎯[93/508]⎯

 FAIL  |layer-query-engine| tests/contracts/engine/query/decimal-having-operand-sql.core.test.ts > 'SQLite' decimal having operands > having _avg binds its operand exactly as where does
QueryEngineError: Operation 'groupBy' does not compile to one SQL statement. Execute the operation instead.
⎯⎯⎯⎯⎯⎯⎯⎯⎯⎯⎯⎯⎯⎯⎯⎯⎯⎯⎯⎯⎯[94/508]⎯

 FAIL  |layer-query-engine| tests/contracts/engine/query/decimal-having-operand-sql.core.test.ts > 'SQLite' decimal having operands > every element of a having in-list is lowered, not just the first
QueryEngineError: Operation 'groupBy' does not compile to one SQL statement. Execute the operation instead.
⎯⎯⎯⎯⎯⎯⎯⎯⎯⎯⎯⎯⎯⎯⎯⎯⎯⎯⎯⎯⎯[95/508]⎯

 FAIL  |layer-query-engine| tests/contracts/engine/query/decimal-having-operand-sql.core.test.ts > 'SQLite' decimal having operands > a _sum operand wider than the field's precision still binds
QueryEngineError: Operation 'groupBy' does not compile to one SQL statement. Execute the operation instead.
⎯⎯⎯⎯⎯⎯⎯⎯⎯⎯⎯⎯⎯⎯⎯⎯⎯⎯⎯⎯⎯[96/508]⎯

 FAIL  |layer-query-engine| tests/contracts/engine/query/decimal-having-operand-sql.core.test.ts > 'SQLite' decimal having operands > a _sum operand past the provider's exact cast domain is refused pre-I/O
AssertionError: expected [Function] to throw error matching /outside this provider's exact HAVING …/ but got 'Operation \'groupBy\' does not compil…'

[32m- Expected:[39m 
/outside this provider's exact HAVING operand cast domain/

[31m+ Received:[39m 
"Operation 'groupBy' does not compile to one SQL statement. Execute the operation instead."

 ❯ tests/contracts/engine/query/decimal-having-operand-sql.core.test.ts:279:7
    277| 
    278|     if (dialectCase.dialect === "sqlite") {
    279|       await expect(Promise.resolve().then(build)).rejects.toThrow(
       |       ^
    280|         SUM_DOMAIN_REFUSAL
    281|       );

⎯⎯⎯⎯⎯⎯⎯⎯⎯⎯⎯⎯⎯⎯⎯⎯⎯⎯⎯⎯⎯[97/508]⎯

 FAIL  |layer-query-engine| tests/contracts/engine/query/decimal-having-operand-sql.core.test.ts > 'SQLite' decimal having operands > the widened _sum operand stops at the provider's exact cast boundary
AssertionError: expected [Function] to throw error matching /outside this provider's exact HAVING …/ but got 'Operation \'groupBy\' does not compil…'

[32m- Expected:[39m 
/outside this provider's exact HAVING operand cast domain/

[31m+ Received:[39m 
"Operation 'groupBy' does not compile to one SQL statement. Execute the operation instead."

 ❯ tests/contracts/engine/query/decimal-having-operand-sql.core.test.ts:311:5
    309|     }
    310| 
    311|     await expect(
       |     ^
    312|       Promise.resolve().then(() => buildOperand(sixtyFiveDigits))
    313|     ).rejects.toThrow(SUM_DOMAIN_REFUSAL);

⎯⎯⎯⎯⎯⎯⎯⎯⎯⎯⎯⎯⎯⎯⎯⎯⎯⎯⎯⎯⎯[98/508]⎯

 FAIL  |layer-query-engine| tests/contracts/engine/query/decimal-having-operand-sql.core.test.ts > 'SQLite' decimal having operands > grouped decimal lists project through their transport but group on the physical column
QueryEngineError: Operation 'groupBy' does not compile to one SQL statement. Execute the operation instead.
⎯⎯⎯⎯⎯⎯⎯⎯⎯⎯⎯⎯⎯⎯⎯⎯⎯⎯⎯⎯⎯[99/508]⎯

 FAIL  |layer-query-engine| tests/contracts/engine/query/decimal-having-operand-sql.core.test.ts > 'SQLite' decimal having operands > groupBy ORDER BY _avg orders by the exact average, not AVG()
QueryEngineError: Operation 'groupBy' does not compile to one SQL statement. Execute the operation instead.
⎯⎯⎯⎯⎯⎯⎯⎯⎯⎯⎯⎯⎯⎯⎯⎯⎯⎯⎯⎯[100/508]⎯

 FAIL  |layer-query-engine| tests/contracts/engine/query/decimal-having-operand-sql.core.test.ts > 'SQLite' decimal having operands > having _avg filters on the exact average, not AVG()
QueryEngineError: Operation 'groupBy' does not compile to one SQL statement. Execute the operation instead.
⎯⎯⎯⎯⎯⎯⎯⎯⎯⎯⎯⎯⎯⎯⎯⎯⎯⎯⎯⎯[101/508]⎯

 FAIL  |layer-query-engine| tests/contracts/engine/query/decimal-having-operand-sql.core.test.ts > 'SQLite' decimal having operands > the projection, the ordering and the filter emit ONE expression
QueryEngineError: Operation 'groupBy' does not compile to one SQL statement. Execute the operation instead.
⎯⎯⎯⎯⎯⎯⎯⎯⎯⎯⎯⎯⎯⎯⎯⎯⎯⎯⎯⎯[102/508]⎯

 FAIL  |layer-query-engine| tests/contracts/engine/query/decimal-having-operand-sql.core.test.ts > 'SQLite' decimal having operands > having _count compares a row count, so it does NOT get the cast
QueryEngineError: Operation 'groupBy' does not compile to one SQL statement. Execute the operation instead.
⎯⎯⎯⎯⎯⎯⎯⎯⎯⎯⎯⎯⎯⎯⎯⎯⎯⎯⎯⎯[103/508]⎯

 FAIL  |layer-query-engine| tests/contracts/engine/query/field-reference-sql.core.test.ts > 'PostgreSQL' field-reference SQL > a reference becomes a qualified column, not a bound parameter
QueryEngineError: Operation 'findMany' does not compile to one SQL statement. Execute the operation instead.
⎯⎯⎯⎯⎯⎯⎯⎯⎯⎯⎯⎯⎯⎯⎯⎯⎯⎯⎯⎯[104/508]⎯

 FAIL  |layer-query-engine| tests/contracts/engine/query/field-reference-sql.core.test.ts > 'PostgreSQL' field-reference SQL > the reference resolves through .map(), not the field key
QueryEngineError: Operation 'findMany' does not compile to one SQL statement. Execute the operation instead.
⎯⎯⎯⎯⎯⎯⎯⎯⎯⎯⎯⎯⎯⎯⎯⎯⎯⎯⎯⎯[105/508]⎯

 FAIL  |layer-query-engine| tests/contracts/engine/query/field-reference-sql.core.test.ts > 'PostgreSQL' field-reference SQL > a literal beside a reference is still bound
QueryEngineError: Operation 'findMany' does not compile to one SQL statement. Execute the operation instead.
⎯⎯⎯⎯⎯⎯⎯⎯⎯⎯⎯⎯⎯⎯⎯⎯⎯⎯⎯⎯[106/508]⎯

 FAIL  |layer-query-engine| tests/contracts/engine/query/field-reference-sql.core.test.ts > 'PostgreSQL' field-reference SQL > a nested relation where resolves the reference on the relation's alias
QueryEngineError: Operation 'findMany' does not compile to one SQL statement. Execute the operation instead.
⎯⎯⎯⎯⎯⎯⎯⎯⎯⎯⎯⎯⎯⎯⎯⎯⎯⎯⎯⎯[107/508]⎯

 FAIL  |layer-query-engine| tests/contracts/engine/query/field-reference-sql.core.test.ts > 'PostgreSQL' field-reference SQL > collation and folding of a referenced operand > default mode compares both sides under the case-sensitive collation
QueryEngineError: Operation 'findMany' does not compile to one SQL statement. Execute the operation instead.
⎯⎯⎯⎯⎯⎯⎯⎯⎯⎯⎯⎯⎯⎯⎯⎯⎯⎯⎯⎯[108/508]⎯

 FAIL  |layer-query-engine| tests/contracts/engine/query/field-reference-sql.core.test.ts > 'PostgreSQL' field-reference SQL > collation and folding of a referenced operand > insensitive mode folds AND collates both sides
QueryEngineError: Operation 'findMany' does not compile to one SQL statement. Execute the operation instead.
⎯⎯⎯⎯⎯⎯⎯⎯⎯⎯⎯⎯⎯⎯⎯⎯⎯⎯⎯⎯[109/508]⎯

 FAIL  |layer-query-engine| tests/contracts/engine/query/field-reference-sql.core.test.ts > 'PostgreSQL' field-reference SQL > collation and folding of a referenced operand > insensitive `not` negates the folded comparison
QueryEngineError: Operation 'findMany' does not compile to one SQL statement. Execute the operation instead.
⎯⎯⎯⎯⎯⎯⎯⎯⎯⎯⎯⎯⎯⎯⎯⎯⎯⎯⎯⎯[110/508]⎯

 FAIL  |layer-query-engine| tests/contracts/engine/query/field-reference-sql.core.test.ts > 'PostgreSQL' field-reference SQL > collation and folding of a referenced operand > insensitive contains carries the fold onto the referenced operand
QueryEngineError: Operation 'findMany' does not compile to one SQL statement. Execute the operation instead.
⎯⎯⎯⎯⎯⎯⎯⎯⎯⎯⎯⎯⎯⎯⎯⎯⎯⎯⎯⎯[111/508]⎯

 FAIL  |layer-query-engine| tests/contracts/engine/query/field-reference-sql.core.test.ts > 'PostgreSQL' field-reference SQL > collation and folding of a referenced operand > insensitive startsWith carries the fold onto the referenced operand
QueryEngineError: Operation 'findMany' does not compile to one SQL statement. Execute the operation instead.
⎯⎯⎯⎯⎯⎯⎯⎯⎯⎯⎯⎯⎯⎯⎯⎯⎯⎯⎯⎯[112/508]⎯

 FAIL  |layer-query-engine| tests/contracts/engine/query/field-reference-sql.core.test.ts > 'PostgreSQL' field-reference SQL > collation and folding of a referenced operand > insensitive endsWith carries the fold onto the referenced operand
QueryEngineError: Operation 'findMany' does not compile to one SQL statement. Execute the operation instead.
⎯⎯⎯⎯⎯⎯⎯⎯⎯⎯⎯⎯⎯⎯⎯⎯⎯⎯⎯⎯[113/508]⎯

 FAIL  |layer-query-engine| tests/contracts/engine/query/field-reference-sql.core.test.ts > 'PostgreSQL' field-reference SQL > collation and folding of a referenced operand > default mode leaves the string predicates unwrapped on both sides
QueryEngineError: Operation 'findMany' does not compile to one SQL statement. Execute the operation instead.
⎯⎯⎯⎯⎯⎯⎯⎯⎯⎯⎯⎯⎯⎯⎯⎯⎯⎯⎯⎯[114/508]⎯

 FAIL  |layer-query-engine| tests/contracts/engine/query/field-reference-sql.core.test.ts > 'PostgreSQL' field-reference SQL > collation and folding of a referenced operand > a literal operand is folded but not collation-wrapped
QueryEngineError: Operation 'findMany' does not compile to one SQL statement. Execute the operation instead.
⎯⎯⎯⎯⎯⎯⎯⎯⎯⎯⎯⎯⎯⎯⎯⎯⎯⎯⎯⎯[115/508]⎯

 FAIL  |layer-query-engine| tests/contracts/engine/query/field-reference-sql.core.test.ts > 'PostgreSQL' field-reference SQL > enum operands > equals against a reference casts both sides to text
QueryEngineError: Operation 'findMany' does not compile to one SQL statement. Execute the operation instead.
⎯⎯⎯⎯⎯⎯⎯⎯⎯⎯⎯⎯⎯⎯⎯⎯⎯⎯⎯⎯[116/508]⎯

 FAIL  |layer-query-engine| tests/contracts/engine/query/field-reference-sql.core.test.ts > 'PostgreSQL' field-reference SQL > enum operands > not against a reference negates the same comparison
QueryEngineError: Operation 'findMany' does not compile to one SQL statement. Execute the operation instead.
⎯⎯⎯⎯⎯⎯⎯⎯⎯⎯⎯⎯⎯⎯⎯⎯⎯⎯⎯⎯[117/508]⎯

 FAIL  |layer-query-engine| tests/contracts/engine/query/field-reference-sql.core.test.ts > 'PostgreSQL' field-reference SQL > enum operands > a literal operand leaves the column uncast and bound
QueryEngineError: Operation 'findMany' does not compile to one SQL statement. Execute the operation instead.
⎯⎯⎯⎯⎯⎯⎯⎯⎯⎯⎯⎯⎯⎯⎯⎯⎯⎯⎯⎯[118/508]⎯

 FAIL  |layer-query-engine| tests/contracts/engine/query/field-reference-sql.core.test.ts > 'PostgreSQL' field-reference SQL > a cross-model reference is refused at build time
 FAIL  |layer-query-engine| tests/contracts/engine/query/field-reference-sql.core.test.ts > 'MySQL' field-reference SQL > a cross-model reference is refused at build time
 FAIL  |layer-query-engine| tests/contracts/engine/query/field-reference-sql.core.test.ts > 'SQLite' field-reference SQL > a cross-model reference is refused at build time
AssertionError: expected [Function] to throw error matching /Field reference 'User\.name' cannot b…/ but got 'Operation \'findMany\' does not compi…'

[32m- Expected:[39m 
/Field reference 'User\.name' cannot be used while filtering 'Post'/

[31m+ Received:[39m 
"Operation 'findMany' does not compile to one SQL statement. Execute the operation instead."

 ❯ tests/contracts/engine/query/field-reference-sql.core.test.ts:399:7
    397|         where: { title: { equals: refs.User.name } },
    398|       })
    399|     ).toThrow(CROSS_MODEL_REFUSAL);
       |       ^
    400|   });
    401| 

⎯⎯⎯⎯⎯⎯⎯⎯⎯⎯⎯⎯⎯⎯⎯⎯⎯⎯⎯⎯[119/508]⎯

 FAIL  |layer-query-engine| tests/contracts/engine/query/field-reference-sql.core.test.ts > 'PostgreSQL' field-reference SQL > a reference to a scalar of another type is refused by validation
 FAIL  |layer-query-engine| tests/contracts/engine/query/field-reference-sql.core.test.ts > 'MySQL' field-reference SQL > a reference to a scalar of another type is refused by validation
 FAIL  |layer-query-engine| tests/contracts/engine/query/field-reference-sql.core.test.ts > 'SQLite' field-reference SQL > a reference to a scalar of another type is refused by validation
AssertionError: expected [Function] to throw error matching /is of type 'int', but a 'string' oper…/ but got 'Operation \'findMany\' does not compi…'

[32m- Expected:[39m 
/is of type 'int', but a 'string' operand is required/

[31m+ Received:[39m 
"Operation 'findMany' does not compile to one SQL statement. Execute the operation instead."

 ❯ tests/contracts/engine/query/field-reference-sql.core.test.ts:407:7
    405|         where: { title: { equals: refs.Post.views } },
    406|       })
    407|     ).toThrow(WRONG_TYPE_REFUSAL);
       |       ^
    408|   });
    409| 

⎯⎯⎯⎯⎯⎯⎯⎯⎯⎯⎯⎯⎯⎯⎯⎯⎯⎯⎯⎯[120/508]⎯

 FAIL  |layer-query-engine| tests/contracts/engine/query/field-reference-sql.core.test.ts > 'PostgreSQL' field-reference SQL > a list-scalar reference is refused
 FAIL  |layer-query-engine| tests/contracts/engine/query/field-reference-sql.core.test.ts > 'MySQL' field-reference SQL > a list-scalar reference is refused
 FAIL  |layer-query-engine| tests/contracts/engine/query/field-reference-sql.core.test.ts > 'SQLite' field-reference SQL > a list-scalar reference is refused
AssertionError: expected [Function] to throw error matching /is a list field/ but got 'Operation \'findMany\' does not compi…'

[32m- Expected:[39m 
/is a list field/

[31m+ Received:[39m 
"Operation 'findMany' does not compile to one SQL statement. Execute the operation instead."

 ❯ tests/contracts/engine/query/field-reference-sql.core.test.ts:415:7
    413|         where: { title: { equals: refs.Post.tags } },
    414|       })
    415|     ).toThrow(LIST_REFUSAL);
       |       ^
    416|   });
    417| });

⎯⎯⎯⎯⎯⎯⎯⎯⎯⎯⎯⎯⎯⎯⎯⎯⎯⎯⎯⎯[121/508]⎯

 FAIL  |layer-query-engine| tests/contracts/engine/query/field-reference-sql.core.test.ts > 'MySQL' field-reference SQL > a reference becomes a qualified column, not a bound parameter
QueryEngineError: Operation 'findMany' does not compile to one SQL statement. Execute the operation instead.
⎯⎯⎯⎯⎯⎯⎯⎯⎯⎯⎯⎯⎯⎯⎯⎯⎯⎯⎯⎯[122/508]⎯

 FAIL  |layer-query-engine| tests/contracts/engine/query/field-reference-sql.core.test.ts > 'MySQL' field-reference SQL > the reference resolves through .map(), not the field key
QueryEngineError: Operation 'findMany' does not compile to one SQL statement. Execute the operation instead.
⎯⎯⎯⎯⎯⎯⎯⎯⎯⎯⎯⎯⎯⎯⎯⎯⎯⎯⎯⎯[123/508]⎯

 FAIL  |layer-query-engine| tests/contracts/engine/query/field-reference-sql.core.test.ts > 'MySQL' field-reference SQL > a literal beside a reference is still bound
QueryEngineError: Operation 'findMany' does not compile to one SQL statement. Execute the operation instead.
⎯⎯⎯⎯⎯⎯⎯⎯⎯⎯⎯⎯⎯⎯⎯⎯⎯⎯⎯⎯[124/508]⎯

 FAIL  |layer-query-engine| tests/contracts/engine/query/field-reference-sql.core.test.ts > 'MySQL' field-reference SQL > a nested relation where resolves the reference on the relation's alias
QueryEngineError: Operation 'findMany' does not compile to one SQL statement. Execute the operation instead.
⎯⎯⎯⎯⎯⎯⎯⎯⎯⎯⎯⎯⎯⎯⎯⎯⎯⎯⎯⎯[125/508]⎯

 FAIL  |layer-query-engine| tests/contracts/engine/query/field-reference-sql.core.test.ts > 'MySQL' field-reference SQL > collation and folding of a referenced operand > default mode compares both sides under the case-sensitive collation
QueryEngineError: Operation 'findMany' does not compile to one SQL statement. Execute the operation instead.
⎯⎯⎯⎯⎯⎯⎯⎯⎯⎯⎯⎯⎯⎯⎯⎯⎯⎯⎯⎯[126/508]⎯

 FAIL  |layer-query-engine| tests/contracts/engine/query/field-reference-sql.core.test.ts > 'MySQL' field-reference SQL > collation and folding of a referenced operand > insensitive mode folds AND collates both sides
QueryEngineError: Operation 'findMany' does not compile to one SQL statement. Execute the operation instead.
⎯⎯⎯⎯⎯⎯⎯⎯⎯⎯⎯⎯⎯⎯⎯⎯⎯⎯⎯⎯[127/508]⎯

 FAIL  |layer-query-engine| tests/contracts/engine/query/field-reference-sql.core.test.ts > 'MySQL' field-reference SQL > collation and folding of a referenced operand > insensitive `not` negates the folded comparison
QueryEngineError: Operation 'findMany' does not compile to one SQL statement. Execute the operation instead.
⎯⎯⎯⎯⎯⎯⎯⎯⎯⎯⎯⎯⎯⎯⎯⎯⎯⎯⎯⎯[128/508]⎯

 FAIL  |layer-query-engine| tests/contracts/engine/query/field-reference-sql.core.test.ts > 'MySQL' field-reference SQL > collation and folding of a referenced operand > insensitive contains carries the fold onto the referenced operand
QueryEngineError: Operation 'findMany' does not compile to one SQL statement. Execute the operation instead.
⎯⎯⎯⎯⎯⎯⎯⎯⎯⎯⎯⎯⎯⎯⎯⎯⎯⎯⎯⎯[129/508]⎯

 FAIL  |layer-query-engine| tests/contracts/engine/query/field-reference-sql.core.test.ts > 'MySQL' field-reference SQL > collation and folding of a referenced operand > insensitive startsWith carries the fold onto the referenced operand
QueryEngineError: Operation 'findMany' does not compile to one SQL statement. Execute the operation instead.
⎯⎯⎯⎯⎯⎯⎯⎯⎯⎯⎯⎯⎯⎯⎯⎯⎯⎯⎯⎯[130/508]⎯

 FAIL  |layer-query-engine| tests/contracts/engine/query/field-reference-sql.core.test.ts > 'MySQL' field-reference SQL > collation and folding of a referenced operand > insensitive endsWith carries the fold onto the referenced operand
QueryEngineError: Operation 'findMany' does not compile to one SQL statement. Execute the operation instead.
⎯⎯⎯⎯⎯⎯⎯⎯⎯⎯⎯⎯⎯⎯⎯⎯⎯⎯⎯⎯[131/508]⎯

 FAIL  |layer-query-engine| tests/contracts/engine/query/field-reference-sql.core.test.ts > 'MySQL' field-reference SQL > collation and folding of a referenced operand > default mode leaves the string predicates unwrapped on both sides
QueryEngineError: Operation 'findMany' does not compile to one SQL statement. Execute the operation instead.
⎯⎯⎯⎯⎯⎯⎯⎯⎯⎯⎯⎯⎯⎯⎯⎯⎯⎯⎯⎯[132/508]⎯

 FAIL  |layer-query-engine| tests/contracts/engine/query/field-reference-sql.core.test.ts > 'MySQL' field-reference SQL > collation and folding of a referenced operand > a literal operand is folded but not collation-wrapped
QueryEngineError: Operation 'findMany' does not compile to one SQL statement. Execute the operation instead.
⎯⎯⎯⎯⎯⎯⎯⎯⎯⎯⎯⎯⎯⎯⎯⎯⎯⎯⎯⎯[133/508]⎯

 FAIL  |layer-query-engine| tests/contracts/engine/query/field-reference-sql.core.test.ts > 'MySQL' field-reference SQL > enum operands > equals against a reference casts both sides to text
QueryEngineError: Operation 'findMany' does not compile to one SQL statement. Execute the operation instead.
⎯⎯⎯⎯⎯⎯⎯⎯⎯⎯⎯⎯⎯⎯⎯⎯⎯⎯⎯⎯[134/508]⎯

 FAIL  |layer-query-engine| tests/contracts/engine/query/field-reference-sql.core.test.ts > 'MySQL' field-reference SQL > enum operands > not against a reference negates the same comparison
QueryEngineError: Operation 'findMany' does not compile to one SQL statement. Execute the operation instead.
⎯⎯⎯⎯⎯⎯⎯⎯⎯⎯⎯⎯⎯⎯⎯⎯⎯⎯⎯⎯[135/508]⎯

 FAIL  |layer-query-engine| tests/contracts/engine/query/field-reference-sql.core.test.ts > 'MySQL' field-reference SQL > enum operands > a literal operand leaves the column uncast and bound
QueryEngineError: Operation 'findMany' does not compile to one SQL statement. Execute the operation instead.
⎯⎯⎯⎯⎯⎯⎯⎯⎯⎯⎯⎯⎯⎯⎯⎯⎯⎯⎯⎯[136/508]⎯

 FAIL  |layer-query-engine| tests/contracts/engine/query/field-reference-sql.core.test.ts > 'SQLite' field-reference SQL > a reference becomes a qualified column, not a bound parameter
QueryEngineError: Operation 'findMany' does not compile to one SQL statement. Execute the operation instead.
⎯⎯⎯⎯⎯⎯⎯⎯⎯⎯⎯⎯⎯⎯⎯⎯⎯⎯⎯⎯[137/508]⎯

 FAIL  |layer-query-engine| tests/contracts/engine/query/field-reference-sql.core.test.ts > 'SQLite' field-reference SQL > the reference resolves through .map(), not the field key
QueryEngineError: Operation 'findMany' does not compile to one SQL statement. Execute the operation instead.
⎯⎯⎯⎯⎯⎯⎯⎯⎯⎯⎯⎯⎯⎯⎯⎯⎯⎯⎯⎯[138/508]⎯

 FAIL  |layer-query-engine| tests/contracts/engine/query/field-reference-sql.core.test.ts > 'SQLite' field-reference SQL > a literal beside a reference is still bound
QueryEngineError: Operation 'findMany' does not compile to one SQL statement. Execute the operation instead.
⎯⎯⎯⎯⎯⎯⎯⎯⎯⎯⎯⎯⎯⎯⎯⎯⎯⎯⎯⎯[139/508]⎯

 FAIL  |layer-query-engine| tests/contracts/engine/query/field-reference-sql.core.test.ts > 'SQLite' field-reference SQL > a nested relation where resolves the reference on the relation's alias
QueryEngineError: Operation 'findMany' does not compile to one SQL statement. Execute the operation instead.
⎯⎯⎯⎯⎯⎯⎯⎯⎯⎯⎯⎯⎯⎯⎯⎯⎯⎯⎯⎯[140/508]⎯

 FAIL  |layer-query-engine| tests/contracts/engine/query/field-reference-sql.core.test.ts > 'SQLite' field-reference SQL > collation and folding of a referenced operand > default mode compares both sides under the case-sensitive collation
QueryEngineError: Operation 'findMany' does not compile to one SQL statement. Execute the operation instead.
⎯⎯⎯⎯⎯⎯⎯⎯⎯⎯⎯⎯⎯⎯⎯⎯⎯⎯⎯⎯[141/508]⎯

 FAIL  |layer-query-engine| tests/contracts/engine/query/field-reference-sql.core.test.ts > 'SQLite' field-reference SQL > collation and folding of a referenced operand > insensitive mode folds AND collates both sides
QueryEngineError: Operation 'findMany' does not compile to one SQL statement. Execute the operation instead.
⎯⎯⎯⎯⎯⎯⎯⎯⎯⎯⎯⎯⎯⎯⎯⎯⎯⎯⎯⎯[142/508]⎯

 FAIL  |layer-query-engine| tests/contracts/engine/query/field-reference-sql.core.test.ts > 'SQLite' field-reference SQL > collation and folding of a referenced operand > insensitive `not` negates the folded comparison
QueryEngineError: Operation 'findMany' does not compile to one SQL statement. Execute the operation instead.
⎯⎯⎯⎯⎯⎯⎯⎯⎯⎯⎯⎯⎯⎯⎯⎯⎯⎯⎯⎯[143/508]⎯

 FAIL  |layer-query-engine| tests/contracts/engine/query/field-reference-sql.core.test.ts > 'SQLite' field-reference SQL > collation and folding of a referenced operand > insensitive contains carries the fold onto the referenced operand
QueryEngineError: Operation 'findMany' does not compile to one SQL statement. Execute the operation instead.
⎯⎯⎯⎯⎯⎯⎯⎯⎯⎯⎯⎯⎯⎯⎯⎯⎯⎯⎯⎯[144/508]⎯

 FAIL  |layer-query-engine| tests/contracts/engine/query/field-reference-sql.core.test.ts > 'SQLite' field-reference SQL > collation and folding of a referenced operand > insensitive startsWith carries the fold onto the referenced operand
QueryEngineError: Operation 'findMany' does not compile to one SQL statement. Execute the operation instead.
⎯⎯⎯⎯⎯⎯⎯⎯⎯⎯⎯⎯⎯⎯⎯⎯⎯⎯⎯⎯[145/508]⎯

 FAIL  |layer-query-engine| tests/contracts/engine/query/field-reference-sql.core.test.ts > 'SQLite' field-reference SQL > collation and folding of a referenced operand > insensitive endsWith carries the fold onto the referenced operand
QueryEngineError: Operation 'findMany' does not compile to one SQL statement. Execute the operation instead.
⎯⎯⎯⎯⎯⎯⎯⎯⎯⎯⎯⎯⎯⎯⎯⎯⎯⎯⎯⎯[146/508]⎯

 FAIL  |layer-query-engine| tests/contracts/engine/query/field-reference-sql.core.test.ts > 'SQLite' field-reference SQL > collation and folding of a referenced operand > default mode leaves the string predicates unwrapped on both sides
QueryEngineError: Operation 'findMany' does not compile to one SQL statement. Execute the operation instead.
⎯⎯⎯⎯⎯⎯⎯⎯⎯⎯⎯⎯⎯⎯⎯⎯⎯⎯⎯⎯[147/508]⎯

 FAIL  |layer-query-engine| tests/contracts/engine/query/field-reference-sql.core.test.ts > 'SQLite' field-reference SQL > collation and folding of a referenced operand > a literal operand is folded but not collation-wrapped
QueryEngineError: Operation 'findMany' does not compile to one SQL statement. Execute the operation instead.
⎯⎯⎯⎯⎯⎯⎯⎯⎯⎯⎯⎯⎯⎯⎯⎯⎯⎯⎯⎯[148/508]⎯

 FAIL  |layer-query-engine| tests/contracts/engine/query/field-reference-sql.core.test.ts > 'SQLite' field-reference SQL > enum operands > equals against a reference casts both sides to text
QueryEngineError: Operation 'findMany' does not compile to one SQL statement. Execute the operation instead.
⎯⎯⎯⎯⎯⎯⎯⎯⎯⎯⎯⎯⎯⎯⎯⎯⎯⎯⎯⎯[149/508]⎯

 FAIL  |layer-query-engine| tests/contracts/engine/query/field-reference-sql.core.test.ts > 'SQLite' field-reference SQL > enum operands > not against a reference negates the same comparison
QueryEngineError: Operation 'findMany' does not compile to one SQL statement. Execute the operation instead.
⎯⎯⎯⎯⎯⎯⎯⎯⎯⎯⎯⎯⎯⎯⎯⎯⎯⎯⎯⎯[150/508]⎯

 FAIL  |layer-query-engine| tests/contracts/engine/query/field-reference-sql.core.test.ts > 'SQLite' field-reference SQL > enum operands > a literal operand leaves the column uncast and bound
QueryEngineError: Operation 'findMany' does not compile to one SQL statement. Execute the operation instead.
⎯⎯⎯⎯⎯⎯⎯⎯⎯⎯⎯⎯⎯⎯⎯⎯⎯⎯⎯⎯[151/508]⎯

 FAIL  |layer-query-engine| tests/contracts/engine/query/field-reference-sql.core.test.ts > surfaces that stay closed to field references > groupBy having refuses a reference (Prisma excludes it too)
AssertionError: expected [Function] to throw error matching /is not supported in 'having'/ but got 'Operation \'groupBy\' does not compil…'

[32m- Expected:[39m 
/is not supported in 'having'/

[31m+ Received:[39m 
"Operation 'groupBy' does not compile to one SQL statement. Execute the operation instead."

 ❯ tests/contracts/engine/query/field-reference-sql.core.test.ts:428:7
    426|         having: { views: { gt: refs.Post.likes } },
    427|       })
    428|     ).toThrow(HAVING_REFUSAL);
       |       ^
    429|   });
    430| 

⎯⎯⎯⎯⎯⎯⎯⎯⎯⎯⎯⎯⎯⎯⎯⎯⎯⎯⎯⎯[152/508]⎯

 FAIL  |layer-query-engine| tests/contracts/engine/query/field-reference-sql.core.test.ts > surfaces that stay closed to field references > groupBy having refuses a reference nested 0 `not` levels deep
 FAIL  |layer-query-engine| tests/contracts/engine/query/field-reference-sql.core.test.ts > surfaces that stay closed to field references > groupBy having refuses a reference nested 1 `not` levels deep
 FAIL  |layer-query-engine| tests/contracts/engine/query/field-reference-sql.core.test.ts > surfaces that stay closed to field references > groupBy having refuses a reference nested 2 `not` levels deep
 FAIL  |layer-query-engine| tests/contracts/engine/query/field-reference-sql.core.test.ts > surfaces that stay closed to field references > groupBy having refuses a reference nested 3 `not` levels deep
 FAIL  |layer-query-engine| tests/contracts/engine/query/field-reference-sql.core.test.ts > surfaces that stay closed to field references > groupBy having refuses a reference nested 4 `not` levels deep
 FAIL  |layer-query-engine| tests/contracts/engine/query/field-reference-sql.core.test.ts > surfaces that stay closed to field references > groupBy having refuses a reference nested 5 `not` levels deep
 FAIL  |layer-query-engine| tests/contracts/engine/query/field-reference-sql.core.test.ts > surfaces that stay closed to field references > groupBy having refuses a reference nested 6 `not` levels deep
 FAIL  |layer-query-engine| tests/contracts/engine/query/field-reference-sql.core.test.ts > surfaces that stay closed to field references > groupBy having refuses a reference nested 12 `not` levels deep
 FAIL  |layer-query-engine| tests/contracts/engine/query/field-reference-sql.core.test.ts > surfaces that stay closed to field references > groupBy having refuses a reference nested 64 `not` levels deep
AssertionError: expected [Function] to throw error matching /is not supported in 'having'/ but got 'Operation \'groupBy\' does not compil…'

[32m- Expected:[39m 
/is not supported in 'having'/

[31m+ Received:[39m 
"Operation 'groupBy' does not compile to one SQL statement. Execute the operation instead."

 ❯ tests/contracts/engine/query/field-reference-sql.core.test.ts:449:7
    447|         having: { views: nestNot(depth, { gt: refs.Post.likes }) },
    448|       })
    449|     ).toThrow(HAVING_REFUSAL);
       |       ^
    450|   });
    451| 

⎯⎯⎯⎯⎯⎯⎯⎯⎯⎯⎯⎯⎯⎯⎯⎯⎯⎯⎯⎯[153/508]⎯

 FAIL  |layer-query-engine| tests/contracts/engine/query/field-reference-sql.core.test.ts > surfaces that stay closed to field references > groupBy having refuses a deeply nested reference under AND
 FAIL  |layer-query-engine| tests/contracts/engine/query/field-reference-sql.core.test.ts > surfaces that stay closed to field references > groupBy having refuses a deeply nested reference under OR
 FAIL  |layer-query-engine| tests/contracts/engine/query/field-reference-sql.core.test.ts > surfaces that stay closed to field references > groupBy having refuses a deeply nested reference under NOT
AssertionError: expected [Function] to throw error matching /is not supported in 'having'/ but got 'Operation \'groupBy\' does not compil…'

[32m- Expected:[39m 
/is not supported in 'having'/

[31m+ Received:[39m 
"Operation 'groupBy' does not compile to one SQL statement. Execute the operation instead."

 ❯ tests/contracts/engine/query/field-reference-sql.core.test.ts:464:7
    462|         },
    463|       })
    464|     ).toThrow(HAVING_REFUSAL);
       |       ^
    465|   });
    466| 

⎯⎯⎯⎯⎯⎯⎯⎯⎯⎯⎯⎯⎯⎯⎯⎯⎯⎯⎯⎯[154/508]⎯

 FAIL  |layer-query-engine| tests/contracts/engine/query/field-reference-sql.core.test.ts > surfaces that stay closed to field references > the same deep chain is still legal in `where`
QueryEngineError: Operation 'findMany' does not compile to one SQL statement. Execute the operation instead.
⎯⎯⎯⎯⎯⎯⎯⎯⎯⎯⎯⎯⎯⎯⎯⎯⎯⎯⎯⎯[155/508]⎯

 FAIL  |layer-query-engine| tests/contracts/engine/query/field-reference-sql.core.test.ts > surfaces that stay closed to field references > having still accepts ordinary scalar and aggregate filters
AssertionError: expected [Function] to not throw an error but 'QueryEngineError: Operation \'groupBy…' was thrown

[32m- Expected:[39m 
undefined

[31m+ Received:[39m 
"QueryEngineError: Operation 'groupBy' does not compile to one SQL statement. Execute the operation instead."

 ❯ tests/contracts/engine/query/field-reference-sql.core.test.ts:488:11
    486|         having: { views: { gt: 3 } },
    487|       })
    488|     ).not.toThrow();
       |           ^
    489|     expect(() =>
    490|       engine().build(Post, "groupBy", {

⎯⎯⎯⎯⎯⎯⎯⎯⎯⎯⎯⎯⎯⎯⎯⎯⎯⎯⎯⎯[156/508]⎯

 FAIL  |layer-query-engine| tests/contracts/engine/query/field-reference-sql.core.test.ts > surfaces that stay closed to field references > a reference is refused in create data
AssertionError: expected [Function] to not throw an error but 'QueryEngineError: Operation \'create\…' was thrown

[32m- Expected:[39m 
undefined

[31m+ Received:[39m 
"QueryEngineError: Operation 'create' does not compile to one SQL statement. Execute the operation instead."

 ❯ tests/contracts/engine/query/field-reference-sql.core.test.ts:550:33
    548| 
    549|     // Otherwise valid: with a literal in that one slot, the payload c…
    550|     expect(() => create(1)).not.toThrow();
       |                                 ^
    551| 
    552|     const refusal = refusalOf(() => create(refs.Post.likes));

⎯⎯⎯⎯⎯⎯⎯⎯⎯⎯⎯⎯⎯⎯⎯⎯⎯⎯⎯⎯[157/508]⎯

 FAIL  |layer-query-engine| tests/contracts/engine/query/field-reference-sql.core.test.ts > JSON operands stay closed to field references > a JSON filter refuses a reference in equals
 FAIL  |layer-query-engine| tests/contracts/engine/query/field-reference-sql.core.test.ts > JSON operands stay closed to field references > a JSON filter refuses a reference in array_contains
 FAIL  |layer-query-engine| tests/contracts/engine/query/field-reference-sql.core.test.ts > JSON operands stay closed to field references > a JSON filter refuses a reference in array_starts_with
 FAIL  |layer-query-engine| tests/contracts/engine/query/field-reference-sql.core.test.ts > JSON operands stay closed to field references > a JSON filter refuses a reference in array_ends_with
 FAIL  |layer-query-engine| tests/contracts/engine/query/field-reference-sql.core.test.ts > JSON operands stay closed to field references > a JSON filter refuses a reference in equals under a path
 FAIL  |layer-query-engine| tests/contracts/engine/query/field-reference-sql.core.test.ts > JSON operands stay closed to field references > a JSON filter refuses a reference in equals under not
 FAIL  |layer-query-engine| tests/contracts/engine/query/field-reference-sql.core.test.ts > JSON operands stay closed to field references > a JSON filter refuses a reference in buried inside a document
AssertionError: expected [Function] to throw error matching /Field reference 'Post\.meta2' is not …/ but got 'Operation \'findMany\' does not compi…'

[32m- Expected:[39m 
/Field reference 'Post\.meta2' is not supported in a JSON filter operand/

[31m+ Received:[39m 
"Operation 'findMany' does not compile to one SQL statement. Execute the operation instead."

 ❯ tests/contracts/engine/query/field-reference-sql.core.test.ts:607:7
    605|     expect(() =>
    606|       engine().build(Post, "findMany", { where: where() as never })
    607|     ).toThrow(JSON_FILTER_REFUSAL);
       |       ^
    608|   });
    609| 

⎯⎯⎯⎯⎯⎯⎯⎯⎯⎯⎯⎯⎯⎯⎯⎯⎯⎯⎯⎯[158/508]⎯

 FAIL  |layer-query-engine| tests/contracts/engine/query/field-reference-sql.core.test.ts > JSON operands stay closed to field references > JSON write data refuses a reference in a create data slot
 FAIL  |layer-query-engine| tests/contracts/engine/query/field-reference-sql.core.test.ts > JSON operands stay closed to field references > JSON write data refuses a reference in a create data slot, buried
AssertionError: expected [Function] to throw error matching /Field reference 'Post\.meta2' is not …/ but got 'Operation \'create\' does not compile…'

[32m- Expected:[39m 
/Field reference 'Post\.meta2' is not supported in JSON write data/

[31m+ Received:[39m 
"Operation 'create' does not compile to one SQL statement. Execute the operation instead."

 ❯ tests/contracts/engine/query/field-reference-sql.core.test.ts:629:7
    627|         },
    628|       })
    629|     ).toThrow(JSON_DATA_REFUSAL);
       |       ^
    630|   });
    631| 

⎯⎯⎯⎯⎯⎯⎯⎯⎯⎯⎯⎯⎯⎯⎯⎯⎯⎯⎯⎯[159/508]⎯

 FAIL  |layer-query-engine| tests/contracts/engine/query/field-reference-sql.core.test.ts > JSON operands stay closed to field references > JSON update data refuses a reference in the shorthand form
 FAIL  |layer-query-engine| tests/contracts/engine/query/field-reference-sql.core.test.ts > JSON operands stay closed to field references > JSON update data refuses a reference in the { set } form
 FAIL  |layer-query-engine| tests/contracts/engine/query/field-reference-sql.core.test.ts > JSON operands stay closed to field references > JSON update data refuses a reference in a buried position
AssertionError: expected [Function] to throw error matching /Field reference 'Post\.meta2' is not …/ but got 'Operation \'update\' does not compile…'

[32m- Expected:[39m 
/Field reference 'Post\.meta2' is not supported in JSON write data/

[31m+ Received:[39m 
"Operation 'update' does not compile to one SQL statement. Execute the operation instead."

 ❯ tests/contracts/engine/query/field-reference-sql.core.test.ts:642:7
    640|         data: { meta: value() as never },
    641|       })
    642|     ).toThrow(JSON_DATA_REFUSAL);
       |       ^
    643|   });
    644| 

⎯⎯⎯⎯⎯⎯⎯⎯⎯⎯⎯⎯⎯⎯⎯⎯⎯⎯⎯⎯[160/508]⎯

 FAIL  |layer-query-engine| tests/contracts/engine/query/field-reference-sql.core.test.ts > JSON operands stay closed to field references > ordinary JSON documents still compile in filters and writes
AssertionError: expected [Function] to not throw an error but 'QueryEngineError: Operation \'findMan…' was thrown

[32m- Expected:[39m 
undefined

[31m+ Received:[39m 
"QueryEngineError: Operation 'findMany' does not compile to one SQL statement. Execute the operation instead."

 ❯ tests/contracts/engine/query/field-reference-sql.core.test.ts:656:11
    654|         where: { meta: { equals: lookalike } },
    655|       })
    656|     ).not.toThrow();
       |           ^
    657|     expect(() =>
    658|       engine().build(Post, "findMany", {

⎯⎯⎯⎯⎯⎯⎯⎯⎯⎯⎯⎯⎯⎯⎯⎯⎯⎯⎯⎯[161/508]⎯

 FAIL  |layer-query-engine| tests/contracts/engine/query/geopoint-sql.core.test.ts > GeoPoint query lowering > lowers point values for writes on 'PostgreSQL'
QueryEngineError: Operation 'create' does not compile to one SQL statement. Execute the operation instead.
⎯⎯⎯⎯⎯⎯⎯⎯⎯⎯⎯⎯⎯⎯⎯⎯⎯⎯⎯⎯[162/508]⎯

 FAIL  |layer-query-engine| tests/contracts/engine/query/geopoint-sql.core.test.ts > GeoPoint query lowering > lowers point values for writes on 'MySQL'
QueryEngineError: Operation 'createMany' does not compile to one SQL statement. Execute the operation instead.
⎯⎯⎯⎯⎯⎯⎯⎯⎯⎯⎯⎯⎯⎯⎯⎯⎯⎯⎯⎯[163/508]⎯

 FAIL  |layer-query-engine| tests/contracts/engine/query/geopoint-sql.core.test.ts > GeoPoint query lowering > lowers point values for writes on 'SQLite'
QueryEngineError: Operation 'create' does not compile to one SQL statement. Execute the operation instead.
⎯⎯⎯⎯⎯⎯⎯⎯⎯⎯⎯⎯⎯⎯⎯⎯⎯⎯⎯⎯[164/508]⎯

 FAIL  |layer-query-engine| tests/contracts/engine/query/geopoint-sql.core.test.ts > GeoPoint query lowering > lowers exact equality and inclusive bounds on 'PostgreSQL'
QueryEngineError: Operation 'findMany' does not compile to one SQL statement. Execute the operation instead.
⎯⎯⎯⎯⎯⎯⎯⎯⎯⎯⎯⎯⎯⎯⎯⎯⎯⎯⎯⎯[165/508]⎯

 FAIL  |layer-query-engine| tests/contracts/engine/query/geopoint-sql.core.test.ts > GeoPoint query lowering > lowers exact equality and inclusive bounds on 'MySQL'
QueryEngineError: Operation 'findMany' does not compile to one SQL statement. Execute the operation instead.
⎯⎯⎯⎯⎯⎯⎯⎯⎯⎯⎯⎯⎯⎯⎯⎯⎯⎯⎯⎯[166/508]⎯

 FAIL  |layer-query-engine| tests/contracts/engine/query/geopoint-sql.core.test.ts > GeoPoint query lowering > lowers exact equality and inclusive bounds on 'SQLite'
QueryEngineError: Operation 'findMany' does not compile to one SQL statement. Execute the operation instead.
⎯⎯⎯⎯⎯⎯⎯⎯⎯⎯⎯⎯⎯⎯⎯⎯⎯⎯⎯⎯[167/508]⎯

 FAIL  |layer-query-engine| tests/contracts/engine/query/geopoint-sql.core.test.ts > GeoPoint query lowering > uses the smallest positive upper bound only in positive polarity
QueryEngineError: Operation 'findMany' does not compile to one SQL statement. Execute the operation instead.
⎯⎯⎯⎯⎯⎯⎯⎯⎯⎯⎯⎯⎯⎯⎯⎯⎯⎯⎯⎯[168/508]⎯

 FAIL  |layer-query-engine| tests/contracts/engine/query/geopoint-sql.core.test.ts > GeoPoint query lowering > threads distance-prefilter polarity through relation quantifiers
QueryEngineError: Operation 'findMany' does not compile to one SQL statement. Execute the operation instead.
⎯⎯⎯⎯⎯⎯⎯⎯⎯⎯⎯⎯⎯⎯⎯⎯⎯⎯⎯⎯[169/508]⎯

 FAIL  |layer-query-engine| tests/contracts/engine/query/geopoint-sql.core.test.ts > GeoPoint query lowering > combines every distance comparator and uses null-last point ordering
QueryEngineError: Operation 'findMany' does not compile to one SQL statement. Execute the operation instead.
⎯⎯⎯⎯⎯⎯⎯⎯⎯⎯⎯⎯⎯⎯⎯⎯⎯⎯⎯⎯[170/508]⎯

 FAIL  |layer-query-engine| tests/contracts/engine/query/geopoint-sql.core.test.ts > GeoPoint query lowering > refuses unsupported SQLite work while keeping bounds portable
AssertionError: expected error to be instance of FeatureNotSupportedError

[32m- Expected:[39m 
[Function FeatureNotSupportedError]

[31m+ Received:[39m 
QueryEngineError {
  "message": "Operation 'findMany' does not compile to one SQL statement. Execute the operation instead.",
  "code": "V9001",
  "originalCause": undefined,
  "meta": {},
  "timestamp": 2026-09-16T19:55:14.951Z,
  "name": "QueryEngineError",
}

 ❯ tests/contracts/engine/query/geopoint-sql.core.test.ts:618:7
    616|         where: { location: { distance: { to: paris, lte: 1000 } } },
    617|       })
    618|     ).toThrow(FeatureNotSupportedError);
       |       ^
    619|     expect(() =>
    620|       engine.build(place, "findMany", {

⎯⎯⎯⎯⎯⎯⎯⎯⎯⎯⎯⎯⎯⎯⎯⎯⎯⎯⎯⎯[171/508]⎯

 FAIL  |layer-query-engine| tests/contracts/engine/query/json-null-sentinel-sql.core.test.ts > 'PostgreSQL' json null sentinel SQL > equals DbNull is IS NULL and binds nothing
QueryEngineError: Operation 'findMany' does not compile to one SQL statement. Execute the operation instead.
⎯⎯⎯⎯⎯⎯⎯⎯⎯⎯⎯⎯⎯⎯⎯⎯⎯⎯⎯⎯[172/508]⎯

 FAIL  |layer-query-engine| tests/contracts/engine/query/json-null-sentinel-sql.core.test.ts > 'PostgreSQL' json null sentinel SQL > equals JsonNull compares against the serialized JSON null
QueryEngineError: Operation 'findMany' does not compile to one SQL statement. Execute the operation instead.
⎯⎯⎯⎯⎯⎯⎯⎯⎯⎯⎯⎯⎯⎯⎯⎯⎯⎯⎯⎯[173/508]⎯

 FAIL  |layer-query-engine| tests/contracts/engine/query/json-null-sentinel-sql.core.test.ts > 'PostgreSQL' json null sentinel SQL > equals AnyNull is the disjunction of the two
QueryEngineError: Operation 'findMany' does not compile to one SQL statement. Execute the operation instead.
⎯⎯⎯⎯⎯⎯⎯⎯⎯⎯⎯⎯⎯⎯⎯⎯⎯⎯⎯⎯[174/508]⎯

 FAIL  |layer-query-engine| tests/contracts/engine/query/json-null-sentinel-sql.core.test.ts > 'PostgreSQL' json null sentinel SQL > not DbNull is IS NOT NULL
QueryEngineError: Operation 'findMany' does not compile to one SQL statement. Execute the operation instead.
⎯⎯⎯⎯⎯⎯⎯⎯⎯⎯⎯⎯⎯⎯⎯⎯⎯⎯⎯⎯[175/508]⎯

 FAIL  |layer-query-engine| tests/contracts/engine/query/json-null-sentinel-sql.core.test.ts > 'PostgreSQL' json null sentinel SQL > not JsonNull is a value inequality
QueryEngineError: Operation 'findMany' does not compile to one SQL statement. Execute the operation instead.
⎯⎯⎯⎯⎯⎯⎯⎯⎯⎯⎯⎯⎯⎯⎯⎯⎯⎯⎯⎯[176/508]⎯

 FAIL  |layer-query-engine| tests/contracts/engine/query/json-null-sentinel-sql.core.test.ts > 'PostgreSQL' json null sentinel SQL > not AnyNull is the conjunction of both complements
QueryEngineError: Operation 'findMany' does not compile to one SQL statement. Execute the operation instead.
⎯⎯⎯⎯⎯⎯⎯⎯⎯⎯⎯⎯⎯⎯⎯⎯⎯⎯⎯⎯[177/508]⎯

 FAIL  |layer-query-engine| tests/contracts/engine/query/json-null-sentinel-sql.core.test.ts > 'PostgreSQL' json null sentinel SQL > a sentinel under a path is refused before SQL exists
 FAIL  |layer-query-engine| tests/contracts/engine/query/json-null-sentinel-sql.core.test.ts > 'MySQL' json null sentinel SQL > a sentinel under a path is refused before SQL exists
 FAIL  |layer-query-engine| tests/contracts/engine/query/json-null-sentinel-sql.core.test.ts > 'SQLite' json null sentinel SQL > a sentinel under a path is refused before SQL exists
AssertionError: expected [Function] to throw error matching /cannot combine 'path' with the DbNull…/ but got 'Operation \'findMany\' does not compi…'

[32m- Expected:[39m 
/cannot combine 'path' with the DbNull sentinel/

[31m+ Received:[39m 
"Operation 'findMany' does not compile to one SQL statement. Execute the operation instead."

 ❯ tests/contracts/engine/query/json-null-sentinel-sql.core.test.ts:206:7
    204|         where: { meta: { path: ["a"], equals: DbNull } },
    205|       })
    206|     ).toThrow(PATH_WITH_SENTINEL);
       |       ^
    207|   });
    208| 

⎯⎯⎯⎯⎯⎯⎯⎯⎯⎯⎯⎯⎯⎯⎯⎯⎯⎯⎯⎯[178/508]⎯

 FAIL  |layer-query-engine| tests/contracts/engine/query/json-null-sentinel-sql.core.test.ts > 'PostgreSQL' json null sentinel SQL > a bare null keeps its pre-sentinel meaning
QueryEngineError: Operation 'findMany' does not compile to one SQL statement. Execute the operation instead.
⎯⎯⎯⎯⎯⎯⎯⎯⎯⎯⎯⎯⎯⎯⎯⎯⎯⎯⎯⎯[179/508]⎯

 FAIL  |layer-query-engine| tests/contracts/engine/query/json-null-sentinel-sql.core.test.ts > 'MySQL' json null sentinel SQL > equals DbNull is IS NULL and binds nothing
QueryEngineError: Operation 'findMany' does not compile to one SQL statement. Execute the operation instead.
⎯⎯⎯⎯⎯⎯⎯⎯⎯⎯⎯⎯⎯⎯⎯⎯⎯⎯⎯⎯[180/508]⎯

 FAIL  |layer-query-engine| tests/contracts/engine/query/json-null-sentinel-sql.core.test.ts > 'MySQL' json null sentinel SQL > equals JsonNull compares against the serialized JSON null
QueryEngineError: Operation 'findMany' does not compile to one SQL statement. Execute the operation instead.
⎯⎯⎯⎯⎯⎯⎯⎯⎯⎯⎯⎯⎯⎯⎯⎯⎯⎯⎯⎯[181/508]⎯

 FAIL  |layer-query-engine| tests/contracts/engine/query/json-null-sentinel-sql.core.test.ts > 'MySQL' json null sentinel SQL > equals AnyNull is the disjunction of the two
QueryEngineError: Operation 'findMany' does not compile to one SQL statement. Execute the operation instead.
⎯⎯⎯⎯⎯⎯⎯⎯⎯⎯⎯⎯⎯⎯⎯⎯⎯⎯⎯⎯[182/508]⎯

 FAIL  |layer-query-engine| tests/contracts/engine/query/json-null-sentinel-sql.core.test.ts > 'MySQL' json null sentinel SQL > not DbNull is IS NOT NULL
QueryEngineError: Operation 'findMany' does not compile to one SQL statement. Execute the operation instead.
⎯⎯⎯⎯⎯⎯⎯⎯⎯⎯⎯⎯⎯⎯⎯⎯⎯⎯⎯⎯[183/508]⎯

 FAIL  |layer-query-engine| tests/contracts/engine/query/json-null-sentinel-sql.core.test.ts > 'MySQL' json null sentinel SQL > not JsonNull is a value inequality
QueryEngineError: Operation 'findMany' does not compile to one SQL statement. Execute the operation instead.
⎯⎯⎯⎯⎯⎯⎯⎯⎯⎯⎯⎯⎯⎯⎯⎯⎯⎯⎯⎯[184/508]⎯

 FAIL  |layer-query-engine| tests/contracts/engine/query/json-null-sentinel-sql.core.test.ts > 'MySQL' json null sentinel SQL > not AnyNull is the conjunction of both complements
QueryEngineError: Operation 'findMany' does not compile to one SQL statement. Execute the operation instead.
⎯⎯⎯⎯⎯⎯⎯⎯⎯⎯⎯⎯⎯⎯⎯⎯⎯⎯⎯⎯[185/508]⎯

 FAIL  |layer-query-engine| tests/contracts/engine/query/json-null-sentinel-sql.core.test.ts > 'MySQL' json null sentinel SQL > a bare null keeps its pre-sentinel meaning
QueryEngineError: Operation 'findMany' does not compile to one SQL statement. Execute the operation instead.
⎯⎯⎯⎯⎯⎯⎯⎯⎯⎯⎯⎯⎯⎯⎯⎯⎯⎯⎯⎯[186/508]⎯

 FAIL  |layer-query-engine| tests/contracts/engine/query/json-null-sentinel-sql.core.test.ts > 'SQLite' json null sentinel SQL > equals DbNull is IS NULL and binds nothing
QueryEngineError: Operation 'findMany' does not compile to one SQL statement. Execute the operation instead.
⎯⎯⎯⎯⎯⎯⎯⎯⎯⎯⎯⎯⎯⎯⎯⎯⎯⎯⎯⎯[187/508]⎯

 FAIL  |layer-query-engine| tests/contracts/engine/query/json-null-sentinel-sql.core.test.ts > 'SQLite' json null sentinel SQL > equals JsonNull compares against the serialized JSON null
QueryEngineError: Operation 'findMany' does not compile to one SQL statement. Execute the operation instead.
⎯⎯⎯⎯⎯⎯⎯⎯⎯⎯⎯⎯⎯⎯⎯⎯⎯⎯⎯⎯[188/508]⎯

 FAIL  |layer-query-engine| tests/contracts/engine/query/json-null-sentinel-sql.core.test.ts > 'SQLite' json null sentinel SQL > equals AnyNull is the disjunction of the two
QueryEngineError: Operation 'findMany' does not compile to one SQL statement. Execute the operation instead.
⎯⎯⎯⎯⎯⎯⎯⎯⎯⎯⎯⎯⎯⎯⎯⎯⎯⎯⎯⎯[189/508]⎯

 FAIL  |layer-query-engine| tests/contracts/engine/query/json-null-sentinel-sql.core.test.ts > 'SQLite' json null sentinel SQL > not DbNull is IS NOT NULL
QueryEngineError: Operation 'findMany' does not compile to one SQL statement. Execute the operation instead.
⎯⎯⎯⎯⎯⎯⎯⎯⎯⎯⎯⎯⎯⎯⎯⎯⎯⎯⎯⎯[190/508]⎯

 FAIL  |layer-query-engine| tests/contracts/engine/query/json-null-sentinel-sql.core.test.ts > 'SQLite' json null sentinel SQL > not JsonNull is a value inequality
QueryEngineError: Operation 'findMany' does not compile to one SQL statement. Execute the operation instead.
⎯⎯⎯⎯⎯⎯⎯⎯⎯⎯⎯⎯⎯⎯⎯⎯⎯⎯⎯⎯[191/508]⎯

 FAIL  |layer-query-engine| tests/contracts/engine/query/json-null-sentinel-sql.core.test.ts > 'SQLite' json null sentinel SQL > not AnyNull is the conjunction of both complements
QueryEngineError: Operation 'findMany' does not compile to one SQL statement. Execute the operation instead.
⎯⎯⎯⎯⎯⎯⎯⎯⎯⎯⎯⎯⎯⎯⎯⎯⎯⎯⎯⎯[192/508]⎯

 FAIL  |layer-query-engine| tests/contracts/engine/query/json-null-sentinel-sql.core.test.ts > 'SQLite' json null sentinel SQL > a bare null keeps its pre-sentinel meaning
QueryEngineError: Operation 'findMany' does not compile to one SQL statement. Execute the operation instead.
⎯⎯⎯⎯⎯⎯⎯⎯⎯⎯⎯⎯⎯⎯⎯⎯⎯⎯⎯⎯[193/508]⎯

 FAIL  |layer-query-engine| tests/contracts/engine/query/lateral-joins.core.test.ts > Lateral Joins > SQL Generation > PostgreSQL (lateral joins enabled) > to-many include uses lateral join
QueryEngineError: Operation 'findMany' does not compile to one SQL statement. Execute the operation instead.
⎯⎯⎯⎯⎯⎯⎯⎯⎯⎯⎯⎯⎯⎯⎯⎯⎯⎯⎯⎯[194/508]⎯

 FAIL  |layer-query-engine| tests/contracts/engine/query/lateral-joins.core.test.ts > Lateral Joins > SQL Generation > PostgreSQL (lateral joins enabled) > to-one include uses lateral join
QueryEngineError: Operation 'findMany' does not compile to one SQL statement. Execute the operation instead.
⎯⎯⎯⎯⎯⎯⎯⎯⎯⎯⎯⎯⎯⎯⎯⎯⎯⎯⎯⎯[195/508]⎯

 FAIL  |layer-query-engine| tests/contracts/engine/query/lateral-joins.core.test.ts > Lateral Joins > SQL Generation > PostgreSQL (lateral joins enabled) > include with where filter
QueryEngineError: Operation 'findMany' does not compile to one SQL statement. Execute the operation instead.
⎯⎯⎯⎯⎯⎯⎯⎯⎯⎯⎯⎯⎯⎯⎯⎯⎯⎯⎯⎯[196/508]⎯

 FAIL  |layer-query-engine| tests/contracts/engine/query/lateral-joins.core.test.ts > Lateral Joins > SQL Generation > PostgreSQL (lateral joins enabled) > include with orderBy
QueryEngineError: Operation 'findMany' does not compile to one SQL statement. Execute the operation instead.
⎯⎯⎯⎯⎯⎯⎯⎯⎯⎯⎯⎯⎯⎯⎯⎯⎯⎯⎯⎯[197/508]⎯

 FAIL  |layer-query-engine| tests/contracts/engine/query/lateral-joins.core.test.ts > Lateral Joins > SQL Generation > PostgreSQL (lateral joins enabled) > include with take/skip pagination
QueryEngineError: Operation 'findMany' does not compile to one SQL statement. Execute the operation instead.
⎯⎯⎯⎯⎯⎯⎯⎯⎯⎯⎯⎯⎯⎯⎯⎯⎯⎯⎯⎯[198/508]⎯

 FAIL  |layer-query-engine| tests/contracts/engine/query/lateral-joins.core.test.ts > Lateral Joins > SQL Generation > SQLite (correlated subquery fallback) > to-many include uses correlated subquery (no lateral)
QueryEngineError: Operation 'findMany' does not compile to one SQL statement. Execute the operation instead.
⎯⎯⎯⎯⎯⎯⎯⎯⎯⎯⎯⎯⎯⎯⎯⎯⎯⎯⎯⎯[199/508]⎯

 FAIL  |layer-query-engine| tests/contracts/engine/query/lateral-joins.core.test.ts > Lateral Joins > SQL Generation > SQLite (correlated subquery fallback) > to-one include uses correlated subquery (no lateral)
QueryEngineError: Operation 'findMany' does not compile to one SQL statement. Execute the operation instead.
⎯⎯⎯⎯⎯⎯⎯⎯⎯⎯⎯⎯⎯⎯⎯⎯⎯⎯⎯⎯[200/508]⎯

 FAIL  |layer-query-engine| tests/contracts/engine/query/lateral-joins.core.test.ts > Lateral Joins > SQL Generation > MySQL (lateral joins enabled) > to-many include uses lateral join
QueryEngineError: Operation 'findMany' does not compile to one SQL statement. Execute the operation instead.
⎯⎯⎯⎯⎯⎯⎯⎯⎯⎯⎯⎯⎯⎯⎯⎯⎯⎯⎯⎯[201/508]⎯

 FAIL  |layer-query-engine| tests/contracts/engine/query/lateral-joins.core.test.ts > Lateral Joins > SQL Generation > MySQL (lateral joins enabled) > to-one include uses lateral join
QueryEngineError: Operation 'findMany' does not compile to one SQL statement. Execute the operation instead.
⎯⎯⎯⎯⎯⎯⎯⎯⎯⎯⎯⎯⎯⎯⎯⎯⎯⎯⎯⎯[202/508]⎯

 FAIL  |layer-query-engine| tests/contracts/engine/query/operand-callback-sql.core.test.ts > 'PostgreSQL' operand callbacks > the callback form and the token form compile identically
QueryEngineError: Operation 'findMany' does not compile to one SQL statement. Execute the operation instead.
⎯⎯⎯⎯⎯⎯⎯⎯⎯⎯⎯⎯⎯⎯⎯⎯⎯⎯⎯⎯[203/508]⎯

 FAIL  |layer-query-engine| tests/contracts/engine/query/operand-callback-sql.core.test.ts > 'PostgreSQL' operand callbacks > every comparison operator takes the callback
QueryEngineError: Operation 'findMany' does not compile to one SQL statement. Execute the operation instead.
⎯⎯⎯⎯⎯⎯⎯⎯⎯⎯⎯⎯⎯⎯⎯⎯⎯⎯⎯⎯[204/508]⎯

 FAIL  |layer-query-engine| tests/contracts/engine/query/operand-callback-sql.core.test.ts > 'PostgreSQL' operand callbacks > the bare shorthand takes the callback too
QueryEngineError: Operation 'findMany' does not compile to one SQL statement. Execute the operation instead.
⎯⎯⎯⎯⎯⎯⎯⎯⎯⎯⎯⎯⎯⎯⎯⎯⎯⎯⎯⎯[205/508]⎯

 FAIL  |layer-query-engine| tests/contracts/engine/query/operand-callback-sql.core.test.ts > 'PostgreSQL' operand callbacks > the callback resolves through .map(), like the token
QueryEngineError: Operation 'findMany' does not compile to one SQL statement. Execute the operation instead.
⎯⎯⎯⎯⎯⎯⎯⎯⎯⎯⎯⎯⎯⎯⎯⎯⎯⎯⎯⎯[206/508]⎯

 FAIL  |layer-query-engine| tests/contracts/engine/query/operand-callback-sql.core.test.ts > 'PostgreSQL' operand callbacks > a fragment operand is spliced parenthesized, its values bound
QueryEngineError: Operation 'findMany' does not compile to one SQL statement. Execute the operation instead.
⎯⎯⎯⎯⎯⎯⎯⎯⎯⎯⎯⎯⎯⎯⎯⎯⎯⎯⎯⎯[207/508]⎯

 FAIL  |layer-query-engine| tests/contracts/engine/query/operand-callback-sql.core.test.ts > 'PostgreSQL' operand callbacks > a fragment operand that carries a hostile string stays a parameter
QueryEngineError: Operation 'findMany' does not compile to one SQL statement. Execute the operation instead.
⎯⎯⎯⎯⎯⎯⎯⎯⎯⎯⎯⎯⎯⎯⎯⎯⎯⎯⎯⎯[208/508]⎯

 FAIL  |layer-query-engine| tests/contracts/engine/query/operand-callback-sql.core.test.ts > 'PostgreSQL' operand callbacks > a fragment, a reference and a literal mix in one where
QueryEngineError: Operation 'findMany' does not compile to one SQL statement. Execute the operation instead.
⎯⎯⎯⎯⎯⎯⎯⎯⎯⎯⎯⎯⎯⎯⎯⎯⎯⎯⎯⎯[209/508]⎯

 FAIL  |layer-query-engine| tests/contracts/engine/query/operand-callback-sql.core.test.ts > 'PostgreSQL' operand callbacks > a bare Sql fragment is accepted without the callback
QueryEngineError: Operation 'findMany' does not compile to one SQL statement. Execute the operation instead.
⎯⎯⎯⎯⎯⎯⎯⎯⎯⎯⎯⎯⎯⎯⎯⎯⎯⎯⎯⎯[210/508]⎯

 FAIL  |layer-query-engine| tests/contracts/engine/query/operand-callback-sql.core.test.ts > 'PostgreSQL' operand callbacks > a subquery fragment compiles as an operand
QueryEngineError: Operation 'findMany' does not compile to one SQL statement. Execute the operation instead.
⎯⎯⎯⎯⎯⎯⎯⎯⎯⎯⎯⎯⎯⎯⎯⎯⎯⎯⎯⎯[211/508]⎯

 FAIL  |layer-query-engine| tests/contracts/engine/query/operand-callback-sql.core.test.ts > 'PostgreSQL' operand callbacks > `ctx.fields` at depth 2 names the nested model's columns
QueryEngineError: Operation 'findMany' does not compile to one SQL statement. Execute the operation instead.
⎯⎯⎯⎯⎯⎯⎯⎯⎯⎯⎯⎯⎯⎯⎯⎯⎯⎯⎯⎯[212/508]⎯

 FAIL  |layer-query-engine| tests/contracts/engine/query/operand-callback-sql.core.test.ts > 'PostgreSQL' operand callbacks > a nested `ctx.fields` cannot reach the enclosing model's columns
 FAIL  |layer-query-engine| tests/contracts/engine/query/operand-callback-sql.core.test.ts > 'MySQL' operand callbacks > a nested `ctx.fields` cannot reach the enclosing model's columns
 FAIL  |layer-query-engine| tests/contracts/engine/query/operand-callback-sql.core.test.ts > 'SQLite' operand callbacks > a nested `ctx.fields` cannot reach the enclosing model's columns
AssertionError: expected 'QueryEngineError' to be 'ValidationError' // Object.is equality

Expected: [32m"[7mValidation[27mError"[39m
Received: [31m"[7mQueryEngine[27mError"[39m

 ❯ tests/contracts/engine/query/operand-callback-sql.core.test.ts:280:26
    278|       })
    279|     );
    280|     expect(refusal.name).toBe("ValidationError");
       |                          ^
    281|     expect(refusal.issues?.[0]?.message).toContain(
    282|       `Unknown scalar field "nickname" on model 'post'`

⎯⎯⎯⎯⎯⎯⎯⎯⎯⎯⎯⎯⎯⎯⎯⎯⎯⎯⎯⎯[213/508]⎯

 FAIL  |layer-query-engine| tests/contracts/engine/query/operand-callback-sql.core.test.ts > 'PostgreSQL' operand callbacks > the scope pops back out of a nested relation filter
QueryEngineError: Operation 'findMany' does not compile to one SQL statement. Execute the operation instead.
⎯⎯⎯⎯⎯⎯⎯⎯⎯⎯⎯⎯⎯⎯⎯⎯⎯⎯⎯⎯[214/508]⎯

 FAIL  |layer-query-engine| tests/contracts/engine/query/operand-callback-sql.core.test.ts > 'PostgreSQL' operand callbacks > an extended unique where takes a callback in its filter portion
QueryEngineError: Operation 'findUnique' does not compile to one SQL statement. Execute the operation instead.
⎯⎯⎯⎯⎯⎯⎯⎯⎯⎯⎯⎯⎯⎯⎯⎯⎯⎯⎯⎯[215/508]⎯

 FAIL  |layer-query-engine| tests/contracts/engine/query/operand-callback-sql.core.test.ts > 'MySQL' operand callbacks > the callback form and the token form compile identically
QueryEngineError: Operation 'findMany' does not compile to one SQL statement. Execute the operation instead.
⎯⎯⎯⎯⎯⎯⎯⎯⎯⎯⎯⎯⎯⎯⎯⎯⎯⎯⎯⎯[216/508]⎯

 FAIL  |layer-query-engine| tests/contracts/engine/query/operand-callback-sql.core.test.ts > 'MySQL' operand callbacks > every comparison operator takes the callback
QueryEngineError: Operation 'findMany' does not compile to one SQL statement. Execute the operation instead.
⎯⎯⎯⎯⎯⎯⎯⎯⎯⎯⎯⎯⎯⎯⎯⎯⎯⎯⎯⎯[217/508]⎯

 FAIL  |layer-query-engine| tests/contracts/engine/query/operand-callback-sql.core.test.ts > 'MySQL' operand callbacks > the bare shorthand takes the callback too
QueryEngineError: Operation 'findMany' does not compile to one SQL statement. Execute the operation instead.
⎯⎯⎯⎯⎯⎯⎯⎯⎯⎯⎯⎯⎯⎯⎯⎯⎯⎯⎯⎯[218/508]⎯

 FAIL  |layer-query-engine| tests/contracts/engine/query/operand-callback-sql.core.test.ts > 'MySQL' operand callbacks > the callback resolves through .map(), like the token
QueryEngineError: Operation 'findMany' does not compile to one SQL statement. Execute the operation instead.
⎯⎯⎯⎯⎯⎯⎯⎯⎯⎯⎯⎯⎯⎯⎯⎯⎯⎯⎯⎯[219/508]⎯

 FAIL  |layer-query-engine| tests/contracts/engine/query/operand-callback-sql.core.test.ts > 'MySQL' operand callbacks > a fragment operand is spliced parenthesized, its values bound
QueryEngineError: Operation 'findMany' does not compile to one SQL statement. Execute the operation instead.
⎯⎯⎯⎯⎯⎯⎯⎯⎯⎯⎯⎯⎯⎯⎯⎯⎯⎯⎯⎯[220/508]⎯

 FAIL  |layer-query-engine| tests/contracts/engine/query/operand-callback-sql.core.test.ts > 'MySQL' operand callbacks > a fragment operand that carries a hostile string stays a parameter
QueryEngineError: Operation 'findMany' does not compile to one SQL statement. Execute the operation instead.
⎯⎯⎯⎯⎯⎯⎯⎯⎯⎯⎯⎯⎯⎯⎯⎯⎯⎯⎯⎯[221/508]⎯

 FAIL  |layer-query-engine| tests/contracts/engine/query/operand-callback-sql.core.test.ts > 'MySQL' operand callbacks > a fragment, a reference and a literal mix in one where
QueryEngineError: Operation 'findMany' does not compile to one SQL statement. Execute the operation instead.
⎯⎯⎯⎯⎯⎯⎯⎯⎯⎯⎯⎯⎯⎯⎯⎯⎯⎯⎯⎯[222/508]⎯

 FAIL  |layer-query-engine| tests/contracts/engine/query/operand-callback-sql.core.test.ts > 'MySQL' operand callbacks > a bare Sql fragment is accepted without the callback
QueryEngineError: Operation 'findMany' does not compile to one SQL statement. Execute the operation instead.
⎯⎯⎯⎯⎯⎯⎯⎯⎯⎯⎯⎯⎯⎯⎯⎯⎯⎯⎯⎯[223/508]⎯

 FAIL  |layer-query-engine| tests/contracts/engine/query/operand-callback-sql.core.test.ts > 'MySQL' operand callbacks > a subquery fragment compiles as an operand
QueryEngineError: Operation 'findMany' does not compile to one SQL statement. Execute the operation instead.
⎯⎯⎯⎯⎯⎯⎯⎯⎯⎯⎯⎯⎯⎯⎯⎯⎯⎯⎯⎯[224/508]⎯

 FAIL  |layer-query-engine| tests/contracts/engine/query/operand-callback-sql.core.test.ts > 'MySQL' operand callbacks > `ctx.fields` at depth 2 names the nested model's columns
QueryEngineError: Operation 'findMany' does not compile to one SQL statement. Execute the operation instead.
⎯⎯⎯⎯⎯⎯⎯⎯⎯⎯⎯⎯⎯⎯⎯⎯⎯⎯⎯⎯[225/508]⎯

 FAIL  |layer-query-engine| tests/contracts/engine/query/operand-callback-sql.core.test.ts > 'MySQL' operand callbacks > the scope pops back out of a nested relation filter
QueryEngineError: Operation 'findMany' does not compile to one SQL statement. Execute the operation instead.
⎯⎯⎯⎯⎯⎯⎯⎯⎯⎯⎯⎯⎯⎯⎯⎯⎯⎯⎯⎯[226/508]⎯

 FAIL  |layer-query-engine| tests/contracts/engine/query/operand-callback-sql.core.test.ts > 'MySQL' operand callbacks > an extended unique where takes a callback in its filter portion
QueryEngineError: Operation 'findUnique' does not compile to one SQL statement. Execute the operation instead.
⎯⎯⎯⎯⎯⎯⎯⎯⎯⎯⎯⎯⎯⎯⎯⎯⎯⎯⎯⎯[227/508]⎯

 FAIL  |layer-query-engine| tests/contracts/engine/query/operand-callback-sql.core.test.ts > 'SQLite' operand callbacks > the callback form and the token form compile identically
QueryEngineError: Operation 'findMany' does not compile to one SQL statement. Execute the operation instead.
⎯⎯⎯⎯⎯⎯⎯⎯⎯⎯⎯⎯⎯⎯⎯⎯⎯⎯⎯⎯[228/508]⎯

 FAIL  |layer-query-engine| tests/contracts/engine/query/operand-callback-sql.core.test.ts > 'SQLite' operand callbacks > every comparison operator takes the callback
QueryEngineError: Operation 'findMany' does not compile to one SQL statement. Execute the operation instead.
⎯⎯⎯⎯⎯⎯⎯⎯⎯⎯⎯⎯⎯⎯⎯⎯⎯⎯⎯⎯[229/508]⎯

 FAIL  |layer-query-engine| tests/contracts/engine/query/operand-callback-sql.core.test.ts > 'SQLite' operand callbacks > the bare shorthand takes the callback too
QueryEngineError: Operation 'findMany' does not compile to one SQL statement. Execute the operation instead.
⎯⎯⎯⎯⎯⎯⎯⎯⎯⎯⎯⎯⎯⎯⎯⎯⎯⎯⎯⎯[230/508]⎯

 FAIL  |layer-query-engine| tests/contracts/engine/query/operand-callback-sql.core.test.ts > 'SQLite' operand callbacks > the callback resolves through .map(), like the token
QueryEngineError: Operation 'findMany' does not compile to one SQL statement. Execute the operation instead.
⎯⎯⎯⎯⎯⎯⎯⎯⎯⎯⎯⎯⎯⎯⎯⎯⎯⎯⎯⎯[231/508]⎯

 FAIL  |layer-query-engine| tests/contracts/engine/query/operand-callback-sql.core.test.ts > 'SQLite' operand callbacks > a fragment operand is spliced parenthesized, its values bound
QueryEngineError: Operation 'findMany' does not compile to one SQL statement. Execute the operation instead.
⎯⎯⎯⎯⎯⎯⎯⎯⎯⎯⎯⎯⎯⎯⎯⎯⎯⎯⎯⎯[232/508]⎯

 FAIL  |layer-query-engine| tests/contracts/engine/query/operand-callback-sql.core.test.ts > 'SQLite' operand callbacks > a fragment operand that carries a hostile string stays a parameter
QueryEngineError: Operation 'findMany' does not compile to one SQL statement. Execute the operation instead.
⎯⎯⎯⎯⎯⎯⎯⎯⎯⎯⎯⎯⎯⎯⎯⎯⎯⎯⎯⎯[233/508]⎯

 FAIL  |layer-query-engine| tests/contracts/engine/query/operand-callback-sql.core.test.ts > 'SQLite' operand callbacks > a fragment, a reference and a literal mix in one where
QueryEngineError: Operation 'findMany' does not compile to one SQL statement. Execute the operation instead.
⎯⎯⎯⎯⎯⎯⎯⎯⎯⎯⎯⎯⎯⎯⎯⎯⎯⎯⎯⎯[234/508]⎯

 FAIL  |layer-query-engine| tests/contracts/engine/query/operand-callback-sql.core.test.ts > 'SQLite' operand callbacks > a bare Sql fragment is accepted without the callback
QueryEngineError: Operation 'findMany' does not compile to one SQL statement. Execute the operation instead.
⎯⎯⎯⎯⎯⎯⎯⎯⎯⎯⎯⎯⎯⎯⎯⎯⎯⎯⎯⎯[235/508]⎯

 FAIL  |layer-query-engine| tests/contracts/engine/query/operand-callback-sql.core.test.ts > 'SQLite' operand callbacks > a subquery fragment compiles as an operand
QueryEngineError: Operation 'findMany' does not compile to one SQL statement. Execute the operation instead.
⎯⎯⎯⎯⎯⎯⎯⎯⎯⎯⎯⎯⎯⎯⎯⎯⎯⎯⎯⎯[236/508]⎯

 FAIL  |layer-query-engine| tests/contracts/engine/query/operand-callback-sql.core.test.ts > 'SQLite' operand callbacks > `ctx.fields` at depth 2 names the nested model's columns
QueryEngineError: Operation 'findMany' does not compile to one SQL statement. Execute the operation instead.
⎯⎯⎯⎯⎯⎯⎯⎯⎯⎯⎯⎯⎯⎯⎯⎯⎯⎯⎯⎯[237/508]⎯

 FAIL  |layer-query-engine| tests/contracts/engine/query/operand-callback-sql.core.test.ts > 'SQLite' operand callbacks > the scope pops back out of a nested relation filter
QueryEngineError: Operation 'findMany' does not compile to one SQL statement. Execute the operation instead.
⎯⎯⎯⎯⎯⎯⎯⎯⎯⎯⎯⎯⎯⎯⎯⎯⎯⎯⎯⎯[238/508]⎯

 FAIL  |layer-query-engine| tests/contracts/engine/query/operand-callback-sql.core.test.ts > 'SQLite' operand callbacks > an extended unique where takes a callback in its filter portion
QueryEngineError: Operation 'findUnique' does not compile to one SQL statement. Execute the operation instead.
⎯⎯⎯⎯⎯⎯⎯⎯⎯⎯⎯⎯⎯⎯⎯⎯⎯⎯⎯⎯[239/508]⎯

 FAIL  |layer-query-engine| tests/contracts/engine/query/operand-callback-sql.core.test.ts > what a callback may return > a plain value is refused, naming the operation and the path
AssertionError: expected 'QueryEngineError' to be 'ValidationError' // Object.is equality

Expected: [32m"[7mValidation[27mError"[39m
Received: [31m"[7mQueryEngine[27mError"[39m

 ❯ tests/contracts/engine/query/operand-callback-sql.core.test.ts:318:26
    316|       buildPost(dialectCase, { where: { views: { gt: () => 42 } } })
    317|     );
    318|     expect(refusal.name).toBe("ValidationError");
       |                          ^
    319|     const [issue] = refusal.issues ?? [];
    320|     // The scalar filter is a union (shorthand value | filter object),…

⎯⎯⎯⎯⎯⎯⎯⎯⎯⎯⎯⎯⎯⎯⎯⎯⎯⎯⎯⎯[240/508]⎯

 FAIL  |layer-query-engine| tests/contracts/engine/query/operand-callback-sql.core.test.ts > what a callback may return > an async callback is refused as a promise, not awaited
AssertionError: the given combination of arguments (undefined and string) is invalid for this assertion. You can use an array, a map, an object, a set, a string, or a weakset instead of a string
 ❯ tests/contracts/engine/query/operand-callback-sql.core.test.ts:335:42
    333|       })
    334|     );
    335|     expect(refusal.issues?.[0]?.message).toContain("returned a promise…
       |                                          ^
    336|     expect(refusal.issues?.[0]?.message).toContain("cannot be async");
    337|   });

⎯⎯⎯⎯⎯⎯⎯⎯⎯⎯⎯⎯⎯⎯⎯⎯⎯⎯⎯⎯[241/508]⎯

 FAIL  |layer-query-engine| tests/contracts/engine/query/operand-callback-sql.core.test.ts > what a callback may return > a throwing callback surfaces as a validation issue at its path
AssertionError: expected 'QueryEngineError' to be 'ValidationError' // Object.is equality

Expected: [32m"[7mValidation[27mError"[39m
Received: [31m"[7mQueryEngine[27mError"[39m

 ❯ tests/contracts/engine/query/operand-callback-sql.core.test.ts:351:26
    349|       })
    350|     );
    351|     expect(refusal.name).toBe("ValidationError");
       |                          ^
    352|     expect(refusal.issues?.[0]?.path).toBe("where.views");
    353|     expect(refusal.issues?.[0]?.message).toContain(

⎯⎯⎯⎯⎯⎯⎯⎯⎯⎯⎯⎯⎯⎯⎯⎯⎯⎯⎯⎯[242/508]⎯

 FAIL  |layer-query-engine| tests/contracts/engine/query/operand-callback-sql.core.test.ts > what a callback may return > a mistyped `ctx.fields` key throws, naming the field and the model
AssertionError: the given combination of arguments (undefined and string) is invalid for this assertion. You can use an array, a map, an object, a set, a string, or a weakset instead of a string
 ❯ tests/contracts/engine/query/operand-callback-sql.core.test.ts:372:42
    370|       })
    371|     );
    372|     expect(refusal.issues?.[0]?.message).toContain(
       |                                          ^
    373|       'Unknown scalar field "likez"'
    374|     );

⎯⎯⎯⎯⎯⎯⎯⎯⎯⎯⎯⎯⎯⎯⎯⎯⎯⎯⎯⎯[243/508]⎯

 FAIL  |layer-query-engine| tests/contracts/engine/query/operand-callback-sql.core.test.ts > what a callback may return > a reference of the wrong scalar type is refused
AssertionError: the given combination of arguments (undefined and string) is invalid for this assertion. You can use an array, a map, an object, a set, a string, or a weakset instead of a string
 ❯ tests/contracts/engine/query/operand-callback-sql.core.test.ts:384:42
    382|       })
    383|     );
    384|     expect(refusal.issues?.[0]?.message).toContain(
       |                                          ^
    385|       "is of type 'int', but a 'string' operand is required"
    386|     );

⎯⎯⎯⎯⎯⎯⎯⎯⎯⎯⎯⎯⎯⎯⎯⎯⎯⎯⎯⎯[244/508]⎯

 FAIL  |layer-query-engine| tests/contracts/engine/query/operand-callback-sql.core.test.ts > what a callback may return > another model's token, smuggled in, is still refused
AssertionError: expected 'Operation \'findMany\' does not compi…' to contain 'may only compare columns of the same …'

Expected: [32m"may only compare columns of the same model"[39m
Received: [31m"Operation 'findMany' does not compile to one SQL statement. Execute the operation instead."[39m

 ❯ tests/contracts/engine/query/operand-callback-sql.core.test.ts:398:59
    396|     );
    397|     expect(refusal.name).toBe("QueryEngineError");
    398|     expect(String((refusal as unknown as Error).message)).toContain(
       |                                                           ^
    399|       "may only compare columns of the same model"
    400|     );

⎯⎯⎯⎯⎯⎯⎯⎯⎯⎯⎯⎯⎯⎯⎯⎯⎯⎯⎯⎯[245/508]⎯

 FAIL  |layer-query-engine| tests/contracts/engine/query/operand-callback-sql.core.test.ts > surfaces that stay closed > `in` takes values, not fragments
AssertionError: expected 'QueryEngineError' to be 'ValidationError' // Object.is equality

Expected: [32m"[7mValidation[27mError"[39m
Received: [31m"[7mQueryEngine[27mError"[39m

 ❯ tests/contracts/engine/query/operand-callback-sql.core.test.ts:413:26
    411|       })
    412|     );
    413|     expect(refusal.name).toBe("ValidationError");
       |                          ^
    414|   });
    415| 

⎯⎯⎯⎯⎯⎯⎯⎯⎯⎯⎯⎯⎯⎯⎯⎯⎯⎯⎯⎯[246/508]⎯

 FAIL  |layer-query-engine| tests/contracts/engine/query/operand-callback-sql.core.test.ts > surfaces that stay closed > a fragment is refused in `having`
AssertionError: expected 'QueryEngineError' to be 'ValidationError' // Object.is equality

Expected: [32m"[7mValidation[27mError"[39m
Received: [31m"[7mQueryEngine[27mError"[39m

 ❯ tests/contracts/engine/query/operand-callback-sql.core.test.ts:423:26
    421|       })
    422|     );
    423|     expect(refusal.name).toBe("ValidationError");
       |                          ^
    424|     expect(JSON.stringify(refusal.issues)).toContain(
    425|       "An SQL fragment is not supported in 'having'"

⎯⎯⎯⎯⎯⎯⎯⎯⎯⎯⎯⎯⎯⎯⎯⎯⎯⎯⎯⎯[247/508]⎯

 FAIL  |layer-query-engine| tests/contracts/engine/query/operand-callback-sql.core.test.ts > surfaces that stay closed > a fragment is refused in `having` at any `not` depth
AssertionError: the given combination of arguments (undefined and string) is invalid for this assertion. You can use an array, a map, an object, a set, a string, or a weakset instead of a string
 ❯ tests/contracts/engine/query/operand-callback-sql.core.test.ts:440:46
    438|         })
    439|       );
    440|       expect(JSON.stringify(refusal.issues)).toContain(
       |                                              ^
    441|         "An SQL fragment is not supported in 'having'"
    442|       );

⎯⎯⎯⎯⎯⎯⎯⎯⎯⎯⎯⎯⎯⎯⎯⎯⎯⎯⎯⎯[248/508]⎯

 FAIL  |layer-query-engine| tests/contracts/engine/query/operand-callback-sql.core.test.ts > surfaces that stay closed > a callback cannot smuggle a fragment into `having` either
AssertionError: the given combination of arguments (undefined and string) is invalid for this assertion. You can use an array, a map, an object, a set, a string, or a weakset instead of a string
 ❯ tests/contracts/engine/query/operand-callback-sql.core.test.ts:453:44
    451|       })
    452|     );
    453|     expect(JSON.stringify(refusal.issues)).toContain(
       |                                            ^
    454|       "An SQL fragment is not supported in 'having'"
    455|     );

⎯⎯⎯⎯⎯⎯⎯⎯⎯⎯⎯⎯⎯⎯⎯⎯⎯⎯⎯⎯[249/508]⎯

 FAIL  |layer-query-engine| tests/contracts/engine/query/operand-callback-sql.core.test.ts > surfaces that stay closed > a fragment is refused in a JSON filter operand, as non-JSON
AssertionError: expected 'QueryEngineError' to be 'ValidationError' // Object.is equality

Expected: [32m"[7mValidation[27mError"[39m
Received: [31m"[7mQueryEngine[27mError"[39m

 ❯ tests/contracts/engine/query/operand-callback-sql.core.test.ts:473:26
    471|       })
    472|     );
    473|     expect(refusal.name).toBe("ValidationError");
       |                          ^
    474|     expect(JSON.stringify(refusal.issues)).toContain(
    475|       "Expected JSON-compatible value"

⎯⎯⎯⎯⎯⎯⎯⎯⎯⎯⎯⎯⎯⎯⎯⎯⎯⎯⎯⎯[250/508]⎯

 FAIL  |layer-query-engine| tests/contracts/engine/query/operand-callback-sql.core.test.ts > surfaces that stay closed > a fragment is refused in JSON write data, as non-JSON
AssertionError: expected 'QueryEngineError' to be 'ValidationError' // Object.is equality

Expected: [32m"[7mValidation[27mError"[39m
Received: [31m"[7mQueryEngine[27mError"[39m

 ❯ tests/contracts/engine/query/operand-callback-sql.core.test.ts:486:26
    484|       })
    485|     );
    486|     expect(refusal.name).toBe("ValidationError");
       |                          ^
    487|     expect(JSON.stringify(refusal.issues)).toContain(
    488|       "Expected JSON-compatible value"

⎯⎯⎯⎯⎯⎯⎯⎯⎯⎯⎯⎯⎯⎯⎯⎯⎯⎯⎯⎯[251/508]⎯

 FAIL  |layer-query-engine| tests/contracts/engine/query/operand-callback-sql.core.test.ts > surfaces that stay closed > a JSON document that looks like a fragment still writes
AssertionError: expected [Function] to not throw an error but 'QueryEngineError: Operation \'updateM…' was thrown

[32m- Expected:[39m 
undefined

[31m+ Received:[39m 
"QueryEngineError: Operation 'updateMany' does not compile to one SQL statement. Execute the operation instead."

 ❯ tests/contracts/engine/query/operand-callback-sql.core.test.ts:500:11
    498|         data: { payload: { set: { strings: ["a"], values: [1] } } },
    499|       })
    500|     ).not.toThrow();
       |           ^
    501|   });
    502| 

⎯⎯⎯⎯⎯⎯⎯⎯⎯⎯⎯⎯⎯⎯⎯⎯⎯⎯⎯⎯[252/508]⎯

 FAIL  |layer-query-engine| tests/contracts/engine/query/operand-callback-sql.core.test.ts > surfaces that stay closed > a JSON document that looks like a fragment FILTERS as a value
QueryEngineError: Operation 'findMany' does not compile to one SQL statement. Execute the operation instead.
⎯⎯⎯⎯⎯⎯⎯⎯⎯⎯⎯⎯⎯⎯⎯⎯⎯⎯⎯⎯[253/508]⎯

 FAIL  |layer-query-engine| tests/contracts/engine/query/operand-callback-sql.core.test.ts > surfaces that stay closed > write data takes no callback
AssertionError: expected 'QueryEngineError' to be 'ValidationError' // Object.is equality

Expected: [32m"[7mValidation[27mError"[39m
Received: [31m"[7mQueryEngine[27mError"[39m

 ❯ tests/contracts/engine/query/operand-callback-sql.core.test.ts:526:26
    524|       })
    525|     );
    526|     expect(refusal.name).toBe("ValidationError");
       |                          ^
    527|   });
    528| 

⎯⎯⎯⎯⎯⎯⎯⎯⎯⎯⎯⎯⎯⎯⎯⎯⎯⎯⎯⎯[254/508]⎯

 FAIL  |layer-query-engine| tests/contracts/engine/query/operand-callback-sql.core.test.ts > surfaces that stay closed > a text predicate keeps the token but takes no fragment
AssertionError: expected [Function] to not throw an error but 'QueryEngineError: Operation \'findMan…' was thrown

[32m- Expected:[39m 
undefined

[31m+ Received:[39m 
"QueryEngineError: Operation 'findMany' does not compile to one SQL statement. Execute the operation instead."

 ❯ tests/contracts/engine/query/operand-callback-sql.core.test.ts:536:11
    534|         where: { title: { contains: tokens.post.slug } },
    535|       })
    536|     ).not.toThrow();
       |           ^
    537| 
    538|     const refusal = refusalOf(() =>

⎯⎯⎯⎯⎯⎯⎯⎯⎯⎯⎯⎯⎯⎯⎯⎯⎯⎯⎯⎯[255/508]⎯

 FAIL  |layer-query-engine| tests/contracts/engine/query/operand-callback-sql.core.test.ts > the public entry point > exports the token factory the docs teach, and it filters
QueryEngineError: Operation 'findMany' does not compile to one SQL statement. Execute the operation instead.
⎯⎯⎯⎯⎯⎯⎯⎯⎯⎯⎯⎯⎯⎯⎯⎯⎯⎯⎯⎯[256/508]⎯

 FAIL  |layer-query-engine| tests/contracts/engine/query/operand-callback-sql.core.test.ts > every filter position the scope has to reach > a relation `where` under `include` and under `_count` both scope
QueryEngineError: Operation 'findMany' does not compile to one SQL statement. Execute the operation instead.
⎯⎯⎯⎯⎯⎯⎯⎯⎯⎯⎯⎯⎯⎯⎯⎯⎯⎯⎯⎯[257/508]⎯

 FAIL  |layer-query-engine| tests/contracts/engine/query/operand-callback-sql.core.test.ts > every filter position the scope has to reach > the aggregate families take the callback in their `where`
QueryEngineError: Operation 'count' does not compile to one SQL statement. Execute the operation instead.
⎯⎯⎯⎯⎯⎯⎯⎯⎯⎯⎯⎯⎯⎯⎯⎯⎯⎯⎯⎯[258/508]⎯

 FAIL  |layer-query-engine| tests/contracts/engine/query/operand-callback-sql.core.test.ts > every filter position the scope has to reach > a selector that is not a filter takes no callback
AssertionError: expected 'QueryEngineError' to be 'ValidationError' // Object.is equality

Expected: [32m"[7mValidation[27mError"[39m
Received: [31m"[7mQueryEngine[27mError"[39m

 ❯ tests/contracts/engine/query/operand-callback-sql.core.test.ts:696:32
    694|       })
    695|     );
    696|     expect(cursorRefusal.name).toBe("ValidationError");
       |                                ^
    697| 
    698|     const connectRefusal = refusalOf(() =>

⎯⎯⎯⎯⎯⎯⎯⎯⎯⎯⎯⎯⎯⎯⎯⎯⎯⎯⎯⎯[259/508]⎯

 FAIL  |layer-query-engine| tests/contracts/engine/query/operand-callback-sql.core.test.ts > an unknown key is refused the same way beside every operand kind > unknown operator beside a value
 FAIL  |layer-query-engine| tests/contracts/engine/query/operand-callback-sql.core.test.ts > an unknown key is refused the same way beside every operand kind > unknown operator beside a token
 FAIL  |layer-query-engine| tests/contracts/engine/query/operand-callback-sql.core.test.ts > an unknown key is refused the same way beside every operand kind > unknown operator beside a fragment
 FAIL  |layer-query-engine| tests/contracts/engine/query/operand-callback-sql.core.test.ts > an unknown key is refused the same way beside every operand kind > unknown operator beside a callback
AssertionError: expected 'QueryEngineError' to be 'ValidationError' // Object.is equality

Expected: [32m"[7mValidation[27mError"[39m
Received: [31m"[7mQueryEngine[27mError"[39m

 ❯ tests/contracts/engine/query/operand-callback-sql.core.test.ts:846:26
    844|       buildPost(dialectCase, unknownOperator(operand))
    845|     );
    846|     expect(refusal.name).toBe("ValidationError");
       |                          ^
    847|     expect(JSON.stringify(refusal.issues)).toContain("Unknown key: ltt…
    848|   });

⎯⎯⎯⎯⎯⎯⎯⎯⎯⎯⎯⎯⎯⎯⎯⎯⎯⎯⎯⎯[260/508]⎯

 FAIL  |layer-query-engine| tests/contracts/engine/query/operand-callback-sql.core.test.ts > an unknown key is refused the same way beside every operand kind > unknown field beside a value
 FAIL  |layer-query-engine| tests/contracts/engine/query/operand-callback-sql.core.test.ts > an unknown key is refused the same way beside every operand kind > unknown field beside a token
 FAIL  |layer-query-engine| tests/contracts/engine/query/operand-callback-sql.core.test.ts > an unknown key is refused the same way beside every operand kind > unknown field beside a fragment
 FAIL  |layer-query-engine| tests/contracts/engine/query/operand-callback-sql.core.test.ts > an unknown key is refused the same way beside every operand kind > unknown field beside a callback
AssertionError: expected 'QueryEngineError' to be 'ValidationError' // Object.is equality

Expected: [32m"[7mValidation[27mError"[39m
Received: [31m"[7mQueryEngine[27mError"[39m

 ❯ tests/contracts/engine/query/operand-callback-sql.core.test.ts:854:26
    852|       buildPost(dialectCase, unknownField(operand))
    853|     );
    854|     expect(refusal.name).toBe("ValidationError");
       |                          ^
    855|     expect(JSON.stringify(refusal.issues)).toContain("Unknown key: vie…
    856|   });

⎯⎯⎯⎯⎯⎯⎯⎯⎯⎯⎯⎯⎯⎯⎯⎯⎯⎯⎯⎯[261/508]⎯

 FAIL  |layer-query-engine| tests/contracts/engine/query/operation-equivalence-oracles.core.test.ts > operation SQL and parameter equivalence oracles > freezes representative postgresql read SQL
QueryEngineError: Operation 'findMany' does not compile to one SQL statement. Execute the operation instead.
⎯⎯⎯⎯⎯⎯⎯⎯⎯⎯⎯⎯⎯⎯⎯⎯⎯⎯⎯⎯[262/508]⎯

 FAIL  |layer-query-engine| tests/contracts/engine/query/operation-equivalence-oracles.core.test.ts > operation SQL and parameter equivalence oracles > freezes representative mysql read SQL
QueryEngineError: Operation 'findMany' does not compile to one SQL statement. Execute the operation instead.
⎯⎯⎯⎯⎯⎯⎯⎯⎯⎯⎯⎯⎯⎯⎯⎯⎯⎯⎯⎯[263/508]⎯

 FAIL  |layer-query-engine| tests/contracts/engine/query/operation-equivalence-oracles.core.test.ts > operation SQL and parameter equivalence oracles > freezes representative sqlite read SQL
QueryEngineError: Operation 'findMany' does not compile to one SQL statement. Execute the operation instead.
⎯⎯⎯⎯⎯⎯⎯⎯⎯⎯⎯⎯⎯⎯⎯⎯⎯⎯⎯⎯[264/508]⎯

 FAIL  |layer-query-engine| tests/contracts/engine/query/operation-program-read-contracts.core.test.ts > read result and lifecycle contracts > preserves public result shapes on the direct runtime path
AssertionError: promise rejected "TypeError: Cannot read properties of unde…" instead of resolving
 ❯ tests/contracts/engine/query/operation-program-read-contracts.core.test.ts:75:5
     73|     await expect(
     74|       engine.prepare(user, "findMany", { take: -2 })
     75|     ).resolves.toEqual([...driver.rows].reverse());
       |     ^
     76|     driver.rows = [{ id: "user-1", name: "Arnaud" }];
     77|     await expect(engine.prepare(user, "findFirst", {})).resolves.toEqu…

Caused by: TypeError: Cannot read properties of undefined (reading 'operation')
 ❯ PendingOperation.#resolveRouted src/query-engine/pending-operation.ts:460:32
 ❯ PendingOperation.#run src/query-engine/pending-operation.ts:645:21
 ❯ PendingOperation.#runCoreExecution src/query-engine/pending-operation.ts:630:17
 ❯ PendingOperation.#runExecution src/query-engine/pending-operation.ts:536:19
 ❯ src/query-engine/pending-operation.ts:489:21
 ❯ captureExecution src/query-engine/pending-execution.ts:6:12
 ❯ PendingExecution.executeDefault src/query-engine/pending-execution.ts:35:22
 ❯ PendingOperation.#getPromise src/query-engine/pending-operation.ts:486:28
 ❯ PendingOperation.then src/query-engine/pending-operation.ts:752:17

⎯⎯⎯⎯⎯⎯⎯⎯⎯⎯⎯⎯⎯⎯⎯⎯⎯⎯⎯⎯[265/508]⎯

 FAIL  |layer-query-engine| tests/contracts/engine/query/operation-program-read-contracts.core.test.ts > read result and lifecycle contracts > wraps execution in the operation span and fails validation before execution
AssertionError: promise rejected "TypeError: Cannot read properties of unde…" instead of resolving
 ❯ tests/contracts/engine/query/operation-program-read-contracts.core.test.ts:122:56
    120|     try {
    121|       driver.rows = [{ id: "user-1", name: "Arnaud" }];
    122|       await expect(engine.prepare(user, "findMany", {})).resolves.toEq…
       |                                                        ^
    123|         driver.rows
    124|       );

Caused by: TypeError: Cannot read properties of undefined (reading 'operation')
 ❯ PendingOperation.#resolveRouted src/query-engine/pending-operation.ts:460:32
 ❯ PendingOperation.#run src/query-engine/pending-operation.ts:645:21
 ❯ PendingOperation.#runCoreExecution src/query-engine/pending-operation.ts:630:17
 ❯ PendingOperation.#runExecution src/query-engine/pending-operation.ts:536:19
 ❯ #observationCommitCertainty.commitCertainty src/query-engine/pending-operation.ts:495:20
 ❯ startChild src/extensions/observation.ts:263:17
 ❯ startObserver src/extensions/observation.ts:274:40
 ❯ startNext src/extensions/observation.ts:297:11
 ❯ observeCompletion src/instrumentation/extension.ts:135:24
 ❯ src/instrumentation/tracer.ts:248:31

⎯⎯⎯⎯⎯⎯⎯⎯⎯⎯⎯⎯⎯⎯⎯⎯⎯⎯⎯⎯[266/508]⎯

 FAIL  |layer-query-engine| tests/contracts/engine/query/orderby-relation-depth.core.test.ts > orderBy relation-depth deterministic contracts > a 9-hop chain is rejected before provider dispatch
AssertionError: expected [Function] to throw error matching /Unknown key: parent/ but got 'Cannot read properties of undefined (…'

[32m- Expected:[39m 
/Unknown key: parent/

[31m+ Received:[39m 
"Cannot read properties of undefined (reading 'operation')"

⎯⎯⎯⎯⎯⎯⎯⎯⎯⎯⎯⎯⎯⎯⎯⎯⎯⎯⎯⎯[267/508]⎯

 FAIL  |layer-query-engine| tests/contracts/engine/query/orderby-relation-depth.core.test.ts > orderBy relation-depth deterministic contracts > the 9-hop rejection is a validation error
AssertionError: expected 'TypeError' to be 'ValidationError' // Object.is equality

Expected: [32m"[7mValidation[27mError"[39m
Received: [31m"[7mType[27mError"[39m

 ❯ tests/contracts/engine/query/orderby-relation-depth.core.test.ts:87:26
     85|       throw new Error("Expected validation to reject the query.");
     86|     }
     87|     expect(failure.name).toBe("ValidationError");
       |                          ^
     88|   });
     89| 

⎯⎯⎯⎯⎯⎯⎯⎯⎯⎯⎯⎯⎯⎯⎯⎯⎯⎯⎯⎯[268/508]⎯

 FAIL  |layer-query-engine| tests/contracts/engine/query/orderby-relation-depth.core.test.ts > orderBy relation-depth deterministic contracts > a to-many relation inside a to-one chain is rejected
AssertionError: expected [Function] to throw error matching /cannot order through a to-many relati…/ but got 'Cannot read properties of undefined (…'

[32m- Expected:[39m 
/cannot order through a to-many relation/

[31m+ Received:[39m 
"Cannot read properties of undefined (reading 'operation')"

⎯⎯⎯⎯⎯⎯⎯⎯⎯⎯⎯⎯⎯⎯⎯⎯⎯⎯⎯⎯[269/508]⎯

 FAIL  |layer-query-engine| tests/contracts/engine/query/pending-operation-contracts.core.test.ts > PendingOperation frozen public contract > defers validation and execution until an execution or preparation method is used
AssertionError: expected function to throw an error, but it didn't
 ❯ tests/contracts/engine/query/pending-operation-contracts.core.test.ts:227:51
    225| 
    226|     if (operation === undefined) throw new Error("Expected pending ope…
    227|     expect(() => capability(operation).prepare()).toThrow(ValidationEr…
       |                                                   ^
    228|     await expect(operation).rejects.toBeInstanceOf(ValidationError);
    229|   });

⎯⎯⎯⎯⎯⎯⎯⎯⎯⎯⎯⎯⎯⎯⎯⎯⎯⎯⎯⎯[270/508]⎯

 FAIL  |layer-query-engine| tests/contracts/engine/query/pending-operation-contracts.core.test.ts > PendingOperation frozen public contract > prepares directly and as a bulk batch without executing
AssertionError: expected undefined to match object { sql: Any<String>, …(2) }

[32m- Expected:[39m 
{
  "context": {
    "correlationId": "79963c03-3b11-4fb7-b4c4-8fd3d5523d37",
    "model": "user",
    "operation": "findMany",
  },
  "params": Any<Array>,
  "sql": Any<String>,
}

[31m+ Received:[39m 
undefined

 ❯ tests/contracts/engine/query/pending-operation-contracts.core.test.ts:299:46
    297| 
    298|     const directCapability = capability(direct);
    299|     expect(directCapability.prepare(driver)).toMatchObject({
       |                                              ^
    300|       sql: expect.any(String),
    301|       params: expect.any(Array),

⎯⎯⎯⎯⎯⎯⎯⎯⎯⎯⎯⎯⎯⎯⎯⎯⎯⎯⎯⎯[271/508]⎯

 FAIL  |layer-query-engine| tests/contracts/engine/query/pending-operation-contracts.core.test.ts > PendingOperation frozen public contract > preserves raw arguments, identity, attribution, and result parsing
QueryEngineError: Operation 'findMany' on model 'user' publishes no single driver result to parse.
⎯⎯⎯⎯⎯⎯⎯⎯⎯⎯⎯⎯⎯⎯⎯⎯⎯⎯⎯⎯[272/508]⎯

 FAIL  |layer-query-engine| tests/contracts/engine/query/pending-operation-contracts.core.test.ts > PendingOperation frozen public contract > publishes mutation cache invalidation after successful execution
AssertionError: promise rejected "TypeError: Cannot read properties of unde…" instead of resolving
 ❯ tests/contracts/engine/query/pending-operation-contracts.core.test.ts:373:26
    371|     ).operation;
    372| 
    373|     await expect(mutation).resolves.toBe(42);
       |                          ^
    374|     expect(cache.clearedPrefixes).toEqual([USER_CACHE_PREFIX]);
    375| 

Caused by: TypeError: Cannot read properties of undefined (reading 'operation')
 ❯ PendingOperation.#resolveRouted src/query-engine/pending-operation.ts:460:32
 ❯ PendingOperation.#preparedInput src/query-engine/pending-operation.ts:477:17
 ❯ PendingOperation.#runExecution src/query-engine/pending-operation.ts:544:28
 ❯ src/query-engine/pending-operation.ts:489:21
 ❯ captureExecution src/query-engine/pending-execution.ts:6:12
 ❯ PendingExecution.executeDefault src/query-engine/pending-execution.ts:35:22
 ❯ PendingOperation.#getPromise src/query-engine/pending-operation.ts:486:28
 ❯ PendingOperation.then src/query-engine/pending-operation.ts:752:17
 ❯ tests/contracts/engine/query/pending-operation-contracts.core.test.ts:373:37

⎯⎯⎯⎯⎯⎯⎯⎯⎯⎯⎯⎯⎯⎯⎯⎯⎯⎯⎯⎯[273/508]⎯

 FAIL  |layer-query-engine| tests/contracts/engine/query/pending-operation-contracts.core.test.ts > PendingOperation frozen public contract > preserves mutation failures without invalidating cache
AssertionError: expected TypeError: Cannot read properties of unde… to be Error: mutation failed // Object.is equality

[32m- Expected[39m
[31m+ Received[39m

[32m- Error {[39m
[32m-   "message": "mutation failed",[39m
[31m+ TypeError {[39m
[31m+   "message": "Cannot read properties of undefined (reading 'operation')",[39m
[2m  }[22m

 ❯ tests/contracts/engine/query/pending-operation-contracts.core.test.ts:406:20
    404| 
    405|     const caught = await mutation.catch((error) => error);
    406|     expect(caught).toBe(failure);
       |                    ^
    407|     expect(cache.clearedPrefixes).toEqual([]);
    408|   });

⎯⎯⎯⎯⎯⎯⎯⎯⎯⎯⎯⎯⎯⎯⎯⎯⎯⎯⎯⎯[274/508]⎯

 FAIL  |layer-query-engine| tests/contracts/engine/query/pending-operation-contracts.core.test.ts > PendingOperation frozen public contract > owns cache invalidation failures instead of leaking a raw error
AssertionError: expected TypeError: Cannot read properties of unde… to be an instance of CacheConfigurationError
 ❯ tests/contracts/engine/query/pending-operation-contracts.core.test.ts:458:20
    456| 
    457|     const caught = await mutation.catch((error) => error);
    458|     expect(caught).toBeInstanceOf(CacheConfigurationError);
       |                    ^
    459|     if (!(caught instanceof CacheConfigurationError)) throw caught;
    460|     expect(caught).toMatchObject({

⎯⎯⎯⎯⎯⎯⎯⎯⎯⎯⎯⎯⎯⎯⎯⎯⎯⎯⎯⎯[275/508]⎯

 FAIL  |layer-query-engine| tests/contracts/engine/query/pending-operation-contracts.core.test.ts > pending operation transaction coordination > resolves request preparation once and rethrows the same preparation failure
TypeError: Cannot read properties of undefined (reading 'operation')
 ❯ PendingOperation.#resolveRouted src/query-engine/pending-operation.ts:460:32
    458|     if (shared) return shared;
    459|     if (this.#routedInstance) return this.#routedInstance;
    460|     const routed = this.#route.operation(
       |                                ^
    461|       this.#model,
    462|       String(this.#options.originalOperation),
 ❯ PendingOperation.#preparedInput src/query-engine/pending-operation.ts:477:17
 ❯ Object.prepareAdmission src/query-engine/pending-operation.ts:246:19
 ❯ tests/contracts/engine/query/pending-operation-contracts.core.test.ts:583:19

⎯⎯⎯⎯⎯⎯⎯⎯⎯⎯⎯⎯⎯⎯⎯⎯⎯⎯⎯⎯[276/508]⎯

 FAIL  |layer-query-engine| tests/contracts/engine/query/pending-operation-contracts.core.test.ts > pending operation transaction coordination > stages one package listener and coordinates it through an array child
TypeError: Cannot read properties of undefined (reading 'operation')
 ❯ PendingOperation.#resolveRouted src/query-engine/pending-operation.ts:460:32
    458|     if (shared) return shared;
    459|     if (this.#routedInstance) return this.#routedInstance;
    460|     const routed = this.#route.operation(
       |                                ^
    461|       this.#model,
    462|       String(this.#options.originalOperation),
 ❯ PendingOperation.#preparedInput src/query-engine/pending-operation.ts:477:17
 ❯ Object.prepareAdmission src/query-engine/pending-operation.ts:246:19
 ❯ tests/contracts/engine/query/pending-operation-contracts.core.test.ts:615:11

⎯⎯⎯⎯⎯⎯⎯⎯⎯⎯⎯⎯⎯⎯⎯⎯⎯⎯⎯⎯[277/508]⎯

 FAIL  |layer-query-engine| tests/contracts/engine/query/pending-operation-contracts.core.test.ts > pending operation transaction coordination > runs query interception and observation through the owner without provider work
TypeError: Cannot read properties of undefined (reading 'operation')
 ❯ PendingOperation.#resolveRouted src/query-engine/pending-operation.ts:460:32
    458|     if (shared) return shared;
    459|     if (this.#routedInstance) return this.#routedInstance;
    460|     const routed = this.#route.operation(
       |                                ^
    461|       this.#model,
    462|       String(this.#options.originalOperation),
 ❯ PendingOperation.#preparedInput src/query-engine/pending-operation.ts:477:17
 ❯ Object.startInterception src/query-engine/pending-operation.ts:260:41
 ❯ tests/contracts/engine/query/pending-operation-contracts.core.test.ts:667:13

⎯⎯⎯⎯⎯⎯⎯⎯⎯⎯⎯⎯⎯⎯⎯⎯⎯⎯⎯⎯[278/508]⎯

 FAIL  |layer-query-engine| tests/contracts/engine/query/pending-operation-contracts.core.test.ts > pending operation transaction coordination > exposes canonical cache input only for read operations
TypeError: Cannot read properties of undefined (reading 'operation')
 ❯ PendingOperation.#resolveRouted src/query-engine/pending-operation.ts:460:32
    458|     if (shared) return shared;
    459|     if (this.#routedInstance) return this.#routedInstance;
    460|     const routed = this.#route.operation(
       |                                ^
    461|       this.#model,
    462|       String(this.#options.originalOperation),
 ❯ PendingOperation.#cacheKeyPayload src/query-engine/pending-operation.ts:693:17
 ❯ PendingOperation.cacheKeyArgs src/query-engine/pending-operation.ts:681:28
 ❯ tests/contracts/engine/query/pending-operation-contracts.core.test.ts:715:17

⎯⎯⎯⎯⎯⎯⎯⎯⎯⎯⎯⎯⎯⎯⎯⎯⎯⎯⎯⎯[279/508]⎯

 FAIL  |layer-query-engine| tests/contracts/engine/query/pending-operation-contracts.core.test.ts > pending operation transaction coordination > normalizes OrThrow operation identity and refuses unknown routed names
AssertionError: expected [Function] to throw an error

[32m- Expected:[39m 
null

[31m+ Received:[39m 
undefined

 ❯ tests/contracts/engine/query/pending-operation-contracts.core.test.ts:738:7
    736|         {},
    737|       ]).buildStatement()
    738|     ).toThrow(UNKNOWN_OPERATION_PATTERN);
       |       ^
    739|   });
    740| });

⎯⎯⎯⎯⎯⎯⎯⎯⎯⎯⎯⎯⎯⎯⎯⎯⎯⎯⎯⎯[280/508]⎯

 FAIL  |layer-query-engine| tests/contracts/engine/query/query-operation-coverage-boundaries.core.test.ts > pending operation coordination boundaries > runs an unintercepted array child without provider work
TypeError: Cannot read properties of undefined (reading 'operation')
 ❯ PendingOperation.#resolveRouted src/query-engine/pending-operation.ts:460:32
    458|     if (shared) return shared;
    459|     if (this.#routedInstance) return this.#routedInstance;
    460|     const routed = this.#route.operation(
       |                                ^
    461|       this.#model,
    462|       String(this.#options.originalOperation),
 ❯ PendingOperation.#preparedInput src/query-engine/pending-operation.ts:477:17
 ❯ Object.startInterception src/query-engine/pending-operation.ts:260:41
 ❯ tests/contracts/engine/query/query-operation-coverage-boundaries.core.test.ts:561:13

⎯⎯⎯⎯⎯⎯⎯⎯⎯⎯⎯⎯⎯⎯⎯⎯⎯⎯⎯⎯[281/508]⎯

 FAIL  |layer-query-engine| tests/contracts/engine/query/read-traversal-byte-pins.core.test.ts > self-relation many-to-many read SQL > PostgreSQL include of the forward side (follows)
QueryEngineError: Operation 'findMany' does not compile to one SQL statement. Execute the operation instead.
⎯⎯⎯⎯⎯⎯⎯⎯⎯⎯⎯⎯⎯⎯⎯⎯⎯⎯⎯⎯[282/508]⎯

 FAIL  |layer-query-engine| tests/contracts/engine/query/read-traversal-byte-pins.core.test.ts > self-relation many-to-many read SQL > SQLite include of the forward side (follows)
QueryEngineError: Operation 'findMany' does not compile to one SQL statement. Execute the operation instead.
⎯⎯⎯⎯⎯⎯⎯⎯⎯⎯⎯⎯⎯⎯⎯⎯⎯⎯⎯⎯[283/508]⎯

 FAIL  |layer-query-engine| tests/contracts/engine/query/read-traversal-byte-pins.core.test.ts > self-relation many-to-many read SQL > MySQL include of the forward side (follows)
QueryEngineError: Operation 'findMany' does not compile to one SQL statement. Execute the operation instead.
⎯⎯⎯⎯⎯⎯⎯⎯⎯⎯⎯⎯⎯⎯⎯⎯⎯⎯⎯⎯[284/508]⎯

 FAIL  |layer-query-engine| tests/contracts/engine/query/read-traversal-byte-pins.core.test.ts > self-relation many-to-many read SQL > PostgreSQL include of the reversed side (followedBy)
QueryEngineError: Operation 'findMany' does not compile to one SQL statement. Execute the operation instead.
⎯⎯⎯⎯⎯⎯⎯⎯⎯⎯⎯⎯⎯⎯⎯⎯⎯⎯⎯⎯[285/508]⎯

 FAIL  |layer-query-engine| tests/contracts/engine/query/read-traversal-byte-pins.core.test.ts > self-relation many-to-many read SQL > SQLite include of the reversed side (followedBy)
QueryEngineError: Operation 'findMany' does not compile to one SQL statement. Execute the operation instead.
⎯⎯⎯⎯⎯⎯⎯⎯⎯⎯⎯⎯⎯⎯⎯⎯⎯⎯⎯⎯[286/508]⎯

 FAIL  |layer-query-engine| tests/contracts/engine/query/read-traversal-byte-pins.core.test.ts > self-relation many-to-many read SQL > PostgreSQL some and none filters through the self junction
QueryEngineError: Operation 'findMany' does not compile to one SQL statement. Execute the operation instead.
⎯⎯⎯⎯⎯⎯⎯⎯⎯⎯⎯⎯⎯⎯⎯⎯⎯⎯⎯⎯[287/508]⎯

 FAIL  |layer-query-engine| tests/contracts/engine/query/read-traversal-byte-pins.core.test.ts > self-relation many-to-many read SQL > SQLite some and none filters through the self junction
QueryEngineError: Operation 'findMany' does not compile to one SQL statement. Execute the operation instead.
⎯⎯⎯⎯⎯⎯⎯⎯⎯⎯⎯⎯⎯⎯⎯⎯⎯⎯⎯⎯[288/508]⎯

 FAIL  |layer-query-engine| tests/contracts/engine/query/read-traversal-byte-pins.core.test.ts > self-relation many-to-many read SQL > PostgreSQL _count of the self relation
QueryEngineError: Operation 'findMany' does not compile to one SQL statement. Execute the operation instead.
⎯⎯⎯⎯⎯⎯⎯⎯⎯⎯⎯⎯⎯⎯⎯⎯⎯⎯⎯⎯[289/508]⎯

 FAIL  |layer-query-engine| tests/contracts/engine/query/read-traversal-byte-pins.core.test.ts > self-relation many-to-many read SQL > SQLite _count of the self relation
QueryEngineError: Operation 'findMany' does not compile to one SQL statement. Execute the operation instead.
⎯⎯⎯⎯⎯⎯⎯⎯⎯⎯⎯⎯⎯⎯⎯⎯⎯⎯⎯⎯[290/508]⎯

 FAIL  |layer-query-engine| tests/contracts/engine/query/read-traversal-byte-pins.core.test.ts > ordinary many-to-many read SQL > PostgreSQL include takes the LATERAL strategy
QueryEngineError: Operation 'findMany' does not compile to one SQL statement. Execute the operation instead.
⎯⎯⎯⎯⎯⎯⎯⎯⎯⎯⎯⎯⎯⎯⎯⎯⎯⎯⎯⎯[291/508]⎯

 FAIL  |layer-query-engine| tests/contracts/engine/query/read-traversal-byte-pins.core.test.ts > ordinary many-to-many read SQL > SQLite include takes the correlated-subquery strategy
QueryEngineError: Operation 'findMany' does not compile to one SQL statement. Execute the operation instead.
⎯⎯⎯⎯⎯⎯⎯⎯⎯⎯⎯⎯⎯⎯⎯⎯⎯⎯⎯⎯[292/508]⎯

 FAIL  |layer-query-engine| tests/contracts/engine/query/read-traversal-byte-pins.core.test.ts > ordinary many-to-many read SQL > PostgreSQL some, every and none filters through the junction
QueryEngineError: Operation 'findMany' does not compile to one SQL statement. Execute the operation instead.
⎯⎯⎯⎯⎯⎯⎯⎯⎯⎯⎯⎯⎯⎯⎯⎯⎯⎯⎯⎯[293/508]⎯

 FAIL  |layer-query-engine| tests/contracts/engine/query/read-traversal-byte-pins.core.test.ts > ordinary many-to-many read SQL > PostgreSQL _count through the junction
QueryEngineError: Operation 'findMany' does not compile to one SQL statement. Execute the operation instead.
⎯⎯⎯⎯⎯⎯⎯⎯⎯⎯⎯⎯⎯⎯⎯⎯⎯⎯⎯⎯[294/508]⎯

 FAIL  |layer-query-engine| tests/contracts/engine/query/read-traversal-byte-pins.core.test.ts > foreign-key read SQL > PostgreSQL scalar-FK include, to-one then to-many
QueryEngineError: Operation 'findMany' does not compile to one SQL statement. Execute the operation instead.
⎯⎯⎯⎯⎯⎯⎯⎯⎯⎯⎯⎯⎯⎯⎯⎯⎯⎯⎯⎯[295/508]⎯

 FAIL  |layer-query-engine| tests/contracts/engine/query/read-traversal-byte-pins.core.test.ts > foreign-key read SQL > SQLite scalar-FK include, to-one then to-many
QueryEngineError: Operation 'findMany' does not compile to one SQL statement. Execute the operation instead.
⎯⎯⎯⎯⎯⎯⎯⎯⎯⎯⎯⎯⎯⎯⎯⎯⎯⎯⎯⎯[296/508]⎯

 FAIL  |layer-query-engine| tests/contracts/engine/query/read-traversal-byte-pins.core.test.ts > foreign-key read SQL > PostgreSQL compound-FK to-one include correlates on both members
QueryEngineError: Operation 'findMany' does not compile to one SQL statement. Execute the operation instead.
⎯⎯⎯⎯⎯⎯⎯⎯⎯⎯⎯⎯⎯⎯⎯⎯⎯⎯⎯⎯[297/508]⎯

 FAIL  |layer-query-engine| tests/contracts/engine/query/read-traversal-byte-pins.core.test.ts > foreign-key read SQL > PostgreSQL findUnique by the named compound unique
QueryEngineError: Operation 'findUnique' does not compile to one SQL statement. Execute the operation instead.
⎯⎯⎯⎯⎯⎯⎯⎯⎯⎯⎯⎯⎯⎯⎯⎯⎯⎯⎯⎯[298/508]⎯

 FAIL  |layer-query-engine| tests/contracts/engine/query/read-traversal-byte-pins.core.test.ts > relation ordering read SQL > PostgreSQL orderBy through a to-one chain joins the target
QueryEngineError: Operation 'findMany' does not compile to one SQL statement. Execute the operation instead.
⎯⎯⎯⎯⎯⎯⎯⎯⎯⎯⎯⎯⎯⎯⎯⎯⎯⎯⎯⎯[299/508]⎯

 FAIL  |layer-query-engine| tests/contracts/engine/query/read-traversal-byte-pins.core.test.ts > relation ordering read SQL > PostgreSQL orderBy on a to-many _count uses a count subquery
QueryEngineError: Operation 'findMany' does not compile to one SQL statement. Execute the operation instead.
⎯⎯⎯⎯⎯⎯⎯⎯⎯⎯⎯⎯⎯⎯⎯⎯⎯⎯⎯⎯[300/508]⎯

 FAIL  |layer-query-engine| tests/contracts/engine/query/read-traversal-byte-pins.core.test.ts > polymorphic inverse read SQL > PostgreSQL to-many inverse include takes the LATERAL strategy
QueryEngineError: Operation 'findMany' does not compile to one SQL statement. Execute the operation instead.
⎯⎯⎯⎯⎯⎯⎯⎯⎯⎯⎯⎯⎯⎯⎯⎯⎯⎯⎯⎯[301/508]⎯

 FAIL  |layer-query-engine| tests/contracts/engine/query/read-traversal-byte-pins.core.test.ts > polymorphic inverse read SQL > SQLite to-many inverse include takes the correlated-subquery strategy
QueryEngineError: Operation 'findMany' does not compile to one SQL statement. Execute the operation instead.
⎯⎯⎯⎯⎯⎯⎯⎯⎯⎯⎯⎯⎯⎯⎯⎯⎯⎯⎯⎯[302/508]⎯

 FAIL  |layer-query-engine| tests/contracts/engine/query/read-traversal-byte-pins.core.test.ts > polymorphic inverse read SQL > PostgreSQL fields-less singular inverse include
QueryEngineError: Operation 'findMany' does not compile to one SQL statement. Execute the operation instead.
⎯⎯⎯⎯⎯⎯⎯⎯⎯⎯⎯⎯⎯⎯⎯⎯⎯⎯⎯⎯[303/508]⎯

 FAIL  |layer-query-engine| tests/contracts/engine/query/read-traversal-byte-pins.core.test.ts > nested include read SQL > PostgreSQL depth-2 include with an inner where, orderBy and take
QueryEngineError: Operation 'findMany' does not compile to one SQL statement. Execute the operation instead.
⎯⎯⎯⎯⎯⎯⎯⎯⎯⎯⎯⎯⎯⎯⎯⎯⎯⎯⎯⎯[304/508]⎯

 FAIL  |layer-query-engine| tests/contracts/engine/query/read-traversal-byte-pins.core.test.ts > nested include read SQL > SQLite depth-2 include with an inner where, orderBy and take
QueryEngineError: Operation 'findMany' does not compile to one SQL statement. Execute the operation instead.
⎯⎯⎯⎯⎯⎯⎯⎯⎯⎯⎯⎯⎯⎯⎯⎯⎯⎯⎯⎯[305/508]⎯

 FAIL  |layer-query-engine| tests/contracts/engine/query/read-traversal-byte-pins.core.test.ts > polymorphic collection read SQL > PostgreSQL direct collection include, every variant
QueryEngineError: Operation 'findMany' does not compile to one SQL statement. Execute the operation instead.
⎯⎯⎯⎯⎯⎯⎯⎯⎯⎯⎯⎯⎯⎯⎯⎯⎯⎯⎯⎯[306/508]⎯

 FAIL  |layer-query-engine| tests/contracts/engine/query/read-traversal-byte-pins.core.test.ts > polymorphic collection read SQL > SQLite direct collection include, every variant
QueryEngineError: Operation 'findMany' does not compile to one SQL statement. Execute the operation instead.
⎯⎯⎯⎯⎯⎯⎯⎯⎯⎯⎯⎯⎯⎯⎯⎯⎯⎯⎯⎯[307/508]⎯

 FAIL  |layer-query-engine| tests/contracts/engine/query/read-traversal-byte-pins.core.test.ts > polymorphic collection read SQL > PostgreSQL direct collection include narrowed by only
QueryEngineError: Operation 'findMany' does not compile to one SQL statement. Execute the operation instead.
⎯⎯⎯⎯⎯⎯⎯⎯⎯⎯⎯⎯⎯⎯⎯⎯⎯⎯⎯⎯[308/508]⎯

 FAIL  |layer-query-engine| tests/contracts/engine/query/read-traversal-byte-pins.core.test.ts > polymorphic collection read SQL > PostgreSQL collection quantifier filters
QueryEngineError: Operation 'findMany' does not compile to one SQL statement. Execute the operation instead.
⎯⎯⎯⎯⎯⎯⎯⎯⎯⎯⎯⎯⎯⎯⎯⎯⎯⎯⎯⎯[309/508]⎯

 FAIL  |layer-query-engine| tests/contracts/engine/query/read-traversal-byte-pins.core.test.ts > polymorphic collection read SQL > PostgreSQL collection _count projection and ordering
QueryEngineError: Operation 'findMany' does not compile to one SQL statement. Execute the operation instead.
⎯⎯⎯⎯⎯⎯⎯⎯⎯⎯⎯⎯⎯⎯⎯⎯⎯⎯⎯⎯[310/508]⎯

 FAIL  |layer-query-engine| tests/contracts/engine/query/read-traversal-byte-pins.core.test.ts > polymorphic collection read SQL > PostgreSQL singular collection inverse include
QueryEngineError: Operation 'findMany' does not compile to one SQL statement. Execute the operation instead.
⎯⎯⎯⎯⎯⎯⎯⎯⎯⎯⎯⎯⎯⎯⎯⎯⎯⎯⎯⎯[311/508]⎯

 FAIL  |layer-query-engine| tests/contracts/engine/query/read-traversal-byte-pins.core.test.ts > polymorphic collection read SQL > PostgreSQL plural collection inverse include
QueryEngineError: Operation 'findMany' does not compile to one SQL statement. Execute the operation instead.
⎯⎯⎯⎯⎯⎯⎯⎯⎯⎯⎯⎯⎯⎯⎯⎯⎯⎯⎯⎯[312/508]⎯

 FAIL  |layer-query-engine| tests/contracts/engine/query/read-traversal-byte-pins.core.test.ts > polymorphic collection read SQL > PostgreSQL parent ordering through a singular collection inverse
QueryEngineError: Operation 'findMany' does not compile to one SQL statement. Execute the operation instead.
⎯⎯⎯⎯⎯⎯⎯⎯⎯⎯⎯⎯⎯⎯⎯⎯⎯⎯⎯⎯[313/508]⎯

 FAIL  |layer-query-engine| tests/contracts/engine/query/request-result-shape-contracts.core.test.ts > request-aware result shapes > enforces the requested projection on direct execution
AssertionError: expected TypeError: Cannot read properties of unde… to be an instance of QueryEngineError
 ❯ tests/contracts/engine/query/request-result-shape-contracts.core.test.ts:207:5
    205|     const engine = createEngine([{ id: "parent-1", secret: "leaked" }]…
    206| 
    207|     await expect(
       |     ^
    208|       engine.execute(models.parent, "findMany", {
    209|         select: { id: true },

⎯⎯⎯⎯⎯⎯⎯⎯⎯⎯⎯⎯⎯⎯⎯⎯⎯⎯⎯⎯[314/508]⎯

 FAIL  |layer-query-engine| tests/contracts/engine/query/request-result-shape-contracts.core.test.ts > request-aware result shapes > enforces requested nested include shapes and preserves empty relations
QueryEngineError: Operation 'findMany' on model 'parent' publishes no single driver result to parse.
⎯⎯⎯⎯⎯⎯⎯⎯⎯⎯⎯⎯⎯⎯⎯⎯⎯⎯⎯⎯[315/508]⎯

 FAIL  |layer-query-engine| tests/contracts/engine/query/request-result-shape-contracts.core.test.ts > request-aware result shapes > honors model-level omit in default SQL and result parsing
QueryEngineError: Operation 'findMany' does not compile to one SQL statement. Execute the operation instead.
⎯⎯⎯⎯⎯⎯⎯⎯⎯⎯⎯⎯⎯⎯⎯⎯⎯⎯⎯⎯[316/508]⎯

 FAIL  |layer-query-engine| tests/contracts/engine/query/request-result-shape-contracts.core.test.ts > request-aware result shapes > row keys are checked as a set, not as an order
QueryEngineError: Operation 'findMany' does not compile to one SQL statement. Execute the operation instead.
⎯⎯⎯⎯⎯⎯⎯⎯⎯⎯⎯⎯⎯⎯⎯⎯⎯⎯⎯⎯[317/508]⎯

 FAIL  |layer-query-engine| tests/contracts/engine/query/request-result-shape-contracts.core.test.ts > request-aware result shapes > keeps relation-count carriers distinct from same-named scalars
QueryEngineError: Operation 'findMany' does not compile to one SQL statement. Execute the operation instead.
⎯⎯⎯⎯⎯⎯⎯⎯⎯⎯⎯⎯⎯⎯⎯⎯⎯⎯⎯⎯[318/508]⎯

 FAIL  |layer-query-engine| tests/contracts/engine/query/request-result-shape-contracts.core.test.ts > request-aware result shapes > uses one short exact relation-count carrier across dialects
QueryEngineError: Operation 'findMany' does not compile to one SQL statement. Execute the operation instead.
⎯⎯⎯⎯⎯⎯⎯⎯⎯⎯⎯⎯⎯⎯⎯⎯⎯⎯⎯⎯[319/508]⎯

 FAIL  |layer-query-engine| tests/contracts/engine/query/request-result-shape-contracts.core.test.ts > request-aware result shapes > maps private aggregate carriers and rejects missing aggregate fields
QueryEngineError: Operation 'aggregate' on model 'grouped' publishes no single driver result to parse.
⎯⎯⎯⎯⎯⎯⎯⎯⎯⎯⎯⎯⎯⎯⎯⎯⎯⎯⎯⎯[320/508]⎯

 FAIL  |layer-query-engine| tests/contracts/engine/query/request-result-shape-contracts.core.test.ts > request-aware result shapes > fails closed when grouped scalars collide with public aggregates
AssertionError: expected [Function] to throw error including 'both grouped scalar \'_count\' and ag…' but got 'Operation \'groupBy\' does not compil…'

Expected: [32m"both grouped scalar '_count' and aggregate '_count'"[39m
Received: [31m"Operation 'groupBy' does not compile to one SQL statement. Execute the operation instead."[39m

 ❯ tests/contracts/engine/query/request-result-shape-contracts.core.test.ts:478:7
    476|         _count: true,
    477|       })
    478|     ).toThrow("both grouped scalar '_count' and aggregate '_count'");
       |       ^
    479|     expect(() =>
    480|       engine.build(models.grouped, "groupBy", {

⎯⎯⎯⎯⎯⎯⎯⎯⎯⎯⎯⎯⎯⎯⎯⎯⎯⎯⎯⎯[321/508]⎯

 FAIL  |layer-query-engine| tests/contracts/engine/query/request-result-shape-contracts.core.test.ts > request-aware result shapes > rejects duplicate groupBy fields for a empty result
 FAIL  |layer-query-engine| tests/contracts/engine/query/request-result-shape-contracts.core.test.ts > request-aware result shapes > rejects duplicate groupBy fields for a non-empty result
AssertionError: expected [Function] to throw error matching /duplicate/i but got 'Operation \'groupBy\' on model \'grou…'

[32m- Expected:[39m 
/duplicate/i

[31m+ Received:[39m 
"Operation 'groupBy' on model 'grouped' publishes no single driver result to parse."

 ❯ tests/contracts/engine/query/request-result-shape-contracts.core.test.ts:515:7
    513|         rows
    514|       )
    515|     ).toThrow(DUPLICATE_GROUP_BY_PATTERN);
       |       ^
    516|   });
    517| 

⎯⎯⎯⎯⎯⎯⎯⎯⎯⎯⎯⎯⎯⎯⎯⎯⎯⎯⎯⎯[322/508]⎯

 FAIL  |layer-query-engine| tests/contracts/engine/query/request-result-shape-contracts.core.test.ts > request-aware result shapes > rejects inherited request key "__proto__" without a raw TypeError
 FAIL  |layer-query-engine| tests/contracts/engine/query/request-result-shape-contracts.core.test.ts > request-aware result shapes > rejects inherited request key "constructor" without a raw TypeError
 FAIL  |layer-query-engine| tests/contracts/engine/query/request-result-shape-contracts.core.test.ts > request-aware result shapes > rejects inherited request key "toString" without a raw TypeError
AssertionError: expected function to throw an error, but it didn't
 ❯ tests/contracts/engine/query/request-result-shape-contracts.core.test.ts:653:60
    651|     // request at construction, so both the prepare and the parse seam…
    652|     // same typed rejection.
    653|     expect(() => transactionOperation(findMany).prepare()).toThrow(
       |                                                            ^
    654|       ValidationError
    655|     );

⎯⎯⎯⎯⎯⎯⎯⎯⎯⎯⎯⎯⎯⎯⎯⎯⎯⎯⎯⎯[323/508]⎯

 FAIL  |layer-query-engine| tests/contracts/engine/query/request-result-shape-contracts.core.test.ts > request-aware result shapes > preserves cardinality for models with no public default scalars
QueryEngineError: Operation 'findMany' does not compile to one SQL statement. Execute the operation instead.
⎯⎯⎯⎯⎯⎯⎯⎯⎯⎯⎯⎯⎯⎯⎯⎯⎯⎯⎯⎯[324/508]⎯

 FAIL  |layer-query-engine| tests/contracts/engine/query/request-result-shape-contracts.core.test.ts > request-aware result shapes > fails closed on simultaneous scalar and computed _distance output
AssertionError: expected [Function] to throw error including 'cannot be selected together' but got 'Operation \'findMany\' does not compi…'

Expected: [32m"[7mcannot be sel[27mecte[7md[27m t[7mogether[27m"[39m
Received: [31m"[7mOperation 'findMany' does not compile to one SQL statement. Ex[27mec[7mu[27mte t[7mhe operation instead.[27m"[39m

 ❯ tests/contracts/engine/query/request-result-shape-contracts.core.test.ts:733:7
    731|         },
    732|       })
    733|     ).toThrow("cannot be selected together");
       |       ^
    734|   });
    735| 

⎯⎯⎯⎯⎯⎯⎯⎯⎯⎯⎯⎯⎯⎯⎯⎯⎯⎯⎯⎯[325/508]⎯

 FAIL  |layer-query-engine| tests/contracts/engine/query/request-result-shape-contracts.core.test.ts > request-aware result shapes > rejects only nullable-vector distance selection
AssertionError: expected [Function] to throw error matching /nullable vector/i but got 'Operation \'findMany\' does not compi…'

[32m- Expected:[39m 
/nullable vector/i

[31m+ Received:[39m 
"Operation 'findMany' does not compile to one SQL statement. Execute the operation instead."

 ❯ tests/contracts/engine/query/request-result-shape-contracts.core.test.ts:766:7
    764|         },
    765|       })
    766|     ).toThrow(NULLABLE_VECTOR_PATTERN);
       |       ^
    767| 
    768|     expect(

⎯⎯⎯⎯⎯⎯⎯⎯⎯⎯⎯⎯⎯⎯⎯⎯⎯⎯⎯⎯[326/508]⎯

 FAIL  |layer-query-engine| tests/contracts/engine/query/select-mode-capability-matrix.core.test.ts > operation executor atomic-capability refusal > operation 'create' fails before dispatch
AssertionError: expected 'Driver "no-atomic-planning" supports …' to be 'Driver \'no-atomic-planning\' support…' // Object.is equality

Expected: [32m"Driver [7m'[27mno-atomic-planning[7m'[27m supports neither transactions nor atomic batch execution."[39m
Received: [31m"Driver [7m"[27mno-atomic-planning[7m"[27m supports neither transactions nor atomic batch execution."[39m

 ❯ tests/contracts/engine/query/select-mode-capability-matrix.core.test.ts:71:30
     69|         throw new Error("Expected a TransactionError.");
     70|       }
     71|       expect(thrown.message).toBe(
       |                              ^
     72|         `Driver '${driver.driverName}' supports neither transactions n…
     73|       );

⎯⎯⎯⎯⎯⎯⎯⎯⎯⎯⎯⎯⎯⎯⎯⎯⎯⎯⎯⎯[327/508]⎯

 FAIL  |layer-query-engine| tests/contracts/engine/query/select-mode-capability-matrix.core.test.ts > operation executor atomic-capability refusal > operation 'update' fails before dispatch
 FAIL  |layer-query-engine| tests/contracts/engine/query/select-mode-capability-matrix.core.test.ts > operation executor atomic-capability refusal > operation 'upsert' fails before dispatch
AssertionError: expected QueryError: Query execution failed { …(4) } to be an instance of TransactionError
 ❯ tests/contracts/engine/query/select-mode-capability-matrix.core.test.ts:67:22
     65|       }
     66| 
     67|       expect(thrown).toBeInstanceOf(TransactionError);
       |                      ^
     68|       if (!(thrown instanceof TransactionError)) {
     69|         throw new Error("Expected a TransactionError.");

⎯⎯⎯⎯⎯⎯⎯⎯⎯⎯⎯⎯⎯⎯⎯⎯⎯⎯⎯⎯[328/508]⎯

 FAIL  |layer-query-engine| tests/contracts/engine/query/sql-generation.core.test.ts > Basic CRUD Operations > findFirst > simple query
QueryEngineError: Operation 'findFirst' does not compile to one SQL statement. Execute the operation instead.
⎯⎯⎯⎯⎯⎯⎯⎯⎯⎯⎯⎯⎯⎯⎯⎯⎯⎯⎯⎯[329/508]⎯

 FAIL  |layer-query-engine| tests/contracts/engine/query/sql-generation.core.test.ts > Basic CRUD Operations > findFirst > with where clause
QueryEngineError: Operation 'findFirst' does not compile to one SQL statement. Execute the operation instead.
⎯⎯⎯⎯⎯⎯⎯⎯⎯⎯⎯⎯⎯⎯⎯⎯⎯⎯⎯⎯[330/508]⎯

 FAIL  |layer-query-engine| tests/contracts/engine/query/sql-generation.core.test.ts > Basic CRUD Operations > findFirst > with orderBy
QueryEngineError: Operation 'findFirst' does not compile to one SQL statement. Execute the operation instead.
⎯⎯⎯⎯⎯⎯⎯⎯⎯⎯⎯⎯⎯⎯⎯⎯⎯⎯⎯⎯[331/508]⎯

 FAIL  |layer-query-engine| tests/contracts/engine/query/sql-generation.core.test.ts > Basic CRUD Operations > findMany > simple query
QueryEngineError: Operation 'findMany' does not compile to one SQL statement. Execute the operation instead.
⎯⎯⎯⎯⎯⎯⎯⎯⎯⎯⎯⎯⎯⎯⎯⎯⎯⎯⎯⎯[332/508]⎯

 FAIL  |layer-query-engine| tests/contracts/engine/query/sql-generation.core.test.ts > Basic CRUD Operations > findMany > with pagination (take/skip)
QueryEngineError: Operation 'findMany' does not compile to one SQL statement. Execute the operation instead.
⎯⎯⎯⎯⎯⎯⎯⎯⎯⎯⎯⎯⎯⎯⎯⎯⎯⎯⎯⎯[333/508]⎯

 FAIL  |layer-query-engine| tests/contracts/engine/query/sql-generation.core.test.ts > Basic CRUD Operations > findMany > with cursor pagination
QueryEngineError: Operation 'findMany' does not compile to one SQL statement. Execute the operation instead.
⎯⎯⎯⎯⎯⎯⎯⎯⎯⎯⎯⎯⎯⎯⎯⎯⎯⎯⎯⎯[334/508]⎯

 FAIL  |layer-query-engine| tests/contracts/engine/query/sql-generation.core.test.ts > Basic CRUD Operations > findMany > cursor without orderBy defaults to cursor field order
QueryEngineError: Operation 'findMany' does not compile to one SQL statement. Execute the operation instead.
⎯⎯⎯⎯⎯⎯⎯⎯⎯⎯⎯⎯⎯⎯⎯⎯⎯⎯⎯⎯[335/508]⎯

 FAIL  |layer-query-engine| tests/contracts/engine/query/sql-generation.core.test.ts > Basic CRUD Operations > findMany > negative take inverts SQL order and uses absolute limit
QueryEngineError: Operation 'findMany' does not compile to one SQL statement. Execute the operation instead.
⎯⎯⎯⎯⎯⎯⎯⎯⎯⎯⎯⎯⎯⎯⎯⎯⎯⎯⎯⎯[336/508]⎯

 FAIL  |layer-query-engine| tests/contracts/engine/query/sql-generation.core.test.ts > Basic CRUD Operations > findMany > negative take reverses a relation-order fallback recursively
QueryEngineError: Operation 'findMany' does not compile to one SQL statement. Execute the operation instead.
⎯⎯⎯⎯⎯⎯⎯⎯⎯⎯⎯⎯⎯⎯⎯⎯⎯⎯⎯⎯[337/508]⎯

 FAIL  |layer-query-engine| tests/contracts/engine/query/sql-generation.core.test.ts > Basic CRUD Operations > findMany > compound unique cursor uses compound whereUnique fields
QueryEngineError: Operation 'findMany' does not compile to one SQL statement. Execute the operation instead.
⎯⎯⎯⎯⎯⎯⎯⎯⎯⎯⎯⎯⎯⎯⎯⎯⎯⎯⎯⎯[338/508]⎯

 FAIL  |layer-query-engine| tests/contracts/engine/query/sql-generation.core.test.ts > Basic CRUD Operations > findMany > cursor with non-cursor orderBy builds a keyset comparison (Prisma parity)
QueryEngineError: Operation 'findMany' does not compile to one SQL statement. Execute the operation instead.
⎯⎯⎯⎯⎯⎯⎯⎯⎯⎯⎯⎯⎯⎯⎯⎯⎯⎯⎯⎯[339/508]⎯

 FAIL  |layer-query-engine| tests/contracts/engine/query/sql-generation.core.test.ts > Basic CRUD Operations > findMany > invalid pagination values reject before SQL generation
AssertionError: expected error to be instance of ValidationError

[32m- Expected:[39m 
[Function ValidationError]

[31m+ Received:[39m 
QueryEngineError {
  "message": "Operation 'findMany' does not compile to one SQL statement. Execute the operation instead.",
  "code": "V9001",
  "originalCause": undefined,
  "meta": {},
  "timestamp": 2026-09-16T19:55:14.082Z,
  "name": "QueryEngineError",
}

 ❯ tests/contracts/engine/query/sql-generation.core.test.ts:367:9
    365|           take: 1.5,
    366|         })
    367|       ).toThrow(ValidationError);
       |         ^
    368|       expect(() =>
    369|         getSql(Author, "findMany", {

⎯⎯⎯⎯⎯⎯⎯⎯⎯⎯⎯⎯⎯⎯⎯⎯⎯⎯⎯⎯[340/508]⎯

 FAIL  |layer-query-engine| tests/contracts/engine/query/sql-generation.core.test.ts > Basic CRUD Operations > findMany > json path filter scopes string matching to the path
QueryEngineError: Operation 'findMany' does not compile to one SQL statement. Execute the operation instead.
⎯⎯⎯⎯⎯⎯⎯⎯⎯⎯⎯⎯⎯⎯⎯⎯⎯⎯⎯⎯[341/508]⎯

 FAIL  |layer-query-engine| tests/contracts/engine/query/sql-generation.core.test.ts > Basic CRUD Operations > findMany > json string paths compile to the same SQL as the array form
QueryEngineError: Operation 'findMany' does not compile to one SQL statement. Execute the operation instead.
⎯⎯⎯⎯⎯⎯⎯⎯⎯⎯⎯⎯⎯⎯⎯⎯⎯⎯⎯⎯[342/508]⎯

 FAIL  |layer-query-engine| tests/contracts/engine/query/sql-generation.core.test.ts > Basic CRUD Operations > findMany > json filter with only a path fails closed
AssertionError: expected [Function] to throw error including 'Filter for field \'metadata\' must co…' but got 'Operation \'findMany\' does not compi…'

Expected: [32m"[7mFilter for field 'metadata' must contain at least on[27me operation"[39m
Received: [31m"[7mOperation 'findMany' does not compile to one SQL statement. Execute th[27me operation[7m instead.[27m"[39m

 ❯ tests/contracts/engine/query/sql-generation.core.test.ts:422:9
    420|           },
    421|         })
    422|       ).toThrow(
       |         ^
    423|         "Filter for field 'metadata' must contain at least one operati…
    424|       );

⎯⎯⎯⎯⎯⎯⎯⎯⎯⎯⎯⎯⎯⎯⎯⎯⎯⎯⎯⎯[343/508]⎯

 FAIL  |layer-query-engine| tests/contracts/engine/query/sql-generation.core.test.ts > Basic CRUD Operations > findMany > json root and path comparisons keep number and string classes distinct
QueryEngineError: Operation 'findMany' does not compile to one SQL statement. Execute the operation instead.
⎯⎯⎯⎯⎯⎯⎯⎯⎯⎯⎯⎯⎯⎯⎯⎯⎯⎯⎯⎯[344/508]⎯

 FAIL  |layer-query-engine| tests/contracts/engine/query/sql-generation.core.test.ts > Basic CRUD Operations > findMany > json string operators inherit and can override case-folding scope
QueryEngineError: Operation 'findMany' does not compile to one SQL statement. Execute the operation instead.
⎯⎯⎯⎯⎯⎯⎯⎯⎯⎯⎯⎯⎯⎯⎯⎯⎯⎯⎯⎯[345/508]⎯

 FAIL  |layer-query-engine| tests/contracts/engine/query/sql-generation.core.test.ts > Basic CRUD Operations > findMany > json array predicates preserve scalar containment and endpoint meaning
QueryEngineError: Operation 'findMany' does not compile to one SQL statement. Execute the operation instead.
⎯⎯⎯⎯⎯⎯⎯⎯⎯⎯⎯⎯⎯⎯⎯⎯⎯⎯⎯⎯[346/508]⎯

 FAIL  |layer-query-engine| tests/contracts/engine/query/sql-generation.core.test.ts > Basic CRUD Operations > findMany > json null at the root and under a path remain different questions
QueryEngineError: Operation 'findMany' does not compile to one SQL statement. Execute the operation instead.
⎯⎯⎯⎯⎯⎯⎯⎯⎯⎯⎯⎯⎯⎯⎯⎯⎯⎯⎯⎯[347/508]⎯

 FAIL  |layer-query-engine| tests/contracts/engine/query/sql-generation.core.test.ts > Basic CRUD Operations > findMany > refuses non-portable JSON string path status
AssertionError: expected [Function] to throw error including 'must start with \'$\'' but got 'Operation \'findMany\' does not compi…'

Expected: [32m"must start with '$'"[39m
Received: [31m"Operation 'findMany' does not compile to one SQL statement. Execute the operation instead."[39m

 ❯ tests/contracts/engine/query/sql-generation.core.test.ts:570:9
    568|           where: { metadata: { path, equals: "active" } },
    569|         })
    570|       ).toThrow(message);
       |         ^
    571|     });
    572| 

⎯⎯⎯⎯⎯⎯⎯⎯⎯⎯⎯⎯⎯⎯⎯⎯⎯⎯⎯⎯[348/508]⎯

 FAIL  |layer-query-engine| tests/contracts/engine/query/sql-generation.core.test.ts > Basic CRUD Operations > findMany > refuses non-portable JSON string path $.
AssertionError: expected [Function] to throw error including 'object key may not be empty' but got 'Operation \'findMany\' does not compi…'

Expected: [32m"object key may not be empty"[39m
Received: [31m"Operation 'findMany' does not compile to one SQL statement. Execute the operation instead."[39m

 ❯ tests/contracts/engine/query/sql-generation.core.test.ts:570:9
    568|           where: { metadata: { path, equals: "active" } },
    569|         })
    570|       ).toThrow(message);
       |         ^
    571|     });
    572| 

⎯⎯⎯⎯⎯⎯⎯⎯⎯⎯⎯⎯⎯⎯⎯⎯⎯⎯⎯⎯[349/508]⎯

 FAIL  |layer-query-engine| tests/contracts/engine/query/sql-generation.core.test.ts > Basic CRUD Operations > findMany > refuses non-portable JSON string path $.*
AssertionError: expected [Function] to throw error including 'wildcards are not supported' but got 'Operation \'findMany\' does not compi…'

Expected: [32m"wildcards are not supported"[39m
Received: [31m"Operation 'findMany' does not compile to one SQL statement. Execute the operation instead."[39m

 ❯ tests/contracts/engine/query/sql-generation.core.test.ts:570:9
    568|           where: { metadata: { path, equals: "active" } },
    569|         })
    570|       ).toThrow(message);
       |         ^
    571|     });
    572| 

⎯⎯⎯⎯⎯⎯⎯⎯⎯⎯⎯⎯⎯⎯⎯⎯⎯⎯⎯⎯[350/508]⎯

 FAIL  |layer-query-engine| tests/contracts/engine/query/sql-generation.core.test.ts > Basic CRUD Operations > findMany > refuses non-portable JSON string path $[last]
AssertionError: expected [Function] to throw error including 'not a non-negative integer array index' but got 'Operation \'findMany\' does not compi…'

Expected: [32m"not a non-negative integer array index"[39m
Received: [31m"Operation 'findMany' does not compile to one SQL statement. Execute the operation instead."[39m

 ❯ tests/contracts/engine/query/sql-generation.core.test.ts:570:9
    568|           where: { metadata: { path, equals: "active" } },
    569|         })
    570|       ).toThrow(message);
       |         ^
    571|     });
    572| 

⎯⎯⎯⎯⎯⎯⎯⎯⎯⎯⎯⎯⎯⎯⎯⎯⎯⎯⎯⎯[351/508]⎯

 FAIL  |layer-query-engine| tests/contracts/engine/query/sql-generation.core.test.ts > Basic CRUD Operations > findMany > refuses non-portable JSON string path $[0
AssertionError: expected [Function] to throw error including 'an unclosed \'[\'' but got 'Operation \'findMany\' does not compi…'

Expected: [32m"an unclosed '['"[39m
Received: [31m"Operation 'findMany' does not compile to one SQL statement. Execute the operation instead."[39m

 ❯ tests/contracts/engine/query/sql-generation.core.test.ts:570:9
    568|           where: { metadata: { path, equals: "active" } },
    569|         })
    570|       ).toThrow(message);
       |         ^
    571|     });
    572| 

⎯⎯⎯⎯⎯⎯⎯⎯⎯⎯⎯⎯⎯⎯⎯⎯⎯⎯⎯⎯[352/508]⎯

 FAIL  |layer-query-engine| tests/contracts/engine/query/sql-generation.core.test.ts > Basic CRUD Operations > findMany > refuses non-portable JSON string path $status
AssertionError: expected [Function] to throw error including 'unexpected \'s\'' but got 'Operation \'findMany\' does not compi…'

Expected: [32m"unexpected 's'"[39m
Received: [31m"Operation 'findMany' does not compile to one SQL statement. Execute the operation instead."[39m

 ❯ tests/contracts/engine/query/sql-generation.core.test.ts:570:9
    568|           where: { metadata: { path, equals: "active" } },
    569|         })
    570|       ).toThrow(message);
       |         ^
    571|     });
    572| 

⎯⎯⎯⎯⎯⎯⎯⎯⎯⎯⎯⎯⎯⎯⎯⎯⎯⎯⎯⎯[353/508]⎯

 FAIL  |layer-query-engine| tests/contracts/engine/query/sql-generation.core.test.ts > Basic CRUD Operations > findMany > refuses path segments whose escaping is not portable
AssertionError: expected [Function] to throw error matching /requires a portable JSON path/ but got 'Operation \'findMany\' does not compi…'

[32m- Expected:[39m 
/requires a portable JSON path/

[31m+ Received:[39m 
"Operation 'findMany' does not compile to one SQL statement. Execute the operation instead."

 ❯ tests/contracts/engine/query/sql-generation.core.test.ts:579:11
    577|             where: { metadata: { path, equals: "active" } },
    578|           })
    579|         ).toThrow(PORTABLE_JSON_PATH_PATTERN);
       |           ^
    580|       }
    581|     });

⎯⎯⎯⎯⎯⎯⎯⎯⎯⎯⎯⎯⎯⎯⎯⎯⎯⎯⎯⎯[354/508]⎯

 FAIL  |layer-query-engine| tests/contracts/engine/query/sql-generation.core.test.ts > Basic CRUD Operations > findMany > empty accepted scalar filter fails closed
AssertionError: expected [Function] to throw error including 'Filter for field \'name\' must contai…' but got 'Operation \'findMany\' does not compi…'

Expected: [32m"[7mFilter for field 'name' must contain at least on[27me operation"[39m
Received: [31m"[7mOperation 'findMany' does not compile to one SQL statement. Execute th[27me operation[7m instead.[27m"[39m

 ❯ tests/contracts/engine/query/sql-generation.core.test.ts:590:9
    588|           },
    589|         })
    590|       ).toThrow("Filter for field 'name' must contain at least one ope…
       |         ^
    591|     });
    592| 

⎯⎯⎯⎯⎯⎯⎯⎯⎯⎯⎯⎯⎯⎯⎯⎯⎯⎯⎯⎯[355/508]⎯

 FAIL  |layer-query-engine| tests/contracts/engine/query/sql-generation.core.test.ts > Basic CRUD Operations > findMany > empty accepted relation filter fails closed
AssertionError: expected [Function] to throw error including 'Relation filter \'posts\' requires on…' but got 'Operation \'findMany\' does not compi…'

Expected: [32m"[7mRel[27mation fi[7mlter 'posts' requires one of: some, every, none[27m"[39m
Received: [31m"[7mOper[27mation [7m'[27mfi[7mndMany' does not compile to one SQL statement. Execute the operation instead.[27m"[39m

 ❯ tests/contracts/engine/query/sql-generation.core.test.ts:600:9
    598|           },
    599|         })
    600|       ).toThrow("Relation filter 'posts' requires one of: some, every,…
       |         ^
    601|     });
    602| 

⎯⎯⎯⎯⎯⎯⎯⎯⎯⎯⎯⎯⎯⎯⎯⎯⎯⎯⎯⎯[356/508]⎯

 FAIL  |layer-query-engine| tests/contracts/engine/query/sql-generation.core.test.ts > Basic CRUD Operations > findMany > empty OR filter does not broaden the query
QueryEngineError: Operation 'findMany' does not compile to one SQL statement. Execute the operation instead.
⎯⎯⎯⎯⎯⎯⎯⎯⎯⎯⎯⎯⎯⎯⎯⎯⎯⎯⎯⎯[357/508]⎯

 FAIL  |layer-query-engine| tests/contracts/engine/query/sql-generation.core.test.ts > Basic CRUD Operations > findMany > to-one relation scalar orderBy joins related table
QueryEngineError: Operation 'findMany' does not compile to one SQL statement. Execute the operation instead.
⎯⎯⎯⎯⎯⎯⎯⎯⎯⎯⎯⎯⎯⎯⎯⎯⎯⎯⎯⎯[358/508]⎯

 FAIL  |layer-query-engine| tests/contracts/engine/query/sql-generation.core.test.ts > Basic CRUD Operations > findMany > to-many relation _count orderBy uses count subquery
QueryEngineError: Operation 'findMany' does not compile to one SQL statement. Execute the operation instead.
⎯⎯⎯⎯⎯⎯⎯⎯⎯⎯⎯⎯⎯⎯⎯⎯⎯⎯⎯⎯[359/508]⎯

 FAIL  |layer-query-engine| tests/contracts/engine/query/sql-generation.core.test.ts > Basic CRUD Operations > findUnique > by id
QueryEngineError: Operation 'findUnique' does not compile to one SQL statement. Execute the operation instead.
⎯⎯⎯⎯⎯⎯⎯⎯⎯⎯⎯⎯⎯⎯⎯⎯⎯⎯⎯⎯[360/508]⎯

 FAIL  |layer-query-engine| tests/contracts/engine/query/sql-generation.core.test.ts > Basic CRUD Operations > findUnique > by unique field
QueryEngineError: Operation 'findUnique' does not compile to one SQL statement. Execute the operation instead.
⎯⎯⎯⎯⎯⎯⎯⎯⎯⎯⎯⎯⎯⎯⎯⎯⎯⎯⎯⎯[361/508]⎯

 FAIL  |layer-query-engine| tests/contracts/engine/query/sql-generation.core.test.ts > Basic CRUD Operations > findUnique > empty where fails before SQL generation
AssertionError: expected [Function] to throw error including 'Object cannot be empty' but got 'Operation \'findUnique\' does not com…'

Expected: [32m"O[7mbject cannot be empty[27m"[39m
Received: [31m"O[7mperation 'findUnique' does not compile to one SQL statement. Execute the operation instead.[27m"[39m

 ❯ tests/contracts/engine/query/sql-generation.core.test.ts:838:9
    836|           where: {},
    837|         })
    838|       ).toThrow("Object cannot be empty");
       |         ^
    839|     });
    840| 

⎯⎯⎯⎯⎯⎯⎯⎯⎯⎯⎯⎯⎯⎯⎯⎯⎯⎯⎯⎯[362/508]⎯

 FAIL  |layer-query-engine| tests/contracts/engine/query/sql-generation.core.test.ts > Basic CRUD Operations > findUnique > by compound id
QueryEngineError: Operation 'findUnique' does not compile to one SQL statement. Execute the operation instead.
⎯⎯⎯⎯⎯⎯⎯⎯⎯⎯⎯⎯⎯⎯⎯⎯⎯⎯⎯⎯[363/508]⎯

 FAIL  |layer-query-engine| tests/contracts/engine/query/sql-generation.core.test.ts > Basic CRUD Operations > findUnique > by compound unique
QueryEngineError: Operation 'findUnique' does not compile to one SQL statement. Execute the operation instead.
⎯⎯⎯⎯⎯⎯⎯⎯⎯⎯⎯⎯⎯⎯⎯⎯⎯⎯⎯⎯[364/508]⎯

 FAIL  |layer-query-engine| tests/contracts/engine/query/sql-generation.core.test.ts > Basic CRUD Operations > create > simple create
QueryEngineError: Operation 'create' does not compile to one SQL statement. Execute the operation instead.
⎯⎯⎯⎯⎯⎯⎯⎯⎯⎯⎯⎯⎯⎯⎯⎯⎯⎯⎯⎯[365/508]⎯

 FAIL  |layer-query-engine| tests/contracts/engine/query/sql-generation.core.test.ts > Basic CRUD Operations > create > with defaults
QueryEngineError: Operation 'create' does not compile to one SQL statement. Execute the operation instead.
⎯⎯⎯⎯⎯⎯⎯⎯⎯⎯⎯⎯⎯⎯⎯⎯⎯⎯⎯⎯[366/508]⎯

 FAIL  |layer-query-engine| tests/contracts/engine/query/sql-generation.core.test.ts > Basic CRUD Operations > update > simple update
QueryEngineError: Operation 'update' does not compile to one SQL statement. Execute the operation instead.
⎯⎯⎯⎯⎯⎯⎯⎯⎯⎯⎯⎯⎯⎯⎯⎯⎯⎯⎯⎯[367/508]⎯

 FAIL  |layer-query-engine| tests/contracts/engine/query/sql-generation.core.test.ts > Basic CRUD Operations > update > empty where fails before SQL generation
AssertionError: expected [Function] to throw error including 'Object cannot be empty' but got 'Operation \'update\' does not compile…'

Expected: [32m"O[7mbject cannot be empty[27m"[39m
Received: [31m"O[7mperation 'update' does not compile to one SQL statement. Execute the operation instead.[27m"[39m

 ❯ tests/contracts/engine/query/sql-generation.core.test.ts:906:9
    904|           data: { name: "Alice Updated" },
    905|         })
    906|       ).toThrow("Object cannot be empty");
       |         ^
    907|     });
    908|   });

⎯⎯⎯⎯⎯⎯⎯⎯⎯⎯⎯⎯⎯⎯⎯⎯⎯⎯⎯⎯[368/508]⎯

 FAIL  |layer-query-engine| tests/contracts/engine/query/sql-generation.core.test.ts > Basic CRUD Operations > delete > a scalar delete on a RETURNING driver is ONE statement
QueryEngineError: Operation 'delete' does not compile to one SQL statement. Execute the operation instead.
⎯⎯⎯⎯⎯⎯⎯⎯⎯⎯⎯⎯⎯⎯⎯⎯⎯⎯⎯⎯[369/508]⎯

 FAIL  |layer-query-engine| tests/contracts/engine/query/sql-generation.core.test.ts > Basic CRUD Operations > delete > empty where fails before SQL generation
AssertionError: expected [Function] to throw error including 'Object cannot be empty' but got 'Operation \'delete\' does not compile…'

Expected: [32m"O[7mbject cannot be empty[27m"[39m
Received: [31m"O[7mperation 'delete' does not compile to one SQL statement. Execute the operation instead.[27m"[39m

 ❯ tests/contracts/engine/query/sql-generation.core.test.ts:954:9
    952|           where: {},
    953|         })
    954|       ).toThrow("Object cannot be empty");
       |         ^
    955|     });
    956|   });

⎯⎯⎯⎯⎯⎯⎯⎯⎯⎯⎯⎯⎯⎯⎯⎯⎯⎯⎯⎯[370/508]⎯

 FAIL  |layer-query-engine| tests/contracts/engine/query/sql-generation.core.test.ts > Basic CRUD Operations > upsert > empty where fails before SQL generation
AssertionError: expected [Function] to throw error including 'Object cannot be empty' but got 'Operation \'upsert\' does not compile…'

Expected: [32m"O[7mbject cannot be empty[27m"[39m
Received: [31m"O[7mperation 'upsert' does not compile to one SQL statement. Execute the operation instead.[27m"[39m

 ❯ tests/contracts/engine/query/sql-generation.core.test.ts:1000:9
    998|           update: { name: "Alice Updated" },
    999|         })
    1000|       ).toThrow("Object cannot be empty");
       |         ^
    1001|     });
    1002| 

⎯⎯⎯⎯⎯⎯⎯⎯⎯⎯⎯⎯⎯⎯⎯⎯⎯⎯⎯⎯[371/508]⎯

 FAIL  |layer-query-engine| tests/contracts/engine/query/sql-generation.core.test.ts > Select/Include (Relation Loading) > select scalar fields only > select specific fields
QueryEngineError: Operation 'findMany' does not compile to one SQL statement. Execute the operation instead.
⎯⎯⎯⎯⎯⎯⎯⎯⎯⎯⎯⎯⎯⎯⎯⎯⎯⎯⎯⎯[372/508]⎯

 FAIL  |layer-query-engine| tests/contracts/engine/query/sql-generation.core.test.ts > Select/Include (Relation Loading) > select with to-one relation > select author on post (manyToOne)
QueryEngineError: Operation 'findMany' does not compile to one SQL statement. Execute the operation instead.
⎯⎯⎯⎯⎯⎯⎯⎯⎯⎯⎯⎯⎯⎯⎯⎯⎯⎯⎯⎯[373/508]⎯

 FAIL  |layer-query-engine| tests/contracts/engine/query/sql-generation.core.test.ts > Select/Include (Relation Loading) > select with to-many relation > select posts on author (oneToMany)
QueryEngineError: Operation 'findMany' does not compile to one SQL statement. Execute the operation instead.
⎯⎯⎯⎯⎯⎯⎯⎯⎯⎯⎯⎯⎯⎯⎯⎯⎯⎯⎯⎯[374/508]⎯

 FAIL  |layer-query-engine| tests/contracts/engine/query/sql-generation.core.test.ts > Select/Include (Relation Loading) > nested selects (2-3 levels deep) > author -> posts -> comments
QueryEngineError: Operation 'findMany' does not compile to one SQL statement. Execute the operation instead.
⎯⎯⎯⎯⎯⎯⎯⎯⎯⎯⎯⎯⎯⎯⎯⎯⎯⎯⎯⎯[375/508]⎯

 FAIL  |layer-query-engine| tests/contracts/engine/query/sql-generation.core.test.ts > Select/Include (Relation Loading) > select with where filter on relation > select posts with where
QueryEngineError: Operation 'findMany' does not compile to one SQL statement. Execute the operation instead.
⎯⎯⎯⎯⎯⎯⎯⎯⎯⎯⎯⎯⎯⎯⎯⎯⎯⎯⎯⎯[376/508]⎯

 FAIL  |layer-query-engine| tests/contracts/engine/query/sql-generation.core.test.ts > Select/Include (Relation Loading) > select with orderBy on relation > select posts ordered by title
QueryEngineError: Operation 'findMany' does not compile to one SQL statement. Execute the operation instead.
⎯⎯⎯⎯⎯⎯⎯⎯⎯⎯⎯⎯⎯⎯⎯⎯⎯⎯⎯⎯[377/508]⎯

 FAIL  |layer-query-engine| tests/contracts/engine/query/sql-generation.core.test.ts > Select/Include (Relation Loading) > select with take/skip on relation > select first 5 posts
QueryEngineError: Operation 'findMany' does not compile to one SQL statement. Execute the operation instead.
⎯⎯⎯⎯⎯⎯⎯⎯⎯⎯⎯⎯⎯⎯⎯⎯⎯⎯⎯⎯[378/508]⎯

 FAIL  |layer-query-engine| tests/contracts/engine/query/sql-generation.core.test.ts > Select/Include (Relation Loading) > select with take/skip on relation > select posts with skip
QueryEngineError: Operation 'findMany' does not compile to one SQL statement. Execute the operation instead.
⎯⎯⎯⎯⎯⎯⎯⎯⎯⎯⎯⎯⎯⎯⎯⎯⎯⎯⎯⎯[379/508]⎯

 FAIL  |layer-query-engine| tests/contracts/engine/query/sql-generation.core.test.ts > Select/Include (Relation Loading) > select with take/skip on relation > select posts with take and skip
QueryEngineError: Operation 'findMany' does not compile to one SQL statement. Execute the operation instead.
⎯⎯⎯⎯⎯⎯⎯⎯⎯⎯⎯⎯⎯⎯⎯⎯⎯⎯⎯⎯[380/508]⎯

 FAIL  |layer-query-engine| tests/contracts/engine/query/sql-generation.core.test.ts > Relation Filters in WHERE > to-many filters > some filter
QueryEngineError: Operation 'findMany' does not compile to one SQL statement. Execute the operation instead.
⎯⎯⎯⎯⎯⎯⎯⎯⎯⎯⎯⎯⎯⎯⎯⎯⎯⎯⎯⎯[381/508]⎯

 FAIL  |layer-query-engine| tests/contracts/engine/query/sql-generation.core.test.ts > Relation Filters in WHERE > to-many filters > every filter
QueryEngineError: Operation 'findMany' does not compile to one SQL statement. Execute the operation instead.
⎯⎯⎯⎯⎯⎯⎯⎯⎯⎯⎯⎯⎯⎯⎯⎯⎯⎯⎯⎯[382/508]⎯

 FAIL  |layer-query-engine| tests/contracts/engine/query/sql-generation.core.test.ts > Relation Filters in WHERE > to-many filters > none filter
QueryEngineError: Operation 'findMany' does not compile to one SQL statement. Execute the operation instead.
⎯⎯⎯⎯⎯⎯⎯⎯⎯⎯⎯⎯⎯⎯⎯⎯⎯⎯⎯⎯[383/508]⎯

 FAIL  |layer-query-engine| tests/contracts/engine/query/sql-generation.core.test.ts > Relation Filters in WHERE > to-many filters > combines all supplied filters independent of key order
QueryEngineError: Operation 'findMany' does not compile to one SQL statement. Execute the operation instead.
⎯⎯⎯⎯⎯⎯⎯⎯⎯⎯⎯⎯⎯⎯⎯⎯⎯⎯⎯⎯[384/508]⎯

 FAIL  |layer-query-engine| tests/contracts/engine/query/sql-generation.core.test.ts > Relation Filters in WHERE > to-many filters > empty every predicates lower to portable true
QueryEngineError: Operation 'findMany' does not compile to one SQL statement. Execute the operation instead.
⎯⎯⎯⎯⎯⎯⎯⎯⎯⎯⎯⎯⎯⎯⎯⎯⎯⎯⎯⎯[385/508]⎯

 FAIL  |layer-query-engine| tests/contracts/engine/query/sql-generation.core.test.ts > Relation Filters in WHERE > to-one filters > is filter
QueryEngineError: Operation 'findMany' does not compile to one SQL statement. Execute the operation instead.
⎯⎯⎯⎯⎯⎯⎯⎯⎯⎯⎯⎯⎯⎯⎯⎯⎯⎯⎯⎯[386/508]⎯

 FAIL  |layer-query-engine| tests/contracts/engine/query/sql-generation.core.test.ts > Relation Filters in WHERE > to-one filters > isNot filter
QueryEngineError: Operation 'findMany' does not compile to one SQL statement. Execute the operation instead.
⎯⎯⎯⎯⎯⎯⎯⎯⎯⎯⎯⎯⎯⎯⎯⎯⎯⎯⎯⎯[387/508]⎯

 FAIL  |layer-query-engine| tests/contracts/engine/query/sql-generation.core.test.ts > Relation Filters in WHERE > to-one filters > combines is and isNot independent of key order
QueryEngineError: Operation 'findMany' does not compile to one SQL statement. Execute the operation instead.
⎯⎯⎯⎯⎯⎯⎯⎯⎯⎯⎯⎯⎯⎯⎯⎯⎯⎯⎯⎯[388/508]⎯

 FAIL  |layer-query-engine| tests/contracts/engine/query/sql-generation.core.test.ts > Relation Filters in WHERE > null checks on a to-one > a required slot refuses the null form
AssertionError: expected error to be instance of ValidationError

[32m- Expected:[39m 
[Function ValidationError]

[31m+ Received:[39m 
QueryEngineError {
  "message": "Operation 'findMany' does not compile to one SQL statement. Execute the operation instead.",
  "code": "V9001",
  "originalCause": undefined,
  "meta": {},
  "timestamp": 2026-09-16T19:55:14.096Z,
  "name": "QueryEngineError",
}

 ❯ tests/contracts/engine/query/sql-generation.core.test.ts:1336:9
    1334|       expect(() =>
    1335|         getSql(Post, "findMany", { where: { author: { is: null } } })
    1336|       ).toThrow(ValidationError);
       |         ^
    1337|       expect(() =>
    1338|         getSql(Post, "findMany", { where: { author: { isNot: null } } …

⎯⎯⎯⎯⎯⎯⎯⎯⎯⎯⎯⎯⎯⎯⎯⎯⎯⎯⎯⎯[389/508]⎯

 FAIL  |layer-query-engine| tests/contracts/engine/query/sql-generation.core.test.ts > Relation Filters in WHERE > null checks on a to-one > is null
QueryEngineError: Operation 'findMany' does not compile to one SQL statement. Execute the operation instead.
⎯⎯⎯⎯⎯⎯⎯⎯⎯⎯⎯⎯⎯⎯⎯⎯⎯⎯⎯⎯[390/508]⎯

 FAIL  |layer-query-engine| tests/contracts/engine/query/sql-generation.core.test.ts > Relation Filters in WHERE > null checks on a to-one > isNot null
QueryEngineError: Operation 'findMany' does not compile to one SQL statement. Execute the operation instead.
⎯⎯⎯⎯⎯⎯⎯⎯⎯⎯⎯⎯⎯⎯⎯⎯⎯⎯⎯⎯[391/508]⎯

 FAIL  |layer-query-engine| tests/contracts/engine/query/sql-generation.core.test.ts > Relation Filters in WHERE > null checks on a to-one > combines null and object forms
QueryEngineError: Operation 'findMany' does not compile to one SQL statement. Execute the operation instead.
⎯⎯⎯⎯⎯⎯⎯⎯⎯⎯⎯⎯⎯⎯⎯⎯⎯⎯⎯⎯[392/508]⎯

 FAIL  |layer-query-engine| tests/contracts/engine/query/sql-generation.core.test.ts > Many-to-Many Relations > select with manyToMany relation > select tags on post
QueryEngineError: Operation 'findMany' does not compile to one SQL statement. Execute the operation instead.
⎯⎯⎯⎯⎯⎯⎯⎯⎯⎯⎯⎯⎯⎯⎯⎯⎯⎯⎯⎯[393/508]⎯

 FAIL  |layer-query-engine| tests/contracts/engine/query/sql-generation.core.test.ts > Many-to-Many Relations > select with manyToMany relation > select posts on tag
QueryEngineError: Operation 'findMany' does not compile to one SQL statement. Execute the operation instead.
⎯⎯⎯⎯⎯⎯⎯⎯⎯⎯⎯⎯⎯⎯⎯⎯⎯⎯⎯⎯[394/508]⎯

 FAIL  |layer-query-engine| tests/contracts/engine/query/sql-generation.core.test.ts > Many-to-Many Relations > filter with manyToMany > some filter through junction
QueryEngineError: Operation 'findMany' does not compile to one SQL statement. Execute the operation instead.
⎯⎯⎯⎯⎯⎯⎯⎯⎯⎯⎯⎯⎯⎯⎯⎯⎯⎯⎯⎯[395/508]⎯

 FAIL  |layer-query-engine| tests/contracts/engine/query/sql-generation.core.test.ts > Many-to-Many Relations > filter with manyToMany > every filter through junction
QueryEngineError: Operation 'findMany' does not compile to one SQL statement. Execute the operation instead.
⎯⎯⎯⎯⎯⎯⎯⎯⎯⎯⎯⎯⎯⎯⎯⎯⎯⎯⎯⎯[396/508]⎯

 FAIL  |layer-query-engine| tests/contracts/engine/query/sql-generation.core.test.ts > Many-to-Many Relations > filter with manyToMany > none filter through junction
QueryEngineError: Operation 'findMany' does not compile to one SQL statement. Execute the operation instead.
⎯⎯⎯⎯⎯⎯⎯⎯⎯⎯⎯⎯⎯⎯⎯⎯⎯⎯⎯⎯[397/508]⎯

 FAIL  |layer-query-engine| tests/contracts/engine/query/sql-generation.core.test.ts > Many-to-Many Relations > filter with manyToMany > combines all supplied filters through the junction independent of key order
QueryEngineError: Operation 'findMany' does not compile to one SQL statement. Execute the operation instead.
⎯⎯⎯⎯⎯⎯⎯⎯⎯⎯⎯⎯⎯⎯⎯⎯⎯⎯⎯⎯[398/508]⎯

 FAIL  |layer-query-engine| tests/contracts/engine/query/sql-generation.core.test.ts > Many-to-Many Relations > filter with manyToMany > empty every through the junction lowers to portable true
QueryEngineError: Operation 'findMany' does not compile to one SQL statement. Execute the operation instead.
⎯⎯⎯⎯⎯⎯⎯⎯⎯⎯⎯⎯⎯⎯⎯⎯⎯⎯⎯⎯[399/508]⎯

 FAIL  |layer-query-engine| tests/contracts/engine/query/sql-generation.core.test.ts > Relation _count > count posts on author
QueryEngineError: Operation 'findMany' does not compile to one SQL statement. Execute the operation instead.
⎯⎯⎯⎯⎯⎯⎯⎯⎯⎯⎯⎯⎯⎯⎯⎯⎯⎯⎯⎯[400/508]⎯

 FAIL  |layer-query-engine| tests/contracts/engine/query/sql-generation.core.test.ts > Relation _count > count with filter
QueryEngineError: Operation 'findMany' does not compile to one SQL statement. Execute the operation instead.
⎯⎯⎯⎯⎯⎯⎯⎯⎯⎯⎯⎯⎯⎯⎯⎯⎯⎯⎯⎯[401/508]⎯

 FAIL  |layer-query-engine| tests/contracts/engine/query/sql-generation.core.test.ts > Multi-step writes > create with nested > create with nested create builds ONE folded statement
QueryEngineError: Operation 'create' does not compile to one SQL statement. Execute the operation instead.
⎯⎯⎯⎯⎯⎯⎯⎯⎯⎯⎯⎯⎯⎯⎯⎯⎯⎯⎯⎯[402/508]⎯

 FAIL  |layer-query-engine| tests/contracts/engine/query/sql-generation.core.test.ts > Multi-step writes > create with nested > create with nested createMany builds ONE folded statement
QueryEngineError: Operation 'create' does not compile to one SQL statement. Execute the operation instead.
⎯⎯⎯⎯⎯⎯⎯⎯⎯⎯⎯⎯⎯⎯⎯⎯⎯⎯⎯⎯[403/508]⎯

 FAIL  |layer-query-engine| tests/contracts/engine/query/sql-generation.core.test.ts > Multi-step writes > update with nested > a required relation publishes no disconnect at all
AssertionError: expected error to be instance of ValidationError

[32m- Expected:[39m 
[Function ValidationError]

[31m+ Received:[39m 
QueryEngineError {
  "message": "Operation 'update' does not compile to one SQL statement. Execute the operation instead.",
  "code": "V9001",
  "originalCause": undefined,
  "meta": {},
  "timestamp": 2026-09-16T19:55:14.098Z,
  "name": "QueryEngineError",
}

 ❯ tests/contracts/engine/query/sql-generation.core.test.ts:1657:9
    1655|           },
    1656|         })
    1657|       ).toThrow(ValidationError);
       |         ^
    1658|     });
    1659| 

⎯⎯⎯⎯⎯⎯⎯⎯⎯⎯⎯⎯⎯⎯⎯⎯⎯⎯⎯⎯[404/508]⎯

 FAIL  |layer-query-engine| tests/contracts/engine/query/sql-generation.core.test.ts > Multi-step writes > dialect top-level relation-filter mutations > 'PostgreSQL' updateMany relation filter stays correlated to the target table
QueryEngineError: Operation 'updateMany' does not compile to one SQL statement. Execute the operation instead.
⎯⎯⎯⎯⎯⎯⎯⎯⎯⎯⎯⎯⎯⎯⎯⎯⎯⎯⎯⎯[405/508]⎯

 FAIL  |layer-query-engine| tests/contracts/engine/query/sql-generation.core.test.ts > Multi-step writes > dialect top-level relation-filter mutations > 'SQLite' updateMany relation filter stays correlated to the target table
QueryEngineError: Operation 'updateMany' does not compile to one SQL statement. Execute the operation instead.
⎯⎯⎯⎯⎯⎯⎯⎯⎯⎯⎯⎯⎯⎯⎯⎯⎯⎯⎯⎯[406/508]⎯

 FAIL  |layer-query-engine| tests/contracts/engine/query/sql-generation.core.test.ts > Multi-step writes > dialect top-level relation-filter mutations > 'MySQL' updateMany relation filter stays correlated to the target table
QueryEngineError: Operation 'updateMany' does not compile to one SQL statement. Execute the operation instead.
⎯⎯⎯⎯⎯⎯⎯⎯⎯⎯⎯⎯⎯⎯⎯⎯⎯⎯⎯⎯[407/508]⎯

 FAIL  |layer-query-engine| tests/contracts/engine/query/sql-generation.core.test.ts > Multi-step writes > dialect top-level relation-filter mutations > 'PostgreSQL' deleteMany relation filter stays correlated to the target table
QueryEngineError: Operation 'deleteMany' does not compile to one SQL statement. Execute the operation instead.
⎯⎯⎯⎯⎯⎯⎯⎯⎯⎯⎯⎯⎯⎯⎯⎯⎯⎯⎯⎯[408/508]⎯

 FAIL  |layer-query-engine| tests/contracts/engine/query/sql-generation.core.test.ts > Multi-step writes > dialect top-level relation-filter mutations > 'SQLite' deleteMany relation filter stays correlated to the target table
QueryEngineError: Operation 'deleteMany' does not compile to one SQL statement. Execute the operation instead.
⎯⎯⎯⎯⎯⎯⎯⎯⎯⎯⎯⎯⎯⎯⎯⎯⎯⎯⎯⎯[409/508]⎯

 FAIL  |layer-query-engine| tests/contracts/engine/query/sql-generation.core.test.ts > Multi-step writes > dialect top-level relation-filter mutations > 'MySQL' deleteMany relation filter stays correlated to the target table
QueryEngineError: Operation 'deleteMany' does not compile to one SQL statement. Execute the operation instead.
⎯⎯⎯⎯⎯⎯⎯⎯⎯⎯⎯⎯⎯⎯⎯⎯⎯⎯⎯⎯[410/508]⎯

 FAIL  |layer-query-engine| tests/contracts/engine/query/sql-generation.core.test.ts > Aggregates > count > simple count
QueryEngineError: Operation 'count' does not compile to one SQL statement. Execute the operation instead.
⎯⎯⎯⎯⎯⎯⎯⎯⎯⎯⎯⎯⎯⎯⎯⎯⎯⎯⎯⎯[411/508]⎯

 FAIL  |layer-query-engine| tests/contracts/engine/query/sql-generation.core.test.ts > Aggregates > count > count with where
QueryEngineError: Operation 'count' does not compile to one SQL statement. Execute the operation instead.
⎯⎯⎯⎯⎯⎯⎯⎯⎯⎯⎯⎯⎯⎯⎯⎯⎯⎯⎯⎯[412/508]⎯

 FAIL  |layer-query-engine| tests/contracts/engine/query/sql-generation.core.test.ts > Aggregates > count > with order and pagination counts an input subquery
QueryEngineError: Operation 'count' does not compile to one SQL statement. Execute the operation instead.
⎯⎯⎯⎯⎯⎯⎯⎯⎯⎯⎯⎯⎯⎯⎯⎯⎯⎯⎯⎯[413/508]⎯

 FAIL  |layer-query-engine| tests/contracts/engine/query/sql-generation.core.test.ts > Aggregates > count > with cursor pagination counts an input subquery
QueryEngineError: Operation 'count' does not compile to one SQL statement. Execute the operation instead.
⎯⎯⎯⎯⎯⎯⎯⎯⎯⎯⎯⎯⎯⎯⎯⎯⎯⎯⎯⎯[414/508]⎯

 FAIL  |layer-query-engine| tests/contracts/engine/query/sql-generation.core.test.ts > Aggregates > count > with supported relation order counts an input subquery
QueryEngineError: Operation 'count' does not compile to one SQL statement. Execute the operation instead.
⎯⎯⎯⎯⎯⎯⎯⎯⎯⎯⎯⎯⎯⎯⎯⎯⎯⎯⎯⎯[415/508]⎯

 FAIL  |layer-query-engine| tests/contracts/engine/query/sql-generation.core.test.ts > Aggregates > aggregate > projects selected count members and ignores false selections
QueryEngineError: Operation 'aggregate' does not compile to one SQL statement. Execute the operation instead.
⎯⎯⎯⎯⎯⎯⎯⎯⎯⎯⎯⎯⎯⎯⎯⎯⎯⎯⎯⎯[416/508]⎯

 FAIL  |layer-query-engine| tests/contracts/engine/query/sql-generation.core.test.ts > Aggregates > aggregate > with _sum, _avg, _min, _max
QueryEngineError: Operation 'aggregate' does not compile to one SQL statement. Execute the operation instead.
⎯⎯⎯⎯⎯⎯⎯⎯⎯⎯⎯⎯⎯⎯⎯⎯⎯⎯⎯⎯[417/508]⎯

 FAIL  |layer-query-engine| tests/contracts/engine/query/sql-generation.core.test.ts > Aggregates > aggregate > with order and pagination aggregates an input subquery
QueryEngineError: Operation 'aggregate' does not compile to one SQL statement. Execute the operation instead.
⎯⎯⎯⎯⎯⎯⎯⎯⎯⎯⎯⎯⎯⎯⎯⎯⎯⎯⎯⎯[418/508]⎯

 FAIL  |layer-query-engine| tests/contracts/engine/query/sql-generation.core.test.ts > Aggregates > aggregate > with supported relation order aggregates an input subquery
QueryEngineError: Operation 'aggregate' does not compile to one SQL statement. Execute the operation instead.
⎯⎯⎯⎯⎯⎯⎯⎯⎯⎯⎯⎯⎯⎯⎯⎯⎯⎯⎯⎯[419/508]⎯

 FAIL  |layer-query-engine| tests/contracts/engine/query/sql-generation.core.test.ts > Aggregates > groupBy > with aggregate having (_count)
QueryEngineError: Operation 'groupBy' does not compile to one SQL statement. Execute the operation instead.
⎯⎯⎯⎯⎯⎯⎯⎯⎯⎯⎯⎯⎯⎯⎯⎯⎯⎯⎯⎯[420/508]⎯

 FAIL  |layer-query-engine| tests/contracts/engine/query/sql-generation.core.test.ts > Aggregates > groupBy > with multiple aggregates on same field
QueryEngineError: Operation 'groupBy' does not compile to one SQL statement. Execute the operation instead.
⎯⎯⎯⎯⎯⎯⎯⎯⎯⎯⎯⎯⎯⎯⎯⎯⎯⎯⎯⎯[421/508]⎯

 FAIL  |layer-query-engine| tests/contracts/engine/query/sql-generation.core.test.ts > Aggregates > groupBy > with multiple fields (aggregate having)
QueryEngineError: Operation 'groupBy' does not compile to one SQL statement. Execute the operation instead.
⎯⎯⎯⎯⎯⎯⎯⎯⎯⎯⎯⎯⎯⎯⎯⎯⎯⎯⎯⎯[422/508]⎯

 FAIL  |layer-query-engine| tests/contracts/engine/query/sql-generation.core.test.ts > Aggregates > groupBy > with direct value filter in having
QueryEngineError: Operation 'groupBy' does not compile to one SQL statement. Execute the operation instead.
⎯⎯⎯⎯⎯⎯⎯⎯⎯⎯⎯⎯⎯⎯⎯⎯⎯⎯⎯⎯[423/508]⎯

 FAIL  |layer-query-engine| tests/contracts/engine/query/sql-generation.core.test.ts > Aggregates > groupBy > with direct object filter (equals)
QueryEngineError: Operation 'groupBy' does not compile to one SQL statement. Execute the operation instead.
⎯⎯⎯⎯⎯⎯⎯⎯⎯⎯⎯⎯⎯⎯⎯⎯⎯⎯⎯⎯[424/508]⎯

 FAIL  |layer-query-engine| tests/contracts/engine/query/sql-generation.core.test.ts > Aggregates > groupBy > with direct object filter (in)
QueryEngineError: Operation 'groupBy' does not compile to one SQL statement. Execute the operation instead.
⎯⎯⎯⎯⎯⎯⎯⎯⎯⎯⎯⎯⎯⎯⎯⎯⎯⎯⎯⎯[425/508]⎯

 FAIL  |layer-query-engine| tests/contracts/engine/query/sql-generation.core.test.ts > Aggregates > groupBy > with direct object filter (notIn)
QueryEngineError: Operation 'groupBy' does not compile to one SQL statement. Execute the operation instead.
⎯⎯⎯⎯⎯⎯⎯⎯⎯⎯⎯⎯⎯⎯⎯⎯⎯⎯⎯⎯[426/508]⎯

 FAIL  |layer-query-engine| tests/contracts/engine/query/sql-generation.core.test.ts > Aggregates > groupBy > with mixed aggregate and direct filters
QueryEngineError: Operation 'groupBy' does not compile to one SQL statement. Execute the operation instead.
⎯⎯⎯⎯⎯⎯⎯⎯⎯⎯⎯⎯⎯⎯⎯⎯⎯⎯⎯⎯[427/508]⎯

 FAIL  |layer-query-engine| tests/contracts/engine/query/sql-generation.core.test.ts > Aggregates > groupBy > throws when direct having filter field is not in by
AssertionError: expected [Function] to throw error including 'must be included in \'by\'' but got 'Operation \'groupBy\' does not compil…'

Expected: [32m"must be included in 'by'"[39m
Received: [31m"Operation 'groupBy' does not compile to one SQL statement. Execute the operation instead."[39m

 ❯ tests/contracts/engine/query/sql-generation.core.test.ts:2015:9
    2013|           },
    2014|         })
    2015|       ).toThrow("must be included in 'by'");
       |         ^
    2016|     });
    2017| 

⎯⎯⎯⎯⎯⎯⎯⎯⎯⎯⎯⎯⎯⎯⎯⎯⎯⎯⎯⎯[428/508]⎯

 FAIL  |layer-query-engine| tests/contracts/engine/query/sql-generation.core.test.ts > Aggregates > groupBy > combines logical having arms without widening empty disjunctions
QueryEngineError: Operation 'groupBy' does not compile to one SQL statement. Execute the operation instead.
⎯⎯⎯⎯⎯⎯⎯⎯⎯⎯⎯⎯⎯⎯⎯⎯⎯⎯⎯⎯[429/508]⎯

 FAIL  |layer-query-engine| tests/contracts/engine/query/sql-generation.core.test.ts > Aggregates > groupBy > orders groups by every aggregate expression and applies a window
QueryEngineError: Operation 'groupBy' does not compile to one SQL statement. Execute the operation instead.
⎯⎯⎯⎯⎯⎯⎯⎯⎯⎯⎯⎯⎯⎯⎯⎯⎯⎯⎯⎯[430/508]⎯

 FAIL  |layer-query-engine| tests/contracts/engine/query/sql-generation.core.test.ts > Aggregates > groupBy > keeps empty aggregate membership comparisons mathematically exact
QueryEngineError: Operation 'groupBy' does not compile to one SQL statement. Execute the operation instead.
⎯⎯⎯⎯⎯⎯⎯⎯⎯⎯⎯⎯⎯⎯⎯⎯⎯⎯⎯⎯[431/508]⎯

 FAIL  |layer-query-engine| tests/contracts/engine/query/sql-generation.core.test.ts > explicit undefined args behave like absent args > findMany with { where: undefined } matches {}
QueryEngineError: Operation 'findMany' does not compile to one SQL statement. Execute the operation instead.
⎯⎯⎯⎯⎯⎯⎯⎯⎯⎯⎯⎯⎯⎯⎯⎯⎯⎯⎯⎯[432/508]⎯

 FAIL  |layer-query-engine| tests/contracts/engine/query/sql-generation.core.test.ts > explicit undefined args behave like absent args > findMany with undefined where field matches omitting it
QueryEngineError: Operation 'findMany' does not compile to one SQL statement. Execute the operation instead.
⎯⎯⎯⎯⎯⎯⎯⎯⎯⎯⎯⎯⎯⎯⎯⎯⎯⎯⎯⎯[433/508]⎯

 FAIL  |layer-query-engine| tests/contracts/engine/query/sql-generation.core.test.ts > explicit undefined args behave like absent args > findMany with undefined select/orderBy/take matches {}
QueryEngineError: Operation 'findMany' does not compile to one SQL statement. Execute the operation instead.
⎯⎯⎯⎯⎯⎯⎯⎯⎯⎯⎯⎯⎯⎯⎯⎯⎯⎯⎯⎯[434/508]⎯

 FAIL  |layer-query-engine| tests/contracts/engine/query/sql-generation.core.test.ts > explicit undefined args behave like absent args > update with undefined data field does not touch the column
QueryEngineError: Operation 'update' does not compile to one SQL statement. Execute the operation instead.
⎯⎯⎯⎯⎯⎯⎯⎯⎯⎯⎯⎯⎯⎯⎯⎯⎯⎯⎯⎯[435/508]⎯

 FAIL  |layer-query-engine| tests/contracts/engine/query/sql-generation.core.test.ts > explicit undefined args behave like absent args > relation count with { where: undefined } matches plain count
QueryEngineError: Operation 'findMany' does not compile to one SQL statement. Execute the operation instead.
⎯⎯⎯⎯⎯⎯⎯⎯⎯⎯⎯⎯⎯⎯⎯⎯⎯⎯⎯⎯[436/508]⎯

 FAIL  |layer-query-engine| tests/contracts/engine/query/starts-with-prefix-sql.core.test.ts > 'PostgreSQL' startsWith SQL > a plain-string startsWith emits the index-usable prefix predicate
QueryEngineError: Operation 'findMany' does not compile to one SQL statement. Execute the operation instead.
⎯⎯⎯⎯⎯⎯⎯⎯⎯⎯⎯⎯⎯⎯⎯⎯⎯⎯⎯⎯[437/508]⎯

 FAIL  |layer-query-engine| tests/contracts/engine/query/starts-with-prefix-sql.core.test.ts > 'PostgreSQL' startsWith SQL > the escape characters land in the bound pattern, not the SQL
QueryEngineError: Operation 'findMany' does not compile to one SQL statement. Execute the operation instead.
⎯⎯⎯⎯⎯⎯⎯⎯⎯⎯⎯⎯⎯⎯⎯⎯⎯⎯⎯⎯[438/508]⎯

 FAIL  |layer-query-engine| tests/contracts/engine/query/starts-with-prefix-sql.core.test.ts > 'PostgreSQL' startsWith SQL > the empty value still produces a bare-wildcard pattern
QueryEngineError: Operation 'findMany' does not compile to one SQL statement. Execute the operation instead.
⎯⎯⎯⎯⎯⎯⎯⎯⎯⎯⎯⎯⎯⎯⎯⎯⎯⎯⎯⎯[439/508]⎯

 FAIL  |layer-query-engine| tests/contracts/engine/query/starts-with-prefix-sql.core.test.ts > 'PostgreSQL' startsWith SQL > endsWith keeps the LEFT/substr family — no dialect can range a suffix
QueryEngineError: Operation 'findMany' does not compile to one SQL statement. Execute the operation instead.
⎯⎯⎯⎯⎯⎯⎯⎯⎯⎯⎯⎯⎯⎯⎯⎯⎯⎯⎯⎯[440/508]⎯

 FAIL  |layer-query-engine| tests/contracts/engine/query/starts-with-prefix-sql.core.test.ts > 'PostgreSQL' startsWith SQL > contains keeps its own spelling
QueryEngineError: Operation 'findMany' does not compile to one SQL statement. Execute the operation instead.
⎯⎯⎯⎯⎯⎯⎯⎯⎯⎯⎯⎯⎯⎯⎯⎯⎯⎯⎯⎯[441/508]⎯

 FAIL  |layer-query-engine| tests/contracts/engine/query/starts-with-prefix-sql.core.test.ts > 'PostgreSQL' startsWith SQL > insensitive startsWith keeps the fold spelling
QueryEngineError: Operation 'findMany' does not compile to one SQL statement. Execute the operation instead.
⎯⎯⎯⎯⎯⎯⎯⎯⎯⎯⎯⎯⎯⎯⎯⎯⎯⎯⎯⎯[442/508]⎯

 FAIL  |layer-query-engine| tests/contracts/engine/query/starts-with-prefix-sql.core.test.ts > 'PostgreSQL' startsWith SQL > a referenced-column operand keeps the LEFT/substr spelling
QueryEngineError: Operation 'findMany' does not compile to one SQL statement. Execute the operation instead.
⎯⎯⎯⎯⎯⎯⎯⎯⎯⎯⎯⎯⎯⎯⎯⎯⎯⎯⎯⎯[443/508]⎯

 FAIL  |layer-query-engine| tests/contracts/engine/query/starts-with-prefix-sql.core.test.ts > 'PostgreSQL' startsWith SQL > the parse boundary refuses startsWith on an enum column
 FAIL  |layer-query-engine| tests/contracts/engine/query/starts-with-prefix-sql.core.test.ts > 'MySQL' startsWith SQL > the parse boundary refuses startsWith on an enum column
 FAIL  |layer-query-engine| tests/contracts/engine/query/starts-with-prefix-sql.core.test.ts > 'SQLite' startsWith SQL > the parse boundary refuses startsWith on an enum column
AssertionError: expected [Function] to throw error matching /Unknown key: startsWith|did not match…/ but got 'Operation \'findMany\' does not compi…'

[32m- Expected:[39m 
/Unknown key: startsWith|did not match any union member/

[31m+ Received:[39m 
"Operation 'findMany' does not compile to one SQL statement. Execute the operation instead."

 ❯ tests/contracts/engine/query/starts-with-prefix-sql.core.test.ts:215:7
    213|     expect(() =>
    214|       predicateOf(dialectCase, { where: { status: { startsWith: "dra" …
    215|     ).toThrow(STARTS_WITH_REFUSAL);
       |       ^
    216|   });
    217| 

⎯⎯⎯⎯⎯⎯⎯⎯⎯⎯⎯⎯⎯⎯⎯⎯⎯⎯⎯⎯[444/508]⎯

 FAIL  |layer-query-engine| tests/contracts/engine/query/starts-with-prefix-sql.core.test.ts > 'PostgreSQL' startsWith SQL > the parse boundary refuses startsWith on a string list
 FAIL  |layer-query-engine| tests/contracts/engine/query/starts-with-prefix-sql.core.test.ts > 'MySQL' startsWith SQL > the parse boundary refuses startsWith on a string list
 FAIL  |layer-query-engine| tests/contracts/engine/query/starts-with-prefix-sql.core.test.ts > 'SQLite' startsWith SQL > the parse boundary refuses startsWith on a string list
AssertionError: expected [Function] to throw error matching /Unknown key: startsWith|did not match…/ but got 'Operation \'findMany\' does not compi…'

[32m- Expected:[39m 
/Unknown key: startsWith|did not match any union member/

[31m+ Received:[39m 
"Operation 'findMany' does not compile to one SQL statement. Execute the operation instead."

 ❯ tests/contracts/engine/query/starts-with-prefix-sql.core.test.ts:221:7
    219|     expect(() =>
    220|       predicateOf(dialectCase, { where: { tags: { startsWith: "ab" } }…
    221|     ).toThrow(STARTS_WITH_REFUSAL);
       |       ^
    222|   });
    223| });

⎯⎯⎯⎯⎯⎯⎯⎯⎯⎯⎯⎯⎯⎯⎯⎯⎯⎯⎯⎯[445/508]⎯

 FAIL  |layer-query-engine| tests/contracts/engine/query/starts-with-prefix-sql.core.test.ts > 'MySQL' startsWith SQL > a plain-string startsWith emits the index-usable prefix predicate
QueryEngineError: Operation 'findMany' does not compile to one SQL statement. Execute the operation instead.
⎯⎯⎯⎯⎯⎯⎯⎯⎯⎯⎯⎯⎯⎯⎯⎯⎯⎯⎯⎯[446/508]⎯

 FAIL  |layer-query-engine| tests/contracts/engine/query/starts-with-prefix-sql.core.test.ts > 'MySQL' startsWith SQL > the escape characters land in the bound pattern, not the SQL
QueryEngineError: Operation 'findMany' does not compile to one SQL statement. Execute the operation instead.
⎯⎯⎯⎯⎯⎯⎯⎯⎯⎯⎯⎯⎯⎯⎯⎯⎯⎯⎯⎯[447/508]⎯

 FAIL  |layer-query-engine| tests/contracts/engine/query/starts-with-prefix-sql.core.test.ts > 'MySQL' startsWith SQL > the empty value still produces a bare-wildcard pattern
QueryEngineError: Operation 'findMany' does not compile to one SQL statement. Execute the operation instead.
⎯⎯⎯⎯⎯⎯⎯⎯⎯⎯⎯⎯⎯⎯⎯⎯⎯⎯⎯⎯[448/508]⎯

 FAIL  |layer-query-engine| tests/contracts/engine/query/starts-with-prefix-sql.core.test.ts > 'MySQL' startsWith SQL > endsWith keeps the LEFT/substr family — no dialect can range a suffix
QueryEngineError: Operation 'findMany' does not compile to one SQL statement. Execute the operation instead.
⎯⎯⎯⎯⎯⎯⎯⎯⎯⎯⎯⎯⎯⎯⎯⎯⎯⎯⎯⎯[449/508]⎯

 FAIL  |layer-query-engine| tests/contracts/engine/query/starts-with-prefix-sql.core.test.ts > 'MySQL' startsWith SQL > contains keeps its own spelling
QueryEngineError: Operation 'findMany' does not compile to one SQL statement. Execute the operation instead.
⎯⎯⎯⎯⎯⎯⎯⎯⎯⎯⎯⎯⎯⎯⎯⎯⎯⎯⎯⎯[450/508]⎯

 FAIL  |layer-query-engine| tests/contracts/engine/query/starts-with-prefix-sql.core.test.ts > 'MySQL' startsWith SQL > insensitive startsWith keeps the fold spelling
QueryEngineError: Operation 'findMany' does not compile to one SQL statement. Execute the operation instead.
⎯⎯⎯⎯⎯⎯⎯⎯⎯⎯⎯⎯⎯⎯⎯⎯⎯⎯⎯⎯[451/508]⎯

 FAIL  |layer-query-engine| tests/contracts/engine/query/starts-with-prefix-sql.core.test.ts > 'MySQL' startsWith SQL > a referenced-column operand keeps the LEFT/substr spelling
QueryEngineError: Operation 'findMany' does not compile to one SQL statement. Execute the operation instead.
⎯⎯⎯⎯⎯⎯⎯⎯⎯⎯⎯⎯⎯⎯⎯⎯⎯⎯⎯⎯[452/508]⎯

 FAIL  |layer-query-engine| tests/contracts/engine/query/starts-with-prefix-sql.core.test.ts > 'SQLite' startsWith SQL > a plain-string startsWith emits the index-usable prefix predicate
QueryEngineError: Operation 'findMany' does not compile to one SQL statement. Execute the operation instead.
⎯⎯⎯⎯⎯⎯⎯⎯⎯⎯⎯⎯⎯⎯⎯⎯⎯⎯⎯⎯[453/508]⎯

 FAIL  |layer-query-engine| tests/contracts/engine/query/starts-with-prefix-sql.core.test.ts > 'SQLite' startsWith SQL > the escape characters land in the bound pattern, not the SQL
QueryEngineError: Operation 'findMany' does not compile to one SQL statement. Execute the operation instead.
⎯⎯⎯⎯⎯⎯⎯⎯⎯⎯⎯⎯⎯⎯⎯⎯⎯⎯⎯⎯[454/508]⎯

 FAIL  |layer-query-engine| tests/contracts/engine/query/starts-with-prefix-sql.core.test.ts > 'SQLite' startsWith SQL > the empty value still produces a bare-wildcard pattern
QueryEngineError: Operation 'findMany' does not compile to one SQL statement. Execute the operation instead.
⎯⎯⎯⎯⎯⎯⎯⎯⎯⎯⎯⎯⎯⎯⎯⎯⎯⎯⎯⎯[455/508]⎯

 FAIL  |layer-query-engine| tests/contracts/engine/query/starts-with-prefix-sql.core.test.ts > 'SQLite' startsWith SQL > endsWith keeps the LEFT/substr family — no dialect can range a suffix
QueryEngineError: Operation 'findMany' does not compile to one SQL statement. Execute the operation instead.
⎯⎯⎯⎯⎯⎯⎯⎯⎯⎯⎯⎯⎯⎯⎯⎯⎯⎯⎯⎯[456/508]⎯

 FAIL  |layer-query-engine| tests/contracts/engine/query/starts-with-prefix-sql.core.test.ts > 'SQLite' startsWith SQL > contains keeps its own spelling
QueryEngineError: Operation 'findMany' does not compile to one SQL statement. Execute the operation instead.
⎯⎯⎯⎯⎯⎯⎯⎯⎯⎯⎯⎯⎯⎯⎯⎯⎯⎯⎯⎯[457/508]⎯

 FAIL  |layer-query-engine| tests/contracts/engine/query/starts-with-prefix-sql.core.test.ts > 'SQLite' startsWith SQL > insensitive startsWith keeps the fold spelling
QueryEngineError: Operation 'findMany' does not compile to one SQL statement. Execute the operation instead.
⎯⎯⎯⎯⎯⎯⎯⎯⎯⎯⎯⎯⎯⎯⎯⎯⎯⎯⎯⎯[458/508]⎯

 FAIL  |layer-query-engine| tests/contracts/engine/query/starts-with-prefix-sql.core.test.ts > 'SQLite' startsWith SQL > a referenced-column operand keeps the LEFT/substr spelling
QueryEngineError: Operation 'findMany' does not compile to one SQL statement. Execute the operation instead.
⎯⎯⎯⎯⎯⎯⎯⎯⎯⎯⎯⎯⎯⎯⎯⎯⎯⎯⎯⎯[459/508]⎯


  Snapshots  10 obsolete
             ↳ tests/contracts/engine/query/read-traversal-byte-pins.core.test.ts
               · polymorphic collection read SQL > PostgreSQL collection _count projection and ordering 1
               · polymorphic collection read SQL > PostgreSQL collection _count projection and ordering 2
               · polymorphic collection read SQL > PostgreSQL collection quantifier filters 1
               · polymorphic collection read SQL > PostgreSQL collection quantifier filters 2
               · polymorphic collection read SQL > PostgreSQL direct collection include narrowed by only 1
               · polymorphic collection read SQL > PostgreSQL direct collection include, every variant 1
               · polymorphic collection read SQL > PostgreSQL parent ordering through a singular collection inverse 1
               · polymorphic collection read SQL > PostgreSQL plural collection inverse include 1
               · polymorphic collection read SQL > PostgreSQL singular collection inverse include 1
               · polymorphic collection read SQL > SQLite direct collection include, every variant 1

 Test Files  23 failed | 44 passed (67)
      Tests  507 failed | 833 passed (1340)
   Start at  21:55:12
   Duration  6.61s (transform 1.10s, setup 37ms, collect 4.25s, tests 2.04s, environment 0ms, prepare 26ms)

Layer query-engine runtime resources: 8.62s wall, 873.8 MiB peak sampled process-group RSS (sampled ceiling 1536 MiB). Teardown verified.
