
 RUN  v3.1.4 /private/tmp/viborm-g4-lane-1

 ✓ |raptor3| tests/raptor3/g4/generation/sqlite-campaign.test.ts (1 test) 7148ms
   ✓ executes one complete G4 SQLite read seed batch  7146ms

 Test Files  1 passed (1)
      Tests  1 passed (1)
   Start at  18:45:04
   Duration  17.42s (transform 4.09s, setup 19ms, collect 6.52s, tests 7.15s, environment 0ms, prepare 77ms)

JSON report written to /private/tmp/viborm-g4-lane-tmp-1/viborm-raptor3-g0-COGIUK/vitest.json
Vitest resources: 30.31s wall, 639.5 MiB peak sampled process-group RSS (sampled ceiling 1536 MiB). Teardown verified.
Raptor 3 g4-seed-batch (subject candidate, qualifying) contract gate verified. Evidence: /private/tmp/viborm-g4-lane-tmp-1/viborm-raptor3-g0-COGIUK

 RUN  v3.1.4 /private/tmp/viborm-g4-lane-1

 ✓ |raptor3| tests/raptor3/g4/generation/sqlite-campaign.test.ts (1 test) 2245ms
   ✓ executes one complete G4 SQLite read seed batch  2244ms

 Test Files  1 passed (1)
      Tests  1 passed (1)
   Start at  18:45:29
   Duration  8.91s (transform 2.14s, setup 30ms, collect 3.23s, tests 2.24s, environment 0ms, prepare 75ms)

JSON report written to /private/tmp/viborm-g4-lane-tmp-1/viborm-raptor3-g0-FEjxih/vitest.json
Vitest resources: 13.80s wall, 761.1 MiB peak sampled process-group RSS (sampled ceiling 1536 MiB). Teardown verified.
Raptor 3 g4-seed-batch (subject candidate, qualifying) contract gate verified. Evidence: /private/tmp/viborm-g4-lane-tmp-1/viborm-raptor3-g0-FEjxih

 RUN  v3.1.4 /private/tmp/viborm-g4-lane-1

 ✓ |raptor3| tests/raptor3/g4/generation/sqlite-campaign.test.ts (1 test) 2230ms
   ✓ executes one complete G4 SQLite read seed batch  2229ms

 Test Files  1 passed (1)
      Tests  1 passed (1)
   Start at  18:45:49
   Duration  8.35s (transform 2.53s, setup 13ms, collect 3.82s, tests 2.23s, environment 0ms, prepare 43ms)

JSON report written to /private/tmp/viborm-g4-lane-tmp-1/viborm-raptor3-g0-ud6lRQ/vitest.json
Vitest resources: 14.88s wall, 671.8 MiB peak sampled process-group RSS (sampled ceiling 1536 MiB). Teardown verified.
Raptor 3 g4-seed-batch (subject candidate, qualifying) contract gate verified. Evidence: /private/tmp/viborm-g4-lane-tmp-1/viborm-raptor3-g0-ud6lRQ

 RUN  v3.1.4 /private/tmp/viborm-g4-lane-1

 ✓ |raptor3| tests/raptor3/g4/generation/sqlite-campaign.test.ts (1 test) 2497ms
   ✓ executes one complete G4 SQLite read seed batch  2496ms

 Test Files  1 passed (1)
      Tests  1 passed (1)
   Start at  18:46:11
   Duration  8.99s (transform 2.47s, setup 30ms, collect 3.70s, tests 2.50s, environment 0ms, prepare 176ms)

JSON report written to /private/tmp/viborm-g4-lane-tmp-1/viborm-raptor3-g0-fuU9vg/vitest.json
Vitest resources: 17.61s wall, 714.5 MiB peak sampled process-group RSS (sampled ceiling 1536 MiB). Teardown verified.
Raptor 3 g4-seed-batch (subject candidate, qualifying) contract gate verified. Evidence: /private/tmp/viborm-g4-lane-tmp-1/viborm-raptor3-g0-fuU9vg

 RUN  v3.1.4 /private/tmp/viborm-g4-lane-1

 ✓ |raptor3| tests/raptor3/g4/generation/sqlite-campaign.test.ts (1 test) 2036ms
   ✓ executes one complete G4 SQLite read seed batch  2035ms

 Test Files  1 passed (1)
      Tests  1 passed (1)
   Start at  18:46:32
   Duration  8.33s (transform 2.27s, setup 13ms, collect 3.49s, tests 2.04s, environment 0ms, prepare 64ms)

JSON report written to /private/tmp/viborm-g4-lane-tmp-1/viborm-raptor3-g0-HxNvNK/vitest.json
Vitest resources: 16.60s wall, 753.1 MiB peak sampled process-group RSS (sampled ceiling 1536 MiB). Teardown verified.
Raptor 3 g4-seed-batch (subject candidate, qualifying) contract gate verified. Evidence: /private/tmp/viborm-g4-lane-tmp-1/viborm-raptor3-g0-HxNvNK

 RUN  v3.1.4 /private/tmp/viborm-g4-lane-1

 ✓ |raptor3| tests/raptor3/g4/generation/sqlite-campaign.test.ts (1 test) 2414ms
   ✓ executes one complete G4 SQLite read seed batch  2413ms

 Test Files  1 passed (1)
      Tests  1 passed (1)
   Start at  18:46:50
   Duration  9.55s (transform 2.62s, setup 25ms, collect 4.00s, tests 2.41s, environment 0ms, prepare 47ms)

JSON report written to /private/tmp/viborm-g4-lane-tmp-1/viborm-raptor3-g0-3KxS5E/vitest.json
Vitest resources: 16.43s wall, 748.5 MiB peak sampled process-group RSS (sampled ceiling 1536 MiB). Teardown verified.
Raptor 3 g4-seed-batch (subject candidate, qualifying) contract gate verified. Evidence: /private/tmp/viborm-g4-lane-tmp-1/viborm-raptor3-g0-3KxS5E

 RUN  v3.1.4 /private/tmp/viborm-g4-lane-1

 ✓ |raptor3| tests/raptor3/g4/generation/sqlite-campaign.test.ts (1 test) 2052ms
   ✓ executes one complete G4 SQLite read seed batch  2052ms

 Test Files  1 passed (1)
      Tests  1 passed (1)
   Start at  18:47:11
   Duration  7.46s (transform 1.60s, setup 12ms, collect 2.41s, tests 2.05s, environment 0ms, prepare 40ms)

JSON report written to /private/tmp/viborm-g4-lane-tmp-1/viborm-raptor3-g0-PVDAbr/vitest.json
Vitest resources: 16.03s wall, 733.0 MiB peak sampled process-group RSS (sampled ceiling 1536 MiB). Teardown verified.
Raptor 3 g4-seed-batch (subject candidate, qualifying) contract gate verified. Evidence: /private/tmp/viborm-g4-lane-tmp-1/viborm-raptor3-g0-PVDAbr

 RUN  v3.1.4 /private/tmp/viborm-g4-lane-1

 ✓ |raptor3| tests/raptor3/g4/generation/sqlite-campaign.test.ts (1 test) 2126ms
   ✓ executes one complete G4 SQLite read seed batch  2126ms

 Test Files  1 passed (1)
      Tests  1 passed (1)
   Start at  18:47:29
   Duration  7.76s (transform 2.07s, setup 22ms, collect 3.07s, tests 2.13s, environment 0ms, prepare 45ms)

JSON report written to /private/tmp/viborm-g4-lane-tmp-1/viborm-raptor3-g0-dU4wPX/vitest.json
Vitest resources: 15.43s wall, 720.2 MiB peak sampled process-group RSS (sampled ceiling 1536 MiB). Teardown verified.
Raptor 3 g4-seed-batch (subject candidate, qualifying) contract gate verified. Evidence: /private/tmp/viborm-g4-lane-tmp-1/viborm-raptor3-g0-dU4wPX

 RUN  v3.1.4 /private/tmp/viborm-g4-lane-1

 ✓ |raptor3| tests/raptor3/g4/generation/sqlite-campaign.test.ts (1 test) 1983ms
   ✓ executes one complete G4 SQLite read seed batch  1983ms

 Test Files  1 passed (1)
      Tests  1 passed (1)
   Start at  18:47:51
   Duration  7.66s (transform 2.16s, setup 15ms, collect 3.19s, tests 1.98s, environment 0ms, prepare 45ms)

JSON report written to /private/tmp/viborm-g4-lane-tmp-1/viborm-raptor3-g0-UqLk4Y/vitest.json
Vitest resources: 19.47s wall, 761.9 MiB peak sampled process-group RSS (sampled ceiling 1536 MiB). Teardown verified.
Raptor 3 g4-seed-batch (subject candidate, qualifying) contract gate verified. Evidence: /private/tmp/viborm-g4-lane-tmp-1/viborm-raptor3-g0-UqLk4Y

 RUN  v3.1.4 /private/tmp/viborm-g4-lane-1

 ✓ |raptor3| tests/raptor3/g4/generation/sqlite-campaign.test.ts (1 test) 1963ms
   ✓ executes one complete G4 SQLite read seed batch  1963ms

 Test Files  1 passed (1)
      Tests  1 passed (1)
   Start at  18:48:12
   Duration  7.79s (transform 2.08s, setup 14ms, collect 3.09s, tests 1.96s, environment 0ms, prepare 45ms)

JSON report written to /private/tmp/viborm-g4-lane-tmp-1/viborm-raptor3-g0-isESBe/vitest.json
Vitest resources: 16.95s wall, 711.2 MiB peak sampled process-group RSS (sampled ceiling 1536 MiB). Teardown verified.
Raptor 3 g4-seed-batch (subject candidate, qualifying) contract gate verified. Evidence: /private/tmp/viborm-g4-lane-tmp-1/viborm-raptor3-g0-isESBe

 RUN  v3.1.4 /private/tmp/viborm-g4-lane-1

 ✓ |raptor3| tests/raptor3/g4/generation/sqlite-campaign.test.ts (1 test) 1877ms
   ✓ executes one complete G4 SQLite read seed batch  1877ms

 Test Files  1 passed (1)
      Tests  1 passed (1)
   Start at  18:48:30
   Duration  8.42s (transform 2.10s, setup 16ms, collect 3.18s, tests 1.88s, environment 0ms, prepare 57ms)

JSON report written to /private/tmp/viborm-g4-lane-tmp-1/viborm-raptor3-g0-FSw5Dz/vitest.json
Vitest resources: 15.33s wall, 750.1 MiB peak sampled process-group RSS (sampled ceiling 1536 MiB). Teardown verified.
Raptor 3 g4-seed-batch (subject candidate, qualifying) contract gate verified. Evidence: /private/tmp/viborm-g4-lane-tmp-1/viborm-raptor3-g0-FSw5Dz

 RUN  v3.1.4 /private/tmp/viborm-g4-lane-1

 ✓ |raptor3| tests/raptor3/g4/generation/sqlite-campaign.test.ts (1 test) 2216ms
   ✓ executes one complete G4 SQLite read seed batch  2215ms

 Test Files  1 passed (1)
      Tests  1 passed (1)
   Start at  18:48:49
   Duration  9.19s (transform 2.54s, setup 20ms, collect 3.85s, tests 2.22s, environment 0ms, prepare 57ms)

JSON report written to /private/tmp/viborm-g4-lane-tmp-1/viborm-raptor3-g0-C7fv5R/vitest.json
Vitest resources: 16.79s wall, 733.6 MiB peak sampled process-group RSS (sampled ceiling 1536 MiB). Teardown verified.
Raptor 3 g4-seed-batch (subject candidate, qualifying) contract gate verified. Evidence: /private/tmp/viborm-g4-lane-tmp-1/viborm-raptor3-g0-C7fv5R

 RUN  v3.1.4 /private/tmp/viborm-g4-lane-1

 ✓ |raptor3| tests/raptor3/g4/generation/sqlite-campaign.test.ts (1 test) 3360ms
   ✓ executes one complete G4 SQLite read seed batch  3359ms

 Test Files  1 passed (1)
      Tests  1 passed (1)
   Start at  18:49:12
   Duration  10.48s (transform 2.65s, setup 16ms, collect 4.05s, tests 3.36s, environment 0ms, prepare 60ms)

JSON report written to /private/tmp/viborm-g4-lane-tmp-1/viborm-raptor3-g0-EQYSXi/vitest.json
Vitest resources: 22.95s wall, 754.3 MiB peak sampled process-group RSS (sampled ceiling 1536 MiB). Teardown verified.
Raptor 3 g4-seed-batch (subject candidate, qualifying) contract gate verified. Evidence: /private/tmp/viborm-g4-lane-tmp-1/viborm-raptor3-g0-EQYSXi

 RUN  v3.1.4 /private/tmp/viborm-g4-lane-1

 ✓ |raptor3| tests/raptor3/g4/generation/sqlite-campaign.test.ts (1 test) 2708ms
   ✓ executes one complete G4 SQLite read seed batch  2707ms

 Test Files  1 passed (1)
      Tests  1 passed (1)
   Start at  18:49:38
   Duration  10.29s (transform 2.65s, setup 20ms, collect 4.02s, tests 2.71s, environment 0ms, prepare 59ms)

JSON report written to /private/tmp/viborm-g4-lane-tmp-1/viborm-raptor3-g0-ZdKxmw/vitest.json
Vitest resources: 18.75s wall, 753.5 MiB peak sampled process-group RSS (sampled ceiling 1536 MiB). Teardown verified.
Raptor 3 g4-seed-batch (subject candidate, qualifying) contract gate verified. Evidence: /private/tmp/viborm-g4-lane-tmp-1/viborm-raptor3-g0-ZdKxmw

 RUN  v3.1.4 /private/tmp/viborm-g4-lane-1

 ✓ |raptor3| tests/raptor3/g4/generation/sqlite-campaign.test.ts (1 test) 2896ms
   ✓ executes one complete G4 SQLite read seed batch  2895ms

 Test Files  1 passed (1)
      Tests  1 passed (1)
   Start at  18:50:03
   Duration  10.84s (transform 2.94s, setup 29ms, collect 4.54s, tests 2.90s, environment 0ms, prepare 96ms)

JSON report written to /private/tmp/viborm-g4-lane-tmp-1/viborm-raptor3-g0-7wSSrg/vitest.json
Vitest resources: 20.35s wall, 730.3 MiB peak sampled process-group RSS (sampled ceiling 1536 MiB). Teardown verified.
Raptor 3 g4-seed-batch (subject candidate, qualifying) contract gate verified. Evidence: /private/tmp/viborm-g4-lane-tmp-1/viborm-raptor3-g0-7wSSrg

 RUN  v3.1.4 /private/tmp/viborm-g4-lane-1

 ✓ |raptor3| tests/raptor3/g4/generation/sqlite-campaign.test.ts (1 test) 2261ms
   ✓ executes one complete G4 SQLite read seed batch  2260ms

 Test Files  1 passed (1)
      Tests  1 passed (1)
   Start at  18:50:26
   Duration  7.77s (transform 1.89s, setup 16ms, collect 2.77s, tests 2.26s, environment 0ms, prepare 53ms)

JSON report written to /private/tmp/viborm-g4-lane-tmp-1/viborm-raptor3-g0-0vB8MB/vitest.json
Vitest resources: 16.27s wall, 718.4 MiB peak sampled process-group RSS (sampled ceiling 1536 MiB). Teardown verified.
Raptor 3 g4-seed-batch (subject candidate, qualifying) contract gate verified. Evidence: /private/tmp/viborm-g4-lane-tmp-1/viborm-raptor3-g0-0vB8MB

 RUN  v3.1.4 /private/tmp/viborm-g4-lane-1

 ✓ |raptor3| tests/raptor3/g4/generation/sqlite-campaign.test.ts (1 test) 1795ms
   ✓ executes one complete G4 SQLite read seed batch  1794ms

 Test Files  1 passed (1)
      Tests  1 passed (1)
   Start at  18:50:45
   Duration  8.70s (transform 2.26s, setup 16ms, collect 3.35s, tests 1.79s, environment 0ms, prepare 64ms)

JSON report written to /private/tmp/viborm-g4-lane-tmp-1/viborm-raptor3-g0-dZkVCg/vitest.json
Vitest resources: 16.01s wall, 712.8 MiB peak sampled process-group RSS (sampled ceiling 1536 MiB). Teardown verified.
Raptor 3 g4-seed-batch (subject candidate, qualifying) contract gate verified. Evidence: /private/tmp/viborm-g4-lane-tmp-1/viborm-raptor3-g0-dZkVCg

 RUN  v3.1.4 /private/tmp/viborm-g4-lane-1

 ✓ |raptor3| tests/raptor3/g4/generation/sqlite-campaign.test.ts (1 test) 2170ms
   ✓ executes one complete G4 SQLite read seed batch  2169ms

 Test Files  1 passed (1)
      Tests  1 passed (1)
   Start at  18:51:05
   Duration  7.98s (transform 2.00s, setup 15ms, collect 2.97s, tests 2.17s, environment 0ms, prepare 45ms)

JSON report written to /private/tmp/viborm-g4-lane-tmp-1/viborm-raptor3-g0-OkEheg/vitest.json
Vitest resources: 16.24s wall, 747.9 MiB peak sampled process-group RSS (sampled ceiling 1536 MiB). Teardown verified.
Raptor 3 g4-seed-batch (subject candidate, qualifying) contract gate verified. Evidence: /private/tmp/viborm-g4-lane-tmp-1/viborm-raptor3-g0-OkEheg

 RUN  v3.1.4 /private/tmp/viborm-g4-lane-1

 ✓ |raptor3| tests/raptor3/g4/generation/sqlite-campaign.test.ts (1 test) 1938ms
   ✓ executes one complete G4 SQLite read seed batch  1937ms

 Test Files  1 passed (1)
      Tests  1 passed (1)
   Start at  18:51:23
   Duration  7.70s (transform 1.83s, setup 17ms, collect 2.73s, tests 1.94s, environment 0ms, prepare 57ms)

JSON report written to /private/tmp/viborm-g4-lane-tmp-1/viborm-raptor3-g0-ckvEvY/vitest.json
Vitest resources: 15.09s wall, 727.3 MiB peak sampled process-group RSS (sampled ceiling 1536 MiB). Teardown verified.
Raptor 3 g4-seed-batch (subject candidate, qualifying) contract gate verified. Evidence: /private/tmp/viborm-g4-lane-tmp-1/viborm-raptor3-g0-ckvEvY

 RUN  v3.1.4 /private/tmp/viborm-g4-lane-1

 ✓ |raptor3| tests/raptor3/g4/generation/sqlite-campaign.test.ts (1 test) 2491ms
   ✓ executes one complete G4 SQLite read seed batch  2490ms

 Test Files  1 passed (1)
      Tests  1 passed (1)
   Start at  18:51:40
   Duration  8.19s (transform 1.75s, setup 9ms, collect 2.64s, tests 2.49s, environment 0ms, prepare 36ms)

JSON report written to /private/tmp/viborm-g4-lane-tmp-1/viborm-raptor3-g0-Gh8OOO/vitest.json
Vitest resources: 14.91s wall, 734.7 MiB peak sampled process-group RSS (sampled ceiling 1536 MiB). Teardown verified.
Raptor 3 g4-seed-batch (subject candidate, qualifying) contract gate verified. Evidence: /private/tmp/viborm-g4-lane-tmp-1/viborm-raptor3-g0-Gh8OOO

 RUN  v3.1.4 /private/tmp/viborm-g4-lane-1

 ✓ |raptor3| tests/raptor3/g4/generation/sqlite-campaign.test.ts (1 test) 1897ms
   ✓ executes one complete G4 SQLite read seed batch  1897ms

 Test Files  1 passed (1)
      Tests  1 passed (1)
   Start at  18:51:58
   Duration  8.73s (transform 2.46s, setup 15ms, collect 3.82s, tests 1.90s, environment 0ms, prepare 57ms)

JSON report written to /private/tmp/viborm-g4-lane-tmp-1/viborm-raptor3-g0-hBI7UC/vitest.json
Vitest resources: 14.90s wall, 761.7 MiB peak sampled process-group RSS (sampled ceiling 1536 MiB). Teardown verified.
Raptor 3 g4-seed-batch (subject candidate, qualifying) contract gate verified. Evidence: /private/tmp/viborm-g4-lane-tmp-1/viborm-raptor3-g0-hBI7UC

 RUN  v3.1.4 /private/tmp/viborm-g4-lane-1

 ✓ |raptor3| tests/raptor3/g4/generation/sqlite-campaign.test.ts (1 test) 2098ms
   ✓ executes one complete G4 SQLite read seed batch  2098ms

 Test Files  1 passed (1)
      Tests  1 passed (1)
   Start at  18:52:17
   Duration  7.22s (transform 1.70s, setup 13ms, collect 2.54s, tests 2.10s, environment 0ms, prepare 51ms)

JSON report written to /private/tmp/viborm-g4-lane-tmp-1/viborm-raptor3-g0-4bZGoc/vitest.json
Vitest resources: 13.71s wall, 737.5 MiB peak sampled process-group RSS (sampled ceiling 1536 MiB). Teardown verified.
Raptor 3 g4-seed-batch (subject candidate, qualifying) contract gate verified. Evidence: /private/tmp/viborm-g4-lane-tmp-1/viborm-raptor3-g0-4bZGoc

 RUN  v3.1.4 /private/tmp/viborm-g4-lane-1

 ✓ |raptor3| tests/raptor3/g4/generation/sqlite-campaign.test.ts (1 test) 1822ms
   ✓ executes one complete G4 SQLite read seed batch  1821ms

 Test Files  1 passed (1)
      Tests  1 passed (1)
   Start at  18:52:35
   Duration  7.22s (transform 1.61s, setup 14ms, collect 2.39s, tests 1.82s, environment 0ms, prepare 39ms)

JSON report written to /private/tmp/viborm-g4-lane-tmp-1/viborm-raptor3-g0-AjHtfs/vitest.json
Vitest resources: 14.15s wall, 730.2 MiB peak sampled process-group RSS (sampled ceiling 1536 MiB). Teardown verified.
Raptor 3 g4-seed-batch (subject candidate, qualifying) contract gate verified. Evidence: /private/tmp/viborm-g4-lane-tmp-1/viborm-raptor3-g0-AjHtfs

 RUN  v3.1.4 /private/tmp/viborm-g4-lane-1

 ✓ |raptor3| tests/raptor3/g4/generation/sqlite-campaign.test.ts (1 test) 2107ms
   ✓ executes one complete G4 SQLite read seed batch  2106ms

 Test Files  1 passed (1)
      Tests  1 passed (1)
   Start at  18:52:52
   Duration  7.57s (transform 2.04s, setup 17ms, collect 3.03s, tests 2.11s, environment 0ms, prepare 38ms)

JSON report written to /private/tmp/viborm-g4-lane-tmp-1/viborm-raptor3-g0-rhciGE/vitest.json
Vitest resources: 14.52s wall, 748.5 MiB peak sampled process-group RSS (sampled ceiling 1536 MiB). Teardown verified.
Raptor 3 g4-seed-batch (subject candidate, qualifying) contract gate verified. Evidence: /private/tmp/viborm-g4-lane-tmp-1/viborm-raptor3-g0-rhciGE

 RUN  v3.1.4 /private/tmp/viborm-g4-lane-1

 ✓ |raptor3| tests/raptor3/g4/generation/sqlite-campaign.test.ts (1 test) 2068ms
   ✓ executes one complete G4 SQLite read seed batch  2067ms

 Test Files  1 passed (1)
      Tests  1 passed (1)
   Start at  18:53:09
   Duration  7.74s (transform 2.08s, setup 17ms, collect 3.17s, tests 2.07s, environment 0ms, prepare 45ms)

JSON report written to /private/tmp/viborm-g4-lane-tmp-1/viborm-raptor3-g0-dsskIc/vitest.json
Vitest resources: 13.90s wall, 746.0 MiB peak sampled process-group RSS (sampled ceiling 1536 MiB). Teardown verified.
Raptor 3 g4-seed-batch (subject candidate, qualifying) contract gate verified. Evidence: /private/tmp/viborm-g4-lane-tmp-1/viborm-raptor3-g0-dsskIc

 RUN  v3.1.4 /private/tmp/viborm-g4-lane-1

 ✓ |raptor3| tests/raptor3/g4/generation/sqlite-campaign.test.ts (1 test) 2063ms
   ✓ executes one complete G4 SQLite read seed batch  2062ms

 Test Files  1 passed (1)
      Tests  1 passed (1)
   Start at  18:53:28
   Duration  7.38s (transform 1.96s, setup 11ms, collect 2.97s, tests 2.06s, environment 0ms, prepare 29ms)

JSON report written to /private/tmp/viborm-g4-lane-tmp-1/viborm-raptor3-g0-CTHdJy/vitest.json
Vitest resources: 14.41s wall, 734.7 MiB peak sampled process-group RSS (sampled ceiling 1536 MiB). Teardown verified.
Raptor 3 g4-seed-batch (subject candidate, qualifying) contract gate verified. Evidence: /private/tmp/viborm-g4-lane-tmp-1/viborm-raptor3-g0-CTHdJy

 RUN  v3.1.4 /private/tmp/viborm-g4-lane-1

 ✓ |raptor3| tests/raptor3/g4/generation/sqlite-campaign.test.ts (1 test) 2068ms
   ✓ executes one complete G4 SQLite read seed batch  2068ms

 Test Files  1 passed (1)
      Tests  1 passed (1)
   Start at  18:53:46
   Duration  11.37s (transform 2.88s, setup 19ms, collect 4.51s, tests 2.07s, environment 0ms, prepare 83ms)

JSON report written to /private/tmp/viborm-g4-lane-tmp-1/viborm-raptor3-g0-aDC3a8/vitest.json
Vitest resources: 18.70s wall, 639.6 MiB peak sampled process-group RSS (sampled ceiling 1536 MiB). Teardown verified.
Raptor 3 g4-seed-batch (subject candidate, qualifying) contract gate verified. Evidence: /private/tmp/viborm-g4-lane-tmp-1/viborm-raptor3-g0-aDC3a8

 RUN  v3.1.4 /private/tmp/viborm-g4-lane-1

 ✓ |raptor3| tests/raptor3/g4/generation/sqlite-campaign.test.ts (1 test) 2043ms
   ✓ executes one complete G4 SQLite read seed batch  2042ms

 Test Files  1 passed (1)
      Tests  1 passed (1)
   Start at  18:54:08
   Duration  8.30s (transform 2.08s, setup 22ms, collect 3.10s, tests 2.04s, environment 0ms, prepare 70ms)

JSON report written to /private/tmp/viborm-g4-lane-tmp-1/viborm-raptor3-g0-R3bdNE/vitest.json
Vitest resources: 14.92s wall, 744.0 MiB peak sampled process-group RSS (sampled ceiling 1536 MiB). Teardown verified.
Raptor 3 g4-seed-batch (subject candidate, qualifying) contract gate verified. Evidence: /private/tmp/viborm-g4-lane-tmp-1/viborm-raptor3-g0-R3bdNE

 RUN  v3.1.4 /private/tmp/viborm-g4-lane-1

 ✓ |raptor3| tests/raptor3/g4/generation/sqlite-campaign.test.ts (1 test) 2400ms
   ✓ executes one complete G4 SQLite read seed batch  2399ms

 Test Files  1 passed (1)
      Tests  1 passed (1)
   Start at  18:54:26
   Duration  9.09s (transform 2.23s, setup 17ms, collect 3.31s, tests 2.40s, environment 0ms, prepare 47ms)

JSON report written to /private/tmp/viborm-g4-lane-tmp-1/viborm-raptor3-g0-niDo0k/vitest.json
Vitest resources: 17.10s wall, 752.5 MiB peak sampled process-group RSS (sampled ceiling 1536 MiB). Teardown verified.
Raptor 3 g4-seed-batch (subject candidate, qualifying) contract gate verified. Evidence: /private/tmp/viborm-g4-lane-tmp-1/viborm-raptor3-g0-niDo0k

 RUN  v3.1.4 /private/tmp/viborm-g4-lane-1

 ✓ |raptor3| tests/raptor3/g4/generation/sqlite-campaign.test.ts (1 test) 2350ms
   ✓ executes one complete G4 SQLite read seed batch  2349ms

 Test Files  1 passed (1)
      Tests  1 passed (1)
   Start at  18:54:44
   Duration  8.67s (transform 1.91s, setup 10ms, collect 2.85s, tests 2.35s, environment 0ms, prepare 36ms)

JSON report written to /private/tmp/viborm-g4-lane-tmp-1/viborm-raptor3-g0-UulhZF/vitest.json
Vitest resources: 14.55s wall, 736.1 MiB peak sampled process-group RSS (sampled ceiling 1536 MiB). Teardown verified.
Raptor 3 g4-seed-batch (subject candidate, qualifying) contract gate verified. Evidence: /private/tmp/viborm-g4-lane-tmp-1/viborm-raptor3-g0-UulhZF

 RUN  v3.1.4 /private/tmp/viborm-g4-lane-1

 ✓ |raptor3| tests/raptor3/g4/generation/sqlite-campaign.test.ts (1 test) 2441ms
   ✓ executes one complete G4 SQLite read seed batch  2440ms

 Test Files  1 passed (1)
      Tests  1 passed (1)
   Start at  18:55:01
   Duration  8.17s (transform 1.98s, setup 11ms, collect 3.00s, tests 2.44s, environment 0ms, prepare 33ms)

JSON report written to /private/tmp/viborm-g4-lane-tmp-1/viborm-raptor3-g0-CEiGOp/vitest.json
Vitest resources: 14.46s wall, 752.0 MiB peak sampled process-group RSS (sampled ceiling 1536 MiB). Teardown verified.
Raptor 3 g4-seed-batch (subject candidate, qualifying) contract gate verified. Evidence: /private/tmp/viborm-g4-lane-tmp-1/viborm-raptor3-g0-CEiGOp

 RUN  v3.1.4 /private/tmp/viborm-g4-lane-1

 ✓ |raptor3| tests/raptor3/g4/generation/sqlite-campaign.test.ts (1 test) 1782ms
   ✓ executes one complete G4 SQLite read seed batch  1781ms

 Test Files  1 passed (1)
      Tests  1 passed (1)
   Start at  18:55:19
   Duration  7.04s (transform 1.67s, setup 12ms, collect 2.48s, tests 1.78s, environment 0ms, prepare 39ms)

JSON report written to /private/tmp/viborm-g4-lane-tmp-1/viborm-raptor3-g0-YK4092/vitest.json
Vitest resources: 12.56s wall, 728.5 MiB peak sampled process-group RSS (sampled ceiling 1536 MiB). Teardown verified.
Raptor 3 g4-seed-batch (subject candidate, qualifying) contract gate verified. Evidence: /private/tmp/viborm-g4-lane-tmp-1/viborm-raptor3-g0-YK4092

 RUN  v3.1.4 /private/tmp/viborm-g4-lane-1

 ✓ |raptor3| tests/raptor3/g4/generation/sqlite-campaign.test.ts (1 test) 1687ms
   ✓ executes one complete G4 SQLite read seed batch  1686ms

 Test Files  1 passed (1)
      Tests  1 passed (1)
   Start at  18:55:36
   Duration  7.00s (transform 1.78s, setup 18ms, collect 2.69s, tests 1.69s, environment 0ms, prepare 58ms)

JSON report written to /private/tmp/viborm-g4-lane-tmp-1/viborm-raptor3-g0-x7llIO/vitest.json
Vitest resources: 13.27s wall, 732.5 MiB peak sampled process-group RSS (sampled ceiling 1536 MiB). Teardown verified.
Raptor 3 g4-seed-batch (subject candidate, qualifying) contract gate verified. Evidence: /private/tmp/viborm-g4-lane-tmp-1/viborm-raptor3-g0-x7llIO

 RUN  v3.1.4 /private/tmp/viborm-g4-lane-1

 ✓ |raptor3| tests/raptor3/g4/generation/sqlite-campaign.test.ts (1 test) 2201ms
   ✓ executes one complete G4 SQLite read seed batch  2200ms

 Test Files  1 passed (1)
      Tests  1 passed (1)
   Start at  18:55:53
   Duration  7.48s (transform 1.93s, setup 13ms, collect 2.91s, tests 2.20s, environment 0ms, prepare 33ms)

JSON report written to /private/tmp/viborm-g4-lane-tmp-1/viborm-raptor3-g0-dzS24n/vitest.json
Vitest resources: 14.30s wall, 738.6 MiB peak sampled process-group RSS (sampled ceiling 1536 MiB). Teardown verified.
Raptor 3 g4-seed-batch (subject candidate, qualifying) contract gate verified. Evidence: /private/tmp/viborm-g4-lane-tmp-1/viborm-raptor3-g0-dzS24n

 RUN  v3.1.4 /private/tmp/viborm-g4-lane-1

 ✓ |raptor3| tests/raptor3/g4/generation/sqlite-campaign.test.ts (1 test) 2295ms
   ✓ executes one complete G4 SQLite read seed batch  2294ms

 Test Files  1 passed (1)
      Tests  1 passed (1)
   Start at  18:56:10
   Duration  8.04s (transform 2.12s, setup 14ms, collect 3.18s, tests 2.30s, environment 0ms, prepare 39ms)

JSON report written to /private/tmp/viborm-g4-lane-tmp-1/viborm-raptor3-g0-Zpbs9Y/vitest.json
Vitest resources: 14.16s wall, 727.4 MiB peak sampled process-group RSS (sampled ceiling 1536 MiB). Teardown verified.
Raptor 3 g4-seed-batch (subject candidate, qualifying) contract gate verified. Evidence: /private/tmp/viborm-g4-lane-tmp-1/viborm-raptor3-g0-Zpbs9Y

 RUN  v3.1.4 /private/tmp/viborm-g4-lane-1

 ✓ |raptor3| tests/raptor3/g4/generation/sqlite-campaign.test.ts (1 test) 2100ms
   ✓ executes one complete G4 SQLite read seed batch  2099ms

 Test Files  1 passed (1)
      Tests  1 passed (1)
   Start at  18:56:29
   Duration  7.79s (transform 1.82s, setup 13ms, collect 2.75s, tests 2.10s, environment 0ms, prepare 31ms)

JSON report written to /private/tmp/viborm-g4-lane-tmp-1/viborm-raptor3-g0-BZk2XE/vitest.json
Vitest resources: 14.69s wall, 752.7 MiB peak sampled process-group RSS (sampled ceiling 1536 MiB). Teardown verified.
Raptor 3 g4-seed-batch (subject candidate, qualifying) contract gate verified. Evidence: /private/tmp/viborm-g4-lane-tmp-1/viborm-raptor3-g0-BZk2XE

 RUN  v3.1.4 /private/tmp/viborm-g4-lane-1

 ✓ |raptor3| tests/raptor3/g4/generation/sqlite-campaign.test.ts (1 test) 1645ms
   ✓ executes one complete G4 SQLite read seed batch  1644ms

 Test Files  1 passed (1)
      Tests  1 passed (1)
   Start at  18:56:46
   Duration  7.63s (transform 2.17s, setup 19ms, collect 3.30s, tests 1.64s, environment 0ms, prepare 36ms)

JSON report written to /private/tmp/viborm-g4-lane-tmp-1/viborm-raptor3-g0-kLOqdh/vitest.json
Vitest resources: 13.34s wall, 725.8 MiB peak sampled process-group RSS (sampled ceiling 1536 MiB). Teardown verified.
Raptor 3 g4-seed-batch (subject candidate, qualifying) contract gate verified. Evidence: /private/tmp/viborm-g4-lane-tmp-1/viborm-raptor3-g0-kLOqdh

 RUN  v3.1.4 /private/tmp/viborm-g4-lane-1

 ✓ |raptor3| tests/raptor3/g4/generation/sqlite-campaign.test.ts (1 test) 1817ms
   ✓ executes one complete G4 SQLite read seed batch  1815ms

 Test Files  1 passed (1)
      Tests  1 passed (1)
   Start at  18:57:05
   Duration  7.25s (transform 1.84s, setup 11ms, collect 2.76s, tests 1.82s, environment 0ms, prepare 32ms)

JSON report written to /private/tmp/viborm-g4-lane-tmp-1/viborm-raptor3-g0-tdjhVV/vitest.json
Vitest resources: 14.38s wall, 746.0 MiB peak sampled process-group RSS (sampled ceiling 1536 MiB). Teardown verified.
Raptor 3 g4-seed-batch (subject candidate, qualifying) contract gate verified. Evidence: /private/tmp/viborm-g4-lane-tmp-1/viborm-raptor3-g0-tdjhVV

 RUN  v3.1.4 /private/tmp/viborm-g4-lane-1

 ✓ |raptor3| tests/raptor3/g4/generation/sqlite-campaign.test.ts (1 test) 2441ms
   ✓ executes one complete G4 SQLite read seed batch  2440ms

 Test Files  1 passed (1)
      Tests  1 passed (1)
   Start at  18:57:21
   Duration  8.93s (transform 2.18s, setup 12ms, collect 3.28s, tests 2.44s, environment 0ms, prepare 33ms)

JSON report written to /private/tmp/viborm-g4-lane-tmp-1/viborm-raptor3-g0-f364ff/vitest.json
Vitest resources: 15.95s wall, 744.3 MiB peak sampled process-group RSS (sampled ceiling 1536 MiB). Teardown verified.
Raptor 3 g4-seed-batch (subject candidate, qualifying) contract gate verified. Evidence: /private/tmp/viborm-g4-lane-tmp-1/viborm-raptor3-g0-f364ff

 RUN  v3.1.4 /private/tmp/viborm-g4-lane-1

 ✓ |raptor3| tests/raptor3/g4/generation/sqlite-campaign.test.ts (1 test) 2163ms
   ✓ executes one complete G4 SQLite read seed batch  2162ms

 Test Files  1 passed (1)
      Tests  1 passed (1)
   Start at  18:57:38
   Duration  8.13s (transform 1.78s, setup 14ms, collect 2.69s, tests 2.16s, environment 0ms, prepare 35ms)

JSON report written to /private/tmp/viborm-g4-lane-tmp-1/viborm-raptor3-g0-Wxl5aR/vitest.json
Vitest resources: 13.96s wall, 732.4 MiB peak sampled process-group RSS (sampled ceiling 1536 MiB). Teardown verified.
Raptor 3 g4-seed-batch (subject candidate, qualifying) contract gate verified. Evidence: /private/tmp/viborm-g4-lane-tmp-1/viborm-raptor3-g0-Wxl5aR

 RUN  v3.1.4 /private/tmp/viborm-g4-lane-1

 ✓ |raptor3| tests/raptor3/g4/generation/sqlite-campaign.test.ts (1 test) 2096ms
   ✓ executes one complete G4 SQLite read seed batch  2095ms

 Test Files  1 passed (1)
      Tests  1 passed (1)
   Start at  18:57:55
   Duration  6.38s (transform 1.54s, setup 9ms, collect 2.30s, tests 2.10s, environment 0ms, prepare 34ms)

JSON report written to /private/tmp/viborm-g4-lane-tmp-1/viborm-raptor3-g0-SnYa2R/vitest.json
Vitest resources: 12.36s wall, 736.3 MiB peak sampled process-group RSS (sampled ceiling 1536 MiB). Teardown verified.
Raptor 3 g4-seed-batch (subject candidate, qualifying) contract gate verified. Evidence: /private/tmp/viborm-g4-lane-tmp-1/viborm-raptor3-g0-SnYa2R

 RUN  v3.1.4 /private/tmp/viborm-g4-lane-1

 ✓ |raptor3| tests/raptor3/g4/generation/sqlite-campaign.test.ts (1 test) 2108ms
   ✓ executes one complete G4 SQLite read seed batch  2107ms

 Test Files  1 passed (1)
      Tests  1 passed (1)
   Start at  18:58:12
   Duration  6.40s (transform 1.52s, setup 11ms, collect 2.29s, tests 2.11s, environment 0ms, prepare 31ms)

JSON report written to /private/tmp/viborm-g4-lane-tmp-1/viborm-raptor3-g0-lRd6dR/vitest.json
Vitest resources: 13.43s wall, 747.0 MiB peak sampled process-group RSS (sampled ceiling 1536 MiB). Teardown verified.
Raptor 3 g4-seed-batch (subject candidate, qualifying) contract gate verified. Evidence: /private/tmp/viborm-g4-lane-tmp-1/viborm-raptor3-g0-lRd6dR

 RUN  v3.1.4 /private/tmp/viborm-g4-lane-1

 ✓ |raptor3| tests/raptor3/g4/generation/sqlite-campaign.test.ts (1 test) 1891ms
   ✓ executes one complete G4 SQLite read seed batch  1891ms

 Test Files  1 passed (1)
      Tests  1 passed (1)
   Start at  18:58:29
   Duration  6.57s (transform 1.86s, setup 14ms, collect 2.77s, tests 1.89s, environment 0ms, prepare 35ms)

JSON report written to /private/tmp/viborm-g4-lane-tmp-1/viborm-raptor3-g0-xPhy0b/vitest.json
Vitest resources: 13.50s wall, 750.4 MiB peak sampled process-group RSS (sampled ceiling 1536 MiB). Teardown verified.
Raptor 3 g4-seed-batch (subject candidate, qualifying) contract gate verified. Evidence: /private/tmp/viborm-g4-lane-tmp-1/viborm-raptor3-g0-xPhy0b

 RUN  v3.1.4 /private/tmp/viborm-g4-lane-1

 ✓ |raptor3| tests/raptor3/g4/generation/sqlite-campaign.test.ts (1 test) 2206ms
   ✓ executes one complete G4 SQLite read seed batch  2205ms

 Test Files  1 passed (1)
      Tests  1 passed (1)
   Start at  18:58:45
   Duration  6.77s (transform 1.64s, setup 11ms, collect 2.44s, tests 2.21s, environment 0ms, prepare 32ms)

JSON report written to /private/tmp/viborm-g4-lane-tmp-1/viborm-raptor3-g0-kJ3RoT/vitest.json
Vitest resources: 13.59s wall, 734.2 MiB peak sampled process-group RSS (sampled ceiling 1536 MiB). Teardown verified.
Raptor 3 g4-seed-batch (subject candidate, qualifying) contract gate verified. Evidence: /private/tmp/viborm-g4-lane-tmp-1/viborm-raptor3-g0-kJ3RoT

 RUN  v3.1.4 /private/tmp/viborm-g4-lane-1

 ✓ |raptor3| tests/raptor3/g4/generation/sqlite-campaign.test.ts (1 test) 2304ms
   ✓ executes one complete G4 SQLite read seed batch  2303ms

 Test Files  1 passed (1)
      Tests  1 passed (1)
   Start at  18:59:03
   Duration  7.18s (transform 1.73s, setup 10ms, collect 2.59s, tests 2.30s, environment 0ms, prepare 34ms)

JSON report written to /private/tmp/viborm-g4-lane-tmp-1/viborm-raptor3-g0-SjtU87/vitest.json
Vitest resources: 15.31s wall, 749.2 MiB peak sampled process-group RSS (sampled ceiling 1536 MiB). Teardown verified.
Raptor 3 g4-seed-batch (subject candidate, qualifying) contract gate verified. Evidence: /private/tmp/viborm-g4-lane-tmp-1/viborm-raptor3-g0-SjtU87

 RUN  v3.1.4 /private/tmp/viborm-g4-lane-1

 ✓ |raptor3| tests/raptor3/g4/generation/sqlite-campaign.test.ts (1 test) 1911ms
   ✓ executes one complete G4 SQLite read seed batch  1910ms

 Test Files  1 passed (1)
      Tests  1 passed (1)
   Start at  18:59:21
   Duration  7.31s (transform 1.61s, setup 11ms, collect 2.40s, tests 1.91s, environment 0ms, prepare 38ms)

JSON report written to /private/tmp/viborm-g4-lane-tmp-1/viborm-raptor3-g0-JSe3xw/vitest.json
Vitest resources: 13.97s wall, 753.1 MiB peak sampled process-group RSS (sampled ceiling 1536 MiB). Teardown verified.
Raptor 3 g4-seed-batch (subject candidate, qualifying) contract gate verified. Evidence: /private/tmp/viborm-g4-lane-tmp-1/viborm-raptor3-g0-JSe3xw

 RUN  v3.1.4 /private/tmp/viborm-g4-lane-1

 ✓ |raptor3| tests/raptor3/g4/generation/sqlite-campaign.test.ts (1 test) 2155ms
   ✓ executes one complete G4 SQLite read seed batch  2154ms

 Test Files  1 passed (1)
      Tests  1 passed (1)
   Start at  18:59:38
   Duration  7.37s (transform 1.70s, setup 16ms, collect 2.52s, tests 2.15s, environment 0ms, prepare 30ms)

JSON report written to /private/tmp/viborm-g4-lane-tmp-1/viborm-raptor3-g0-HjX2Pt/vitest.json
Vitest resources: 14.23s wall, 746.1 MiB peak sampled process-group RSS (sampled ceiling 1536 MiB). Teardown verified.
Raptor 3 g4-seed-batch (subject candidate, qualifying) contract gate verified. Evidence: /private/tmp/viborm-g4-lane-tmp-1/viborm-raptor3-g0-HjX2Pt

 RUN  v3.1.4 /private/tmp/viborm-g4-lane-1

 ✓ |raptor3| tests/raptor3/g4/generation/sqlite-campaign.test.ts (1 test) 2250ms
   ✓ executes one complete G4 SQLite read seed batch  2250ms

 Test Files  1 passed (1)
      Tests  1 passed (1)
   Start at  18:59:56
   Duration  6.67s (transform 1.54s, setup 11ms, collect 2.30s, tests 2.25s, environment 0ms, prepare 34ms)

JSON report written to /private/tmp/viborm-g4-lane-tmp-1/viborm-raptor3-g0-XkibRW/vitest.json
Vitest resources: 13.99s wall, 750.3 MiB peak sampled process-group RSS (sampled ceiling 1536 MiB). Teardown verified.
Raptor 3 g4-seed-batch (subject candidate, qualifying) contract gate verified. Evidence: /private/tmp/viborm-g4-lane-tmp-1/viborm-raptor3-g0-XkibRW

 RUN  v3.1.4 /private/tmp/viborm-g4-lane-1

 ✓ |raptor3| tests/raptor3/g4/generation/sqlite-campaign.test.ts (1 test) 2625ms
   ✓ executes one complete G4 SQLite read seed batch  2624ms

 Test Files  1 passed (1)
      Tests  1 passed (1)
   Start at  19:00:14
   Duration  7.74s (transform 1.87s, setup 13ms, collect 2.75s, tests 2.62s, environment 0ms, prepare 42ms)

JSON report written to /private/tmp/viborm-g4-lane-tmp-1/viborm-raptor3-g0-nMIskR/vitest.json
Vitest resources: 14.87s wall, 723.1 MiB peak sampled process-group RSS (sampled ceiling 1536 MiB). Teardown verified.
Raptor 3 g4-seed-batch (subject candidate, qualifying) contract gate verified. Evidence: /private/tmp/viborm-g4-lane-tmp-1/viborm-raptor3-g0-nMIskR

 RUN  v3.1.4 /private/tmp/viborm-g4-lane-1

 ✓ |raptor3| tests/raptor3/g4/generation/sqlite-campaign.test.ts (1 test) 2340ms
   ✓ executes one complete G4 SQLite read seed batch  2339ms

 Test Files  1 passed (1)
      Tests  1 passed (1)
   Start at  19:00:32
   Duration  9.13s (transform 2.42s, setup 18ms, collect 3.63s, tests 2.34s, environment 0ms, prepare 59ms)

JSON report written to /private/tmp/viborm-g4-lane-tmp-1/viborm-raptor3-g0-JAitfU/vitest.json
Vitest resources: 16.61s wall, 771.2 MiB peak sampled process-group RSS (sampled ceiling 1536 MiB). Teardown verified.
Raptor 3 g4-seed-batch (subject candidate, qualifying) contract gate verified. Evidence: /private/tmp/viborm-g4-lane-tmp-1/viborm-raptor3-g0-JAitfU

 RUN  v3.1.4 /private/tmp/viborm-g4-lane-1

 ✓ |raptor3| tests/raptor3/g4/generation/sqlite-campaign.test.ts (1 test) 2981ms
   ✓ executes one complete G4 SQLite read seed batch  2981ms

 Test Files  1 passed (1)
      Tests  1 passed (1)
   Start at  19:00:50
   Duration  8.61s (transform 2.12s, setup 10ms, collect 3.18s, tests 2.98s, environment 0ms, prepare 31ms)

JSON report written to /private/tmp/viborm-g4-lane-tmp-1/viborm-raptor3-g0-2VajAt/vitest.json
Vitest resources: 15.22s wall, 765.9 MiB peak sampled process-group RSS (sampled ceiling 1536 MiB). Teardown verified.
Raptor 3 g4-seed-batch (subject candidate, qualifying) contract gate verified. Evidence: /private/tmp/viborm-g4-lane-tmp-1/viborm-raptor3-g0-2VajAt

 RUN  v3.1.4 /private/tmp/viborm-g4-lane-1

 ✓ |raptor3| tests/raptor3/g4/generation/sqlite-campaign.test.ts (1 test) 1944ms
   ✓ executes one complete G4 SQLite read seed batch  1944ms

 Test Files  1 passed (1)
      Tests  1 passed (1)
   Start at  19:01:09
   Duration  6.04s (transform 1.42s, setup 10ms, collect 2.10s, tests 1.94s, environment 0ms, prepare 35ms)

JSON report written to /private/tmp/viborm-g4-lane-tmp-1/viborm-raptor3-g0-zJMCGH/vitest.json
Vitest resources: 12.73s wall, 736.7 MiB peak sampled process-group RSS (sampled ceiling 1536 MiB). Teardown verified.
Raptor 3 g4-seed-batch (subject candidate, qualifying) contract gate verified. Evidence: /private/tmp/viborm-g4-lane-tmp-1/viborm-raptor3-g0-zJMCGH

 RUN  v3.1.4 /private/tmp/viborm-g4-lane-1

 ✓ |raptor3| tests/raptor3/g4/generation/sqlite-campaign.test.ts (1 test) 1872ms
   ✓ executes one complete G4 SQLite read seed batch  1871ms

 Test Files  1 passed (1)
      Tests  1 passed (1)
   Start at  19:01:27
   Duration  7.26s (transform 1.93s, setup 20ms, collect 2.92s, tests 1.87s, environment 0ms, prepare 59ms)

JSON report written to /private/tmp/viborm-g4-lane-tmp-1/viborm-raptor3-g0-Y54ENI/vitest.json
Vitest resources: 14.79s wall, 738.1 MiB peak sampled process-group RSS (sampled ceiling 1536 MiB). Teardown verified.
Raptor 3 g4-seed-batch (subject candidate, qualifying) contract gate verified. Evidence: /private/tmp/viborm-g4-lane-tmp-1/viborm-raptor3-g0-Y54ENI

 RUN  v3.1.4 /private/tmp/viborm-g4-lane-1

 ✓ |raptor3| tests/raptor3/g4/generation/sqlite-campaign.test.ts (1 test) 2655ms
   ✓ executes one complete G4 SQLite read seed batch  2654ms

 Test Files  1 passed (1)
      Tests  1 passed (1)
   Start at  19:01:45
   Duration  9.63s (transform 2.40s, setup 12ms, collect 3.64s, tests 2.65s, environment 0ms, prepare 54ms)

JSON report written to /private/tmp/viborm-g4-lane-tmp-1/viborm-raptor3-g0-1Zv8Od/vitest.json
Vitest resources: 17.17s wall, 747.7 MiB peak sampled process-group RSS (sampled ceiling 1536 MiB). Teardown verified.
Raptor 3 g4-seed-batch (subject candidate, qualifying) contract gate verified. Evidence: /private/tmp/viborm-g4-lane-tmp-1/viborm-raptor3-g0-1Zv8Od

 RUN  v3.1.4 /private/tmp/viborm-g4-lane-1

 ✓ |raptor3| tests/raptor3/g4/generation/sqlite-campaign.test.ts (1 test) 2415ms
   ✓ executes one complete G4 SQLite read seed batch  2414ms

 Test Files  1 passed (1)
      Tests  1 passed (1)
   Start at  19:02:05
   Duration  9.43s (transform 2.37s, setup 16ms, collect 3.69s, tests 2.42s, environment 0ms, prepare 86ms)

JSON report written to /private/tmp/viborm-g4-lane-tmp-1/viborm-raptor3-g0-fQjT4p/vitest.json
Vitest resources: 18.05s wall, 720.1 MiB peak sampled process-group RSS (sampled ceiling 1536 MiB). Teardown verified.
Raptor 3 g4-seed-batch (subject candidate, qualifying) contract gate verified. Evidence: /private/tmp/viborm-g4-lane-tmp-1/viborm-raptor3-g0-fQjT4p

 RUN  v3.1.4 /private/tmp/viborm-g4-lane-1

 ✓ |raptor3| tests/raptor3/g4/generation/sqlite-campaign.test.ts (1 test) 2178ms
   ✓ executes one complete G4 SQLite read seed batch  2177ms

 Test Files  1 passed (1)
      Tests  1 passed (1)
   Start at  19:02:24
   Duration  7.74s (transform 1.87s, setup 14ms, collect 2.78s, tests 2.18s, environment 0ms, prepare 40ms)

JSON report written to /private/tmp/viborm-g4-lane-tmp-1/viborm-raptor3-g0-v2I8vl/vitest.json
Vitest resources: 14.64s wall, 731.7 MiB peak sampled process-group RSS (sampled ceiling 1536 MiB). Teardown verified.
Raptor 3 g4-seed-batch (subject candidate, qualifying) contract gate verified. Evidence: /private/tmp/viborm-g4-lane-tmp-1/viborm-raptor3-g0-v2I8vl

 RUN  v3.1.4 /private/tmp/viborm-g4-lane-1

 ✓ |raptor3| tests/raptor3/g4/generation/sqlite-campaign.test.ts (1 test) 1948ms
   ✓ executes one complete G4 SQLite read seed batch  1948ms

 Test Files  1 passed (1)
      Tests  1 passed (1)
   Start at  19:02:41
   Duration  9.31s (transform 3.11s, setup 13ms, collect 4.77s, tests 1.95s, environment 0ms, prepare 39ms)

JSON report written to /private/tmp/viborm-g4-lane-tmp-1/viborm-raptor3-g0-w8tK8H/vitest.json
Vitest resources: 15.33s wall, 748.6 MiB peak sampled process-group RSS (sampled ceiling 1536 MiB). Teardown verified.
Raptor 3 g4-seed-batch (subject candidate, qualifying) contract gate verified. Evidence: /private/tmp/viborm-g4-lane-tmp-1/viborm-raptor3-g0-w8tK8H

 RUN  v3.1.4 /private/tmp/viborm-g4-lane-1

 ✓ |raptor3| tests/raptor3/g4/generation/sqlite-campaign.test.ts (1 test) 2153ms
   ✓ executes one complete G4 SQLite read seed batch  2152ms

 Test Files  1 passed (1)
      Tests  1 passed (1)
   Start at  19:03:01
   Duration  8.99s (transform 2.76s, setup 14ms, collect 4.29s, tests 2.15s, environment 0ms, prepare 38ms)

JSON report written to /private/tmp/viborm-g4-lane-tmp-1/viborm-raptor3-g0-lNM0oB/vitest.json
Vitest resources: 15.88s wall, 740.8 MiB peak sampled process-group RSS (sampled ceiling 1536 MiB). Teardown verified.
Raptor 3 g4-seed-batch (subject candidate, qualifying) contract gate verified. Evidence: /private/tmp/viborm-g4-lane-tmp-1/viborm-raptor3-g0-lNM0oB

 RUN  v3.1.4 /private/tmp/viborm-g4-lane-1

 ✓ |raptor3| tests/raptor3/g4/generation/sqlite-campaign.test.ts (1 test) 2944ms
   ✓ executes one complete G4 SQLite read seed batch  2944ms

 Test Files  1 passed (1)
      Tests  1 passed (1)
   Start at  19:03:22
   Duration  9.42s (transform 2.37s, setup 13ms, collect 3.61s, tests 2.94s, environment 0ms, prepare 33ms)

JSON report written to /private/tmp/viborm-g4-lane-tmp-1/viborm-raptor3-g0-JMsIbZ/vitest.json
Vitest resources: 17.93s wall, 742.8 MiB peak sampled process-group RSS (sampled ceiling 1536 MiB). Teardown verified.
Raptor 3 g4-seed-batch (subject candidate, qualifying) contract gate verified. Evidence: /private/tmp/viborm-g4-lane-tmp-1/viborm-raptor3-g0-JMsIbZ

 RUN  v3.1.4 /private/tmp/viborm-g4-lane-1

 ✓ |raptor3| tests/raptor3/g4/generation/sqlite-campaign.test.ts (1 test) 2544ms
   ✓ executes one complete G4 SQLite read seed batch  2544ms

 Test Files  1 passed (1)
      Tests  1 passed (1)
   Start at  19:03:45
   Duration  8.87s (transform 2.34s, setup 21ms, collect 3.64s, tests 2.54s, environment 0ms, prepare 83ms)

JSON report written to /private/tmp/viborm-g4-lane-tmp-1/viborm-raptor3-g0-q8dtHO/vitest.json
Vitest resources: 17.39s wall, 729.0 MiB peak sampled process-group RSS (sampled ceiling 1536 MiB). Teardown verified.
Raptor 3 g4-seed-batch (subject candidate, qualifying) contract gate verified. Evidence: /private/tmp/viborm-g4-lane-tmp-1/viborm-raptor3-g0-q8dtHO

 RUN  v3.1.4 /private/tmp/viborm-g4-lane-1

 ✓ |raptor3| tests/raptor3/g4/generation/sqlite-campaign.test.ts (1 test) 2107ms
   ✓ executes one complete G4 SQLite read seed batch  2106ms

 Test Files  1 passed (1)
      Tests  1 passed (1)
   Start at  19:04:05
   Duration  8.22s (transform 2.01s, setup 13ms, collect 2.96s, tests 2.11s, environment 0ms, prepare 52ms)

JSON report written to /private/tmp/viborm-g4-lane-tmp-1/viborm-raptor3-g0-QTX49J/vitest.json
Vitest resources: 15.24s wall, 739.7 MiB peak sampled process-group RSS (sampled ceiling 1536 MiB). Teardown verified.
Raptor 3 g4-seed-batch (subject candidate, qualifying) contract gate verified. Evidence: /private/tmp/viborm-g4-lane-tmp-1/viborm-raptor3-g0-QTX49J

 RUN  v3.1.4 /private/tmp/viborm-g4-lane-1

 ✓ |raptor3| tests/raptor3/g4/generation/sqlite-campaign.test.ts (1 test) 2573ms
   ✓ executes one complete G4 SQLite read seed batch  2573ms

 Test Files  1 passed (1)
      Tests  1 passed (1)
   Start at  19:04:23
   Duration  8.38s (transform 2.16s, setup 17ms, collect 3.23s, tests 2.57s, environment 0ms, prepare 50ms)

JSON report written to /private/tmp/viborm-g4-lane-tmp-1/viborm-raptor3-g0-s2vOu8/vitest.json
Vitest resources: 15.08s wall, 743.4 MiB peak sampled process-group RSS (sampled ceiling 1536 MiB). Teardown verified.
Raptor 3 g4-seed-batch (subject candidate, qualifying) contract gate verified. Evidence: /private/tmp/viborm-g4-lane-tmp-1/viborm-raptor3-g0-s2vOu8

 RUN  v3.1.4 /private/tmp/viborm-g4-lane-1

 ✓ |raptor3| tests/raptor3/g4/generation/sqlite-campaign.test.ts (1 test) 1964ms
   ✓ executes one complete G4 SQLite read seed batch  1964ms

 Test Files  1 passed (1)
      Tests  1 passed (1)
   Start at  19:04:42
   Duration  6.28s (transform 1.47s, setup 10ms, collect 2.19s, tests 1.96s, environment 0ms, prepare 35ms)

JSON report written to /private/tmp/viborm-g4-lane-tmp-1/viborm-raptor3-g0-hgeV7E/vitest.json
Vitest resources: 13.31s wall, 743.7 MiB peak sampled process-group RSS (sampled ceiling 1536 MiB). Teardown verified.
Raptor 3 g4-seed-batch (subject candidate, qualifying) contract gate verified. Evidence: /private/tmp/viborm-g4-lane-tmp-1/viborm-raptor3-g0-hgeV7E

 RUN  v3.1.4 /private/tmp/viborm-g4-lane-1

 ✓ |raptor3| tests/raptor3/g4/generation/sqlite-campaign.test.ts (1 test) 1612ms
   ✓ executes one complete G4 SQLite read seed batch  1611ms

 Test Files  1 passed (1)
      Tests  1 passed (1)
   Start at  19:04:59
   Duration  6.66s (transform 1.71s, setup 11ms, collect 2.59s, tests 1.61s, environment 0ms, prepare 44ms)

JSON report written to /private/tmp/viborm-g4-lane-tmp-1/viborm-raptor3-g0-ECF4zB/vitest.json
Vitest resources: 13.51s wall, 758.1 MiB peak sampled process-group RSS (sampled ceiling 1536 MiB). Teardown verified.
Raptor 3 g4-seed-batch (subject candidate, qualifying) contract gate verified. Evidence: /private/tmp/viborm-g4-lane-tmp-1/viborm-raptor3-g0-ECF4zB

 RUN  v3.1.4 /private/tmp/viborm-g4-lane-1

 ✓ |raptor3| tests/raptor3/g4/generation/sqlite-campaign.test.ts (1 test) 1776ms
   ✓ executes one complete G4 SQLite read seed batch  1775ms

 Test Files  1 passed (1)
      Tests  1 passed (1)
   Start at  19:05:17
   Duration  6.92s (transform 1.69s, setup 13ms, collect 2.51s, tests 1.78s, environment 0ms, prepare 45ms)

JSON report written to /private/tmp/viborm-g4-lane-tmp-1/viborm-raptor3-g0-v7SMXc/vitest.json
Vitest resources: 13.95s wall, 729.0 MiB peak sampled process-group RSS (sampled ceiling 1536 MiB). Teardown verified.
Raptor 3 g4-seed-batch (subject candidate, qualifying) contract gate verified. Evidence: /private/tmp/viborm-g4-lane-tmp-1/viborm-raptor3-g0-v7SMXc

 RUN  v3.1.4 /private/tmp/viborm-g4-lane-1

 ✓ |raptor3| tests/raptor3/g4/generation/sqlite-campaign.test.ts (1 test) 2159ms
   ✓ executes one complete G4 SQLite read seed batch  2158ms

 Test Files  1 passed (1)
      Tests  1 passed (1)
   Start at  19:05:35
   Duration  6.76s (transform 1.73s, setup 10ms, collect 2.61s, tests 2.16s, environment 0ms, prepare 37ms)

JSON report written to /private/tmp/viborm-g4-lane-tmp-1/viborm-raptor3-g0-A6B1cz/vitest.json
Vitest resources: 14.75s wall, 739.4 MiB peak sampled process-group RSS (sampled ceiling 1536 MiB). Teardown verified.
Raptor 3 g4-seed-batch (subject candidate, qualifying) contract gate verified. Evidence: /private/tmp/viborm-g4-lane-tmp-1/viborm-raptor3-g0-A6B1cz

 RUN  v3.1.4 /private/tmp/viborm-g4-lane-1

 ✓ |raptor3| tests/raptor3/g4/generation/sqlite-campaign.test.ts (1 test) 1643ms
   ✓ executes one complete G4 SQLite read seed batch  1642ms

 Test Files  1 passed (1)
      Tests  1 passed (1)
   Start at  19:05:52
   Duration  6.83s (transform 1.67s, setup 10ms, collect 2.51s, tests 1.64s, environment 0ms, prepare 41ms)

JSON report written to /private/tmp/viborm-g4-lane-tmp-1/viborm-raptor3-g0-kAQM3g/vitest.json
Vitest resources: 13.69s wall, 748.7 MiB peak sampled process-group RSS (sampled ceiling 1536 MiB). Teardown verified.
Raptor 3 g4-seed-batch (subject candidate, qualifying) contract gate verified. Evidence: /private/tmp/viborm-g4-lane-tmp-1/viborm-raptor3-g0-kAQM3g

 RUN  v3.1.4 /private/tmp/viborm-g4-lane-1

 ✓ |raptor3| tests/raptor3/g4/generation/sqlite-campaign.test.ts (1 test) 1989ms
   ✓ executes one complete G4 SQLite read seed batch  1988ms

 Test Files  1 passed (1)
      Tests  1 passed (1)
   Start at  19:06:09
   Duration  7.26s (transform 1.83s, setup 12ms, collect 2.75s, tests 1.99s, environment 0ms, prepare 31ms)

JSON report written to /private/tmp/viborm-g4-lane-tmp-1/viborm-raptor3-g0-qXDu9b/vitest.json
Vitest resources: 13.85s wall, 749.5 MiB peak sampled process-group RSS (sampled ceiling 1536 MiB). Teardown verified.
Raptor 3 g4-seed-batch (subject candidate, qualifying) contract gate verified. Evidence: /private/tmp/viborm-g4-lane-tmp-1/viborm-raptor3-g0-qXDu9b

 RUN  v3.1.4 /private/tmp/viborm-g4-lane-1

 ✓ |raptor3| tests/raptor3/g4/generation/sqlite-campaign.test.ts (1 test) 2150ms
   ✓ executes one complete G4 SQLite read seed batch  2149ms

 Test Files  1 passed (1)
      Tests  1 passed (1)
   Start at  19:06:27
   Duration  7.22s (transform 1.96s, setup 11ms, collect 2.98s, tests 2.15s, environment 0ms, prepare 34ms)

JSON report written to /private/tmp/viborm-g4-lane-tmp-1/viborm-raptor3-g0-YIOtR0/vitest.json
Vitest resources: 15.21s wall, 746.1 MiB peak sampled process-group RSS (sampled ceiling 1536 MiB). Teardown verified.
Raptor 3 g4-seed-batch (subject candidate, qualifying) contract gate verified. Evidence: /private/tmp/viborm-g4-lane-tmp-1/viborm-raptor3-g0-YIOtR0

 RUN  v3.1.4 /private/tmp/viborm-g4-lane-1

 ✓ |raptor3| tests/raptor3/g4/generation/sqlite-campaign.test.ts (1 test) 3202ms
   ✓ executes one complete G4 SQLite read seed batch  3201ms

 Test Files  1 passed (1)
      Tests  1 passed (1)
   Start at  19:06:44
   Duration  9.87s (transform 2.31s, setup 14ms, collect 3.44s, tests 3.20s, environment 0ms, prepare 56ms)

JSON report written to /private/tmp/viborm-g4-lane-tmp-1/viborm-raptor3-g0-Vy85Pf/vitest.json
Vitest resources: 17.44s wall, 739.4 MiB peak sampled process-group RSS (sampled ceiling 1536 MiB). Teardown verified.
Raptor 3 g4-seed-batch (subject candidate, qualifying) contract gate verified. Evidence: /private/tmp/viborm-g4-lane-tmp-1/viborm-raptor3-g0-Vy85Pf

 RUN  v3.1.4 /private/tmp/viborm-g4-lane-1

 ✓ |raptor3| tests/raptor3/g4/generation/sqlite-campaign.test.ts (1 test) 2649ms
   ✓ executes one complete G4 SQLite read seed batch  2648ms

 Test Files  1 passed (1)
      Tests  1 passed (1)
   Start at  19:07:05
   Duration  10.01s (transform 2.50s, setup 42ms, collect 3.69s, tests 2.65s, environment 0ms, prepare 247ms)

JSON report written to /private/tmp/viborm-g4-lane-tmp-1/viborm-raptor3-g0-N8qDDd/vitest.json
Vitest resources: 17.83s wall, 693.6 MiB peak sampled process-group RSS (sampled ceiling 1536 MiB). Teardown verified.
Raptor 3 g4-seed-batch (subject candidate, qualifying) contract gate verified. Evidence: /private/tmp/viborm-g4-lane-tmp-1/viborm-raptor3-g0-N8qDDd

 RUN  v3.1.4 /private/tmp/viborm-g4-lane-1

 ✓ |raptor3| tests/raptor3/g4/generation/sqlite-campaign.test.ts (1 test) 2412ms
   ✓ executes one complete G4 SQLite read seed batch  2411ms

 Test Files  1 passed (1)
      Tests  1 passed (1)
   Start at  19:07:26
   Duration  9.96s (transform 2.85s, setup 19ms, collect 4.36s, tests 2.41s, environment 0ms, prepare 75ms)

JSON report written to /private/tmp/viborm-g4-lane-tmp-1/viborm-raptor3-g0-fd5ewF/vitest.json
Vitest resources: 17.19s wall, 704.7 MiB peak sampled process-group RSS (sampled ceiling 1536 MiB). Teardown verified.
Raptor 3 g4-seed-batch (subject candidate, qualifying) contract gate verified. Evidence: /private/tmp/viborm-g4-lane-tmp-1/viborm-raptor3-g0-fd5ewF

 RUN  v3.1.4 /private/tmp/viborm-g4-lane-1

 ✓ |raptor3| tests/raptor3/g4/generation/sqlite-campaign.test.ts (1 test) 2672ms
   ✓ executes one complete G4 SQLite read seed batch  2672ms

 Test Files  1 passed (1)
      Tests  1 passed (1)
   Start at  19:07:46
   Duration  8.47s (transform 2.09s, setup 11ms, collect 3.19s, tests 2.67s, environment 0ms, prepare 45ms)

JSON report written to /private/tmp/viborm-g4-lane-tmp-1/viborm-raptor3-g0-oOl2x6/vitest.json
Vitest resources: 15.87s wall, 751.2 MiB peak sampled process-group RSS (sampled ceiling 1536 MiB). Teardown verified.
Raptor 3 g4-seed-batch (subject candidate, qualifying) contract gate verified. Evidence: /private/tmp/viborm-g4-lane-tmp-1/viborm-raptor3-g0-oOl2x6

 RUN  v3.1.4 /private/tmp/viborm-g4-lane-1

 ✓ |raptor3| tests/raptor3/g4/generation/sqlite-campaign.test.ts (1 test) 2272ms
   ✓ executes one complete G4 SQLite read seed batch  2271ms

 Test Files  1 passed (1)
      Tests  1 passed (1)
   Start at  19:08:05
   Duration  7.59s (transform 1.95s, setup 11ms, collect 2.96s, tests 2.27s, environment 0ms, prepare 40ms)

JSON report written to /private/tmp/viborm-g4-lane-tmp-1/viborm-raptor3-g0-1xwTjz/vitest.json
Vitest resources: 14.27s wall, 733.9 MiB peak sampled process-group RSS (sampled ceiling 1536 MiB). Teardown verified.
Raptor 3 g4-seed-batch (subject candidate, qualifying) contract gate verified. Evidence: /private/tmp/viborm-g4-lane-tmp-1/viborm-raptor3-g0-1xwTjz

 RUN  v3.1.4 /private/tmp/viborm-g4-lane-1

 ✓ |raptor3| tests/raptor3/g4/generation/sqlite-campaign.test.ts (1 test) 3274ms
   ✓ executes one complete G4 SQLite read seed batch  3273ms

 Test Files  1 passed (1)
      Tests  1 passed (1)
   Start at  19:08:23
   Duration  8.84s (transform 2.42s, setup 17ms, collect 3.69s, tests 3.27s, environment 0ms, prepare 43ms)

JSON report written to /private/tmp/viborm-g4-lane-tmp-1/viborm-raptor3-g0-N94H1w/vitest.json
Vitest resources: 16.79s wall, 739.6 MiB peak sampled process-group RSS (sampled ceiling 1536 MiB). Teardown verified.
Raptor 3 g4-seed-batch (subject candidate, qualifying) contract gate verified. Evidence: /private/tmp/viborm-g4-lane-tmp-1/viborm-raptor3-g0-N94H1w

 RUN  v3.1.4 /private/tmp/viborm-g4-lane-1

 ✓ |raptor3| tests/raptor3/g4/generation/sqlite-campaign.test.ts (1 test) 2920ms
   ✓ executes one complete G4 SQLite read seed batch  2919ms

 Test Files  1 passed (1)
      Tests  1 passed (1)
   Start at  19:08:45
   Duration  9.40s (transform 2.49s, setup 24ms, collect 3.78s, tests 2.92s, environment 0ms, prepare 79ms)

JSON report written to /private/tmp/viborm-g4-lane-tmp-1/viborm-raptor3-g0-Lw5Coo/vitest.json
Vitest resources: 18.39s wall, 730.5 MiB peak sampled process-group RSS (sampled ceiling 1536 MiB). Teardown verified.
Raptor 3 g4-seed-batch (subject candidate, qualifying) contract gate verified. Evidence: /private/tmp/viborm-g4-lane-tmp-1/viborm-raptor3-g0-Lw5Coo

 RUN  v3.1.4 /private/tmp/viborm-g4-lane-1

 ✓ |raptor3| tests/raptor3/g4/generation/sqlite-campaign.test.ts (1 test) 3364ms
   ✓ executes one complete G4 SQLite read seed batch  3363ms

 Test Files  1 passed (1)
      Tests  1 passed (1)
   Start at  19:09:08
   Duration  12.86s (transform 4.01s, setup 25ms, collect 6.16s, tests 3.36s, environment 0ms, prepare 254ms)

JSON report written to /private/tmp/viborm-g4-lane-tmp-1/viborm-raptor3-g0-1mAWLk/vitest.json
Vitest resources: 22.00s wall, 725.5 MiB peak sampled process-group RSS (sampled ceiling 1536 MiB). Teardown verified.
Raptor 3 g4-seed-batch (subject candidate, qualifying) contract gate verified. Evidence: /private/tmp/viborm-g4-lane-tmp-1/viborm-raptor3-g0-1mAWLk

 RUN  v3.1.4 /private/tmp/viborm-g4-lane-1

 ✓ |raptor3| tests/raptor3/g4/generation/sqlite-campaign.test.ts (1 test) 1809ms
   ✓ executes one complete G4 SQLite read seed batch  1809ms

 Test Files  1 passed (1)
      Tests  1 passed (1)
   Start at  19:09:31
   Duration  7.09s (transform 1.89s, setup 13ms, collect 2.85s, tests 1.81s, environment 0ms, prepare 46ms)

JSON report written to /private/tmp/viborm-g4-lane-tmp-1/viborm-raptor3-g0-O5r40y/vitest.json
Vitest resources: 14.90s wall, 725.3 MiB peak sampled process-group RSS (sampled ceiling 1536 MiB). Teardown verified.
Raptor 3 g4-seed-batch (subject candidate, qualifying) contract gate verified. Evidence: /private/tmp/viborm-g4-lane-tmp-1/viborm-raptor3-g0-O5r40y

 RUN  v3.1.4 /private/tmp/viborm-g4-lane-1

 ✓ |raptor3| tests/raptor3/g4/generation/sqlite-campaign.test.ts (1 test) 1880ms
   ✓ executes one complete G4 SQLite read seed batch  1879ms

 Test Files  1 passed (1)
      Tests  1 passed (1)
   Start at  19:09:48
   Duration  6.90s (transform 1.92s, setup 12ms, collect 2.84s, tests 1.88s, environment 0ms, prepare 45ms)

JSON report written to /private/tmp/viborm-g4-lane-tmp-1/viborm-raptor3-g0-3prdor/vitest.json
Vitest resources: 13.51s wall, 727.6 MiB peak sampled process-group RSS (sampled ceiling 1536 MiB). Teardown verified.
Raptor 3 g4-seed-batch (subject candidate, qualifying) contract gate verified. Evidence: /private/tmp/viborm-g4-lane-tmp-1/viborm-raptor3-g0-3prdor

 RUN  v3.1.4 /private/tmp/viborm-g4-lane-1

 ✓ |raptor3| tests/raptor3/g4/generation/sqlite-campaign.test.ts (1 test) 2366ms
   ✓ executes one complete G4 SQLite read seed batch  2365ms

 Test Files  1 passed (1)
      Tests  1 passed (1)
   Start at  19:10:05
   Duration  7.70s (transform 2.06s, setup 16ms, collect 3.05s, tests 2.37s, environment 0ms, prepare 45ms)

JSON report written to /private/tmp/viborm-g4-lane-tmp-1/viborm-raptor3-g0-xpStll/vitest.json
Vitest resources: 14.95s wall, 653.9 MiB peak sampled process-group RSS (sampled ceiling 1536 MiB). Teardown verified.
Raptor 3 g4-seed-batch (subject candidate, qualifying) contract gate verified. Evidence: /private/tmp/viborm-g4-lane-tmp-1/viborm-raptor3-g0-xpStll

 RUN  v3.1.4 /private/tmp/viborm-g4-lane-1

 ✓ |raptor3| tests/raptor3/g4/generation/sqlite-campaign.test.ts (1 test) 1888ms
   ✓ executes one complete G4 SQLite read seed batch  1887ms

 Test Files  1 passed (1)
      Tests  1 passed (1)
   Start at  19:10:22
   Duration  7.14s (transform 1.77s, setup 13ms, collect 2.62s, tests 1.89s, environment 0ms, prepare 43ms)

JSON report written to /private/tmp/viborm-g4-lane-tmp-1/viborm-raptor3-g0-ewmoSx/vitest.json
Vitest resources: 13.83s wall, 752.6 MiB peak sampled process-group RSS (sampled ceiling 1536 MiB). Teardown verified.
Raptor 3 g4-seed-batch (subject candidate, qualifying) contract gate verified. Evidence: /private/tmp/viborm-g4-lane-tmp-1/viborm-raptor3-g0-ewmoSx

 RUN  v3.1.4 /private/tmp/viborm-g4-lane-1

 ✓ |raptor3| tests/raptor3/g4/generation/sqlite-campaign.test.ts (1 test) 1956ms
   ✓ executes one complete G4 SQLite read seed batch  1955ms

 Test Files  1 passed (1)
      Tests  1 passed (1)
   Start at  19:10:37
   Duration  7.78s (transform 2.06s, setup 11ms, collect 3.06s, tests 1.96s, environment 0ms, prepare 32ms)

JSON report written to /private/tmp/viborm-g4-lane-tmp-1/viborm-raptor3-g0-Kpw2mc/vitest.json
Vitest resources: 13.26s wall, 722.0 MiB peak sampled process-group RSS (sampled ceiling 1536 MiB). Teardown verified.
Raptor 3 g4-seed-batch (subject candidate, qualifying) contract gate verified. Evidence: /private/tmp/viborm-g4-lane-tmp-1/viborm-raptor3-g0-Kpw2mc

 RUN  v3.1.4 /private/tmp/viborm-g4-lane-1

 ✓ |raptor3| tests/raptor3/g4/generation/sqlite-campaign.test.ts (1 test) 1922ms
   ✓ executes one complete G4 SQLite read seed batch  1921ms

 Test Files  1 passed (1)
      Tests  1 passed (1)
   Start at  19:10:53
   Duration  6.86s (transform 1.50s, setup 10ms, collect 2.24s, tests 1.92s, environment 0ms, prepare 30ms)

JSON report written to /private/tmp/viborm-g4-lane-tmp-1/viborm-raptor3-g0-m7K5nm/vitest.json
Vitest resources: 12.54s wall, 744.3 MiB peak sampled process-group RSS (sampled ceiling 1536 MiB). Teardown verified.
Raptor 3 g4-seed-batch (subject candidate, qualifying) contract gate verified. Evidence: /private/tmp/viborm-g4-lane-tmp-1/viborm-raptor3-g0-m7K5nm

 RUN  v3.1.4 /private/tmp/viborm-g4-lane-1

 ✓ |raptor3| tests/raptor3/g4/generation/sqlite-campaign.test.ts (1 test) 1683ms
   ✓ executes one complete G4 SQLite read seed batch  1682ms

 Test Files  1 passed (1)
      Tests  1 passed (1)
   Start at  19:11:10
   Duration  7.08s (transform 1.88s, setup 13ms, collect 2.84s, tests 1.68s, environment 0ms, prepare 44ms)

JSON report written to /private/tmp/viborm-g4-lane-tmp-1/viborm-raptor3-g0-7lcamk/vitest.json
Vitest resources: 13.20s wall, 735.0 MiB peak sampled process-group RSS (sampled ceiling 1536 MiB). Teardown verified.
Raptor 3 g4-seed-batch (subject candidate, qualifying) contract gate verified. Evidence: /private/tmp/viborm-g4-lane-tmp-1/viborm-raptor3-g0-7lcamk

 RUN  v3.1.4 /private/tmp/viborm-g4-lane-1

 ✓ |raptor3| tests/raptor3/g4/generation/sqlite-campaign.test.ts (1 test) 2038ms
   ✓ executes one complete G4 SQLite read seed batch  2037ms

 Test Files  1 passed (1)
      Tests  1 passed (1)
   Start at  19:11:27
   Duration  7.23s (transform 1.65s, setup 13ms, collect 2.46s, tests 2.04s, environment 0ms, prepare 39ms)

JSON report written to /private/tmp/viborm-g4-lane-tmp-1/viborm-raptor3-g0-inXqTg/vitest.json
Vitest resources: 13.51s wall, 751.9 MiB peak sampled process-group RSS (sampled ceiling 1536 MiB). Teardown verified.
Raptor 3 g4-seed-batch (subject candidate, qualifying) contract gate verified. Evidence: /private/tmp/viborm-g4-lane-tmp-1/viborm-raptor3-g0-inXqTg

 RUN  v3.1.4 /private/tmp/viborm-g4-lane-1

 ✓ |raptor3| tests/raptor3/g4/generation/sqlite-campaign.test.ts (1 test) 1884ms
   ✓ executes one complete G4 SQLite read seed batch  1883ms

 Test Files  1 passed (1)
      Tests  1 passed (1)
   Start at  19:11:44
   Duration  7.41s (transform 1.86s, setup 11ms, collect 2.78s, tests 1.88s, environment 0ms, prepare 39ms)

JSON report written to /private/tmp/viborm-g4-lane-tmp-1/viborm-raptor3-g0-6Yyh1M/vitest.json
Vitest resources: 13.64s wall, 769.5 MiB peak sampled process-group RSS (sampled ceiling 1536 MiB). Teardown verified.
Raptor 3 g4-seed-batch (subject candidate, qualifying) contract gate verified. Evidence: /private/tmp/viborm-g4-lane-tmp-1/viborm-raptor3-g0-6Yyh1M

 RUN  v3.1.4 /private/tmp/viborm-g4-lane-1

 ✓ |raptor3| tests/raptor3/g4/generation/sqlite-campaign.test.ts (1 test) 2337ms
   ✓ executes one complete G4 SQLite read seed batch  2336ms

 Test Files  1 passed (1)
      Tests  1 passed (1)
   Start at  19:12:02
   Duration  7.92s (transform 1.78s, setup 12ms, collect 2.60s, tests 2.34s, environment 0ms, prepare 57ms)

JSON report written to /private/tmp/viborm-g4-lane-tmp-1/viborm-raptor3-g0-J3bj3r/vitest.json
Vitest resources: 15.93s wall, 730.4 MiB peak sampled process-group RSS (sampled ceiling 1536 MiB). Teardown verified.
Raptor 3 g4-seed-batch (subject candidate, qualifying) contract gate verified. Evidence: /private/tmp/viborm-g4-lane-tmp-1/viborm-raptor3-g0-J3bj3r

 RUN  v3.1.4 /private/tmp/viborm-g4-lane-1

 ✓ |raptor3| tests/raptor3/g4/generation/sqlite-campaign.test.ts (1 test) 1908ms
   ✓ executes one complete G4 SQLite read seed batch  1908ms

 Test Files  1 passed (1)
      Tests  1 passed (1)
   Start at  19:12:21
   Duration  8.37s (transform 2.12s, setup 19ms, collect 3.14s, tests 1.91s, environment 0ms, prepare 93ms)

JSON report written to /private/tmp/viborm-g4-lane-tmp-1/viborm-raptor3-g0-TtTES6/vitest.json
Vitest resources: 15.38s wall, 703.6 MiB peak sampled process-group RSS (sampled ceiling 1536 MiB). Teardown verified.
Raptor 3 g4-seed-batch (subject candidate, qualifying) contract gate verified. Evidence: /private/tmp/viborm-g4-lane-tmp-1/viborm-raptor3-g0-TtTES6

 RUN  v3.1.4 /private/tmp/viborm-g4-lane-1

 ✓ |raptor3| tests/raptor3/g4/generation/sqlite-campaign.test.ts (1 test) 1963ms
   ✓ executes one complete G4 SQLite read seed batch  1962ms

 Test Files  1 passed (1)
      Tests  1 passed (1)
   Start at  19:12:41
   Duration  7.75s (transform 1.94s, setup 14ms, collect 2.89s, tests 1.96s, environment 0ms, prepare 47ms)

JSON report written to /private/tmp/viborm-g4-lane-tmp-1/viborm-raptor3-g0-LpZ1lo/vitest.json
Vitest resources: 14.72s wall, 745.3 MiB peak sampled process-group RSS (sampled ceiling 1536 MiB). Teardown verified.
Raptor 3 g4-seed-batch (subject candidate, qualifying) contract gate verified. Evidence: /private/tmp/viborm-g4-lane-tmp-1/viborm-raptor3-g0-LpZ1lo

 RUN  v3.1.4 /private/tmp/viborm-g4-lane-1

 ✓ |raptor3| tests/raptor3/g4/generation/sqlite-campaign.test.ts (1 test) 2131ms
   ✓ executes one complete G4 SQLite read seed batch  2130ms

 Test Files  1 passed (1)
      Tests  1 passed (1)
   Start at  19:12:59
   Duration  6.89s (transform 1.76s, setup 10ms, collect 2.63s, tests 2.13s, environment 0ms, prepare 40ms)

JSON report written to /private/tmp/viborm-g4-lane-tmp-1/viborm-raptor3-g0-Hcizm8/vitest.json
Vitest resources: 14.73s wall, 733.1 MiB peak sampled process-group RSS (sampled ceiling 1536 MiB). Teardown verified.
Raptor 3 g4-seed-batch (subject candidate, qualifying) contract gate verified. Evidence: /private/tmp/viborm-g4-lane-tmp-1/viborm-raptor3-g0-Hcizm8

 RUN  v3.1.4 /private/tmp/viborm-g4-lane-1

 ✓ |raptor3| tests/raptor3/g4/generation/sqlite-campaign.test.ts (1 test) 1759ms
   ✓ executes one complete G4 SQLite read seed batch  1759ms

 Test Files  1 passed (1)
      Tests  1 passed (1)
   Start at  19:13:17
   Duration  7.22s (transform 2.02s, setup 16ms, collect 3.09s, tests 1.76s, environment 0ms, prepare 75ms)

JSON report written to /private/tmp/viborm-g4-lane-tmp-1/viborm-raptor3-g0-sKMtOo/vitest.json
Vitest resources: 14.32s wall, 760.3 MiB peak sampled process-group RSS (sampled ceiling 1536 MiB). Teardown verified.
Raptor 3 g4-seed-batch (subject candidate, qualifying) contract gate verified. Evidence: /private/tmp/viborm-g4-lane-tmp-1/viborm-raptor3-g0-sKMtOo

 RUN  v3.1.4 /private/tmp/viborm-g4-lane-1

 ✓ |raptor3| tests/raptor3/g4/generation/sqlite-campaign.test.ts (1 test) 1907ms
   ✓ executes one complete G4 SQLite read seed batch  1906ms

 Test Files  1 passed (1)
      Tests  1 passed (1)
   Start at  19:13:35
   Duration  7.29s (transform 1.63s, setup 12ms, collect 2.45s, tests 1.91s, environment 0ms, prepare 33ms)

JSON report written to /private/tmp/viborm-g4-lane-tmp-1/viborm-raptor3-g0-jlmjSk/vitest.json
Vitest resources: 14.27s wall, 733.6 MiB peak sampled process-group RSS (sampled ceiling 1536 MiB). Teardown verified.
Raptor 3 g4-seed-batch (subject candidate, qualifying) contract gate verified. Evidence: /private/tmp/viborm-g4-lane-tmp-1/viborm-raptor3-g0-jlmjSk

 RUN  v3.1.4 /private/tmp/viborm-g4-lane-1

 ✓ |raptor3| tests/raptor3/g4/generation/sqlite-campaign.test.ts (1 test) 2010ms
   ✓ executes one complete G4 SQLite read seed batch  2009ms

 Test Files  1 passed (1)
      Tests  1 passed (1)
   Start at  19:13:51
   Duration  7.48s (transform 1.75s, setup 10ms, collect 2.64s, tests 2.01s, environment 0ms, prepare 32ms)

JSON report written to /private/tmp/viborm-g4-lane-tmp-1/viborm-raptor3-g0-2Vdepk/vitest.json
Vitest resources: 13.75s wall, 725.6 MiB peak sampled process-group RSS (sampled ceiling 1536 MiB). Teardown verified.
Raptor 3 g4-seed-batch (subject candidate, qualifying) contract gate verified. Evidence: /private/tmp/viborm-g4-lane-tmp-1/viborm-raptor3-g0-2Vdepk

 RUN  v3.1.4 /private/tmp/viborm-g4-lane-1

 ✓ |raptor3| tests/raptor3/g4/generation/sqlite-campaign.test.ts (1 test) 1956ms
   ✓ executes one complete G4 SQLite read seed batch  1955ms

 Test Files  1 passed (1)
      Tests  1 passed (1)
   Start at  19:14:08
   Duration  8.21s (transform 2.23s, setup 10ms, collect 3.40s, tests 1.96s, environment 0ms, prepare 29ms)

JSON report written to /private/tmp/viborm-g4-lane-tmp-1/viborm-raptor3-g0-m4tjFv/vitest.json
Vitest resources: 14.50s wall, 755.9 MiB peak sampled process-group RSS (sampled ceiling 1536 MiB). Teardown verified.
Raptor 3 g4-seed-batch (subject candidate, qualifying) contract gate verified. Evidence: /private/tmp/viborm-g4-lane-tmp-1/viborm-raptor3-g0-m4tjFv

 RUN  v3.1.4 /private/tmp/viborm-g4-lane-1

 ✓ |raptor3| tests/raptor3/g4/generation/sqlite-campaign.test.ts (1 test) 2027ms
   ✓ executes one complete G4 SQLite read seed batch  2026ms

 Test Files  1 passed (1)
      Tests  1 passed (1)
   Start at  19:14:25
   Duration  7.37s (transform 1.73s, setup 11ms, collect 2.58s, tests 2.03s, environment 0ms, prepare 31ms)

JSON report written to /private/tmp/viborm-g4-lane-tmp-1/viborm-raptor3-g0-Pmss9T/vitest.json
Vitest resources: 13.57s wall, 767.0 MiB peak sampled process-group RSS (sampled ceiling 1536 MiB). Teardown verified.
Raptor 3 g4-seed-batch (subject candidate, qualifying) contract gate verified. Evidence: /private/tmp/viborm-g4-lane-tmp-1/viborm-raptor3-g0-Pmss9T

 RUN  v3.1.4 /private/tmp/viborm-g4-lane-1

 ✓ |raptor3| tests/raptor3/g4/generation/sqlite-campaign.test.ts (1 test) 1713ms
   ✓ executes one complete G4 SQLite read seed batch  1713ms

 Test Files  1 passed (1)
      Tests  1 passed (1)
   Start at  19:14:42
   Duration  5.74s (transform 1.52s, setup 10ms, collect 2.25s, tests 1.71s, environment 0ms, prepare 34ms)

JSON report written to /private/tmp/viborm-g4-lane-tmp-1/viborm-raptor3-g0-8A30f7/vitest.json
Vitest resources: 12.38s wall, 735.5 MiB peak sampled process-group RSS (sampled ceiling 1536 MiB). Teardown verified.
Raptor 3 g4-seed-batch (subject candidate, qualifying) contract gate verified. Evidence: /private/tmp/viborm-g4-lane-tmp-1/viborm-raptor3-g0-8A30f7

 RUN  v3.1.4 /private/tmp/viborm-g4-lane-1

 ✓ |raptor3| tests/raptor3/g4/generation/sqlite-campaign.test.ts (1 test) 1784ms
   ✓ executes one complete G4 SQLite read seed batch  1783ms

 Test Files  1 passed (1)
      Tests  1 passed (1)
   Start at  19:14:55
   Duration  7.09s (transform 1.74s, setup 12ms, collect 2.65s, tests 1.78s, environment 0ms, prepare 37ms)

JSON report written to /private/tmp/viborm-g4-lane-tmp-1/viborm-raptor3-g0-UkD3xp/vitest.json
Vitest resources: 11.67s wall, 729.6 MiB peak sampled process-group RSS (sampled ceiling 1536 MiB). Teardown verified.
Raptor 3 g4-seed-batch (subject candidate, qualifying) contract gate verified. Evidence: /private/tmp/viborm-g4-lane-tmp-1/viborm-raptor3-g0-UkD3xp

 RUN  v3.1.4 /private/tmp/viborm-g4-lane-1

 ✓ |raptor3| tests/raptor3/g4/generation/sqlite-campaign.test.ts (1 test) 2043ms
   ✓ executes one complete G4 SQLite read seed batch  2043ms

 Test Files  1 passed (1)
      Tests  1 passed (1)
   Start at  19:15:11
   Duration  7.39s (transform 1.94s, setup 15ms, collect 2.90s, tests 2.04s, environment 0ms, prepare 49ms)

JSON report written to /private/tmp/viborm-g4-lane-tmp-1/viborm-raptor3-g0-BNTZXy/vitest.json
Vitest resources: 13.57s wall, 737.5 MiB peak sampled process-group RSS (sampled ceiling 1536 MiB). Teardown verified.
Raptor 3 g4-seed-batch (subject candidate, qualifying) contract gate verified. Evidence: /private/tmp/viborm-g4-lane-tmp-1/viborm-raptor3-g0-BNTZXy

 RUN  v3.1.4 /private/tmp/viborm-g4-lane-1

 ✓ |raptor3| tests/raptor3/g4/generation/sqlite-campaign.test.ts (1 test) 2187ms
   ✓ executes one complete G4 SQLite read seed batch  2186ms

 Test Files  1 passed (1)
      Tests  1 passed (1)
   Start at  19:15:28
   Duration  6.97s (transform 1.73s, setup 15ms, collect 2.62s, tests 2.19s, environment 0ms, prepare 44ms)

JSON report written to /private/tmp/viborm-g4-lane-tmp-1/viborm-raptor3-g0-cp5WdL/vitest.json
Vitest resources: 14.69s wall, 714.9 MiB peak sampled process-group RSS (sampled ceiling 1536 MiB). Teardown verified.
Raptor 3 g4-seed-batch (subject candidate, qualifying) contract gate verified. Evidence: /private/tmp/viborm-g4-lane-tmp-1/viborm-raptor3-g0-cp5WdL

 RUN  v3.1.4 /private/tmp/viborm-g4-lane-1

 ✓ |raptor3| tests/raptor3/g4/generation/sqlite-campaign.test.ts (1 test) 1834ms
   ✓ executes one complete G4 SQLite read seed batch  1833ms

 Test Files  1 passed (1)
      Tests  1 passed (1)
   Start at  19:15:48
   Duration  9.70s (transform 2.09s, setup 17ms, collect 3.07s, tests 1.83s, environment 0ms, prepare 63ms)

JSON report written to /private/tmp/viborm-g4-lane-tmp-1/viborm-raptor3-g0-9JoR7D/vitest.json
Vitest resources: 17.71s wall, 743.5 MiB peak sampled process-group RSS (sampled ceiling 1536 MiB). Teardown verified.
Raptor 3 g4-seed-batch (subject candidate, qualifying) contract gate verified. Evidence: /private/tmp/viborm-g4-lane-tmp-1/viborm-raptor3-g0-9JoR7D

 RUN  v3.1.4 /private/tmp/viborm-g4-lane-1

 ✓ |raptor3| tests/raptor3/g4/generation/sqlite-campaign.test.ts (1 test) 1919ms
   ✓ executes one complete G4 SQLite read seed batch  1918ms

 Test Files  1 passed (1)
      Tests  1 passed (1)
   Start at  19:16:08
   Duration  7.05s (transform 1.87s, setup 12ms, collect 2.78s, tests 1.92s, environment 0ms, prepare 40ms)

JSON report written to /private/tmp/viborm-g4-lane-tmp-1/viborm-raptor3-g0-Fs83lz/vitest.json
Vitest resources: 14.40s wall, 733.0 MiB peak sampled process-group RSS (sampled ceiling 1536 MiB). Teardown verified.
Raptor 3 g4-seed-batch (subject candidate, qualifying) contract gate verified. Evidence: /private/tmp/viborm-g4-lane-tmp-1/viborm-raptor3-g0-Fs83lz

 RUN  v3.1.4 /private/tmp/viborm-g4-lane-1

 ✓ |raptor3| tests/raptor3/g4/generation/sqlite-campaign.test.ts (1 test) 2378ms
   ✓ executes one complete G4 SQLite read seed batch  2377ms

 Test Files  1 passed (1)
      Tests  1 passed (1)
   Start at  19:16:28
   Duration  8.85s (transform 2.36s, setup 14ms, collect 3.54s, tests 2.38s, environment 0ms, prepare 88ms)

JSON report written to /private/tmp/viborm-g4-lane-tmp-1/viborm-raptor3-g0-WZOKoy/vitest.json
Vitest resources: 17.95s wall, 743.6 MiB peak sampled process-group RSS (sampled ceiling 1536 MiB). Teardown verified.
Raptor 3 g4-seed-batch (subject candidate, qualifying) contract gate verified. Evidence: /private/tmp/viborm-g4-lane-tmp-1/viborm-raptor3-g0-WZOKoy

 RUN  v3.1.4 /private/tmp/viborm-g4-lane-1

 ✓ |raptor3| tests/raptor3/g4/generation/sqlite-campaign.test.ts (1 test) 2052ms
   ✓ executes one complete G4 SQLite read seed batch  2051ms

 Test Files  1 passed (1)
      Tests  1 passed (1)
   Start at  19:16:48
   Duration  8.08s (transform 1.86s, setup 14ms, collect 2.80s, tests 2.05s, environment 0ms, prepare 55ms)

JSON report written to /private/tmp/viborm-g4-lane-tmp-1/viborm-raptor3-g0-YpcVWt/vitest.json
Vitest resources: 14.91s wall, 756.5 MiB peak sampled process-group RSS (sampled ceiling 1536 MiB). Teardown verified.
Raptor 3 g4-seed-batch (subject candidate, qualifying) contract gate verified. Evidence: /private/tmp/viborm-g4-lane-tmp-1/viborm-raptor3-g0-YpcVWt

 RUN  v3.1.4 /private/tmp/viborm-g4-lane-1

 ✓ |raptor3| tests/raptor3/g4/generation/sqlite-campaign.test.ts (1 test) 2036ms
   ✓ executes one complete G4 SQLite read seed batch  2035ms

 Test Files  1 passed (1)
      Tests  1 passed (1)
   Start at  19:17:07
   Duration  7.33s (transform 1.66s, setup 11ms, collect 2.49s, tests 2.04s, environment 0ms, prepare 38ms)

JSON report written to /private/tmp/viborm-g4-lane-tmp-1/viborm-raptor3-g0-6Ep830/vitest.json
Vitest resources: 15.25s wall, 756.9 MiB peak sampled process-group RSS (sampled ceiling 1536 MiB). Teardown verified.
Raptor 3 g4-seed-batch (subject candidate, qualifying) contract gate verified. Evidence: /private/tmp/viborm-g4-lane-tmp-1/viborm-raptor3-g0-6Ep830

 RUN  v3.1.4 /private/tmp/viborm-g4-lane-1

 ✓ |raptor3| tests/raptor3/g4/generation/sqlite-campaign.test.ts (1 test) 1518ms
   ✓ executes one complete G4 SQLite read seed batch  1518ms

 Test Files  1 passed (1)
      Tests  1 passed (1)
   Start at  19:17:25
   Duration  6.57s (transform 1.83s, setup 10ms, collect 2.77s, tests 1.52s, environment 0ms, prepare 42ms)

JSON report written to /private/tmp/viborm-g4-lane-tmp-1/viborm-raptor3-g0-4TXCuW/vitest.json
Vitest resources: 12.96s wall, 746.9 MiB peak sampled process-group RSS (sampled ceiling 1536 MiB). Teardown verified.
Raptor 3 g4-seed-batch (subject candidate, qualifying) contract gate verified. Evidence: /private/tmp/viborm-g4-lane-tmp-1/viborm-raptor3-g0-4TXCuW

 RUN  v3.1.4 /private/tmp/viborm-g4-lane-1

 ✓ |raptor3| tests/raptor3/g4/generation/sqlite-campaign.test.ts (1 test) 1892ms
   ✓ executes one complete G4 SQLite read seed batch  1892ms

 Test Files  1 passed (1)
      Tests  1 passed (1)
   Start at  19:17:42
   Duration  7.21s (transform 1.75s, setup 11ms, collect 2.58s, tests 1.89s, environment 0ms, prepare 41ms)

JSON report written to /private/tmp/viborm-g4-lane-tmp-1/viborm-raptor3-g0-OKdkbG/vitest.json
Vitest resources: 14.67s wall, 760.8 MiB peak sampled process-group RSS (sampled ceiling 1536 MiB). Teardown verified.
Raptor 3 g4-seed-batch (subject candidate, qualifying) contract gate verified. Evidence: /private/tmp/viborm-g4-lane-tmp-1/viborm-raptor3-g0-OKdkbG

 RUN  v3.1.4 /private/tmp/viborm-g4-lane-1

 ✓ |raptor3| tests/raptor3/g4/generation/sqlite-campaign.test.ts (1 test) 2306ms
   ✓ executes one complete G4 SQLite read seed batch  2305ms

 Test Files  1 passed (1)
      Tests  1 passed (1)
   Start at  19:18:00
   Duration  7.46s (transform 1.79s, setup 13ms, collect 2.69s, tests 2.31s, environment 0ms, prepare 48ms)

JSON report written to /private/tmp/viborm-g4-lane-tmp-1/viborm-raptor3-g0-vE76MZ/vitest.json
Vitest resources: 15.00s wall, 747.1 MiB peak sampled process-group RSS (sampled ceiling 1536 MiB). Teardown verified.
Raptor 3 g4-seed-batch (subject candidate, qualifying) contract gate verified. Evidence: /private/tmp/viborm-g4-lane-tmp-1/viborm-raptor3-g0-vE76MZ

 RUN  v3.1.4 /private/tmp/viborm-g4-lane-1

 ✓ |raptor3| tests/raptor3/g4/generation/sqlite-campaign.test.ts (1 test) 1950ms
   ✓ executes one complete G4 SQLite read seed batch  1949ms

 Test Files  1 passed (1)
      Tests  1 passed (1)
   Start at  19:18:15
   Duration  8.11s (transform 1.89s, setup 12ms, collect 2.83s, tests 1.95s, environment 0ms, prepare 37ms)

JSON report written to /private/tmp/viborm-g4-lane-tmp-1/viborm-raptor3-g0-mzynCJ/vitest.json
Vitest resources: 13.86s wall, 732.5 MiB peak sampled process-group RSS (sampled ceiling 1536 MiB). Teardown verified.
Raptor 3 g4-seed-batch (subject candidate, qualifying) contract gate verified. Evidence: /private/tmp/viborm-g4-lane-tmp-1/viborm-raptor3-g0-mzynCJ

 RUN  v3.1.4 /private/tmp/viborm-g4-lane-1

 ✓ |raptor3| tests/raptor3/g4/generation/sqlite-campaign.test.ts (1 test) 2113ms
   ✓ executes one complete G4 SQLite read seed batch  2112ms

 Test Files  1 passed (1)
      Tests  1 passed (1)
   Start at  19:18:32
   Duration  7.90s (transform 1.84s, setup 13ms, collect 2.72s, tests 2.11s, environment 0ms, prepare 48ms)

JSON report written to /private/tmp/viborm-g4-lane-tmp-1/viborm-raptor3-g0-5PASUY/vitest.json
Vitest resources: 13.36s wall, 752.5 MiB peak sampled process-group RSS (sampled ceiling 1536 MiB). Teardown verified.
Raptor 3 g4-seed-batch (subject candidate, qualifying) contract gate verified. Evidence: /private/tmp/viborm-g4-lane-tmp-1/viborm-raptor3-g0-5PASUY

 RUN  v3.1.4 /private/tmp/viborm-g4-lane-1

 ✓ |raptor3| tests/raptor3/g4/generation/sqlite-campaign.test.ts (1 test) 2241ms
   ✓ executes one complete G4 SQLite read seed batch  2241ms

 Test Files  1 passed (1)
      Tests  1 passed (1)
   Start at  19:18:50
   Duration  7.24s (transform 1.87s, setup 14ms, collect 2.80s, tests 2.24s, environment 0ms, prepare 46ms)

JSON report written to /private/tmp/viborm-g4-lane-tmp-1/viborm-raptor3-g0-PbVu7o/vitest.json
Vitest resources: 13.86s wall, 686.9 MiB peak sampled process-group RSS (sampled ceiling 1536 MiB). Teardown verified.
Raptor 3 g4-seed-batch (subject candidate, qualifying) contract gate verified. Evidence: /private/tmp/viborm-g4-lane-tmp-1/viborm-raptor3-g0-PbVu7o

 RUN  v3.1.4 /private/tmp/viborm-g4-lane-1

 ✓ |raptor3| tests/raptor3/g4/generation/sqlite-campaign.test.ts (1 test) 1783ms
   ✓ executes one complete G4 SQLite read seed batch  1783ms

 Test Files  1 passed (1)
      Tests  1 passed (1)
   Start at  19:19:08
   Duration  7.27s (transform 1.90s, setup 17ms, collect 2.84s, tests 1.78s, environment 0ms, prepare 60ms)

JSON report written to /private/tmp/viborm-g4-lane-tmp-1/viborm-raptor3-g0-Wk5cL9/vitest.json
Vitest resources: 14.30s wall, 759.5 MiB peak sampled process-group RSS (sampled ceiling 1536 MiB). Teardown verified.
Raptor 3 g4-seed-batch (subject candidate, qualifying) contract gate verified. Evidence: /private/tmp/viborm-g4-lane-tmp-1/viborm-raptor3-g0-Wk5cL9

 RUN  v3.1.4 /private/tmp/viborm-g4-lane-1

 ✓ |raptor3| tests/raptor3/g4/generation/sqlite-campaign.test.ts (1 test) 2186ms
   ✓ executes one complete G4 SQLite read seed batch  2186ms

 Test Files  1 passed (1)
      Tests  1 passed (1)
   Start at  19:19:25
   Duration  6.97s (transform 1.57s, setup 11ms, collect 2.36s, tests 2.19s, environment 0ms, prepare 38ms)

JSON report written to /private/tmp/viborm-g4-lane-tmp-1/viborm-raptor3-g0-LGXjfz/vitest.json
Vitest resources: 13.82s wall, 745.0 MiB peak sampled process-group RSS (sampled ceiling 1536 MiB). Teardown verified.
Raptor 3 g4-seed-batch (subject candidate, qualifying) contract gate verified. Evidence: /private/tmp/viborm-g4-lane-tmp-1/viborm-raptor3-g0-LGXjfz

 RUN  v3.1.4 /private/tmp/viborm-g4-lane-1

 ✓ |raptor3| tests/raptor3/g4/generation/sqlite-campaign.test.ts (1 test) 1649ms
   ✓ executes one complete G4 SQLite read seed batch  1649ms

 Test Files  1 passed (1)
      Tests  1 passed (1)
   Start at  19:19:43
   Duration  6.46s (transform 1.57s, setup 9ms, collect 2.35s, tests 1.65s, environment 0ms, prepare 37ms)

JSON report written to /private/tmp/viborm-g4-lane-tmp-1/viborm-raptor3-g0-4XArSr/vitest.json
Vitest resources: 13.70s wall, 748.5 MiB peak sampled process-group RSS (sampled ceiling 1536 MiB). Teardown verified.
Raptor 3 g4-seed-batch (subject candidate, qualifying) contract gate verified. Evidence: /private/tmp/viborm-g4-lane-tmp-1/viborm-raptor3-g0-4XArSr

 RUN  v3.1.4 /private/tmp/viborm-g4-lane-1

 ✓ |raptor3| tests/raptor3/g4/generation/sqlite-campaign.test.ts (1 test) 2019ms
   ✓ executes one complete G4 SQLite read seed batch  2018ms

 Test Files  1 passed (1)
      Tests  1 passed (1)
   Start at  19:20:03
   Duration  8.82s (transform 2.05s, setup 15ms, collect 3.07s, tests 2.02s, environment 0ms, prepare 58ms)

JSON report written to /private/tmp/viborm-g4-lane-tmp-1/viborm-raptor3-g0-o77tjB/vitest.json
Vitest resources: 16.95s wall, 720.0 MiB peak sampled process-group RSS (sampled ceiling 1536 MiB). Teardown verified.
Raptor 3 g4-seed-batch (subject candidate, qualifying) contract gate verified. Evidence: /private/tmp/viborm-g4-lane-tmp-1/viborm-raptor3-g0-o77tjB

 RUN  v3.1.4 /private/tmp/viborm-g4-lane-1

 ✓ |raptor3| tests/raptor3/g4/generation/sqlite-campaign.test.ts (1 test) 2098ms
   ✓ executes one complete G4 SQLite read seed batch  2097ms

 Test Files  1 passed (1)
      Tests  1 passed (1)
   Start at  19:20:23
   Duration  8.45s (transform 1.94s, setup 10ms, collect 2.93s, tests 2.10s, environment 0ms, prepare 40ms)

JSON report written to /private/tmp/viborm-g4-lane-tmp-1/viborm-raptor3-g0-OzBNrH/vitest.json
Vitest resources: 16.54s wall, 735.2 MiB peak sampled process-group RSS (sampled ceiling 1536 MiB). Teardown verified.
Raptor 3 g4-seed-batch (subject candidate, qualifying) contract gate verified. Evidence: /private/tmp/viborm-g4-lane-tmp-1/viborm-raptor3-g0-OzBNrH

 RUN  v3.1.4 /private/tmp/viborm-g4-lane-1

 ✓ |raptor3| tests/raptor3/g4/generation/sqlite-campaign.test.ts (1 test) 1736ms
   ✓ executes one complete G4 SQLite read seed batch  1735ms

 Test Files  1 passed (1)
      Tests  1 passed (1)
   Start at  19:20:42
   Duration  7.40s (transform 1.69s, setup 9ms, collect 2.52s, tests 1.74s, environment 0ms, prepare 37ms)

JSON report written to /private/tmp/viborm-g4-lane-tmp-1/viborm-raptor3-g0-oM3CBs/vitest.json
Vitest resources: 14.75s wall, 722.2 MiB peak sampled process-group RSS (sampled ceiling 1536 MiB). Teardown verified.
Raptor 3 g4-seed-batch (subject candidate, qualifying) contract gate verified. Evidence: /private/tmp/viborm-g4-lane-tmp-1/viborm-raptor3-g0-oM3CBs

 RUN  v3.1.4 /private/tmp/viborm-g4-lane-1

 ✓ |raptor3| tests/raptor3/g4/generation/sqlite-campaign.test.ts (1 test) 2172ms
   ✓ executes one complete G4 SQLite read seed batch  2172ms

 Test Files  1 passed (1)
      Tests  1 passed (1)
   Start at  19:21:01
   Duration  7.64s (transform 1.52s, setup 9ms, collect 2.23s, tests 2.17s, environment 0ms, prepare 35ms)

JSON report written to /private/tmp/viborm-g4-lane-tmp-1/viborm-raptor3-g0-QTONay/vitest.json
Vitest resources: 15.57s wall, 740.5 MiB peak sampled process-group RSS (sampled ceiling 1536 MiB). Teardown verified.
Raptor 3 g4-seed-batch (subject candidate, qualifying) contract gate verified. Evidence: /private/tmp/viborm-g4-lane-tmp-1/viborm-raptor3-g0-QTONay

 RUN  v3.1.4 /private/tmp/viborm-g4-lane-1

 ✓ |raptor3| tests/raptor3/g4/generation/sqlite-campaign.test.ts (1 test) 1706ms
   ✓ executes one complete G4 SQLite read seed batch  1705ms

 Test Files  1 passed (1)
      Tests  1 passed (1)
   Start at  19:21:23
   Duration  7.29s (transform 1.61s, setup 12ms, collect 2.38s, tests 1.71s, environment 0ms, prepare 44ms)

JSON report written to /private/tmp/viborm-g4-lane-tmp-1/viborm-raptor3-g0-PXL4fb/vitest.json
Vitest resources: 16.62s wall, 733.8 MiB peak sampled process-group RSS (sampled ceiling 1536 MiB). Teardown verified.
Raptor 3 g4-seed-batch (subject candidate, qualifying) contract gate verified. Evidence: /private/tmp/viborm-g4-lane-tmp-1/viborm-raptor3-g0-PXL4fb

 RUN  v3.1.4 /private/tmp/viborm-g4-lane-1

 ✓ |raptor3| tests/raptor3/g4/generation/sqlite-campaign.test.ts (1 test) 1841ms
   ✓ executes one complete G4 SQLite read seed batch  1841ms

 Test Files  1 passed (1)
      Tests  1 passed (1)
   Start at  19:21:44
   Duration  9.02s (transform 2.07s, setup 25ms, collect 3.08s, tests 1.84s, environment 0ms, prepare 42ms)

JSON report written to /private/tmp/viborm-g4-lane-tmp-1/viborm-raptor3-g0-4QBYeQ/vitest.json
Vitest resources: 17.78s wall, 706.3 MiB peak sampled process-group RSS (sampled ceiling 1536 MiB). Teardown verified.
Raptor 3 g4-seed-batch (subject candidate, qualifying) contract gate verified. Evidence: /private/tmp/viborm-g4-lane-tmp-1/viborm-raptor3-g0-4QBYeQ

 RUN  v3.1.4 /private/tmp/viborm-g4-lane-1

 ✓ |raptor3| tests/raptor3/g4/generation/sqlite-campaign.test.ts (1 test) 1990ms
   ✓ executes one complete G4 SQLite read seed batch  1990ms

 Test Files  1 passed (1)
      Tests  1 passed (1)
   Start at  19:22:05
   Duration  7.84s (transform 1.73s, setup 13ms, collect 2.56s, tests 1.99s, environment 0ms, prepare 46ms)

JSON report written to /private/tmp/viborm-g4-lane-tmp-1/viborm-raptor3-g0-tEyukN/vitest.json
Vitest resources: 16.05s wall, 712.5 MiB peak sampled process-group RSS (sampled ceiling 1536 MiB). Teardown verified.
Raptor 3 g4-seed-batch (subject candidate, qualifying) contract gate verified. Evidence: /private/tmp/viborm-g4-lane-tmp-1/viborm-raptor3-g0-tEyukN

 RUN  v3.1.4 /private/tmp/viborm-g4-lane-1

 ✓ |raptor3| tests/raptor3/g4/generation/sqlite-campaign.test.ts (1 test) 2684ms
   ✓ executes one complete G4 SQLite read seed batch  2683ms

 Test Files  1 passed (1)
      Tests  1 passed (1)
   Start at  19:22:26
   Duration  8.68s (transform 2.18s, setup 16ms, collect 3.25s, tests 2.68s, environment 0ms, prepare 50ms)

JSON report written to /private/tmp/viborm-g4-lane-tmp-1/viborm-raptor3-g0-IksNnb/vitest.json
Vitest resources: 17.20s wall, 717.6 MiB peak sampled process-group RSS (sampled ceiling 1536 MiB). Teardown verified.
Raptor 3 g4-seed-batch (subject candidate, qualifying) contract gate verified. Evidence: /private/tmp/viborm-g4-lane-tmp-1/viborm-raptor3-g0-IksNnb

 RUN  v3.1.4 /private/tmp/viborm-g4-lane-1

 ✓ |raptor3| tests/raptor3/g4/generation/sqlite-campaign.test.ts (1 test) 2568ms
   ✓ executes one complete G4 SQLite read seed batch  2568ms

 Test Files  1 passed (1)
      Tests  1 passed (1)
   Start at  19:22:48
   Duration  8.15s (transform 1.76s, setup 10ms, collect 2.59s, tests 2.57s, environment 0ms, prepare 45ms)

JSON report written to /private/tmp/viborm-g4-lane-tmp-1/viborm-raptor3-g0-8dL4aE/vitest.json
Vitest resources: 16.77s wall, 721.3 MiB peak sampled process-group RSS (sampled ceiling 1536 MiB). Teardown verified.
Raptor 3 g4-seed-batch (subject candidate, qualifying) contract gate verified. Evidence: /private/tmp/viborm-g4-lane-tmp-1/viborm-raptor3-g0-8dL4aE

 RUN  v3.1.4 /private/tmp/viborm-g4-lane-1

 ✓ |raptor3| tests/raptor3/g4/generation/sqlite-campaign.test.ts (1 test) 1921ms
   ✓ executes one complete G4 SQLite read seed batch  1920ms

 Test Files  1 passed (1)
      Tests  1 passed (1)
   Start at  19:23:09
   Duration  8.92s (transform 1.94s, setup 24ms, collect 2.86s, tests 1.92s, environment 0ms, prepare 63ms)

JSON report written to /private/tmp/viborm-g4-lane-tmp-1/viborm-raptor3-g0-rj2a8Q/vitest.json
Vitest resources: 17.04s wall, 717.1 MiB peak sampled process-group RSS (sampled ceiling 1536 MiB). Teardown verified.
Raptor 3 g4-seed-batch (subject candidate, qualifying) contract gate verified. Evidence: /private/tmp/viborm-g4-lane-tmp-1/viborm-raptor3-g0-rj2a8Q

 RUN  v3.1.4 /private/tmp/viborm-g4-lane-1

 ✓ |raptor3| tests/raptor3/g4/generation/sqlite-campaign.test.ts (1 test) 2155ms
   ✓ executes one complete G4 SQLite read seed batch  2154ms

 Test Files  1 passed (1)
      Tests  1 passed (1)
   Start at  19:23:31
   Duration  8.84s (transform 2.40s, setup 15ms, collect 3.76s, tests 2.16s, environment 0ms, prepare 47ms)

JSON report written to /private/tmp/viborm-g4-lane-tmp-1/viborm-raptor3-g0-vaWPbj/vitest.json
Vitest resources: 17.17s wall, 720.1 MiB peak sampled process-group RSS (sampled ceiling 1536 MiB). Teardown verified.
Raptor 3 g4-seed-batch (subject candidate, qualifying) contract gate verified. Evidence: /private/tmp/viborm-g4-lane-tmp-1/viborm-raptor3-g0-vaWPbj

 RUN  v3.1.4 /private/tmp/viborm-g4-lane-1

 ✓ |raptor3| tests/raptor3/g4/generation/sqlite-campaign.test.ts (1 test) 2750ms
   ✓ executes one complete G4 SQLite read seed batch  2750ms

 Test Files  1 passed (1)
      Tests  1 passed (1)
   Start at  19:23:53
   Duration  7.98s (transform 1.82s, setup 14ms, collect 2.71s, tests 2.75s, environment 0ms, prepare 44ms)

JSON report written to /private/tmp/viborm-g4-lane-tmp-1/viborm-raptor3-g0-p7fruJ/vitest.json
Vitest resources: 16.94s wall, 652.5 MiB peak sampled process-group RSS (sampled ceiling 1536 MiB). Teardown verified.
Raptor 3 g4-seed-batch (subject candidate, qualifying) contract gate verified. Evidence: /private/tmp/viborm-g4-lane-tmp-1/viborm-raptor3-g0-p7fruJ

 RUN  v3.1.4 /private/tmp/viborm-g4-lane-1

 ✓ |raptor3| tests/raptor3/g4/generation/sqlite-campaign.test.ts (1 test) 1600ms
   ✓ executes one complete G4 SQLite read seed batch  1599ms

 Test Files  1 passed (1)
      Tests  1 passed (1)
   Start at  19:24:14
   Duration  6.30s (transform 1.40s, setup 10ms, collect 2.11s, tests 1.60s, environment 0ms, prepare 36ms)

JSON report written to /private/tmp/viborm-g4-lane-tmp-1/viborm-raptor3-g0-qEUiib/vitest.json
Vitest resources: 14.90s wall, 743.6 MiB peak sampled process-group RSS (sampled ceiling 1536 MiB). Teardown verified.
Raptor 3 g4-seed-batch (subject candidate, qualifying) contract gate verified. Evidence: /private/tmp/viborm-g4-lane-tmp-1/viborm-raptor3-g0-qEUiib

 RUN  v3.1.4 /private/tmp/viborm-g4-lane-1

 ✓ |raptor3| tests/raptor3/g4/generation/sqlite-campaign.test.ts (1 test) 2191ms
   ✓ executes one complete G4 SQLite read seed batch  2191ms

 Test Files  1 passed (1)
      Tests  1 passed (1)
   Start at  19:24:34
   Duration  7.45s (transform 1.68s, setup 10ms, collect 2.49s, tests 2.19s, environment 0ms, prepare 36ms)

JSON report written to /private/tmp/viborm-g4-lane-tmp-1/viborm-raptor3-g0-uIUJAK/vitest.json
Vitest resources: 16.05s wall, 758.1 MiB peak sampled process-group RSS (sampled ceiling 1536 MiB). Teardown verified.
Raptor 3 g4-seed-batch (subject candidate, qualifying) contract gate verified. Evidence: /private/tmp/viborm-g4-lane-tmp-1/viborm-raptor3-g0-uIUJAK

 RUN  v3.1.4 /private/tmp/viborm-g4-lane-1

 ✓ |raptor3| tests/raptor3/g4/generation/sqlite-campaign.test.ts (1 test) 2956ms
   ✓ executes one complete G4 SQLite read seed batch  2955ms

 Test Files  1 passed (1)
      Tests  1 passed (1)
   Start at  19:24:56
   Duration  10.31s (transform 2.41s, setup 14ms, collect 3.64s, tests 2.96s, environment 0ms, prepare 64ms)

JSON report written to /private/tmp/viborm-g4-lane-tmp-1/viborm-raptor3-g0-eT0LIq/vitest.json
Vitest resources: 19.14s wall, 674.3 MiB peak sampled process-group RSS (sampled ceiling 1536 MiB). Teardown verified.
Raptor 3 g4-seed-batch (subject candidate, qualifying) contract gate verified. Evidence: /private/tmp/viborm-g4-lane-tmp-1/viborm-raptor3-g0-eT0LIq

 RUN  v3.1.4 /private/tmp/viborm-g4-lane-1

 ✓ |raptor3| tests/raptor3/g4/generation/sqlite-campaign.test.ts (1 test) 1868ms
   ✓ executes one complete G4 SQLite read seed batch  1867ms

 Test Files  1 passed (1)
      Tests  1 passed (1)
   Start at  19:25:20
   Duration  7.34s (transform 1.78s, setup 11ms, collect 2.68s, tests 1.87s, environment 0ms, prepare 40ms)

JSON report written to /private/tmp/viborm-g4-lane-tmp-1/viborm-raptor3-g0-Cvr6pF/vitest.json
Vitest resources: 15.71s wall, 742.5 MiB peak sampled process-group RSS (sampled ceiling 1536 MiB). Teardown verified.
Raptor 3 g4-seed-batch (subject candidate, qualifying) contract gate verified. Evidence: /private/tmp/viborm-g4-lane-tmp-1/viborm-raptor3-g0-Cvr6pF

 RUN  v3.1.4 /private/tmp/viborm-g4-lane-1

 ✓ |raptor3| tests/raptor3/g4/generation/sqlite-campaign.test.ts (1 test) 4167ms
   ✓ executes one complete G4 SQLite read seed batch  4165ms

 Test Files  1 passed (1)
      Tests  1 passed (1)
   Start at  19:25:41
   Duration  10.78s (transform 2.04s, setup 13ms, collect 3.05s, tests 4.17s, environment 0ms, prepare 49ms)

JSON report written to /private/tmp/viborm-g4-lane-tmp-1/viborm-raptor3-g0-NcVykg/vitest.json
Vitest resources: 20.48s wall, 601.0 MiB peak sampled process-group RSS (sampled ceiling 1536 MiB). Teardown verified.
Raptor 3 g4-seed-batch (subject candidate, qualifying) contract gate verified. Evidence: /private/tmp/viborm-g4-lane-tmp-1/viborm-raptor3-g0-NcVykg

 RUN  v3.1.4 /private/tmp/viborm-g4-lane-1

 ✓ |raptor3| tests/raptor3/g4/generation/sqlite-campaign.test.ts (1 test) 3312ms
   ✓ executes one complete G4 SQLite read seed batch  3311ms

 Test Files  1 passed (1)
      Tests  1 passed (1)
   Start at  19:26:04
   Duration  11.36s (transform 3.10s, setup 13ms, collect 5.00s, tests 3.31s, environment 0ms, prepare 49ms)

JSON report written to /private/tmp/viborm-g4-lane-tmp-1/viborm-raptor3-g0-HR0onn/vitest.json
Vitest resources: 18.82s wall, 654.3 MiB peak sampled process-group RSS (sampled ceiling 1536 MiB). Teardown verified.
Raptor 3 g4-seed-batch (subject candidate, qualifying) contract gate verified. Evidence: /private/tmp/viborm-g4-lane-tmp-1/viborm-raptor3-g0-HR0onn

 RUN  v3.1.4 /private/tmp/viborm-g4-lane-1

 ✓ |raptor3| tests/raptor3/g4/generation/sqlite-campaign.test.ts (1 test) 2535ms
   ✓ executes one complete G4 SQLite read seed batch  2535ms

 Test Files  1 passed (1)
      Tests  1 passed (1)
   Start at  19:26:32
   Duration  11.83s (transform 2.38s, setup 23ms, collect 3.56s, tests 2.54s, environment 0ms, prepare 83ms)

JSON report written to /private/tmp/viborm-g4-lane-tmp-1/viborm-raptor3-g0-hBkwdB/vitest.json
Vitest resources: 22.27s wall, 711.5 MiB peak sampled process-group RSS (sampled ceiling 1536 MiB). Teardown verified.
Raptor 3 g4-seed-batch (subject candidate, qualifying) contract gate verified. Evidence: /private/tmp/viborm-g4-lane-tmp-1/viborm-raptor3-g0-hBkwdB

 RUN  v3.1.4 /private/tmp/viborm-g4-lane-1

 ✓ |raptor3| tests/raptor3/g4/generation/sqlite-campaign.test.ts (1 test) 3057ms
   ✓ executes one complete G4 SQLite read seed batch  3056ms

 Test Files  1 passed (1)
      Tests  1 passed (1)
   Start at  19:27:01
   Duration  12.03s (transform 2.74s, setup 26ms, collect 4.11s, tests 3.06s, environment 0ms, prepare 74ms)

JSON report written to /private/tmp/viborm-g4-lane-tmp-1/viborm-raptor3-g0-l3EGBV/vitest.json
Vitest resources: 23.91s wall, 720.0 MiB peak sampled process-group RSS (sampled ceiling 1536 MiB). Teardown verified.
Raptor 3 g4-seed-batch (subject candidate, qualifying) contract gate verified. Evidence: /private/tmp/viborm-g4-lane-tmp-1/viborm-raptor3-g0-l3EGBV

 RUN  v3.1.4 /private/tmp/viborm-g4-lane-1

 ✓ |raptor3| tests/raptor3/g4/generation/sqlite-campaign.test.ts (1 test) 1562ms
   ✓ executes one complete G4 SQLite read seed batch  1561ms

 Test Files  1 passed (1)
      Tests  1 passed (1)
   Start at  19:27:24
   Duration  7.81s (transform 1.87s, setup 16ms, collect 2.81s, tests 1.56s, environment 0ms, prepare 34ms)

JSON report written to /private/tmp/viborm-g4-lane-tmp-1/viborm-raptor3-g0-KJEuIn/vitest.json
Vitest resources: 14.67s wall, 754.7 MiB peak sampled process-group RSS (sampled ceiling 1536 MiB). Teardown verified.
Raptor 3 g4-seed-batch (subject candidate, qualifying) contract gate verified. Evidence: /private/tmp/viborm-g4-lane-tmp-1/viborm-raptor3-g0-KJEuIn

 RUN  v3.1.4 /private/tmp/viborm-g4-lane-1

 ✓ |raptor3| tests/raptor3/g4/generation/sqlite-campaign.test.ts (1 test) 2315ms
   ✓ executes one complete G4 SQLite read seed batch  2314ms

 Test Files  1 passed (1)
      Tests  1 passed (1)
   Start at  19:27:43
   Duration  9.13s (transform 2.04s, setup 20ms, collect 3.04s, tests 2.31s, environment 0ms, prepare 33ms)

JSON report written to /private/tmp/viborm-g4-lane-tmp-1/viborm-raptor3-g0-x8jBXL/vitest.json
Vitest resources: 16.57s wall, 748.2 MiB peak sampled process-group RSS (sampled ceiling 1536 MiB). Teardown verified.
Raptor 3 g4-seed-batch (subject candidate, qualifying) contract gate verified. Evidence: /private/tmp/viborm-g4-lane-tmp-1/viborm-raptor3-g0-x8jBXL

 RUN  v3.1.4 /private/tmp/viborm-g4-lane-1

 ✓ |raptor3| tests/raptor3/g4/generation/sqlite-campaign.test.ts (1 test) 4636ms
   ✓ executes one complete G4 SQLite read seed batch  4635ms

 Test Files  1 passed (1)
      Tests  1 passed (1)
   Start at  19:28:05
   Duration  14.06s (transform 4.05s, setup 19ms, collect 6.45s, tests 4.64s, environment 0ms, prepare 48ms)

JSON report written to /private/tmp/viborm-g4-lane-tmp-1/viborm-raptor3-g0-1kzcZR/vitest.json
Vitest resources: 22.69s wall, 640.9 MiB peak sampled process-group RSS (sampled ceiling 1536 MiB). Teardown verified.
Raptor 3 g4-seed-batch (subject candidate, qualifying) contract gate verified. Evidence: /private/tmp/viborm-g4-lane-tmp-1/viborm-raptor3-g0-1kzcZR

 RUN  v3.1.4 /private/tmp/viborm-g4-lane-1

 ✓ |raptor3| tests/raptor3/g4/generation/sqlite-campaign.test.ts (1 test) 2262ms
   ✓ executes one complete G4 SQLite read seed batch  2261ms

 Test Files  1 passed (1)
      Tests  1 passed (1)
   Start at  19:28:29
   Duration  9.08s (transform 2.48s, setup 14ms, collect 3.84s, tests 2.26s, environment 0ms, prepare 41ms)

JSON report written to /private/tmp/viborm-g4-lane-tmp-1/viborm-raptor3-g0-nSoYqn/vitest.json
Vitest resources: 15.77s wall, 737.9 MiB peak sampled process-group RSS (sampled ceiling 1536 MiB). Teardown verified.
Raptor 3 g4-seed-batch (subject candidate, qualifying) contract gate verified. Evidence: /private/tmp/viborm-g4-lane-tmp-1/viborm-raptor3-g0-nSoYqn

 RUN  v3.1.4 /private/tmp/viborm-g4-lane-1

 ✓ |raptor3| tests/raptor3/g4/generation/sqlite-campaign.test.ts (1 test) 1807ms
   ✓ executes one complete G4 SQLite read seed batch  1806ms

 Test Files  1 passed (1)
      Tests  1 passed (1)
   Start at  19:28:49
   Duration  6.92s (transform 1.71s, setup 39ms, collect 2.52s, tests 1.81s, environment 0ms, prepare 39ms)

JSON report written to /private/tmp/viborm-g4-lane-tmp-1/viborm-raptor3-g0-h7Qe9a/vitest.json
Vitest resources: 14.50s wall, 749.5 MiB peak sampled process-group RSS (sampled ceiling 1536 MiB). Teardown verified.
Raptor 3 g4-seed-batch (subject candidate, qualifying) contract gate verified. Evidence: /private/tmp/viborm-g4-lane-tmp-1/viborm-raptor3-g0-h7Qe9a

 RUN  v3.1.4 /private/tmp/viborm-g4-lane-1

 ✓ |raptor3| tests/raptor3/g4/generation/sqlite-campaign.test.ts (1 test) 1925ms
   ✓ executes one complete G4 SQLite read seed batch  1924ms

 Test Files  1 passed (1)
      Tests  1 passed (1)
   Start at  19:29:07
   Duration  6.73s (transform 1.62s, setup 10ms, collect 2.39s, tests 1.93s, environment 0ms, prepare 31ms)

JSON report written to /private/tmp/viborm-g4-lane-tmp-1/viborm-raptor3-g0-USRNdJ/vitest.json
Vitest resources: 14.32s wall, 731.5 MiB peak sampled process-group RSS (sampled ceiling 1536 MiB). Teardown verified.
Raptor 3 g4-seed-batch (subject candidate, qualifying) contract gate verified. Evidence: /private/tmp/viborm-g4-lane-tmp-1/viborm-raptor3-g0-USRNdJ

 RUN  v3.1.4 /private/tmp/viborm-g4-lane-1

 ✓ |raptor3| tests/raptor3/g4/generation/sqlite-campaign.test.ts (1 test) 1685ms
   ✓ executes one complete G4 SQLite read seed batch  1684ms

 Test Files  1 passed (1)
      Tests  1 passed (1)
   Start at  19:29:24
   Duration  6.85s (transform 1.83s, setup 19ms, collect 2.70s, tests 1.68s, environment 0ms, prepare 39ms)

JSON report written to /private/tmp/viborm-g4-lane-tmp-1/viborm-raptor3-g0-rOUpxW/vitest.json
Vitest resources: 13.28s wall, 753.8 MiB peak sampled process-group RSS (sampled ceiling 1536 MiB). Teardown verified.
Raptor 3 g4-seed-batch (subject candidate, qualifying) contract gate verified. Evidence: /private/tmp/viborm-g4-lane-tmp-1/viborm-raptor3-g0-rOUpxW

 RUN  v3.1.4 /private/tmp/viborm-g4-lane-1

 ✓ |raptor3| tests/raptor3/g4/generation/sqlite-campaign.test.ts (1 test) 1591ms
   ✓ executes one complete G4 SQLite read seed batch  1591ms

 Test Files  1 passed (1)
      Tests  1 passed (1)
   Start at  19:29:40
   Duration  6.18s (transform 1.65s, setup 10ms, collect 2.45s, tests 1.59s, environment 0ms, prepare 26ms)

JSON report written to /private/tmp/viborm-g4-lane-tmp-1/viborm-raptor3-g0-JMGkPw/vitest.json
Vitest resources: 11.96s wall, 752.1 MiB peak sampled process-group RSS (sampled ceiling 1536 MiB). Teardown verified.
Raptor 3 g4-seed-batch (subject candidate, qualifying) contract gate verified. Evidence: /private/tmp/viborm-g4-lane-tmp-1/viborm-raptor3-g0-JMGkPw

 RUN  v3.1.4 /private/tmp/viborm-g4-lane-1

 ✓ |raptor3| tests/raptor3/g4/generation/sqlite-campaign.test.ts (1 test) 1785ms
   ✓ executes one complete G4 SQLite read seed batch  1784ms

 Test Files  1 passed (1)
      Tests  1 passed (1)
   Start at  19:29:55
   Duration  6.71s (transform 1.64s, setup 10ms, collect 2.44s, tests 1.78s, environment 0ms, prepare 30ms)

JSON report written to /private/tmp/viborm-g4-lane-tmp-1/viborm-raptor3-g0-R9i9Cm/vitest.json
Vitest resources: 12.97s wall, 748.0 MiB peak sampled process-group RSS (sampled ceiling 1536 MiB). Teardown verified.
Raptor 3 g4-seed-batch (subject candidate, qualifying) contract gate verified. Evidence: /private/tmp/viborm-g4-lane-tmp-1/viborm-raptor3-g0-R9i9Cm

 RUN  v3.1.4 /private/tmp/viborm-g4-lane-1

 ✓ |raptor3| tests/raptor3/g4/generation/sqlite-campaign.test.ts (1 test) 1902ms
   ✓ executes one complete G4 SQLite read seed batch  1902ms

 Test Files  1 passed (1)
      Tests  1 passed (1)
   Start at  19:30:13
   Duration  7.23s (transform 1.82s, setup 11ms, collect 2.72s, tests 1.90s, environment 0ms, prepare 38ms)

JSON report written to /private/tmp/viborm-g4-lane-tmp-1/viborm-raptor3-g0-LxbXn7/vitest.json
Vitest resources: 14.24s wall, 757.0 MiB peak sampled process-group RSS (sampled ceiling 1536 MiB). Teardown verified.
Raptor 3 g4-seed-batch (subject candidate, qualifying) contract gate verified. Evidence: /private/tmp/viborm-g4-lane-tmp-1/viborm-raptor3-g0-LxbXn7

 RUN  v3.1.4 /private/tmp/viborm-g4-lane-1

 ✓ |raptor3| tests/raptor3/g4/generation/sqlite-campaign.test.ts (1 test) 1810ms
   ✓ executes one complete G4 SQLite read seed batch  1809ms

 Test Files  1 passed (1)
      Tests  1 passed (1)
   Start at  19:30:32
   Duration  6.58s (transform 1.46s, setup 9ms, collect 2.19s, tests 1.81s, environment 0ms, prepare 37ms)

JSON report written to /private/tmp/viborm-g4-lane-tmp-1/viborm-raptor3-g0-iALufb/vitest.json
Vitest resources: 14.40s wall, 751.2 MiB peak sampled process-group RSS (sampled ceiling 1536 MiB). Teardown verified.
Raptor 3 g4-seed-batch (subject candidate, qualifying) contract gate verified. Evidence: /private/tmp/viborm-g4-lane-tmp-1/viborm-raptor3-g0-iALufb

 RUN  v3.1.4 /private/tmp/viborm-g4-lane-1

 ✓ |raptor3| tests/raptor3/g4/generation/sqlite-campaign.test.ts (1 test) 2095ms
   ✓ executes one complete G4 SQLite read seed batch  2094ms

 Test Files  1 passed (1)
      Tests  1 passed (1)
   Start at  19:30:49
   Duration  6.39s (transform 1.57s, setup 9ms, collect 2.34s, tests 2.09s, environment 0ms, prepare 36ms)

JSON report written to /private/tmp/viborm-g4-lane-tmp-1/viborm-raptor3-g0-PXvp2I/vitest.json
Vitest resources: 14.18s wall, 735.1 MiB peak sampled process-group RSS (sampled ceiling 1536 MiB). Teardown verified.
Raptor 3 g4-seed-batch (subject candidate, qualifying) contract gate verified. Evidence: /private/tmp/viborm-g4-lane-tmp-1/viborm-raptor3-g0-PXvp2I

 RUN  v3.1.4 /private/tmp/viborm-g4-lane-1

 ✓ |raptor3| tests/raptor3/g4/generation/sqlite-campaign.test.ts (1 test) 1578ms
   ✓ executes one complete G4 SQLite read seed batch  1577ms

 Test Files  1 passed (1)
      Tests  1 passed (1)
   Start at  19:31:07
   Duration  6.02s (transform 1.44s, setup 9ms, collect 2.13s, tests 1.58s, environment 0ms, prepare 29ms)

JSON report written to /private/tmp/viborm-g4-lane-tmp-1/viborm-raptor3-g0-aCJoM2/vitest.json
Vitest resources: 13.24s wall, 738.5 MiB peak sampled process-group RSS (sampled ceiling 1536 MiB). Teardown verified.
Raptor 3 g4-seed-batch (subject candidate, qualifying) contract gate verified. Evidence: /private/tmp/viborm-g4-lane-tmp-1/viborm-raptor3-g0-aCJoM2

 RUN  v3.1.4 /private/tmp/viborm-g4-lane-1

 ✓ |raptor3| tests/raptor3/g4/generation/sqlite-campaign.test.ts (1 test) 1633ms
   ✓ executes one complete G4 SQLite read seed batch  1633ms

 Test Files  1 passed (1)
      Tests  1 passed (1)
   Start at  19:31:23
   Duration  5.77s (transform 1.44s, setup 8ms, collect 2.15s, tests 1.63s, environment 0ms, prepare 34ms)

JSON report written to /private/tmp/viborm-g4-lane-tmp-1/viborm-raptor3-g0-BXIlke/vitest.json
Vitest resources: 12.17s wall, 759.4 MiB peak sampled process-group RSS (sampled ceiling 1536 MiB). Teardown verified.
Raptor 3 g4-seed-batch (subject candidate, qualifying) contract gate verified. Evidence: /private/tmp/viborm-g4-lane-tmp-1/viborm-raptor3-g0-BXIlke

 RUN  v3.1.4 /private/tmp/viborm-g4-lane-1

 ✓ |raptor3| tests/raptor3/g4/generation/sqlite-campaign.test.ts (1 test) 1700ms
   ✓ executes one complete G4 SQLite read seed batch  1700ms

 Test Files  1 passed (1)
      Tests  1 passed (1)
   Start at  19:31:39
   Duration  5.98s (transform 1.53s, setup 11ms, collect 2.30s, tests 1.70s, environment 0ms, prepare 38ms)

JSON report written to /private/tmp/viborm-g4-lane-tmp-1/viborm-raptor3-g0-TUHEXd/vitest.json
Vitest resources: 13.92s wall, 740.3 MiB peak sampled process-group RSS (sampled ceiling 1536 MiB). Teardown verified.
Raptor 3 g4-seed-batch (subject candidate, qualifying) contract gate verified. Evidence: /private/tmp/viborm-g4-lane-tmp-1/viborm-raptor3-g0-TUHEXd

 RUN  v3.1.4 /private/tmp/viborm-g4-lane-1

 ✓ |raptor3| tests/raptor3/g4/generation/sqlite-campaign.test.ts (1 test) 1912ms
   ✓ executes one complete G4 SQLite read seed batch  1911ms

 Test Files  1 passed (1)
      Tests  1 passed (1)
   Start at  19:31:57
   Duration  9.73s (transform 2.42s, setup 40ms, collect 3.59s, tests 1.91s, environment 0ms, prepare 159ms)

JSON report written to /private/tmp/viborm-g4-lane-tmp-1/viborm-raptor3-g0-snNpQk/vitest.json
Vitest resources: 17.19s wall, 725.0 MiB peak sampled process-group RSS (sampled ceiling 1536 MiB). Teardown verified.
Raptor 3 g4-seed-batch (subject candidate, qualifying) contract gate verified. Evidence: /private/tmp/viborm-g4-lane-tmp-1/viborm-raptor3-g0-snNpQk

 RUN  v3.1.4 /private/tmp/viborm-g4-lane-1

 ✓ |raptor3| tests/raptor3/g4/generation/sqlite-campaign.test.ts (1 test) 1711ms
   ✓ executes one complete G4 SQLite read seed batch  1710ms

 Test Files  1 passed (1)
      Tests  1 passed (1)
   Start at  19:32:15
   Duration  5.95s (transform 1.48s, setup 12ms, collect 2.18s, tests 1.71s, environment 0ms, prepare 29ms)

JSON report written to /private/tmp/viborm-g4-lane-tmp-1/viborm-raptor3-g0-mYNGjj/vitest.json
Vitest resources: 12.09s wall, 734.4 MiB peak sampled process-group RSS (sampled ceiling 1536 MiB). Teardown verified.
Raptor 3 g4-seed-batch (subject candidate, qualifying) contract gate verified. Evidence: /private/tmp/viborm-g4-lane-tmp-1/viborm-raptor3-g0-mYNGjj

 RUN  v3.1.4 /private/tmp/viborm-g4-lane-1

 ✓ |raptor3| tests/raptor3/g4/generation/sqlite-campaign.test.ts (1 test) 1649ms
   ✓ executes one complete G4 SQLite read seed batch  1649ms

 Test Files  1 passed (1)
      Tests  1 passed (1)
   Start at  19:32:29
   Duration  5.97s (transform 1.59s, setup 10ms, collect 2.41s, tests 1.65s, environment 0ms, prepare 39ms)

JSON report written to /private/tmp/viborm-g4-lane-tmp-1/viborm-raptor3-g0-bz98U8/vitest.json
Vitest resources: 11.42s wall, 753.3 MiB peak sampled process-group RSS (sampled ceiling 1536 MiB). Teardown verified.
Raptor 3 g4-seed-batch (subject candidate, qualifying) contract gate verified. Evidence: /private/tmp/viborm-g4-lane-tmp-1/viborm-raptor3-g0-bz98U8

 RUN  v3.1.4 /private/tmp/viborm-g4-lane-1

 ✓ |raptor3| tests/raptor3/g4/generation/sqlite-campaign.test.ts (1 test) 1868ms
   ✓ executes one complete G4 SQLite read seed batch  1868ms

 Test Files  1 passed (1)
      Tests  1 passed (1)
   Start at  19:32:44
   Duration  6.11s (transform 1.64s, setup 10ms, collect 2.43s, tests 1.87s, environment 0ms, prepare 28ms)

JSON report written to /private/tmp/viborm-g4-lane-tmp-1/viborm-raptor3-g0-7KoLdT/vitest.json
Vitest resources: 11.96s wall, 755.6 MiB peak sampled process-group RSS (sampled ceiling 1536 MiB). Teardown verified.
Raptor 3 g4-seed-batch (subject candidate, qualifying) contract gate verified. Evidence: /private/tmp/viborm-g4-lane-tmp-1/viborm-raptor3-g0-7KoLdT

 RUN  v3.1.4 /private/tmp/viborm-g4-lane-1

 ✓ |raptor3| tests/raptor3/g4/generation/sqlite-campaign.test.ts (1 test) 1784ms
   ✓ executes one complete G4 SQLite read seed batch  1783ms

 Test Files  1 passed (1)
      Tests  1 passed (1)
   Start at  19:32:58
   Duration  6.14s (transform 1.86s, setup 10ms, collect 2.76s, tests 1.78s, environment 0ms, prepare 26ms)

JSON report written to /private/tmp/viborm-g4-lane-tmp-1/viborm-raptor3-g0-YFysil/vitest.json
Vitest resources: 11.84s wall, 747.4 MiB peak sampled process-group RSS (sampled ceiling 1536 MiB). Teardown verified.
Raptor 3 g4-seed-batch (subject candidate, qualifying) contract gate verified. Evidence: /private/tmp/viborm-g4-lane-tmp-1/viborm-raptor3-g0-YFysil

 RUN  v3.1.4 /private/tmp/viborm-g4-lane-1

 ✓ |raptor3| tests/raptor3/g4/generation/sqlite-campaign.test.ts (1 test) 2338ms
   ✓ executes one complete G4 SQLite read seed batch  2337ms

 Test Files  1 passed (1)
      Tests  1 passed (1)
   Start at  19:33:12
   Duration  7.16s (transform 1.81s, setup 11ms, collect 2.70s, tests 2.34s, environment 0ms, prepare 33ms)

JSON report written to /private/tmp/viborm-g4-lane-tmp-1/viborm-raptor3-g0-iN2axU/vitest.json
Vitest resources: 13.00s wall, 737.7 MiB peak sampled process-group RSS (sampled ceiling 1536 MiB). Teardown verified.
Raptor 3 g4-seed-batch (subject candidate, qualifying) contract gate verified. Evidence: /private/tmp/viborm-g4-lane-tmp-1/viborm-raptor3-g0-iN2axU

 RUN  v3.1.4 /private/tmp/viborm-g4-lane-1

 ✓ |raptor3| tests/raptor3/g4/generation/sqlite-campaign.test.ts (1 test) 2812ms
   ✓ executes one complete G4 SQLite read seed batch  2811ms

 Test Files  1 passed (1)
      Tests  1 passed (1)
   Start at  19:33:29
   Duration  8.61s (transform 2.47s, setup 14ms, collect 3.79s, tests 2.81s, environment 0ms, prepare 45ms)

JSON report written to /private/tmp/viborm-g4-lane-tmp-1/viborm-raptor3-g0-vNgXfk/vitest.json
Vitest resources: 15.70s wall, 746.7 MiB peak sampled process-group RSS (sampled ceiling 1536 MiB). Teardown verified.
Raptor 3 g4-seed-batch (subject candidate, qualifying) contract gate verified. Evidence: /private/tmp/viborm-g4-lane-tmp-1/viborm-raptor3-g0-vNgXfk

 RUN  v3.1.4 /private/tmp/viborm-g4-lane-1

 ✓ |raptor3| tests/raptor3/g4/generation/sqlite-campaign.test.ts (1 test) 1732ms
   ✓ executes one complete G4 SQLite read seed batch  1731ms

 Test Files  1 passed (1)
      Tests  1 passed (1)
   Start at  19:33:49
   Duration  5.70s (transform 1.56s, setup 11ms, collect 2.32s, tests 1.73s, environment 0ms, prepare 49ms)

JSON report written to /private/tmp/viborm-g4-lane-tmp-1/viborm-raptor3-g0-0mh1Lq/vitest.json
Vitest resources: 12.64s wall, 739.3 MiB peak sampled process-group RSS (sampled ceiling 1536 MiB). Teardown verified.
Raptor 3 g4-seed-batch (subject candidate, qualifying) contract gate verified. Evidence: /private/tmp/viborm-g4-lane-tmp-1/viborm-raptor3-g0-0mh1Lq

 RUN  v3.1.4 /private/tmp/viborm-g4-lane-1

 ✓ |raptor3| tests/raptor3/g4/generation/sqlite-campaign.test.ts (1 test) 1863ms
   ✓ executes one complete G4 SQLite read seed batch  1862ms

 Test Files  1 passed (1)
      Tests  1 passed (1)
   Start at  19:34:02
   Duration  6.70s (transform 1.67s, setup 10ms, collect 2.47s, tests 1.86s, environment 0ms, prepare 29ms)

JSON report written to /private/tmp/viborm-g4-lane-tmp-1/viborm-raptor3-g0-qXYI7p/vitest.json
Vitest resources: 11.53s wall, 759.9 MiB peak sampled process-group RSS (sampled ceiling 1536 MiB). Teardown verified.
Raptor 3 g4-seed-batch (subject candidate, qualifying) contract gate verified. Evidence: /private/tmp/viborm-g4-lane-tmp-1/viborm-raptor3-g0-qXYI7p

 RUN  v3.1.4 /private/tmp/viborm-g4-lane-1

 ✓ |raptor3| tests/raptor3/g4/generation/sqlite-campaign.test.ts (1 test) 2388ms
   ✓ executes one complete G4 SQLite read seed batch  2387ms

 Test Files  1 passed (1)
      Tests  1 passed (1)
   Start at  19:34:17
   Duration  7.63s (transform 2.07s, setup 15ms, collect 3.11s, tests 2.39s, environment 0ms, prepare 37ms)

JSON report written to /private/tmp/viborm-g4-lane-tmp-1/viborm-raptor3-g0-KpfCbs/vitest.json
Vitest resources: 12.96s wall, 752.2 MiB peak sampled process-group RSS (sampled ceiling 1536 MiB). Teardown verified.
Raptor 3 g4-seed-batch (subject candidate, qualifying) contract gate verified. Evidence: /private/tmp/viborm-g4-lane-tmp-1/viborm-raptor3-g0-KpfCbs

 RUN  v3.1.4 /private/tmp/viborm-g4-lane-1

 ✓ |raptor3| tests/raptor3/g4/generation/sqlite-campaign.test.ts (1 test) 2167ms
   ✓ executes one complete G4 SQLite read seed batch  2166ms

 Test Files  1 passed (1)
      Tests  1 passed (1)
   Start at  19:34:35
   Duration  7.41s (transform 2.17s, setup 10ms, collect 3.21s, tests 2.17s, environment 0ms, prepare 30ms)

JSON report written to /private/tmp/viborm-g4-lane-tmp-1/viborm-raptor3-g0-hrb7Il/vitest.json
Vitest resources: 14.01s wall, 761.3 MiB peak sampled process-group RSS (sampled ceiling 1536 MiB). Teardown verified.
Raptor 3 g4-seed-batch (subject candidate, qualifying) contract gate verified. Evidence: /private/tmp/viborm-g4-lane-tmp-1/viborm-raptor3-g0-hrb7Il

 RUN  v3.1.4 /private/tmp/viborm-g4-lane-1

 ✓ |raptor3| tests/raptor3/g4/generation/sqlite-campaign.test.ts (1 test) 1666ms
   ✓ executes one complete G4 SQLite read seed batch  1666ms

 Test Files  1 passed (1)
      Tests  1 passed (1)
   Start at  19:34:50
   Duration  6.70s (transform 1.92s, setup 9ms, collect 2.89s, tests 1.67s, environment 0ms, prepare 33ms)

JSON report written to /private/tmp/viborm-g4-lane-tmp-1/viborm-raptor3-g0-TBV2k0/vitest.json
Vitest resources: 11.70s wall, 744.3 MiB peak sampled process-group RSS (sampled ceiling 1536 MiB). Teardown verified.
Raptor 3 g4-seed-batch (subject candidate, qualifying) contract gate verified. Evidence: /private/tmp/viborm-g4-lane-tmp-1/viborm-raptor3-g0-TBV2k0

 RUN  v3.1.4 /private/tmp/viborm-g4-lane-1

 ✓ |raptor3| tests/raptor3/g4/generation/sqlite-campaign.test.ts (1 test) 1815ms
   ✓ executes one complete G4 SQLite read seed batch  1814ms

 Test Files  1 passed (1)
      Tests  1 passed (1)
   Start at  19:35:05
   Duration  6.41s (transform 1.87s, setup 13ms, collect 2.83s, tests 1.82s, environment 0ms, prepare 35ms)

JSON report written to /private/tmp/viborm-g4-lane-tmp-1/viborm-raptor3-g0-MMkXLH/vitest.json
Vitest resources: 12.42s wall, 742.7 MiB peak sampled process-group RSS (sampled ceiling 1536 MiB). Teardown verified.
Raptor 3 g4-seed-batch (subject candidate, qualifying) contract gate verified. Evidence: /private/tmp/viborm-g4-lane-tmp-1/viborm-raptor3-g0-MMkXLH

 RUN  v3.1.4 /private/tmp/viborm-g4-lane-1

 ✓ |raptor3| tests/raptor3/g4/generation/sqlite-campaign.test.ts (1 test) 1849ms
   ✓ executes one complete G4 SQLite read seed batch  1849ms

 Test Files  1 passed (1)
      Tests  1 passed (1)
   Start at  19:35:20
   Duration  5.79s (transform 1.68s, setup 9ms, collect 2.52s, tests 1.85s, environment 0ms, prepare 32ms)

JSON report written to /private/tmp/viborm-g4-lane-tmp-1/viborm-raptor3-g0-aqfJhG/vitest.json
Vitest resources: 11.20s wall, 740.4 MiB peak sampled process-group RSS (sampled ceiling 1536 MiB). Teardown verified.
Raptor 3 g4-seed-batch (subject candidate, qualifying) contract gate verified. Evidence: /private/tmp/viborm-g4-lane-tmp-1/viborm-raptor3-g0-aqfJhG

 RUN  v3.1.4 /private/tmp/viborm-g4-lane-1

 ✓ |raptor3| tests/raptor3/g4/generation/sqlite-campaign.test.ts (1 test) 1989ms
   ✓ executes one complete G4 SQLite read seed batch  1988ms

 Test Files  1 passed (1)
      Tests  1 passed (1)
   Start at  19:35:38
   Duration  7.78s (transform 2.32s, setup 16ms, collect 3.54s, tests 1.99s, environment 0ms, prepare 44ms)

JSON report written to /private/tmp/viborm-g4-lane-tmp-1/viborm-raptor3-g0-XR0Ogs/vitest.json
Vitest resources: 14.81s wall, 729.2 MiB peak sampled process-group RSS (sampled ceiling 1536 MiB). Teardown verified.
Raptor 3 g4-seed-batch (subject candidate, qualifying) contract gate verified. Evidence: /private/tmp/viborm-g4-lane-tmp-1/viborm-raptor3-g0-XR0Ogs

 RUN  v3.1.4 /private/tmp/viborm-g4-lane-1

 ✓ |raptor3| tests/raptor3/g4/generation/sqlite-campaign.test.ts (1 test) 2041ms
   ✓ executes one complete G4 SQLite read seed batch  2040ms

 Test Files  1 passed (1)
      Tests  1 passed (1)
   Start at  19:35:55
   Duration  7.60s (transform 1.93s, setup 11ms, collect 2.90s, tests 2.04s, environment 0ms, prepare 44ms)

JSON report written to /private/tmp/viborm-g4-lane-tmp-1/viborm-raptor3-g0-xyFxUc/vitest.json
Vitest resources: 13.41s wall, 744.3 MiB peak sampled process-group RSS (sampled ceiling 1536 MiB). Teardown verified.
Raptor 3 g4-seed-batch (subject candidate, qualifying) contract gate verified. Evidence: /private/tmp/viborm-g4-lane-tmp-1/viborm-raptor3-g0-xyFxUc

 RUN  v3.1.4 /private/tmp/viborm-g4-lane-1

 ✓ |raptor3| tests/raptor3/g4/generation/sqlite-campaign.test.ts (1 test) 2182ms
   ✓ executes one complete G4 SQLite read seed batch  2182ms

 Test Files  1 passed (1)
      Tests  1 passed (1)
   Start at  19:36:10
   Duration  7.82s (transform 1.83s, setup 12ms, collect 2.74s, tests 2.18s, environment 0ms, prepare 53ms)

JSON report written to /private/tmp/viborm-g4-lane-tmp-1/viborm-raptor3-g0-g9KMb2/vitest.json
Vitest resources: 13.11s wall, 761.8 MiB peak sampled process-group RSS (sampled ceiling 1536 MiB). Teardown verified.
Raptor 3 g4-seed-batch (subject candidate, qualifying) contract gate verified. Evidence: /private/tmp/viborm-g4-lane-tmp-1/viborm-raptor3-g0-g9KMb2

 RUN  v3.1.4 /private/tmp/viborm-g4-lane-1

 ✓ |raptor3| tests/raptor3/g4/generation/sqlite-campaign.test.ts (1 test) 2095ms
   ✓ executes one complete G4 SQLite read seed batch  2094ms

 Test Files  1 passed (1)
      Tests  1 passed (1)
   Start at  19:36:28
   Duration  7.96s (transform 2.12s, setup 19ms, collect 3.19s, tests 2.09s, environment 0ms, prepare 48ms)

JSON report written to /private/tmp/viborm-g4-lane-tmp-1/viborm-raptor3-g0-zYXtpB/vitest.json
Vitest resources: 14.66s wall, 733.0 MiB peak sampled process-group RSS (sampled ceiling 1536 MiB). Teardown verified.
Raptor 3 g4-seed-batch (subject candidate, qualifying) contract gate verified. Evidence: /private/tmp/viborm-g4-lane-tmp-1/viborm-raptor3-g0-zYXtpB

 RUN  v3.1.4 /private/tmp/viborm-g4-lane-1

 ✓ |raptor3| tests/raptor3/g4/generation/sqlite-campaign.test.ts (1 test) 2289ms
   ✓ executes one complete G4 SQLite read seed batch  2288ms

 Test Files  1 passed (1)
      Tests  1 passed (1)
   Start at  19:36:45
   Duration  7.94s (transform 2.01s, setup 12ms, collect 2.98s, tests 2.29s, environment 0ms, prepare 44ms)

JSON report written to /private/tmp/viborm-g4-lane-tmp-1/viborm-raptor3-g0-oskVh3/vitest.json
Vitest resources: 14.42s wall, 720.4 MiB peak sampled process-group RSS (sampled ceiling 1536 MiB). Teardown verified.
Raptor 3 g4-seed-batch (subject candidate, qualifying) contract gate verified. Evidence: /private/tmp/viborm-g4-lane-tmp-1/viborm-raptor3-g0-oskVh3

 RUN  v3.1.4 /private/tmp/viborm-g4-lane-1

 ✓ |raptor3| tests/raptor3/g4/generation/sqlite-campaign.test.ts (1 test) 1880ms
   ✓ executes one complete G4 SQLite read seed batch  1880ms

 Test Files  1 passed (1)
      Tests  1 passed (1)
   Start at  19:37:04
   Duration  8.25s (transform 2.14s, setup 12ms, collect 3.16s, tests 1.88s, environment 0ms, prepare 46ms)

JSON report written to /private/tmp/viborm-g4-lane-tmp-1/viborm-raptor3-g0-faiVPt/vitest.json
Vitest resources: 15.79s wall, 750.5 MiB peak sampled process-group RSS (sampled ceiling 1536 MiB). Teardown verified.
Raptor 3 g4-seed-batch (subject candidate, qualifying) contract gate verified. Evidence: /private/tmp/viborm-g4-lane-tmp-1/viborm-raptor3-g0-faiVPt

 RUN  v3.1.4 /private/tmp/viborm-g4-lane-1

 ✓ |raptor3| tests/raptor3/g4/generation/sqlite-campaign.test.ts (1 test) 1720ms
   ✓ executes one complete G4 SQLite read seed batch  1719ms

 Test Files  1 passed (1)
      Tests  1 passed (1)
   Start at  19:37:20
   Duration  6.19s (transform 1.67s, setup 12ms, collect 2.49s, tests 1.72s, environment 0ms, prepare 37ms)

JSON report written to /private/tmp/viborm-g4-lane-tmp-1/viborm-raptor3-g0-UrtHCb/vitest.json
Vitest resources: 11.92s wall, 759.5 MiB peak sampled process-group RSS (sampled ceiling 1536 MiB). Teardown verified.
Raptor 3 g4-seed-batch (subject candidate, qualifying) contract gate verified. Evidence: /private/tmp/viborm-g4-lane-tmp-1/viborm-raptor3-g0-UrtHCb

 RUN  v3.1.4 /private/tmp/viborm-g4-lane-1

 ✓ |raptor3| tests/raptor3/g4/generation/sqlite-campaign.test.ts (1 test) 2034ms
   ✓ executes one complete G4 SQLite read seed batch  2033ms

 Test Files  1 passed (1)
      Tests  1 passed (1)
   Start at  19:37:34
   Duration  7.94s (transform 2.26s, setup 12ms, collect 3.41s, tests 2.03s, environment 0ms, prepare 36ms)

JSON report written to /private/tmp/viborm-g4-lane-tmp-1/viborm-raptor3-g0-Q1MlqK/vitest.json
Vitest resources: 13.54s wall, 723.3 MiB peak sampled process-group RSS (sampled ceiling 1536 MiB). Teardown verified.
Raptor 3 g4-seed-batch (subject candidate, qualifying) contract gate verified. Evidence: /private/tmp/viborm-g4-lane-tmp-1/viborm-raptor3-g0-Q1MlqK

 RUN  v3.1.4 /private/tmp/viborm-g4-lane-1

 ✓ |raptor3| tests/raptor3/g4/generation/sqlite-campaign.test.ts (1 test) 1953ms
   ✓ executes one complete G4 SQLite read seed batch  1952ms

 Test Files  1 passed (1)
      Tests  1 passed (1)
   Start at  19:37:49
   Duration  7.03s (transform 1.84s, setup 12ms, collect 2.75s, tests 1.95s, environment 0ms, prepare 36ms)

JSON report written to /private/tmp/viborm-g4-lane-tmp-1/viborm-raptor3-g0-pzE12F/vitest.json
Vitest resources: 12.37s wall, 738.4 MiB peak sampled process-group RSS (sampled ceiling 1536 MiB). Teardown verified.
Raptor 3 g4-seed-batch (subject candidate, qualifying) contract gate verified. Evidence: /private/tmp/viborm-g4-lane-tmp-1/viborm-raptor3-g0-pzE12F

 RUN  v3.1.4 /private/tmp/viborm-g4-lane-1

 ✓ |raptor3| tests/raptor3/g4/generation/sqlite-campaign.test.ts (1 test) 1983ms
   ✓ executes one complete G4 SQLite read seed batch  1982ms

 Test Files  1 passed (1)
      Tests  1 passed (1)
   Start at  19:38:04
   Duration  6.48s (transform 1.62s, setup 10ms, collect 2.40s, tests 1.98s, environment 0ms, prepare 34ms)

JSON report written to /private/tmp/viborm-g4-lane-tmp-1/viborm-raptor3-g0-P5FFW0/vitest.json
Vitest resources: 12.15s wall, 750.1 MiB peak sampled process-group RSS (sampled ceiling 1536 MiB). Teardown verified.
Raptor 3 g4-seed-batch (subject candidate, qualifying) contract gate verified. Evidence: /private/tmp/viborm-g4-lane-tmp-1/viborm-raptor3-g0-P5FFW0

 RUN  v3.1.4 /private/tmp/viborm-g4-lane-1

 ✓ |raptor3| tests/raptor3/g4/generation/sqlite-campaign.test.ts (1 test) 1637ms
   ✓ executes one complete G4 SQLite read seed batch  1636ms

 Test Files  1 passed (1)
      Tests  1 passed (1)
   Start at  19:38:19
   Duration  5.93s (transform 1.71s, setup 10ms, collect 2.54s, tests 1.64s, environment 0ms, prepare 28ms)

JSON report written to /private/tmp/viborm-g4-lane-tmp-1/viborm-raptor3-g0-y2DNIW/vitest.json
Vitest resources: 11.89s wall, 726.3 MiB peak sampled process-group RSS (sampled ceiling 1536 MiB). Teardown verified.
Raptor 3 g4-seed-batch (subject candidate, qualifying) contract gate verified. Evidence: /private/tmp/viborm-g4-lane-tmp-1/viborm-raptor3-g0-y2DNIW

 RUN  v3.1.4 /private/tmp/viborm-g4-lane-1

 ✓ |raptor3| tests/raptor3/g4/generation/sqlite-campaign.test.ts (1 test) 1660ms
   ✓ executes one complete G4 SQLite read seed batch  1660ms

 Test Files  1 passed (1)
      Tests  1 passed (1)
   Start at  19:38:33
   Duration  6.63s (transform 1.79s, setup 12ms, collect 2.69s, tests 1.66s, environment 0ms, prepare 32ms)

JSON report written to /private/tmp/viborm-g4-lane-tmp-1/viborm-raptor3-g0-qpFP94/vitest.json
Vitest resources: 12.63s wall, 754.3 MiB peak sampled process-group RSS (sampled ceiling 1536 MiB). Teardown verified.
Raptor 3 g4-seed-batch (subject candidate, qualifying) contract gate verified. Evidence: /private/tmp/viborm-g4-lane-tmp-1/viborm-raptor3-g0-qpFP94

 RUN  v3.1.4 /private/tmp/viborm-g4-lane-1

 ✓ |raptor3| tests/raptor3/g4/generation/sqlite-campaign.test.ts (1 test) 1624ms
   ✓ executes one complete G4 SQLite read seed batch  1623ms

 Test Files  1 passed (1)
      Tests  1 passed (1)
   Start at  19:38:48
   Duration  7.41s (transform 1.97s, setup 13ms, collect 2.97s, tests 1.62s, environment 0ms, prepare 56ms)

JSON report written to /private/tmp/viborm-g4-lane-tmp-1/viborm-raptor3-g0-WBE5Sx/vitest.json
Vitest resources: 12.99s wall, 750.0 MiB peak sampled process-group RSS (sampled ceiling 1536 MiB). Teardown verified.
Raptor 3 g4-seed-batch (subject candidate, qualifying) contract gate verified. Evidence: /private/tmp/viborm-g4-lane-tmp-1/viborm-raptor3-g0-WBE5Sx

 RUN  v3.1.4 /private/tmp/viborm-g4-lane-1

 ✓ |raptor3| tests/raptor3/g4/generation/sqlite-campaign.test.ts (1 test) 1846ms
   ✓ executes one complete G4 SQLite read seed batch  1846ms

 Test Files  1 passed (1)
      Tests  1 passed (1)
   Start at  19:39:03
   Duration  6.62s (transform 1.78s, setup 10ms, collect 2.65s, tests 1.85s, environment 0ms, prepare 28ms)

JSON report written to /private/tmp/viborm-g4-lane-tmp-1/viborm-raptor3-g0-7fFwJ6/vitest.json
Vitest resources: 12.28s wall, 752.7 MiB peak sampled process-group RSS (sampled ceiling 1536 MiB). Teardown verified.
Raptor 3 g4-seed-batch (subject candidate, qualifying) contract gate verified. Evidence: /private/tmp/viborm-g4-lane-tmp-1/viborm-raptor3-g0-7fFwJ6

 RUN  v3.1.4 /private/tmp/viborm-g4-lane-1

 ✓ |raptor3| tests/raptor3/g4/generation/sqlite-campaign.test.ts (1 test) 1800ms
   ✓ executes one complete G4 SQLite read seed batch  1799ms

 Test Files  1 passed (1)
      Tests  1 passed (1)
   Start at  19:39:17
   Duration  6.40s (transform 1.72s, setup 9ms, collect 2.55s, tests 1.80s, environment 0ms, prepare 30ms)

JSON report written to /private/tmp/viborm-g4-lane-tmp-1/viborm-raptor3-g0-A0hosk/vitest.json
Vitest resources: 11.46s wall, 753.1 MiB peak sampled process-group RSS (sampled ceiling 1536 MiB). Teardown verified.
Raptor 3 g4-seed-batch (subject candidate, qualifying) contract gate verified. Evidence: /private/tmp/viborm-g4-lane-tmp-1/viborm-raptor3-g0-A0hosk

 RUN  v3.1.4 /private/tmp/viborm-g4-lane-1

 ✓ |raptor3| tests/raptor3/g4/generation/sqlite-campaign.test.ts (1 test) 1867ms
   ✓ executes one complete G4 SQLite read seed batch  1867ms

 Test Files  1 passed (1)
      Tests  1 passed (1)
   Start at  19:39:31
   Duration  5.98s (transform 1.59s, setup 9ms, collect 2.35s, tests 1.87s, environment 0ms, prepare 26ms)

JSON report written to /private/tmp/viborm-g4-lane-tmp-1/viborm-raptor3-g0-J4QhyQ/vitest.json
Vitest resources: 11.60s wall, 760.6 MiB peak sampled process-group RSS (sampled ceiling 1536 MiB). Teardown verified.
Raptor 3 g4-seed-batch (subject candidate, qualifying) contract gate verified. Evidence: /private/tmp/viborm-g4-lane-tmp-1/viborm-raptor3-g0-J4QhyQ

 RUN  v3.1.4 /private/tmp/viborm-g4-lane-1

 ✓ |raptor3| tests/raptor3/g4/generation/sqlite-campaign.test.ts (1 test) 1654ms
   ✓ executes one complete G4 SQLite read seed batch  1654ms

 Test Files  1 passed (1)
      Tests  1 passed (1)
   Start at  19:39:45
   Duration  6.36s (transform 1.67s, setup 12ms, collect 2.51s, tests 1.65s, environment 0ms, prepare 32ms)

JSON report written to /private/tmp/viborm-g4-lane-tmp-1/viborm-raptor3-g0-ZOtKRr/vitest.json
Vitest resources: 12.03s wall, 750.5 MiB peak sampled process-group RSS (sampled ceiling 1536 MiB). Teardown verified.
Raptor 3 g4-seed-batch (subject candidate, qualifying) contract gate verified. Evidence: /private/tmp/viborm-g4-lane-tmp-1/viborm-raptor3-g0-ZOtKRr

 RUN  v3.1.4 /private/tmp/viborm-g4-lane-1

 ✓ |raptor3| tests/raptor3/g4/generation/sqlite-campaign.test.ts (1 test) 1731ms
   ✓ executes one complete G4 SQLite read seed batch  1731ms

 Test Files  1 passed (1)
      Tests  1 passed (1)
   Start at  19:39:59
   Duration  6.84s (transform 1.87s, setup 11ms, collect 2.82s, tests 1.73s, environment 0ms, prepare 30ms)

JSON report written to /private/tmp/viborm-g4-lane-tmp-1/viborm-raptor3-g0-QX3ckA/vitest.json
Vitest resources: 12.26s wall, 758.4 MiB peak sampled process-group RSS (sampled ceiling 1536 MiB). Teardown verified.
Raptor 3 g4-seed-batch (subject candidate, qualifying) contract gate verified. Evidence: /private/tmp/viborm-g4-lane-tmp-1/viborm-raptor3-g0-QX3ckA

 RUN  v3.1.4 /private/tmp/viborm-g4-lane-1

 ✓ |raptor3| tests/raptor3/g4/generation/sqlite-campaign.test.ts (1 test) 1781ms
   ✓ executes one complete G4 SQLite read seed batch  1780ms

 Test Files  1 passed (1)
      Tests  1 passed (1)
   Start at  19:40:14
   Duration  6.70s (transform 1.95s, setup 11ms, collect 2.92s, tests 1.78s, environment 0ms, prepare 29ms)

JSON report written to /private/tmp/viborm-g4-lane-tmp-1/viborm-raptor3-g0-n52iOD/vitest.json
Vitest resources: 12.19s wall, 743.1 MiB peak sampled process-group RSS (sampled ceiling 1536 MiB). Teardown verified.
Raptor 3 g4-seed-batch (subject candidate, qualifying) contract gate verified. Evidence: /private/tmp/viborm-g4-lane-tmp-1/viborm-raptor3-g0-n52iOD

 RUN  v3.1.4 /private/tmp/viborm-g4-lane-1

 ✓ |raptor3| tests/raptor3/g4/generation/sqlite-campaign.test.ts (1 test) 1881ms
   ✓ executes one complete G4 SQLite read seed batch  1881ms

 Test Files  1 passed (1)
      Tests  1 passed (1)
   Start at  19:40:27
   Duration  6.08s (transform 1.69s, setup 10ms, collect 2.51s, tests 1.88s, environment 0ms, prepare 31ms)

JSON report written to /private/tmp/viborm-g4-lane-tmp-1/viborm-raptor3-g0-ucVK25/vitest.json
Vitest resources: 10.84s wall, 720.5 MiB peak sampled process-group RSS (sampled ceiling 1536 MiB). Teardown verified.
Raptor 3 g4-seed-batch (subject candidate, qualifying) contract gate verified. Evidence: /private/tmp/viborm-g4-lane-tmp-1/viborm-raptor3-g0-ucVK25

 RUN  v3.1.4 /private/tmp/viborm-g4-lane-1

 ✓ |raptor3| tests/raptor3/g4/generation/sqlite-campaign.test.ts (1 test) 1687ms
   ✓ executes one complete G4 SQLite read seed batch  1686ms

 Test Files  1 passed (1)
      Tests  1 passed (1)
   Start at  19:40:38
   Duration  5.46s (transform 1.62s, setup 9ms, collect 2.42s, tests 1.69s, environment 0ms, prepare 27ms)

JSON report written to /private/tmp/viborm-g4-lane-tmp-1/viborm-raptor3-g0-xzJ84o/vitest.json
Vitest resources: 9.48s wall, 765.9 MiB peak sampled process-group RSS (sampled ceiling 1536 MiB). Teardown verified.
Raptor 3 g4-seed-batch (subject candidate, qualifying) contract gate verified. Evidence: /private/tmp/viborm-g4-lane-tmp-1/viborm-raptor3-g0-xzJ84o

 RUN  v3.1.4 /private/tmp/viborm-g4-lane-1

 ✓ |raptor3| tests/raptor3/g4/generation/sqlite-campaign.test.ts (1 test) 1621ms
   ✓ executes one complete G4 SQLite read seed batch  1621ms

 Test Files  1 passed (1)
      Tests  1 passed (1)
   Start at  19:40:50
   Duration  5.01s (transform 1.54s, setup 9ms, collect 2.28s, tests 1.62s, environment 0ms, prepare 32ms)

JSON report written to /private/tmp/viborm-g4-lane-tmp-1/viborm-raptor3-g0-8MFVrk/vitest.json
Vitest resources: 9.84s wall, 755.9 MiB peak sampled process-group RSS (sampled ceiling 1536 MiB). Teardown verified.
Raptor 3 g4-seed-batch (subject candidate, qualifying) contract gate verified. Evidence: /private/tmp/viborm-g4-lane-tmp-1/viborm-raptor3-g0-8MFVrk

 RUN  v3.1.4 /private/tmp/viborm-g4-lane-1

 ✓ |raptor3| tests/raptor3/g4/generation/sqlite-campaign.test.ts (1 test) 1693ms
   ✓ executes one complete G4 SQLite read seed batch  1693ms

 Test Files  1 passed (1)
      Tests  1 passed (1)
   Start at  19:41:02
   Duration  5.74s (transform 1.67s, setup 12ms, collect 2.52s, tests 1.69s, environment 0ms, prepare 31ms)

JSON report written to /private/tmp/viborm-g4-lane-tmp-1/viborm-raptor3-g0-RPOYG3/vitest.json
Vitest resources: 11.06s wall, 754.9 MiB peak sampled process-group RSS (sampled ceiling 1536 MiB). Teardown verified.
Raptor 3 g4-seed-batch (subject candidate, qualifying) contract gate verified. Evidence: /private/tmp/viborm-g4-lane-tmp-1/viborm-raptor3-g0-RPOYG3

 RUN  v3.1.4 /private/tmp/viborm-g4-lane-1

 ✓ |raptor3| tests/raptor3/g4/generation/sqlite-campaign.test.ts (1 test) 2418ms
   ✓ executes one complete G4 SQLite read seed batch  2416ms

 Test Files  1 passed (1)
      Tests  1 passed (1)
   Start at  19:41:14
   Duration  7.79s (transform 2.25s, setup 11ms, collect 3.46s, tests 2.42s, environment 0ms, prepare 31ms)

JSON report written to /private/tmp/viborm-g4-lane-tmp-1/viborm-raptor3-g0-bjADn2/vitest.json
Vitest resources: 12.90s wall, 735.5 MiB peak sampled process-group RSS (sampled ceiling 1536 MiB). Teardown verified.
Raptor 3 g4-seed-batch (subject candidate, qualifying) contract gate verified. Evidence: /private/tmp/viborm-g4-lane-tmp-1/viborm-raptor3-g0-bjADn2

 RUN  v3.1.4 /private/tmp/viborm-g4-lane-1

 ✓ |raptor3| tests/raptor3/g4/generation/sqlite-campaign.test.ts (1 test) 1758ms
   ✓ executes one complete G4 SQLite read seed batch  1757ms

 Test Files  1 passed (1)
      Tests  1 passed (1)
   Start at  19:41:28
   Duration  6.68s (transform 2.18s, setup 9ms, collect 3.32s, tests 1.76s, environment 0ms, prepare 28ms)

JSON report written to /private/tmp/viborm-g4-lane-tmp-1/viborm-raptor3-g0-LfmPsM/vitest.json
Vitest resources: 10.68s wall, 737.4 MiB peak sampled process-group RSS (sampled ceiling 1536 MiB). Teardown verified.
Raptor 3 g4-seed-batch (subject candidate, qualifying) contract gate verified. Evidence: /private/tmp/viborm-g4-lane-tmp-1/viborm-raptor3-g0-LfmPsM

 RUN  v3.1.4 /private/tmp/viborm-g4-lane-1

 ✓ |raptor3| tests/raptor3/g4/generation/sqlite-campaign.test.ts (1 test) 1590ms
   ✓ executes one complete G4 SQLite read seed batch  1590ms

 Test Files  1 passed (1)
      Tests  1 passed (1)
   Start at  19:41:42
   Duration  5.02s (transform 1.37s, setup 9ms, collect 2.04s, tests 1.59s, environment 0ms, prepare 27ms)

JSON report written to /private/tmp/viborm-g4-lane-tmp-1/viborm-raptor3-g0-qYLTSV/vitest.json
Vitest resources: 10.33s wall, 733.3 MiB peak sampled process-group RSS (sampled ceiling 1536 MiB). Teardown verified.
Raptor 3 g4-seed-batch (subject candidate, qualifying) contract gate verified. Evidence: /private/tmp/viborm-g4-lane-tmp-1/viborm-raptor3-g0-qYLTSV

 RUN  v3.1.4 /private/tmp/viborm-g4-lane-1

 ✓ |raptor3| tests/raptor3/g4/generation/sqlite-campaign.test.ts (1 test) 1478ms
   ✓ executes one complete G4 SQLite read seed batch  1478ms

 Test Files  1 passed (1)
      Tests  1 passed (1)
   Start at  19:41:55
   Duration  6.04s (transform 1.66s, setup 26ms, collect 2.50s, tests 1.48s, environment 0ms, prepare 65ms)

JSON report written to /private/tmp/viborm-g4-lane-tmp-1/viborm-raptor3-g0-B5tyaS/vitest.json
Vitest resources: 11.21s wall, 741.8 MiB peak sampled process-group RSS (sampled ceiling 1536 MiB). Teardown verified.
Raptor 3 g4-seed-batch (subject candidate, qualifying) contract gate verified. Evidence: /private/tmp/viborm-g4-lane-tmp-1/viborm-raptor3-g0-B5tyaS

 RUN  v3.1.4 /private/tmp/viborm-g4-lane-1

 ✓ |raptor3| tests/raptor3/g4/generation/sqlite-campaign.test.ts (1 test) 2182ms
   ✓ executes one complete G4 SQLite read seed batch  2182ms

 Test Files  1 passed (1)
      Tests  1 passed (1)
   Start at  19:42:07
   Duration  6.53s (transform 1.84s, setup 10ms, collect 2.86s, tests 2.18s, environment 0ms, prepare 31ms)

JSON report written to /private/tmp/viborm-g4-lane-tmp-1/viborm-raptor3-g0-jsYSoc/vitest.json
Vitest resources: 10.85s wall, 761.0 MiB peak sampled process-group RSS (sampled ceiling 1536 MiB). Teardown verified.
Raptor 3 g4-seed-batch (subject candidate, qualifying) contract gate verified. Evidence: /private/tmp/viborm-g4-lane-tmp-1/viborm-raptor3-g0-jsYSoc

 RUN  v3.1.4 /private/tmp/viborm-g4-lane-1

 ✓ |raptor3| tests/raptor3/g4/generation/sqlite-campaign.test.ts (1 test) 1661ms
   ✓ executes one complete G4 SQLite read seed batch  1660ms

 Test Files  1 passed (1)
      Tests  1 passed (1)
   Start at  19:42:20
   Duration  5.59s (transform 1.53s, setup 10ms, collect 2.32s, tests 1.66s, environment 0ms, prepare 40ms)

JSON report written to /private/tmp/viborm-g4-lane-tmp-1/viborm-raptor3-g0-gl86kc/vitest.json
Vitest resources: 11.20s wall, 728.6 MiB peak sampled process-group RSS (sampled ceiling 1536 MiB). Teardown verified.
Raptor 3 g4-seed-batch (subject candidate, qualifying) contract gate verified. Evidence: /private/tmp/viborm-g4-lane-tmp-1/viborm-raptor3-g0-gl86kc

 RUN  v3.1.4 /private/tmp/viborm-g4-lane-1

 ✓ |raptor3| tests/raptor3/g4/generation/sqlite-campaign.test.ts (1 test) 1903ms
   ✓ executes one complete G4 SQLite read seed batch  1902ms

 Test Files  1 passed (1)
      Tests  1 passed (1)
   Start at  19:42:30
   Duration  6.31s (transform 1.83s, setup 13ms, collect 2.77s, tests 1.90s, environment 0ms, prepare 33ms)

JSON report written to /private/tmp/viborm-g4-lane-tmp-1/viborm-raptor3-g0-f0rRtb/vitest.json
Vitest resources: 9.50s wall, 734.3 MiB peak sampled process-group RSS (sampled ceiling 1536 MiB). Teardown verified.
Raptor 3 g4-seed-batch (subject candidate, qualifying) contract gate verified. Evidence: /private/tmp/viborm-g4-lane-tmp-1/viborm-raptor3-g0-f0rRtb

 RUN  v3.1.4 /private/tmp/viborm-g4-lane-1

 ✓ |raptor3| tests/raptor3/g4/generation/sqlite-campaign.test.ts (1 test) 1629ms
   ✓ executes one complete G4 SQLite read seed batch  1629ms

 Test Files  1 passed (1)
      Tests  1 passed (1)
   Start at  19:42:42
   Duration  5.27s (transform 1.52s, setup 14ms, collect 2.28s, tests 1.63s, environment 0ms, prepare 45ms)

JSON report written to /private/tmp/viborm-g4-lane-tmp-1/viborm-raptor3-g0-LuwXOX/vitest.json
Vitest resources: 9.41s wall, 761.4 MiB peak sampled process-group RSS (sampled ceiling 1536 MiB). Teardown verified.
Raptor 3 g4-seed-batch (subject candidate, qualifying) contract gate verified. Evidence: /private/tmp/viborm-g4-lane-tmp-1/viborm-raptor3-g0-LuwXOX

 RUN  v3.1.4 /private/tmp/viborm-g4-lane-1

 ✓ |raptor3| tests/raptor3/g4/generation/sqlite-campaign.test.ts (1 test) 1832ms
   ✓ executes one complete G4 SQLite read seed batch  1831ms

 Test Files  1 passed (1)
      Tests  1 passed (1)
   Start at  19:42:53
   Duration  5.33s (transform 1.53s, setup 9ms, collect 2.31s, tests 1.83s, environment 0ms, prepare 38ms)

JSON report written to /private/tmp/viborm-g4-lane-tmp-1/viborm-raptor3-g0-VE6eVf/vitest.json
Vitest resources: 9.68s wall, 749.8 MiB peak sampled process-group RSS (sampled ceiling 1536 MiB). Teardown verified.
Raptor 3 g4-seed-batch (subject candidate, qualifying) contract gate verified. Evidence: /private/tmp/viborm-g4-lane-tmp-1/viborm-raptor3-g0-VE6eVf

 RUN  v3.1.4 /private/tmp/viborm-g4-lane-1

 ✓ |raptor3| tests/raptor3/g4/generation/sqlite-campaign.test.ts (1 test) 1573ms
   ✓ executes one complete G4 SQLite read seed batch  1573ms

 Test Files  1 passed (1)
      Tests  1 passed (1)
   Start at  19:43:05
   Duration  4.55s (transform 1.50s, setup 10ms, collect 2.23s, tests 1.57s, environment 0ms, prepare 37ms)

JSON report written to /private/tmp/viborm-g4-lane-tmp-1/viborm-raptor3-g0-XvVfKh/vitest.json
Vitest resources: 9.52s wall, 751.2 MiB peak sampled process-group RSS (sampled ceiling 1536 MiB). Teardown verified.
Raptor 3 g4-seed-batch (subject candidate, qualifying) contract gate verified. Evidence: /private/tmp/viborm-g4-lane-tmp-1/viborm-raptor3-g0-XvVfKh

 RUN  v3.1.4 /private/tmp/viborm-g4-lane-1

 ✓ |raptor3| tests/raptor3/g4/generation/sqlite-campaign.test.ts (1 test) 1935ms
   ✓ executes one complete G4 SQLite read seed batch  1934ms

 Test Files  1 passed (1)
      Tests  1 passed (1)
   Start at  19:43:15
   Duration  6.21s (transform 1.85s, setup 14ms, collect 2.78s, tests 1.93s, environment 0ms, prepare 35ms)

JSON report written to /private/tmp/viborm-g4-lane-tmp-1/viborm-raptor3-g0-qYhPE3/vitest.json
Vitest resources: 10.47s wall, 748.9 MiB peak sampled process-group RSS (sampled ceiling 1536 MiB). Teardown verified.
Raptor 3 g4-seed-batch (subject candidate, qualifying) contract gate verified. Evidence: /private/tmp/viborm-g4-lane-tmp-1/viborm-raptor3-g0-qYhPE3

 RUN  v3.1.4 /private/tmp/viborm-g4-lane-1

 ✓ |raptor3| tests/raptor3/g4/generation/sqlite-campaign.test.ts (1 test) 1767ms
   ✓ executes one complete G4 SQLite read seed batch  1767ms

 Test Files  1 passed (1)
      Tests  1 passed (1)
   Start at  19:43:26
   Duration  5.59s (transform 1.62s, setup 10ms, collect 2.44s, tests 1.77s, environment 0ms, prepare 28ms)

JSON report written to /private/tmp/viborm-g4-lane-tmp-1/viborm-raptor3-g0-7SlpfJ/vitest.json
Vitest resources: 10.11s wall, 754.7 MiB peak sampled process-group RSS (sampled ceiling 1536 MiB). Teardown verified.
Raptor 3 g4-seed-batch (subject candidate, qualifying) contract gate verified. Evidence: /private/tmp/viborm-g4-lane-tmp-1/viborm-raptor3-g0-7SlpfJ

 RUN  v3.1.4 /private/tmp/viborm-g4-lane-1

 ✓ |raptor3| tests/raptor3/g4/generation/sqlite-campaign.test.ts (1 test) 1691ms
   ✓ executes one complete G4 SQLite read seed batch  1690ms

 Test Files  1 passed (1)
      Tests  1 passed (1)
   Start at  19:43:38
   Duration  5.23s (transform 1.68s, setup 12ms, collect 2.51s, tests 1.69s, environment 0ms, prepare 43ms)

JSON report written to /private/tmp/viborm-g4-lane-tmp-1/viborm-raptor3-g0-E30JgN/vitest.json
Vitest resources: 9.55s wall, 734.2 MiB peak sampled process-group RSS (sampled ceiling 1536 MiB). Teardown verified.
Raptor 3 g4-seed-batch (subject candidate, qualifying) contract gate verified. Evidence: /private/tmp/viborm-g4-lane-tmp-1/viborm-raptor3-g0-E30JgN

 RUN  v3.1.4 /private/tmp/viborm-g4-lane-1

 ✓ |raptor3| tests/raptor3/g4/generation/sqlite-campaign.test.ts (1 test) 3068ms
   ✓ executes one complete G4 SQLite read seed batch  3067ms

 Test Files  1 passed (1)
      Tests  1 passed (1)
   Start at  19:43:52
   Duration  8.73s (transform 2.70s, setup 16ms, collect 4.16s, tests 3.07s, environment 0ms, prepare 69ms)

JSON report written to /private/tmp/viborm-g4-lane-tmp-1/viborm-raptor3-g0-mF6aMo/vitest.json
Vitest resources: 15.11s wall, 758.1 MiB peak sampled process-group RSS (sampled ceiling 1536 MiB). Teardown verified.
Raptor 3 g4-seed-batch (subject candidate, qualifying) contract gate verified. Evidence: /private/tmp/viborm-g4-lane-tmp-1/viborm-raptor3-g0-mF6aMo

 RUN  v3.1.4 /private/tmp/viborm-g4-lane-1

 ✓ |raptor3| tests/raptor3/g4/generation/sqlite-campaign.test.ts (1 test) 2868ms
   ✓ executes one complete G4 SQLite read seed batch  2868ms

 Test Files  1 passed (1)
      Tests  1 passed (1)
   Start at  19:44:09
   Duration  9.80s (transform 3.03s, setup 23ms, collect 4.69s, tests 2.87s, environment 0ms, prepare 128ms)

JSON report written to /private/tmp/viborm-g4-lane-tmp-1/viborm-raptor3-g0-0N4b9r/vitest.json
Vitest resources: 16.09s wall, 747.9 MiB peak sampled process-group RSS (sampled ceiling 1536 MiB). Teardown verified.
Raptor 3 g4-seed-batch (subject candidate, qualifying) contract gate verified. Evidence: /private/tmp/viborm-g4-lane-tmp-1/viborm-raptor3-g0-0N4b9r

 RUN  v3.1.4 /private/tmp/viborm-g4-lane-1

 ✓ |raptor3| tests/raptor3/g4/generation/sqlite-campaign.test.ts (1 test) 3162ms
   ✓ executes one complete G4 SQLite read seed batch  3162ms

 Test Files  1 passed (1)
      Tests  1 passed (1)
   Start at  19:44:28
   Duration  10.12s (transform 3.04s, setup 17ms, collect 4.88s, tests 3.16s, environment 0ms, prepare 49ms)

JSON report written to /private/tmp/viborm-g4-lane-tmp-1/viborm-raptor3-g0-yS6403/vitest.json
Vitest resources: 17.44s wall, 745.7 MiB peak sampled process-group RSS (sampled ceiling 1536 MiB). Teardown verified.
Raptor 3 g4-seed-batch (subject candidate, qualifying) contract gate verified. Evidence: /private/tmp/viborm-g4-lane-tmp-1/viborm-raptor3-g0-yS6403

 RUN  v3.1.4 /private/tmp/viborm-g4-lane-1

 ✓ |raptor3| tests/raptor3/g4/generation/sqlite-campaign.test.ts (1 test) 2057ms
   ✓ executes one complete G4 SQLite read seed batch  2056ms

 Test Files  1 passed (1)
      Tests  1 passed (1)
   Start at  19:44:45
   Duration  5.93s (transform 1.65s, setup 11ms, collect 2.44s, tests 2.06s, environment 0ms, prepare 47ms)

JSON report written to /private/tmp/viborm-g4-lane-tmp-1/viborm-raptor3-g0-QwNuV3/vitest.json
Vitest resources: 11.31s wall, 756.3 MiB peak sampled process-group RSS (sampled ceiling 1536 MiB). Teardown verified.
Raptor 3 g4-seed-batch (subject candidate, qualifying) contract gate verified. Evidence: /private/tmp/viborm-g4-lane-tmp-1/viborm-raptor3-g0-QwNuV3

 RUN  v3.1.4 /private/tmp/viborm-g4-lane-1

 ✓ |raptor3| tests/raptor3/g4/generation/sqlite-campaign.test.ts (1 test) 1783ms
   ✓ executes one complete G4 SQLite read seed batch  1782ms

 Test Files  1 passed (1)
      Tests  1 passed (1)
   Start at  19:44:56
   Duration  6.05s (transform 1.72s, setup 11ms, collect 2.59s, tests 1.78s, environment 0ms, prepare 31ms)

JSON report written to /private/tmp/viborm-g4-lane-tmp-1/viborm-raptor3-g0-IeyWqy/vitest.json
Vitest resources: 9.55s wall, 733.5 MiB peak sampled process-group RSS (sampled ceiling 1536 MiB). Teardown verified.
Raptor 3 g4-seed-batch (subject candidate, qualifying) contract gate verified. Evidence: /private/tmp/viborm-g4-lane-tmp-1/viborm-raptor3-g0-IeyWqy

 RUN  v3.1.4 /private/tmp/viborm-g4-lane-1

 ✓ |raptor3| tests/raptor3/g4/generation/sqlite-campaign.test.ts (1 test) 1688ms
   ✓ executes one complete G4 SQLite read seed batch  1688ms

 Test Files  1 passed (1)
      Tests  1 passed (1)
   Start at  19:45:09
   Duration  4.64s (transform 1.58s, setup 15ms, collect 2.34s, tests 1.69s, environment 0ms, prepare 38ms)

JSON report written to /private/tmp/viborm-g4-lane-tmp-1/viborm-raptor3-g0-wC35oZ/vitest.json
Vitest resources: 8.94s wall, 759.0 MiB peak sampled process-group RSS (sampled ceiling 1536 MiB). Teardown verified.
Raptor 3 g4-seed-batch (subject candidate, qualifying) contract gate verified. Evidence: /private/tmp/viborm-g4-lane-tmp-1/viborm-raptor3-g0-wC35oZ

 RUN  v3.1.4 /private/tmp/viborm-g4-lane-1

 ✓ |raptor3| tests/raptor3/g4/generation/sqlite-campaign.test.ts (1 test) 1815ms
   ✓ executes one complete G4 SQLite read seed batch  1815ms

 Test Files  1 passed (1)
      Tests  1 passed (1)
   Start at  19:45:17
   Duration  5.52s (transform 1.58s, setup 9ms, collect 2.34s, tests 1.82s, environment 0ms, prepare 28ms)

JSON report written to /private/tmp/viborm-g4-lane-tmp-1/viborm-raptor3-g0-wiHXuW/vitest.json
Vitest resources: 8.36s wall, 745.2 MiB peak sampled process-group RSS (sampled ceiling 1536 MiB). Teardown verified.
Raptor 3 g4-seed-batch (subject candidate, qualifying) contract gate verified. Evidence: /private/tmp/viborm-g4-lane-tmp-1/viborm-raptor3-g0-wiHXuW

 RUN  v3.1.4 /private/tmp/viborm-g4-lane-1

 ✓ |raptor3| tests/raptor3/g4/generation/sqlite-campaign.test.ts (1 test) 1839ms
   ✓ executes one complete G4 SQLite read seed batch  1839ms

 Test Files  1 passed (1)
      Tests  1 passed (1)
   Start at  19:45:28
   Duration  4.83s (transform 1.55s, setup 11ms, collect 2.33s, tests 1.84s, environment 0ms, prepare 60ms)

JSON report written to /private/tmp/viborm-g4-lane-tmp-1/viborm-raptor3-g0-sFCDjt/vitest.json
Vitest resources: 9.18s wall, 744.8 MiB peak sampled process-group RSS (sampled ceiling 1536 MiB). Teardown verified.
Raptor 3 g4-seed-batch (subject candidate, qualifying) contract gate verified. Evidence: /private/tmp/viborm-g4-lane-tmp-1/viborm-raptor3-g0-sFCDjt

 RUN  v3.1.4 /private/tmp/viborm-g4-lane-1

 ✓ |raptor3| tests/raptor3/g4/generation/sqlite-campaign.test.ts (1 test) 1580ms
   ✓ executes one complete G4 SQLite read seed batch  1579ms

 Test Files  1 passed (1)
      Tests  1 passed (1)
   Start at  19:45:37
   Duration  5.16s (transform 1.40s, setup 9ms, collect 2.08s, tests 1.58s, environment 0ms, prepare 31ms)

JSON report written to /private/tmp/viborm-g4-lane-tmp-1/viborm-raptor3-g0-NJt0Z4/vitest.json
Vitest resources: 7.99s wall, 735.7 MiB peak sampled process-group RSS (sampled ceiling 1536 MiB). Teardown verified.
Raptor 3 g4-seed-batch (subject candidate, qualifying) contract gate verified. Evidence: /private/tmp/viborm-g4-lane-tmp-1/viborm-raptor3-g0-NJt0Z4

 RUN  v3.1.4 /private/tmp/viborm-g4-lane-1

 ✓ |raptor3| tests/raptor3/g4/generation/sqlite-campaign.test.ts (1 test) 1553ms
   ✓ executes one complete G4 SQLite read seed batch  1552ms

 Test Files  1 passed (1)
      Tests  1 passed (1)
   Start at  19:45:48
   Duration  4.29s (transform 1.50s, setup 9ms, collect 2.24s, tests 1.55s, environment 0ms, prepare 29ms)

JSON report written to /private/tmp/viborm-g4-lane-tmp-1/viborm-raptor3-g0-pK56HI/vitest.json
Vitest resources: 8.58s wall, 745.7 MiB peak sampled process-group RSS (sampled ceiling 1536 MiB). Teardown verified.
Raptor 3 g4-seed-batch (subject candidate, qualifying) contract gate verified. Evidence: /private/tmp/viborm-g4-lane-tmp-1/viborm-raptor3-g0-pK56HI

 RUN  v3.1.4 /private/tmp/viborm-g4-lane-1

 ✓ |raptor3| tests/raptor3/g4/generation/sqlite-campaign.test.ts (1 test) 1716ms
   ✓ executes one complete G4 SQLite read seed batch  1715ms

 Test Files  1 passed (1)
      Tests  1 passed (1)
   Start at  19:45:56
   Duration  5.06s (transform 1.47s, setup 11ms, collect 2.18s, tests 1.72s, environment 0ms, prepare 28ms)

JSON report written to /private/tmp/viborm-g4-lane-tmp-1/viborm-raptor3-g0-QhvmfP/vitest.json
Vitest resources: 8.17s wall, 749.4 MiB peak sampled process-group RSS (sampled ceiling 1536 MiB). Teardown verified.
Raptor 3 g4-seed-batch (subject candidate, qualifying) contract gate verified. Evidence: /private/tmp/viborm-g4-lane-tmp-1/viborm-raptor3-g0-QhvmfP

 RUN  v3.1.4 /private/tmp/viborm-g4-lane-1

 ✓ |raptor3| tests/raptor3/g4/generation/sqlite-campaign.test.ts (1 test) 1562ms
   ✓ executes one complete G4 SQLite read seed batch  1561ms

 Test Files  1 passed (1)
      Tests  1 passed (1)
   Start at  19:46:04
   Duration  4.62s (transform 1.55s, setup 11ms, collect 2.32s, tests 1.56s, environment 0ms, prepare 30ms)

JSON report written to /private/tmp/viborm-g4-lane-tmp-1/viborm-raptor3-g0-xycxId/vitest.json
Vitest resources: 7.88s wall, 741.0 MiB peak sampled process-group RSS (sampled ceiling 1536 MiB). Teardown verified.
Raptor 3 g4-seed-batch (subject candidate, qualifying) contract gate verified. Evidence: /private/tmp/viborm-g4-lane-tmp-1/viborm-raptor3-g0-xycxId

 RUN  v3.1.4 /private/tmp/viborm-g4-lane-1

 ✓ |raptor3| tests/raptor3/g4/generation/sqlite-campaign.test.ts (1 test) 1551ms
   ✓ executes one complete G4 SQLite read seed batch  1550ms

 Test Files  1 passed (1)
      Tests  1 passed (1)
   Start at  19:46:15
   Duration  4.85s (transform 1.43s, setup 11ms, collect 2.15s, tests 1.55s, environment 0ms, prepare 30ms)

JSON report written to /private/tmp/viborm-g4-lane-tmp-1/viborm-raptor3-g0-AZceFv/vitest.json
Vitest resources: 9.73s wall, 757.8 MiB peak sampled process-group RSS (sampled ceiling 1536 MiB). Teardown verified.
Raptor 3 g4-seed-batch (subject candidate, qualifying) contract gate verified. Evidence: /private/tmp/viborm-g4-lane-tmp-1/viborm-raptor3-g0-AZceFv

 RUN  v3.1.4 /private/tmp/viborm-g4-lane-1

 ✓ |raptor3| tests/raptor3/g4/generation/sqlite-campaign.test.ts (1 test) 1495ms
   ✓ executes one complete G4 SQLite read seed batch  1494ms

 Test Files  1 passed (1)
      Tests  1 passed (1)
   Start at  19:46:26
   Duration  5.28s (transform 1.39s, setup 10ms, collect 2.09s, tests 1.49s, environment 0ms, prepare 30ms)

JSON report written to /private/tmp/viborm-g4-lane-tmp-1/viborm-raptor3-g0-Lyg6uM/vitest.json
Vitest resources: 9.65s wall, 737.1 MiB peak sampled process-group RSS (sampled ceiling 1536 MiB). Teardown verified.
Raptor 3 g4-seed-batch (subject candidate, qualifying) contract gate verified. Evidence: /private/tmp/viborm-g4-lane-tmp-1/viborm-raptor3-g0-Lyg6uM

 RUN  v3.1.4 /private/tmp/viborm-g4-lane-1

 ✓ |raptor3| tests/raptor3/g4/generation/sqlite-campaign.test.ts (1 test) 1742ms
   ✓ executes one complete G4 SQLite read seed batch  1742ms

 Test Files  1 passed (1)
      Tests  1 passed (1)
   Start at  19:46:37
   Duration  5.29s (transform 1.56s, setup 9ms, collect 2.33s, tests 1.74s, environment 0ms, prepare 28ms)

JSON report written to /private/tmp/viborm-g4-lane-tmp-1/viborm-raptor3-g0-OKtHjY/vitest.json
Vitest resources: 9.48s wall, 742.0 MiB peak sampled process-group RSS (sampled ceiling 1536 MiB). Teardown verified.
Raptor 3 g4-seed-batch (subject candidate, qualifying) contract gate verified. Evidence: /private/tmp/viborm-g4-lane-tmp-1/viborm-raptor3-g0-OKtHjY

 RUN  v3.1.4 /private/tmp/viborm-g4-lane-1

 ✓ |raptor3| tests/raptor3/g4/generation/sqlite-campaign.test.ts (1 test) 1569ms
   ✓ executes one complete G4 SQLite read seed batch  1568ms

 Test Files  1 passed (1)
      Tests  1 passed (1)
   Start at  19:46:46
   Duration  5.29s (transform 1.50s, setup 11ms, collect 2.24s, tests 1.57s, environment 0ms, prepare 29ms)

JSON report written to /private/tmp/viborm-g4-lane-tmp-1/viborm-raptor3-g0-a8wpCE/vitest.json
Vitest resources: 8.39s wall, 735.7 MiB peak sampled process-group RSS (sampled ceiling 1536 MiB). Teardown verified.
Raptor 3 g4-seed-batch (subject candidate, qualifying) contract gate verified. Evidence: /private/tmp/viborm-g4-lane-tmp-1/viborm-raptor3-g0-a8wpCE

 RUN  v3.1.4 /private/tmp/viborm-g4-lane-1

 ✓ |raptor3| tests/raptor3/g4/generation/sqlite-campaign.test.ts (1 test) 1701ms
   ✓ executes one complete G4 SQLite read seed batch  1700ms

 Test Files  1 passed (1)
      Tests  1 passed (1)
   Start at  19:46:56
   Duration  4.62s (transform 1.52s, setup 14ms, collect 2.31s, tests 1.70s, environment 0ms, prepare 33ms)

JSON report written to /private/tmp/viborm-g4-lane-tmp-1/viborm-raptor3-g0-Ye5Y78/vitest.json
Vitest resources: 8.20s wall, 736.0 MiB peak sampled process-group RSS (sampled ceiling 1536 MiB). Teardown verified.
Raptor 3 g4-seed-batch (subject candidate, qualifying) contract gate verified. Evidence: /private/tmp/viborm-g4-lane-tmp-1/viborm-raptor3-g0-Ye5Y78

 RUN  v3.1.4 /private/tmp/viborm-g4-lane-1

 ✓ |raptor3| tests/raptor3/g4/generation/sqlite-campaign.test.ts (1 test) 1602ms
   ✓ executes one complete G4 SQLite read seed batch  1602ms

 Test Files  1 passed (1)
      Tests  1 passed (1)
   Start at  19:47:08
   Duration  5.30s (transform 1.59s, setup 13ms, collect 2.44s, tests 1.60s, environment 0ms, prepare 100ms)

JSON report written to /private/tmp/viborm-g4-lane-tmp-1/viborm-raptor3-g0-eJGVgb/vitest.json
Vitest resources: 9.90s wall, 758.6 MiB peak sampled process-group RSS (sampled ceiling 1536 MiB). Teardown verified.
Raptor 3 g4-seed-batch (subject candidate, qualifying) contract gate verified. Evidence: /private/tmp/viborm-g4-lane-tmp-1/viborm-raptor3-g0-eJGVgb

 RUN  v3.1.4 /private/tmp/viborm-g4-lane-1

 ✓ |raptor3| tests/raptor3/g4/generation/sqlite-campaign.test.ts (1 test) 1832ms
   ✓ executes one complete G4 SQLite read seed batch  1831ms

 Test Files  1 passed (1)
      Tests  1 passed (1)
   Start at  19:47:19
   Duration  5.43s (transform 1.51s, setup 14ms, collect 2.27s, tests 1.83s, environment 0ms, prepare 46ms)

JSON report written to /private/tmp/viborm-g4-lane-tmp-1/viborm-raptor3-g0-oGK9ch/vitest.json
Vitest resources: 9.85s wall, 738.4 MiB peak sampled process-group RSS (sampled ceiling 1536 MiB). Teardown verified.
Raptor 3 g4-seed-batch (subject candidate, qualifying) contract gate verified. Evidence: /private/tmp/viborm-g4-lane-tmp-1/viborm-raptor3-g0-oGK9ch

 RUN  v3.1.4 /private/tmp/viborm-g4-lane-1

 ✓ |raptor3| tests/raptor3/g4/generation/sqlite-campaign.test.ts (1 test) 1913ms
   ✓ executes one complete G4 SQLite read seed batch  1912ms

 Test Files  1 passed (1)
      Tests  1 passed (1)
   Start at  19:47:30
   Duration  6.13s (transform 1.71s, setup 13ms, collect 2.60s, tests 1.91s, environment 0ms, prepare 44ms)

JSON report written to /private/tmp/viborm-g4-lane-tmp-1/viborm-raptor3-g0-so0QJU/vitest.json
Vitest resources: 10.26s wall, 747.7 MiB peak sampled process-group RSS (sampled ceiling 1536 MiB). Teardown verified.
Raptor 3 g4-seed-batch (subject candidate, qualifying) contract gate verified. Evidence: /private/tmp/viborm-g4-lane-tmp-1/viborm-raptor3-g0-so0QJU

 RUN  v3.1.4 /private/tmp/viborm-g4-lane-1

 ✓ |raptor3| tests/raptor3/g4/generation/sqlite-campaign.test.ts (1 test) 1896ms
   ✓ executes one complete G4 SQLite read seed batch  1896ms

 Test Files  1 passed (1)
      Tests  1 passed (1)
   Start at  19:47:41
   Duration  5.95s (transform 1.72s, setup 9ms, collect 2.60s, tests 1.90s, environment 0ms, prepare 31ms)

JSON report written to /private/tmp/viborm-g4-lane-tmp-1/viborm-raptor3-g0-bfWZV8/vitest.json
Vitest resources: 9.57s wall, 738.9 MiB peak sampled process-group RSS (sampled ceiling 1536 MiB). Teardown verified.
Raptor 3 g4-seed-batch (subject candidate, qualifying) contract gate verified. Evidence: /private/tmp/viborm-g4-lane-tmp-1/viborm-raptor3-g0-bfWZV8

 RUN  v3.1.4 /private/tmp/viborm-g4-lane-1

 ✓ |raptor3| tests/raptor3/g4/generation/sqlite-campaign.test.ts (1 test) 1682ms
   ✓ executes one complete G4 SQLite read seed batch  1682ms

 Test Files  1 passed (1)
      Tests  1 passed (1)
   Start at  19:47:51
   Duration  5.61s (transform 1.49s, setup 10ms, collect 2.23s, tests 1.68s, environment 0ms, prepare 35ms)

JSON report written to /private/tmp/viborm-g4-lane-tmp-1/viborm-raptor3-g0-pn3Grk/vitest.json
Vitest resources: 9.11s wall, 769.4 MiB peak sampled process-group RSS (sampled ceiling 1536 MiB). Teardown verified.
Raptor 3 g4-seed-batch (subject candidate, qualifying) contract gate verified. Evidence: /private/tmp/viborm-g4-lane-tmp-1/viborm-raptor3-g0-pn3Grk

 RUN  v3.1.4 /private/tmp/viborm-g4-lane-1

 ✓ |raptor3| tests/raptor3/g4/generation/sqlite-campaign.test.ts (1 test) 2059ms
   ✓ executes one complete G4 SQLite read seed batch  2056ms

 Test Files  1 passed (1)
      Tests  1 passed (1)
   Start at  19:48:03
   Duration  5.60s (transform 1.58s, setup 19ms, collect 2.35s, tests 2.06s, environment 0ms, prepare 50ms)

JSON report written to /private/tmp/viborm-g4-lane-tmp-1/viborm-raptor3-g0-ZeOdQn/vitest.json
Vitest resources: 9.99s wall, 725.7 MiB peak sampled process-group RSS (sampled ceiling 1536 MiB). Teardown verified.
Raptor 3 g4-seed-batch (subject candidate, qualifying) contract gate verified. Evidence: /private/tmp/viborm-g4-lane-tmp-1/viborm-raptor3-g0-ZeOdQn

 RUN  v3.1.4 /private/tmp/viborm-g4-lane-1

 ✓ |raptor3| tests/raptor3/g4/generation/sqlite-campaign.test.ts (1 test) 2248ms
   ✓ executes one complete G4 SQLite read seed batch  2248ms

 Test Files  1 passed (1)
      Tests  1 passed (1)
   Start at  19:48:14
   Duration  6.29s (transform 1.64s, setup 11ms, collect 2.45s, tests 2.25s, environment 0ms, prepare 29ms)

JSON report written to /private/tmp/viborm-g4-lane-tmp-1/viborm-raptor3-g0-Hbh8WK/vitest.json
Vitest resources: 10.86s wall, 756.9 MiB peak sampled process-group RSS (sampled ceiling 1536 MiB). Teardown verified.
Raptor 3 g4-seed-batch (subject candidate, qualifying) contract gate verified. Evidence: /private/tmp/viborm-g4-lane-tmp-1/viborm-raptor3-g0-Hbh8WK

 RUN  v3.1.4 /private/tmp/viborm-g4-lane-1

 ✓ |raptor3| tests/raptor3/g4/generation/sqlite-campaign.test.ts (1 test) 2224ms
   ✓ executes one complete G4 SQLite read seed batch  2223ms

 Test Files  1 passed (1)
      Tests  1 passed (1)
   Start at  19:48:28
   Duration  5.78s (transform 1.66s, setup 13ms, collect 2.49s, tests 2.22s, environment 0ms, prepare 34ms)

JSON report written to /private/tmp/viborm-g4-lane-tmp-1/viborm-raptor3-g0-s2umjc/vitest.json
Vitest resources: 10.74s wall, 741.2 MiB peak sampled process-group RSS (sampled ceiling 1536 MiB). Teardown verified.
Raptor 3 g4-seed-batch (subject candidate, qualifying) contract gate verified. Evidence: /private/tmp/viborm-g4-lane-tmp-1/viborm-raptor3-g0-s2umjc

 RUN  v3.1.4 /private/tmp/viborm-g4-lane-1

 ✓ |raptor3| tests/raptor3/g4/generation/sqlite-campaign.test.ts (1 test) 1849ms
   ✓ executes one complete G4 SQLite read seed batch  1848ms

 Test Files  1 passed (1)
      Tests  1 passed (1)
   Start at  19:48:40
   Duration  6.26s (transform 1.86s, setup 12ms, collect 2.79s, tests 1.85s, environment 0ms, prepare 36ms)

JSON report written to /private/tmp/viborm-g4-lane-tmp-1/viborm-raptor3-g0-2H0cno/vitest.json
Vitest resources: 11.36s wall, 749.2 MiB peak sampled process-group RSS (sampled ceiling 1536 MiB). Teardown verified.
Raptor 3 g4-seed-batch (subject candidate, qualifying) contract gate verified. Evidence: /private/tmp/viborm-g4-lane-tmp-1/viborm-raptor3-g0-2H0cno

 RUN  v3.1.4 /private/tmp/viborm-g4-lane-1

 ✓ |raptor3| tests/raptor3/g4/generation/sqlite-campaign.test.ts (1 test) 2037ms
   ✓ executes one complete G4 SQLite read seed batch  2037ms

 Test Files  1 passed (1)
      Tests  1 passed (1)
   Start at  19:48:53
   Duration  6.29s (transform 1.72s, setup 10ms, collect 2.55s, tests 2.04s, environment 0ms, prepare 34ms)

JSON report written to /private/tmp/viborm-g4-lane-tmp-1/viborm-raptor3-g0-Dbah0T/vitest.json
Vitest resources: 11.96s wall, 737.4 MiB peak sampled process-group RSS (sampled ceiling 1536 MiB). Teardown verified.
Raptor 3 g4-seed-batch (subject candidate, qualifying) contract gate verified. Evidence: /private/tmp/viborm-g4-lane-tmp-1/viborm-raptor3-g0-Dbah0T

 RUN  v3.1.4 /private/tmp/viborm-g4-lane-1

 ✓ |raptor3| tests/raptor3/g4/generation/sqlite-campaign.test.ts (1 test) 1939ms
   ✓ executes one complete G4 SQLite read seed batch  1939ms

 Test Files  1 passed (1)
      Tests  1 passed (1)
   Start at  19:49:04
   Duration  5.35s (transform 1.47s, setup 9ms, collect 2.17s, tests 1.94s, environment 0ms, prepare 27ms)

JSON report written to /private/tmp/viborm-g4-lane-tmp-1/viborm-raptor3-g0-PkugGB/vitest.json
Vitest resources: 9.28s wall, 760.0 MiB peak sampled process-group RSS (sampled ceiling 1536 MiB). Teardown verified.
Raptor 3 g4-seed-batch (subject candidate, qualifying) contract gate verified. Evidence: /private/tmp/viborm-g4-lane-tmp-1/viborm-raptor3-g0-PkugGB

 RUN  v3.1.4 /private/tmp/viborm-g4-lane-1

 ✓ |raptor3| tests/raptor3/g4/generation/sqlite-campaign.test.ts (1 test) 2899ms
   ✓ executes one complete G4 SQLite read seed batch  2898ms

 Test Files  1 passed (1)
      Tests  1 passed (1)
   Start at  19:49:16
   Duration  7.67s (transform 2.10s, setup 13ms, collect 3.20s, tests 2.90s, environment 0ms, prepare 56ms)

JSON report written to /private/tmp/viborm-g4-lane-tmp-1/viborm-raptor3-g0-UPzuZu/vitest.json
Vitest resources: 12.46s wall, 715.6 MiB peak sampled process-group RSS (sampled ceiling 1536 MiB). Teardown verified.
Raptor 3 g4-seed-batch (subject candidate, qualifying) contract gate verified. Evidence: /private/tmp/viborm-g4-lane-tmp-1/viborm-raptor3-g0-UPzuZu

 RUN  v3.1.4 /private/tmp/viborm-g4-lane-1

 ✓ |raptor3| tests/raptor3/g4/generation/sqlite-campaign.test.ts (1 test) 2698ms
   ✓ executes one complete G4 SQLite read seed batch  2696ms

 Test Files  1 passed (1)
      Tests  1 passed (1)
   Start at  19:49:36
   Duration  8.01s (transform 2.06s, setup 12ms, collect 3.05s, tests 2.70s, environment 0ms, prepare 50ms)

JSON report written to /private/tmp/viborm-g4-lane-tmp-1/viborm-raptor3-g0-mh8AsK/vitest.json
Vitest resources: 16.63s wall, 741.5 MiB peak sampled process-group RSS (sampled ceiling 1536 MiB). Teardown verified.
Raptor 3 g4-seed-batch (subject candidate, qualifying) contract gate verified. Evidence: /private/tmp/viborm-g4-lane-tmp-1/viborm-raptor3-g0-mh8AsK

 RUN  v3.1.4 /private/tmp/viborm-g4-lane-1

 ✓ |raptor3| tests/raptor3/g4/generation/sqlite-campaign.test.ts (1 test) 1955ms
   ✓ executes one complete G4 SQLite read seed batch  1955ms

 Test Files  1 passed (1)
      Tests  1 passed (1)
   Start at  19:49:50
   Duration  5.91s (transform 1.67s, setup 11ms, collect 2.49s, tests 1.96s, environment 0ms, prepare 31ms)

JSON report written to /private/tmp/viborm-g4-lane-tmp-1/viborm-raptor3-g0-xYuW8V/vitest.json
Vitest resources: 10.66s wall, 744.5 MiB peak sampled process-group RSS (sampled ceiling 1536 MiB). Teardown verified.
Raptor 3 g4-seed-batch (subject candidate, qualifying) contract gate verified. Evidence: /private/tmp/viborm-g4-lane-tmp-1/viborm-raptor3-g0-xYuW8V

 RUN  v3.1.4 /private/tmp/viborm-g4-lane-1

 ✓ |raptor3| tests/raptor3/g4/generation/sqlite-campaign.test.ts (1 test) 2052ms
   ✓ executes one complete G4 SQLite read seed batch  2051ms

 Test Files  1 passed (1)
      Tests  1 passed (1)
   Start at  19:50:02
   Duration  6.22s (transform 1.84s, setup 11ms, collect 2.76s, tests 2.05s, environment 0ms, prepare 33ms)

JSON report written to /private/tmp/viborm-g4-lane-tmp-1/viborm-raptor3-g0-ILdz6P/vitest.json
Vitest resources: 10.81s wall, 748.4 MiB peak sampled process-group RSS (sampled ceiling 1536 MiB). Teardown verified.
Raptor 3 g4-seed-batch (subject candidate, qualifying) contract gate verified. Evidence: /private/tmp/viborm-g4-lane-tmp-1/viborm-raptor3-g0-ILdz6P

 RUN  v3.1.4 /private/tmp/viborm-g4-lane-1

 ✓ |raptor3| tests/raptor3/g4/generation/sqlite-campaign.test.ts (1 test) 1804ms
   ✓ executes one complete G4 SQLite read seed batch  1804ms

 Test Files  1 passed (1)
      Tests  1 passed (1)
   Start at  19:50:14
   Duration  6.09s (transform 1.68s, setup 12ms, collect 2.51s, tests 1.80s, environment 0ms, prepare 36ms)

JSON report written to /private/tmp/viborm-g4-lane-tmp-1/viborm-raptor3-g0-CUCxqs/vitest.json
Vitest resources: 9.72s wall, 738.4 MiB peak sampled process-group RSS (sampled ceiling 1536 MiB). Teardown verified.
Raptor 3 g4-seed-batch (subject candidate, qualifying) contract gate verified. Evidence: /private/tmp/viborm-g4-lane-tmp-1/viborm-raptor3-g0-CUCxqs

 RUN  v3.1.4 /private/tmp/viborm-g4-lane-1

 ✓ |raptor3| tests/raptor3/g4/generation/sqlite-campaign.test.ts (1 test) 2620ms
   ✓ executes one complete G4 SQLite read seed batch  2620ms

 Test Files  1 passed (1)
      Tests  1 passed (1)
   Start at  19:50:27
   Duration  6.53s (transform 1.87s, setup 10ms, collect 2.81s, tests 2.62s, environment 0ms, prepare 28ms)

JSON report written to /private/tmp/viborm-g4-lane-tmp-1/viborm-raptor3-g0-uxZ7Qs/vitest.json
Vitest resources: 11.50s wall, 729.0 MiB peak sampled process-group RSS (sampled ceiling 1536 MiB). Teardown verified.
Raptor 3 g4-seed-batch (subject candidate, qualifying) contract gate verified. Evidence: /private/tmp/viborm-g4-lane-tmp-1/viborm-raptor3-g0-uxZ7Qs

 RUN  v3.1.4 /private/tmp/viborm-g4-lane-1

 ✓ |raptor3| tests/raptor3/g4/generation/sqlite-campaign.test.ts (1 test) 2050ms
   ✓ executes one complete G4 SQLite read seed batch  2049ms

 Test Files  1 passed (1)
      Tests  1 passed (1)
   Start at  19:50:40
   Duration  5.48s (transform 1.86s, setup 11ms, collect 2.78s, tests 2.05s, environment 0ms, prepare 48ms)

JSON report written to /private/tmp/viborm-g4-lane-tmp-1/viborm-raptor3-g0-2Nong9/vitest.json
Vitest resources: 11.36s wall, 747.6 MiB peak sampled process-group RSS (sampled ceiling 1536 MiB). Teardown verified.
Raptor 3 g4-seed-batch (subject candidate, qualifying) contract gate verified. Evidence: /private/tmp/viborm-g4-lane-tmp-1/viborm-raptor3-g0-2Nong9

 RUN  v3.1.4 /private/tmp/viborm-g4-lane-1

 ✓ |raptor3| tests/raptor3/g4/generation/sqlite-campaign.test.ts (1 test) 2242ms
   ✓ executes one complete G4 SQLite read seed batch  2241ms

 Test Files  1 passed (1)
      Tests  1 passed (1)
   Start at  19:50:52
   Duration  8.28s (transform 2.73s, setup 26ms, collect 4.13s, tests 2.24s, environment 0ms, prepare 203ms)

JSON report written to /private/tmp/viborm-g4-lane-tmp-1/viborm-raptor3-g0-LFDmnE/vitest.json
Vitest resources: 12.44s wall, 708.1 MiB peak sampled process-group RSS (sampled ceiling 1536 MiB). Teardown verified.
Raptor 3 g4-seed-batch (subject candidate, qualifying) contract gate verified. Evidence: /private/tmp/viborm-g4-lane-tmp-1/viborm-raptor3-g0-LFDmnE

 RUN  v3.1.4 /private/tmp/viborm-g4-lane-1

 ✓ |raptor3| tests/raptor3/g4/generation/sqlite-campaign.test.ts (1 test) 1737ms
   ✓ executes one complete G4 SQLite read seed batch  1737ms

 Test Files  1 passed (1)
      Tests  1 passed (1)
   Start at  19:51:06
   Duration  5.26s (transform 1.57s, setup 13ms, collect 2.38s, tests 1.74s, environment 0ms, prepare 61ms)

JSON report written to /private/tmp/viborm-g4-lane-tmp-1/viborm-raptor3-g0-LFC5zg/vitest.json
Vitest resources: 10.43s wall, 753.0 MiB peak sampled process-group RSS (sampled ceiling 1536 MiB). Teardown verified.
Raptor 3 g4-seed-batch (subject candidate, qualifying) contract gate verified. Evidence: /private/tmp/viborm-g4-lane-tmp-1/viborm-raptor3-g0-LFC5zg

 RUN  v3.1.4 /private/tmp/viborm-g4-lane-1

 ✓ |raptor3| tests/raptor3/g4/generation/sqlite-campaign.test.ts (1 test) 1726ms
   ✓ executes one complete G4 SQLite read seed batch  1725ms

 Test Files  1 passed (1)
      Tests  1 passed (1)
   Start at  19:51:18
   Duration  4.67s (transform 1.58s, setup 12ms, collect 2.37s, tests 1.73s, environment 0ms, prepare 31ms)

JSON report written to /private/tmp/viborm-g4-lane-tmp-1/viborm-raptor3-g0-yvr46j/vitest.json
Vitest resources: 9.31s wall, 736.6 MiB peak sampled process-group RSS (sampled ceiling 1536 MiB). Teardown verified.
Raptor 3 g4-seed-batch (subject candidate, qualifying) contract gate verified. Evidence: /private/tmp/viborm-g4-lane-tmp-1/viborm-raptor3-g0-yvr46j

 RUN  v3.1.4 /private/tmp/viborm-g4-lane-1

 ✓ |raptor3| tests/raptor3/g4/generation/sqlite-campaign.test.ts (1 test) 2028ms
   ✓ executes one complete G4 SQLite read seed batch  2028ms

 Test Files  1 passed (1)
      Tests  1 passed (1)
   Start at  19:51:28
   Duration  6.37s (transform 1.93s, setup 10ms, collect 2.93s, tests 2.03s, environment 0ms, prepare 30ms)

JSON report written to /private/tmp/viborm-g4-lane-tmp-1/viborm-raptor3-g0-tWgpfi/vitest.json
Vitest resources: 10.36s wall, 751.3 MiB peak sampled process-group RSS (sampled ceiling 1536 MiB). Teardown verified.
Raptor 3 g4-seed-batch (subject candidate, qualifying) contract gate verified. Evidence: /private/tmp/viborm-g4-lane-tmp-1/viborm-raptor3-g0-tWgpfi

 RUN  v3.1.4 /private/tmp/viborm-g4-lane-1

 ✓ |raptor3| tests/raptor3/g4/generation/sqlite-campaign.test.ts (1 test) 1883ms
   ✓ executes one complete G4 SQLite read seed batch  1882ms

 Test Files  1 passed (1)
      Tests  1 passed (1)
   Start at  19:51:38
   Duration  5.34s (transform 1.60s, setup 10ms, collect 2.35s, tests 1.88s, environment 0ms, prepare 31ms)

JSON report written to /private/tmp/viborm-g4-lane-tmp-1/viborm-raptor3-g0-DdHyiw/vitest.json
Vitest resources: 8.82s wall, 743.0 MiB peak sampled process-group RSS (sampled ceiling 1536 MiB). Teardown verified.
Raptor 3 g4-seed-batch (subject candidate, qualifying) contract gate verified. Evidence: /private/tmp/viborm-g4-lane-tmp-1/viborm-raptor3-g0-DdHyiw

 RUN  v3.1.4 /private/tmp/viborm-g4-lane-1

 ✓ |raptor3| tests/raptor3/g4/generation/sqlite-campaign.test.ts (1 test) 1577ms
   ✓ executes one complete G4 SQLite read seed batch  1576ms

 Test Files  1 passed (1)
      Tests  1 passed (1)
   Start at  19:51:49
   Duration  4.74s (transform 1.55s, setup 9ms, collect 2.28s, tests 1.58s, environment 0ms, prepare 28ms)

JSON report written to /private/tmp/viborm-g4-lane-tmp-1/viborm-raptor3-g0-TJtolz/vitest.json
Vitest resources: 8.26s wall, 728.4 MiB peak sampled process-group RSS (sampled ceiling 1536 MiB). Teardown verified.
Raptor 3 g4-seed-batch (subject candidate, qualifying) contract gate verified. Evidence: /private/tmp/viborm-g4-lane-tmp-1/viborm-raptor3-g0-TJtolz

 RUN  v3.1.4 /private/tmp/viborm-g4-lane-1

 ✓ |raptor3| tests/raptor3/g4/generation/sqlite-campaign.test.ts (1 test) 1746ms
   ✓ executes one complete G4 SQLite read seed batch  1745ms

 Test Files  1 passed (1)
      Tests  1 passed (1)
   Start at  19:52:00
   Duration  4.96s (transform 1.75s, setup 12ms, collect 2.63s, tests 1.75s, environment 0ms, prepare 43ms)

JSON report written to /private/tmp/viborm-g4-lane-tmp-1/viborm-raptor3-g0-Sfueeb/vitest.json
Vitest resources: 9.72s wall, 739.2 MiB peak sampled process-group RSS (sampled ceiling 1536 MiB). Teardown verified.
Raptor 3 g4-seed-batch (subject candidate, qualifying) contract gate verified. Evidence: /private/tmp/viborm-g4-lane-tmp-1/viborm-raptor3-g0-Sfueeb

 RUN  v3.1.4 /private/tmp/viborm-g4-lane-1

 ✓ |raptor3| tests/raptor3/g4/generation/sqlite-campaign.test.ts (1 test) 2087ms
   ✓ executes one complete G4 SQLite read seed batch  2086ms

 Test Files  1 passed (1)
      Tests  1 passed (1)
   Start at  19:52:10
   Duration  7.72s (transform 2.57s, setup 25ms, collect 4.07s, tests 2.09s, environment 0ms, prepare 110ms)

JSON report written to /private/tmp/viborm-g4-lane-tmp-1/viborm-raptor3-g0-r1PqXD/vitest.json
Vitest resources: 11.73s wall, 721.0 MiB peak sampled process-group RSS (sampled ceiling 1536 MiB). Teardown verified.
Raptor 3 g4-seed-batch (subject candidate, qualifying) contract gate verified. Evidence: /private/tmp/viborm-g4-lane-tmp-1/viborm-raptor3-g0-r1PqXD

 RUN  v3.1.4 /private/tmp/viborm-g4-lane-1

 ✓ |raptor3| tests/raptor3/g4/generation/sqlite-campaign.test.ts (1 test) 1857ms
   ✓ executes one complete G4 SQLite read seed batch  1856ms

 Test Files  1 passed (1)
      Tests  1 passed (1)
   Start at  19:52:23
   Duration  4.57s (transform 1.47s, setup 11ms, collect 2.17s, tests 1.86s, environment 0ms, prepare 36ms)

JSON report written to /private/tmp/viborm-g4-lane-tmp-1/viborm-raptor3-g0-hFeruU/vitest.json
Vitest resources: 9.17s wall, 753.9 MiB peak sampled process-group RSS (sampled ceiling 1536 MiB). Teardown verified.
Raptor 3 g4-seed-batch (subject candidate, qualifying) contract gate verified. Evidence: /private/tmp/viborm-g4-lane-tmp-1/viborm-raptor3-g0-hFeruU

 RUN  v3.1.4 /private/tmp/viborm-g4-lane-1

 ✓ |raptor3| tests/raptor3/g4/generation/sqlite-campaign.test.ts (1 test) 2557ms
   ✓ executes one complete G4 SQLite read seed batch  2556ms

 Test Files  1 passed (1)
      Tests  1 passed (1)
   Start at  19:52:35
   Duration  6.66s (transform 1.91s, setup 10ms, collect 2.85s, tests 2.56s, environment 0ms, prepare 43ms)

JSON report written to /private/tmp/viborm-g4-lane-tmp-1/viborm-raptor3-g0-Xs73fo/vitest.json
Vitest resources: 11.88s wall, 695.0 MiB peak sampled process-group RSS (sampled ceiling 1536 MiB). Teardown verified.
Raptor 3 g4-seed-batch (subject candidate, qualifying) contract gate verified. Evidence: /private/tmp/viborm-g4-lane-tmp-1/viborm-raptor3-g0-Xs73fo

 RUN  v3.1.4 /private/tmp/viborm-g4-lane-1

 ✓ |raptor3| tests/raptor3/g4/generation/sqlite-campaign.test.ts (1 test) 3340ms
   ✓ executes one complete G4 SQLite read seed batch  3339ms

 Test Files  1 passed (1)
      Tests  1 passed (1)
   Start at  19:52:50
   Duration  7.71s (transform 2.57s, setup 13ms, collect 3.86s, tests 3.34s, environment 0ms, prepare 50ms)

JSON report written to /private/tmp/viborm-g4-lane-tmp-1/viborm-raptor3-g0-Fg63AD/vitest.json
Vitest resources: 13.64s wall, 749.2 MiB peak sampled process-group RSS (sampled ceiling 1536 MiB). Teardown verified.
Raptor 3 g4-seed-batch (subject candidate, qualifying) contract gate verified. Evidence: /private/tmp/viborm-g4-lane-tmp-1/viborm-raptor3-g0-Fg63AD

 RUN  v3.1.4 /private/tmp/viborm-g4-lane-1

 ✓ |raptor3| tests/raptor3/g4/generation/sqlite-campaign.test.ts (1 test) 1931ms
   ✓ executes one complete G4 SQLite read seed batch  1931ms

 Test Files  1 passed (1)
      Tests  1 passed (1)
   Start at  19:53:04
   Duration  7.05s (transform 2.17s, setup 15ms, collect 3.25s, tests 1.93s, environment 0ms, prepare 58ms)

JSON report written to /private/tmp/viborm-g4-lane-tmp-1/viborm-raptor3-g0-aRFSgr/vitest.json
Vitest resources: 11.68s wall, 744.4 MiB peak sampled process-group RSS (sampled ceiling 1536 MiB). Teardown verified.
Raptor 3 g4-seed-batch (subject candidate, qualifying) contract gate verified. Evidence: /private/tmp/viborm-g4-lane-tmp-1/viborm-raptor3-g0-aRFSgr

 RUN  v3.1.4 /private/tmp/viborm-g4-lane-1

 ✓ |raptor3| tests/raptor3/g4/generation/sqlite-campaign.test.ts (1 test) 2143ms
   ✓ executes one complete G4 SQLite read seed batch  2143ms

 Test Files  1 passed (1)
      Tests  1 passed (1)
   Start at  19:53:18
   Duration  5.64s (transform 1.62s, setup 10ms, collect 2.40s, tests 2.14s, environment 0ms, prepare 42ms)

JSON report written to /private/tmp/viborm-g4-lane-tmp-1/viborm-raptor3-g0-vO7UsA/vitest.json
Vitest resources: 10.48s wall, 772.4 MiB peak sampled process-group RSS (sampled ceiling 1536 MiB). Teardown verified.
Raptor 3 g4-seed-batch (subject candidate, qualifying) contract gate verified. Evidence: /private/tmp/viborm-g4-lane-tmp-1/viborm-raptor3-g0-vO7UsA

 RUN  v3.1.4 /private/tmp/viborm-g4-lane-1

 ✓ |raptor3| tests/raptor3/g4/generation/sqlite-campaign.test.ts (1 test) 1747ms
   ✓ executes one complete G4 SQLite read seed batch  1747ms

 Test Files  1 passed (1)
      Tests  1 passed (1)
   Start at  19:53:31
   Duration  5.94s (transform 1.52s, setup 10ms, collect 2.26s, tests 1.75s, environment 0ms, prepare 41ms)

JSON report written to /private/tmp/viborm-g4-lane-tmp-1/viborm-raptor3-g0-7y7Egm/vitest.json
Vitest resources: 12.14s wall, 755.2 MiB peak sampled process-group RSS (sampled ceiling 1536 MiB). Teardown verified.
Raptor 3 g4-seed-batch (subject candidate, qualifying) contract gate verified. Evidence: /private/tmp/viborm-g4-lane-tmp-1/viborm-raptor3-g0-7y7Egm

 RUN  v3.1.4 /private/tmp/viborm-g4-lane-1

 ✓ |raptor3| tests/raptor3/g4/generation/sqlite-campaign.test.ts (1 test) 6583ms
   ✓ executes one complete G4 SQLite read seed batch  6582ms

 Test Files  1 passed (1)
      Tests  1 passed (1)
   Start at  19:53:46
   Duration  14.99s (transform 4.03s, setup 26ms, collect 6.49s, tests 6.58s, environment 0ms, prepare 76ms)

JSON report written to /private/tmp/viborm-g4-lane-tmp-1/viborm-raptor3-g0-ObQksF/vitest.json
Vitest resources: 21.08s wall, 699.3 MiB peak sampled process-group RSS (sampled ceiling 1536 MiB). Teardown verified.
Raptor 3 g4-seed-batch (subject candidate, qualifying) contract gate verified. Evidence: /private/tmp/viborm-g4-lane-tmp-1/viborm-raptor3-g0-ObQksF

 RUN  v3.1.4 /private/tmp/viborm-g4-lane-1

 ✓ |raptor3| tests/raptor3/g4/generation/sqlite-campaign.test.ts (1 test) 1842ms
   ✓ executes one complete G4 SQLite read seed batch  1842ms

 Test Files  1 passed (1)
      Tests  1 passed (1)
   Start at  19:54:09
   Duration  5.81s (transform 1.73s, setup 10ms, collect 2.62s, tests 1.84s, environment 0ms, prepare 38ms)

JSON report written to /private/tmp/viborm-g4-lane-tmp-1/viborm-raptor3-g0-4GDJbA/vitest.json
Vitest resources: 11.39s wall, 735.5 MiB peak sampled process-group RSS (sampled ceiling 1536 MiB). Teardown verified.
Raptor 3 g4-seed-batch (subject candidate, qualifying) contract gate verified. Evidence: /private/tmp/viborm-g4-lane-tmp-1/viborm-raptor3-g0-4GDJbA

 RUN  v3.1.4 /private/tmp/viborm-g4-lane-1

 ✓ |raptor3| tests/raptor3/g4/generation/sqlite-campaign.test.ts (1 test) 2012ms
   ✓ executes one complete G4 SQLite read seed batch  2011ms

 Test Files  1 passed (1)
      Tests  1 passed (1)
   Start at  19:54:18
   Duration  6.21s (transform 1.82s, setup 10ms, collect 2.75s, tests 2.01s, environment 0ms, prepare 31ms)

JSON report written to /private/tmp/viborm-g4-lane-tmp-1/viborm-raptor3-g0-SFetOl/vitest.json
Vitest resources: 9.69s wall, 748.0 MiB peak sampled process-group RSS (sampled ceiling 1536 MiB). Teardown verified.
Raptor 3 g4-seed-batch (subject candidate, qualifying) contract gate verified. Evidence: /private/tmp/viborm-g4-lane-tmp-1/viborm-raptor3-g0-SFetOl
Raptor 3 g4-seeds (subject candidate, qualifying) campaign verified (not the full milestone). Evidence: /private/tmp/viborm-g4-lane-tmp-1/viborm-raptor3-g4-seeds-SUWGtF
