
 RUN  v3.1.4 /private/tmp/viborm-g4-lane-2

 ✓ |raptor3| tests/raptor3/g4/generation/transport-campaign.test.ts (1 test) 2070ms
   ✓ executes one complete G4 transport read seed batch  2069ms

 Test Files  1 passed (1)
      Tests  1 passed (1)
   Start at  01:58:25
   Duration  8.18s (transform 2.13s, setup 12ms, collect 3.32s, tests 2.07s, environment 0ms, prepare 55ms)

JSON report written to /private/tmp/viborm-g4-lane-tmp-2/viborm-raptor3-g0-NcafKw/vitest.json
Vitest resources: 14.55s wall, 616.7 MiB peak sampled process-group RSS (sampled ceiling 1536 MiB). Teardown verified.
Raptor 3 g4-transport-seed-batch (subject candidate, qualifying) contract gate verified. Evidence: /private/tmp/viborm-g4-lane-tmp-2/viborm-raptor3-g0-NcafKw

 RUN  v3.1.4 /private/tmp/viborm-g4-lane-2

 ✓ |raptor3| tests/raptor3/g4/generation/transport-campaign.test.ts (1 test) 1909ms
   ✓ executes one complete G4 transport read seed batch  1909ms

 Test Files  1 passed (1)
      Tests  1 passed (1)
   Start at  01:58:39
   Duration  6.82s (transform 1.67s, setup 10ms, collect 2.51s, tests 1.91s, environment 0ms, prepare 38ms)

JSON report written to /private/tmp/viborm-g4-lane-tmp-2/viborm-raptor3-g0-QBiLOb/vitest.json
Vitest resources: 11.57s wall, 672.5 MiB peak sampled process-group RSS (sampled ceiling 1536 MiB). Teardown verified.
Raptor 3 g4-transport-seed-batch (subject candidate, qualifying) contract gate verified. Evidence: /private/tmp/viborm-g4-lane-tmp-2/viborm-raptor3-g0-QBiLOb

 RUN  v3.1.4 /private/tmp/viborm-g4-lane-2

 ✓ |raptor3| tests/raptor3/g4/generation/transport-campaign.test.ts (1 test) 1516ms
   ✓ executes one complete G4 transport read seed batch  1516ms

 Test Files  1 passed (1)
      Tests  1 passed (1)
   Start at  01:58:54
   Duration  5.34s (transform 1.37s, setup 9ms, collect 2.03s, tests 1.52s, environment 0ms, prepare 27ms)

JSON report written to /private/tmp/viborm-g4-lane-tmp-2/viborm-raptor3-g0-FDW6uu/vitest.json
Vitest resources: 10.54s wall, 748.8 MiB peak sampled process-group RSS (sampled ceiling 1536 MiB). Teardown verified.
Raptor 3 g4-transport-seed-batch (subject candidate, qualifying) contract gate verified. Evidence: /private/tmp/viborm-g4-lane-tmp-2/viborm-raptor3-g0-FDW6uu

 RUN  v3.1.4 /private/tmp/viborm-g4-lane-2

 ✓ |raptor3| tests/raptor3/g4/generation/transport-campaign.test.ts (1 test) 1907ms
   ✓ executes one complete G4 transport read seed batch  1907ms

 Test Files  1 passed (1)
      Tests  1 passed (1)
   Start at  01:59:07
   Duration  6.43s (transform 1.52s, setup 12ms, collect 2.27s, tests 1.91s, environment 0ms, prepare 35ms)

JSON report written to /private/tmp/viborm-g4-lane-tmp-2/viborm-raptor3-g0-Zlra21/vitest.json
Vitest resources: 11.37s wall, 753.4 MiB peak sampled process-group RSS (sampled ceiling 1536 MiB). Teardown verified.
Raptor 3 g4-transport-seed-batch (subject candidate, qualifying) contract gate verified. Evidence: /private/tmp/viborm-g4-lane-tmp-2/viborm-raptor3-g0-Zlra21

 RUN  v3.1.4 /private/tmp/viborm-g4-lane-2

 ✓ |raptor3| tests/raptor3/g4/generation/transport-campaign.test.ts (1 test) 1809ms
   ✓ executes one complete G4 transport read seed batch  1808ms

 Test Files  1 passed (1)
      Tests  1 passed (1)
   Start at  01:59:22
   Duration  6.48s (transform 1.69s, setup 10ms, collect 2.54s, tests 1.81s, environment 0ms, prepare 40ms)

JSON report written to /private/tmp/viborm-g4-lane-tmp-2/viborm-raptor3-g0-ldho3R/vitest.json
Vitest resources: 12.70s wall, 719.0 MiB peak sampled process-group RSS (sampled ceiling 1536 MiB). Teardown verified.
Raptor 3 g4-transport-seed-batch (subject candidate, qualifying) contract gate verified. Evidence: /private/tmp/viborm-g4-lane-tmp-2/viborm-raptor3-g0-ldho3R

 RUN  v3.1.4 /private/tmp/viborm-g4-lane-2

 ✓ |raptor3| tests/raptor3/g4/generation/transport-campaign.test.ts (1 test) 1828ms
   ✓ executes one complete G4 transport read seed batch  1828ms

 Test Files  1 passed (1)
      Tests  1 passed (1)
   Start at  01:59:36
   Duration  6.24s (transform 1.60s, setup 11ms, collect 2.37s, tests 1.83s, environment 0ms, prepare 34ms)

JSON report written to /private/tmp/viborm-g4-lane-tmp-2/viborm-raptor3-g0-wSg7mh/vitest.json
Vitest resources: 11.70s wall, 730.0 MiB peak sampled process-group RSS (sampled ceiling 1536 MiB). Teardown verified.
Raptor 3 g4-transport-seed-batch (subject candidate, qualifying) contract gate verified. Evidence: /private/tmp/viborm-g4-lane-tmp-2/viborm-raptor3-g0-wSg7mh

 RUN  v3.1.4 /private/tmp/viborm-g4-lane-2

 ✓ |raptor3| tests/raptor3/g4/generation/transport-campaign.test.ts (1 test) 2084ms
   ✓ executes one complete G4 transport read seed batch  2083ms

 Test Files  1 passed (1)
      Tests  1 passed (1)
   Start at  01:59:51
   Duration  6.73s (transform 1.66s, setup 10ms, collect 2.49s, tests 2.08s, environment 0ms, prepare 29ms)

JSON report written to /private/tmp/viborm-g4-lane-tmp-2/viborm-raptor3-g0-DKNu8o/vitest.json
Vitest resources: 12.57s wall, 740.4 MiB peak sampled process-group RSS (sampled ceiling 1536 MiB). Teardown verified.
Raptor 3 g4-transport-seed-batch (subject candidate, qualifying) contract gate verified. Evidence: /private/tmp/viborm-g4-lane-tmp-2/viborm-raptor3-g0-DKNu8o

 RUN  v3.1.4 /private/tmp/viborm-g4-lane-2

 ✓ |raptor3| tests/raptor3/g4/generation/transport-campaign.test.ts (1 test) 2210ms
   ✓ executes one complete G4 transport read seed batch  2209ms

 Test Files  1 passed (1)
      Tests  1 passed (1)
   Start at  02:00:07
   Duration  7.58s (transform 2.08s, setup 13ms, collect 3.20s, tests 2.21s, environment 0ms, prepare 46ms)

JSON report written to /private/tmp/viborm-g4-lane-tmp-2/viborm-raptor3-g0-e8ShwW/vitest.json
Vitest resources: 14.26s wall, 729.3 MiB peak sampled process-group RSS (sampled ceiling 1536 MiB). Teardown verified.
Raptor 3 g4-transport-seed-batch (subject candidate, qualifying) contract gate verified. Evidence: /private/tmp/viborm-g4-lane-tmp-2/viborm-raptor3-g0-e8ShwW

 RUN  v3.1.4 /private/tmp/viborm-g4-lane-2

 ✓ |raptor3| tests/raptor3/g4/generation/transport-campaign.test.ts (1 test) 2668ms
   ✓ executes one complete G4 transport read seed batch  2668ms

 Test Files  1 passed (1)
      Tests  1 passed (1)
   Start at  02:00:24
   Duration  9.10s (transform 2.02s, setup 13ms, collect 2.98s, tests 2.67s, environment 0ms, prepare 63ms)

JSON report written to /private/tmp/viborm-g4-lane-tmp-2/viborm-raptor3-g0-gCeQ06/vitest.json
Vitest resources: 16.53s wall, 742.3 MiB peak sampled process-group RSS (sampled ceiling 1536 MiB). Teardown verified.
Raptor 3 g4-transport-seed-batch (subject candidate, qualifying) contract gate verified. Evidence: /private/tmp/viborm-g4-lane-tmp-2/viborm-raptor3-g0-gCeQ06

 RUN  v3.1.4 /private/tmp/viborm-g4-lane-2

 ✓ |raptor3| tests/raptor3/g4/generation/transport-campaign.test.ts (1 test) 2939ms
   ✓ executes one complete G4 transport read seed batch  2938ms

 Test Files  1 passed (1)
      Tests  1 passed (1)
   Start at  02:00:44
   Duration  11.14s (transform 2.72s, setup 19ms, collect 4.03s, tests 2.94s, environment 0ms, prepare 59ms)

JSON report written to /private/tmp/viborm-g4-lane-tmp-2/viborm-raptor3-g0-FA1n26/vitest.json
Vitest resources: 18.53s wall, 691.6 MiB peak sampled process-group RSS (sampled ceiling 1536 MiB). Teardown verified.
Raptor 3 g4-transport-seed-batch (subject candidate, qualifying) contract gate verified. Evidence: /private/tmp/viborm-g4-lane-tmp-2/viborm-raptor3-g0-FA1n26

 RUN  v3.1.4 /private/tmp/viborm-g4-lane-2

 ✓ |raptor3| tests/raptor3/g4/generation/transport-campaign.test.ts (1 test) 3328ms
   ✓ executes one complete G4 transport read seed batch  3328ms

 Test Files  1 passed (1)
      Tests  1 passed (1)
   Start at  02:01:07
   Duration  11.12s (transform 2.86s, setup 19ms, collect 4.22s, tests 3.33s, environment 0ms, prepare 108ms)

JSON report written to /private/tmp/viborm-g4-lane-tmp-2/viborm-raptor3-g0-uP9LLJ/vitest.json
Vitest resources: 19.86s wall, 680.8 MiB peak sampled process-group RSS (sampled ceiling 1536 MiB). Teardown verified.
Raptor 3 g4-transport-seed-batch (subject candidate, qualifying) contract gate verified. Evidence: /private/tmp/viborm-g4-lane-tmp-2/viborm-raptor3-g0-uP9LLJ

 RUN  v3.1.4 /private/tmp/viborm-g4-lane-2

 ✓ |raptor3| tests/raptor3/g4/generation/transport-campaign.test.ts (1 test) 2812ms
   ✓ executes one complete G4 transport read seed batch  2811ms

 Test Files  1 passed (1)
      Tests  1 passed (1)
   Start at  02:01:30
   Duration  9.10s (transform 2.56s, setup 11ms, collect 3.81s, tests 2.81s, environment 0ms, prepare 37ms)

JSON report written to /private/tmp/viborm-g4-lane-tmp-2/viborm-raptor3-g0-wmNzr8/vitest.json
Vitest resources: 17.65s wall, 721.5 MiB peak sampled process-group RSS (sampled ceiling 1536 MiB). Teardown verified.
Raptor 3 g4-transport-seed-batch (subject candidate, qualifying) contract gate verified. Evidence: /private/tmp/viborm-g4-lane-tmp-2/viborm-raptor3-g0-wmNzr8

 RUN  v3.1.4 /private/tmp/viborm-g4-lane-2

 ✓ |raptor3| tests/raptor3/g4/generation/transport-campaign.test.ts (1 test) 2456ms
   ✓ executes one complete G4 transport read seed batch  2455ms

 Test Files  1 passed (1)
      Tests  1 passed (1)
   Start at  02:01:52
   Duration  7.65s (transform 1.93s, setup 15ms, collect 2.86s, tests 2.46s, environment 0ms, prepare 43ms)

JSON report written to /private/tmp/viborm-g4-lane-tmp-2/viborm-raptor3-g0-9vz3Jd/vitest.json
Vitest resources: 15.97s wall, 747.6 MiB peak sampled process-group RSS (sampled ceiling 1536 MiB). Teardown verified.
Raptor 3 g4-transport-seed-batch (subject candidate, qualifying) contract gate verified. Evidence: /private/tmp/viborm-g4-lane-tmp-2/viborm-raptor3-g0-9vz3Jd

 RUN  v3.1.4 /private/tmp/viborm-g4-lane-2

 ✓ |raptor3| tests/raptor3/g4/generation/transport-campaign.test.ts (1 test) 2477ms
   ✓ executes one complete G4 transport read seed batch  2477ms

 Test Files  1 passed (1)
      Tests  1 passed (1)
   Start at  02:02:11
   Duration  8.63s (transform 2.23s, setup 14ms, collect 3.35s, tests 2.48s, environment 0ms, prepare 54ms)

JSON report written to /private/tmp/viborm-g4-lane-tmp-2/viborm-raptor3-g0-LWIiFl/vitest.json
Vitest resources: 16.84s wall, 737.5 MiB peak sampled process-group RSS (sampled ceiling 1536 MiB). Teardown verified.
Raptor 3 g4-transport-seed-batch (subject candidate, qualifying) contract gate verified. Evidence: /private/tmp/viborm-g4-lane-tmp-2/viborm-raptor3-g0-LWIiFl

 RUN  v3.1.4 /private/tmp/viborm-g4-lane-2

 ✓ |raptor3| tests/raptor3/g4/generation/transport-campaign.test.ts (1 test) 2245ms
   ✓ executes one complete G4 transport read seed batch  2244ms

 Test Files  1 passed (1)
      Tests  1 passed (1)
   Start at  02:02:30
   Duration  8.38s (transform 1.98s, setup 16ms, collect 2.95s, tests 2.25s, environment 0ms, prepare 47ms)

JSON report written to /private/tmp/viborm-g4-lane-tmp-2/viborm-raptor3-g0-KjcUy4/vitest.json
Vitest resources: 15.60s wall, 714.8 MiB peak sampled process-group RSS (sampled ceiling 1536 MiB). Teardown verified.
Raptor 3 g4-transport-seed-batch (subject candidate, qualifying) contract gate verified. Evidence: /private/tmp/viborm-g4-lane-tmp-2/viborm-raptor3-g0-KjcUy4

 RUN  v3.1.4 /private/tmp/viborm-g4-lane-2

 ✓ |raptor3| tests/raptor3/g4/generation/transport-campaign.test.ts (1 test) 2251ms
   ✓ executes one complete G4 transport read seed batch  2250ms

 Test Files  1 passed (1)
      Tests  1 passed (1)
   Start at  02:02:48
   Duration  8.55s (transform 1.87s, setup 14ms, collect 2.77s, tests 2.25s, environment 0ms, prepare 46ms)

JSON report written to /private/tmp/viborm-g4-lane-tmp-2/viborm-raptor3-g0-5YnvTu/vitest.json
Vitest resources: 15.66s wall, 751.0 MiB peak sampled process-group RSS (sampled ceiling 1536 MiB). Teardown verified.
Raptor 3 g4-transport-seed-batch (subject candidate, qualifying) contract gate verified. Evidence: /private/tmp/viborm-g4-lane-tmp-2/viborm-raptor3-g0-5YnvTu

 RUN  v3.1.4 /private/tmp/viborm-g4-lane-2

 ✓ |raptor3| tests/raptor3/g4/generation/transport-campaign.test.ts (1 test) 2347ms
   ✓ executes one complete G4 transport read seed batch  2346ms

 Test Files  1 passed (1)
      Tests  1 passed (1)
   Start at  02:03:07
   Duration  7.81s (transform 1.94s, setup 12ms, collect 2.86s, tests 2.35s, environment 1ms, prepare 48ms)

JSON report written to /private/tmp/viborm-g4-lane-tmp-2/viborm-raptor3-g0-h0Beyi/vitest.json
Vitest resources: 15.01s wall, 735.5 MiB peak sampled process-group RSS (sampled ceiling 1536 MiB). Teardown verified.
Raptor 3 g4-transport-seed-batch (subject candidate, qualifying) contract gate verified. Evidence: /private/tmp/viborm-g4-lane-tmp-2/viborm-raptor3-g0-h0Beyi

 RUN  v3.1.4 /private/tmp/viborm-g4-lane-2

 ✓ |raptor3| tests/raptor3/g4/generation/transport-campaign.test.ts (1 test) 2041ms
   ✓ executes one complete G4 transport read seed batch  2041ms

 Test Files  1 passed (1)
      Tests  1 passed (1)
   Start at  02:03:24
   Duration  7.37s (transform 1.87s, setup 10ms, collect 2.75s, tests 2.04s, environment 0ms, prepare 42ms)

JSON report written to /private/tmp/viborm-g4-lane-tmp-2/viborm-raptor3-g0-IBwZqo/vitest.json
Vitest resources: 13.86s wall, 709.8 MiB peak sampled process-group RSS (sampled ceiling 1536 MiB). Teardown verified.
Raptor 3 g4-transport-seed-batch (subject candidate, qualifying) contract gate verified. Evidence: /private/tmp/viborm-g4-lane-tmp-2/viborm-raptor3-g0-IBwZqo

 RUN  v3.1.4 /private/tmp/viborm-g4-lane-2

 ✓ |raptor3| tests/raptor3/g4/generation/transport-campaign.test.ts (1 test) 2068ms
   ✓ executes one complete G4 transport read seed batch  2067ms

 Test Files  1 passed (1)
      Tests  1 passed (1)
   Start at  02:03:39
   Duration  7.71s (transform 1.86s, setup 13ms, collect 2.79s, tests 2.07s, environment 0ms, prepare 67ms)

JSON report written to /private/tmp/viborm-g4-lane-tmp-2/viborm-raptor3-g0-Ya4Umu/vitest.json
Vitest resources: 12.91s wall, 771.9 MiB peak sampled process-group RSS (sampled ceiling 1536 MiB). Teardown verified.
Raptor 3 g4-transport-seed-batch (subject candidate, qualifying) contract gate verified. Evidence: /private/tmp/viborm-g4-lane-tmp-2/viborm-raptor3-g0-Ya4Umu

 RUN  v3.1.4 /private/tmp/viborm-g4-lane-2

 ✓ |raptor3| tests/raptor3/g4/generation/transport-campaign.test.ts (1 test) 1972ms
   ✓ executes one complete G4 transport read seed batch  1971ms

 Test Files  1 passed (1)
      Tests  1 passed (1)
   Start at  02:03:55
   Duration  7.33s (transform 1.95s, setup 10ms, collect 2.95s, tests 1.97s, environment 0ms, prepare 45ms)

JSON report written to /private/tmp/viborm-g4-lane-tmp-2/viborm-raptor3-g0-ONbJG8/vitest.json
Vitest resources: 13.97s wall, 702.4 MiB peak sampled process-group RSS (sampled ceiling 1536 MiB). Teardown verified.
Raptor 3 g4-transport-seed-batch (subject candidate, qualifying) contract gate verified. Evidence: /private/tmp/viborm-g4-lane-tmp-2/viborm-raptor3-g0-ONbJG8

 RUN  v3.1.4 /private/tmp/viborm-g4-lane-2

 ✓ |raptor3| tests/raptor3/g4/generation/transport-campaign.test.ts (1 test) 2108ms
   ✓ executes one complete G4 transport read seed batch  2107ms

 Test Files  1 passed (1)
      Tests  1 passed (1)
   Start at  02:04:10
   Duration  7.86s (transform 1.85s, setup 20ms, collect 2.79s, tests 2.11s, environment 0ms, prepare 62ms)

JSON report written to /private/tmp/viborm-g4-lane-tmp-2/viborm-raptor3-g0-I4ft73/vitest.json
Vitest resources: 12.91s wall, 690.0 MiB peak sampled process-group RSS (sampled ceiling 1536 MiB). Teardown verified.
Raptor 3 g4-transport-seed-batch (subject candidate, qualifying) contract gate verified. Evidence: /private/tmp/viborm-g4-lane-tmp-2/viborm-raptor3-g0-I4ft73

 RUN  v3.1.4 /private/tmp/viborm-g4-lane-2

 ✓ |raptor3| tests/raptor3/g4/generation/transport-campaign.test.ts (1 test) 2015ms
   ✓ executes one complete G4 transport read seed batch  2014ms

 Test Files  1 passed (1)
      Tests  1 passed (1)
   Start at  02:04:26
   Duration  7.11s (transform 1.73s, setup 9ms, collect 2.60s, tests 2.01s, environment 0ms, prepare 42ms)

JSON report written to /private/tmp/viborm-g4-lane-tmp-2/viborm-raptor3-g0-gB6RWd/vitest.json
Vitest resources: 12.14s wall, 741.7 MiB peak sampled process-group RSS (sampled ceiling 1536 MiB). Teardown verified.
Raptor 3 g4-transport-seed-batch (subject candidate, qualifying) contract gate verified. Evidence: /private/tmp/viborm-g4-lane-tmp-2/viborm-raptor3-g0-gB6RWd

 RUN  v3.1.4 /private/tmp/viborm-g4-lane-2

 ✓ |raptor3| tests/raptor3/g4/generation/transport-campaign.test.ts (1 test) 2043ms
   ✓ executes one complete G4 transport read seed batch  2042ms

 Test Files  1 passed (1)
      Tests  1 passed (1)
   Start at  02:04:43
   Duration  6.03s (transform 1.53s, setup 12ms, collect 2.29s, tests 2.04s, environment 0ms, prepare 36ms)

JSON report written to /private/tmp/viborm-g4-lane-tmp-2/viborm-raptor3-g0-dxNBor/vitest.json
Vitest resources: 12.45s wall, 698.9 MiB peak sampled process-group RSS (sampled ceiling 1536 MiB). Teardown verified.
Raptor 3 g4-transport-seed-batch (subject candidate, qualifying) contract gate verified. Evidence: /private/tmp/viborm-g4-lane-tmp-2/viborm-raptor3-g0-dxNBor

 RUN  v3.1.4 /private/tmp/viborm-g4-lane-2

 ✓ |raptor3| tests/raptor3/g4/generation/transport-campaign.test.ts (1 test) 1597ms
   ✓ executes one complete G4 transport read seed batch  1596ms

 Test Files  1 passed (1)
      Tests  1 passed (1)
   Start at  02:04:59
   Duration  5.46s (transform 1.44s, setup 12ms, collect 2.17s, tests 1.60s, environment 0ms, prepare 49ms)

JSON report written to /private/tmp/viborm-g4-lane-tmp-2/viborm-raptor3-g0-tPnVKc/vitest.json
Vitest resources: 11.67s wall, 760.7 MiB peak sampled process-group RSS (sampled ceiling 1536 MiB). Teardown verified.
Raptor 3 g4-transport-seed-batch (subject candidate, qualifying) contract gate verified. Evidence: /private/tmp/viborm-g4-lane-tmp-2/viborm-raptor3-g0-tPnVKc

 RUN  v3.1.4 /private/tmp/viborm-g4-lane-2

 ✓ |raptor3| tests/raptor3/g4/generation/transport-campaign.test.ts (1 test) 2023ms
   ✓ executes one complete G4 transport read seed batch  2022ms

 Test Files  1 passed (1)
      Tests  1 passed (1)
   Start at  02:05:14
   Duration  7.41s (transform 1.93s, setup 14ms, collect 2.87s, tests 2.02s, environment 0ms, prepare 46ms)

JSON report written to /private/tmp/viborm-g4-lane-tmp-2/viborm-raptor3-g0-Q45muo/vitest.json
Vitest resources: 13.63s wall, 741.7 MiB peak sampled process-group RSS (sampled ceiling 1536 MiB). Teardown verified.
Raptor 3 g4-transport-seed-batch (subject candidate, qualifying) contract gate verified. Evidence: /private/tmp/viborm-g4-lane-tmp-2/viborm-raptor3-g0-Q45muo

 RUN  v3.1.4 /private/tmp/viborm-g4-lane-2

 ✓ |raptor3| tests/raptor3/g4/generation/transport-campaign.test.ts (1 test) 2035ms
   ✓ executes one complete G4 transport read seed batch  2034ms

 Test Files  1 passed (1)
      Tests  1 passed (1)
   Start at  02:05:31
   Duration  6.88s (transform 1.84s, setup 12ms, collect 2.72s, tests 2.04s, environment 0ms, prepare 45ms)

JSON report written to /private/tmp/viborm-g4-lane-tmp-2/viborm-raptor3-g0-aCUna4/vitest.json
Vitest resources: 12.95s wall, 710.0 MiB peak sampled process-group RSS (sampled ceiling 1536 MiB). Teardown verified.
Raptor 3 g4-transport-seed-batch (subject candidate, qualifying) contract gate verified. Evidence: /private/tmp/viborm-g4-lane-tmp-2/viborm-raptor3-g0-aCUna4

 RUN  v3.1.4 /private/tmp/viborm-g4-lane-2

 ✓ |raptor3| tests/raptor3/g4/generation/transport-campaign.test.ts (1 test) 1917ms
   ✓ executes one complete G4 transport read seed batch  1916ms

 Test Files  1 passed (1)
      Tests  1 passed (1)
   Start at  02:05:46
   Duration  6.54s (transform 1.45s, setup 10ms, collect 2.15s, tests 1.92s, environment 0ms, prepare 35ms)

JSON report written to /private/tmp/viborm-g4-lane-tmp-2/viborm-raptor3-g0-i6krMx/vitest.json
Vitest resources: 12.48s wall, 743.7 MiB peak sampled process-group RSS (sampled ceiling 1536 MiB). Teardown verified.
Raptor 3 g4-transport-seed-batch (subject candidate, qualifying) contract gate verified. Evidence: /private/tmp/viborm-g4-lane-tmp-2/viborm-raptor3-g0-i6krMx

 RUN  v3.1.4 /private/tmp/viborm-g4-lane-2

 ✓ |raptor3| tests/raptor3/g4/generation/transport-campaign.test.ts (1 test) 1737ms
   ✓ executes one complete G4 transport read seed batch  1737ms

 Test Files  1 passed (1)
      Tests  1 passed (1)
   Start at  02:06:02
   Duration  6.83s (transform 1.84s, setup 20ms, collect 2.76s, tests 1.74s, environment 0ms, prepare 50ms)

JSON report written to /private/tmp/viborm-g4-lane-tmp-2/viborm-raptor3-g0-X2Skc1/vitest.json
Vitest resources: 12.68s wall, 777.3 MiB peak sampled process-group RSS (sampled ceiling 1536 MiB). Teardown verified.
Raptor 3 g4-transport-seed-batch (subject candidate, qualifying) contract gate verified. Evidence: /private/tmp/viborm-g4-lane-tmp-2/viborm-raptor3-g0-X2Skc1

 RUN  v3.1.4 /private/tmp/viborm-g4-lane-2

 ✓ |raptor3| tests/raptor3/g4/generation/transport-campaign.test.ts (1 test) 2096ms
   ✓ executes one complete G4 transport read seed batch  2095ms

 Test Files  1 passed (1)
      Tests  1 passed (1)
   Start at  02:06:19
   Duration  7.86s (transform 2.05s, setup 18ms, collect 3.25s, tests 2.10s, environment 0ms, prepare 54ms)

JSON report written to /private/tmp/viborm-g4-lane-tmp-2/viborm-raptor3-g0-ZjQQPm/vitest.json
Vitest resources: 14.77s wall, 702.0 MiB peak sampled process-group RSS (sampled ceiling 1536 MiB). Teardown verified.
Raptor 3 g4-transport-seed-batch (subject candidate, qualifying) contract gate verified. Evidence: /private/tmp/viborm-g4-lane-tmp-2/viborm-raptor3-g0-ZjQQPm

 RUN  v3.1.4 /private/tmp/viborm-g4-lane-2

 ✓ |raptor3| tests/raptor3/g4/generation/transport-campaign.test.ts (1 test) 1898ms
   ✓ executes one complete G4 transport read seed batch  1897ms

 Test Files  1 passed (1)
      Tests  1 passed (1)
   Start at  02:06:35
   Duration  7.27s (transform 1.93s, setup 14ms, collect 2.92s, tests 1.90s, environment 0ms, prepare 48ms)

JSON report written to /private/tmp/viborm-g4-lane-tmp-2/viborm-raptor3-g0-Aks6j2/vitest.json
Vitest resources: 13.07s wall, 742.1 MiB peak sampled process-group RSS (sampled ceiling 1536 MiB). Teardown verified.
Raptor 3 g4-transport-seed-batch (subject candidate, qualifying) contract gate verified. Evidence: /private/tmp/viborm-g4-lane-tmp-2/viborm-raptor3-g0-Aks6j2

 RUN  v3.1.4 /private/tmp/viborm-g4-lane-2

 ✓ |raptor3| tests/raptor3/g4/generation/transport-campaign.test.ts (1 test) 1993ms
   ✓ executes one complete G4 transport read seed batch  1992ms

 Test Files  1 passed (1)
      Tests  1 passed (1)
   Start at  02:06:52
   Duration  7.50s (transform 1.93s, setup 10ms, collect 2.87s, tests 1.99s, environment 0ms, prepare 36ms)

JSON report written to /private/tmp/viborm-g4-lane-tmp-2/viborm-raptor3-g0-c4XS7u/vitest.json
Vitest resources: 13.17s wall, 698.1 MiB peak sampled process-group RSS (sampled ceiling 1536 MiB). Teardown verified.
Raptor 3 g4-transport-seed-batch (subject candidate, qualifying) contract gate verified. Evidence: /private/tmp/viborm-g4-lane-tmp-2/viborm-raptor3-g0-c4XS7u

 RUN  v3.1.4 /private/tmp/viborm-g4-lane-2

 ✓ |raptor3| tests/raptor3/g4/generation/transport-campaign.test.ts (1 test) 2020ms
   ✓ executes one complete G4 transport read seed batch  2020ms

 Test Files  1 passed (1)
      Tests  1 passed (1)
   Start at  02:07:08
   Duration  7.49s (transform 1.93s, setup 13ms, collect 2.88s, tests 2.02s, environment 0ms, prepare 41ms)

JSON report written to /private/tmp/viborm-g4-lane-tmp-2/viborm-raptor3-g0-0641Pa/vitest.json
Vitest resources: 12.83s wall, 740.6 MiB peak sampled process-group RSS (sampled ceiling 1536 MiB). Teardown verified.
Raptor 3 g4-transport-seed-batch (subject candidate, qualifying) contract gate verified. Evidence: /private/tmp/viborm-g4-lane-tmp-2/viborm-raptor3-g0-0641Pa

 RUN  v3.1.4 /private/tmp/viborm-g4-lane-2

 ✓ |raptor3| tests/raptor3/g4/generation/transport-campaign.test.ts (1 test) 1966ms
   ✓ executes one complete G4 transport read seed batch  1965ms

 Test Files  1 passed (1)
      Tests  1 passed (1)
   Start at  02:07:24
   Duration  6.77s (transform 1.82s, setup 12ms, collect 2.70s, tests 1.97s, environment 0ms, prepare 42ms)

JSON report written to /private/tmp/viborm-g4-lane-tmp-2/viborm-raptor3-g0-qGy1R0/vitest.json
Vitest resources: 13.15s wall, 737.3 MiB peak sampled process-group RSS (sampled ceiling 1536 MiB). Teardown verified.
Raptor 3 g4-transport-seed-batch (subject candidate, qualifying) contract gate verified. Evidence: /private/tmp/viborm-g4-lane-tmp-2/viborm-raptor3-g0-qGy1R0

 RUN  v3.1.4 /private/tmp/viborm-g4-lane-2

 ✓ |raptor3| tests/raptor3/g4/generation/transport-campaign.test.ts (1 test) 2290ms
   ✓ executes one complete G4 transport read seed batch  2290ms

 Test Files  1 passed (1)
      Tests  1 passed (1)
   Start at  02:07:41
   Duration  6.79s (transform 1.88s, setup 12ms, collect 2.82s, tests 2.29s, environment 0ms, prepare 42ms)

JSON report written to /private/tmp/viborm-g4-lane-tmp-2/viborm-raptor3-g0-QImgYi/vitest.json
Vitest resources: 13.08s wall, 716.6 MiB peak sampled process-group RSS (sampled ceiling 1536 MiB). Teardown verified.
Raptor 3 g4-transport-seed-batch (subject candidate, qualifying) contract gate verified. Evidence: /private/tmp/viborm-g4-lane-tmp-2/viborm-raptor3-g0-QImgYi

 RUN  v3.1.4 /private/tmp/viborm-g4-lane-2

 ✓ |raptor3| tests/raptor3/g4/generation/transport-campaign.test.ts (1 test) 1579ms
   ✓ executes one complete G4 transport read seed batch  1578ms

 Test Files  1 passed (1)
      Tests  1 passed (1)
   Start at  02:07:58
   Duration  5.53s (transform 1.54s, setup 12ms, collect 2.35s, tests 1.58s, environment 0ms, prepare 45ms)

JSON report written to /private/tmp/viborm-g4-lane-tmp-2/viborm-raptor3-g0-3XmwTB/vitest.json
Vitest resources: 12.44s wall, 751.8 MiB peak sampled process-group RSS (sampled ceiling 1536 MiB). Teardown verified.
Raptor 3 g4-transport-seed-batch (subject candidate, qualifying) contract gate verified. Evidence: /private/tmp/viborm-g4-lane-tmp-2/viborm-raptor3-g0-3XmwTB

 RUN  v3.1.4 /private/tmp/viborm-g4-lane-2

 ✓ |raptor3| tests/raptor3/g4/generation/transport-campaign.test.ts (1 test) 1818ms
   ✓ executes one complete G4 transport read seed batch  1818ms

 Test Files  1 passed (1)
      Tests  1 passed (1)
   Start at  02:08:14
   Duration  7.22s (transform 1.82s, setup 11ms, collect 2.68s, tests 1.82s, environment 0ms, prepare 42ms)

JSON report written to /private/tmp/viborm-g4-lane-tmp-2/viborm-raptor3-g0-K5tSro/vitest.json
Vitest resources: 13.73s wall, 748.2 MiB peak sampled process-group RSS (sampled ceiling 1536 MiB). Teardown verified.
Raptor 3 g4-transport-seed-batch (subject candidate, qualifying) contract gate verified. Evidence: /private/tmp/viborm-g4-lane-tmp-2/viborm-raptor3-g0-K5tSro

 RUN  v3.1.4 /private/tmp/viborm-g4-lane-2

 ✓ |raptor3| tests/raptor3/g4/generation/transport-campaign.test.ts (1 test) 1847ms
   ✓ executes one complete G4 transport read seed batch  1847ms

 Test Files  1 passed (1)
      Tests  1 passed (1)
   Start at  02:08:31
   Duration  7.55s (transform 1.82s, setup 12ms, collect 2.68s, tests 1.85s, environment 0ms, prepare 44ms)

JSON report written to /private/tmp/viborm-g4-lane-tmp-2/viborm-raptor3-g0-DwHoCQ/vitest.json
Vitest resources: 14.08s wall, 751.1 MiB peak sampled process-group RSS (sampled ceiling 1536 MiB). Teardown verified.
Raptor 3 g4-transport-seed-batch (subject candidate, qualifying) contract gate verified. Evidence: /private/tmp/viborm-g4-lane-tmp-2/viborm-raptor3-g0-DwHoCQ

 RUN  v3.1.4 /private/tmp/viborm-g4-lane-2

 ✓ |raptor3| tests/raptor3/g4/generation/transport-campaign.test.ts (1 test) 2036ms
   ✓ executes one complete G4 transport read seed batch  2035ms

 Test Files  1 passed (1)
      Tests  1 passed (1)
   Start at  02:08:48
   Duration  7.44s (transform 1.81s, setup 12ms, collect 2.67s, tests 2.04s, environment 0ms, prepare 48ms)

JSON report written to /private/tmp/viborm-g4-lane-tmp-2/viborm-raptor3-g0-XkPO8y/vitest.json
Vitest resources: 13.98s wall, 695.7 MiB peak sampled process-group RSS (sampled ceiling 1536 MiB). Teardown verified.
Raptor 3 g4-transport-seed-batch (subject candidate, qualifying) contract gate verified. Evidence: /private/tmp/viborm-g4-lane-tmp-2/viborm-raptor3-g0-XkPO8y

 RUN  v3.1.4 /private/tmp/viborm-g4-lane-2

 ✓ |raptor3| tests/raptor3/g4/generation/transport-campaign.test.ts (1 test) 1926ms
   ✓ executes one complete G4 transport read seed batch  1925ms

 Test Files  1 passed (1)
      Tests  1 passed (1)
   Start at  02:09:05
   Duration  7.29s (transform 1.91s, setup 11ms, collect 2.81s, tests 1.93s, environment 0ms, prepare 45ms)

JSON report written to /private/tmp/viborm-g4-lane-tmp-2/viborm-raptor3-g0-ouKAx6/vitest.json
Vitest resources: 13.46s wall, 756.0 MiB peak sampled process-group RSS (sampled ceiling 1536 MiB). Teardown verified.
Raptor 3 g4-transport-seed-batch (subject candidate, qualifying) contract gate verified. Evidence: /private/tmp/viborm-g4-lane-tmp-2/viborm-raptor3-g0-ouKAx6

 RUN  v3.1.4 /private/tmp/viborm-g4-lane-2

 ✓ |raptor3| tests/raptor3/g4/generation/transport-campaign.test.ts (1 test) 1670ms
   ✓ executes one complete G4 transport read seed batch  1670ms

 Test Files  1 passed (1)
      Tests  1 passed (1)
   Start at  02:09:22
   Duration  7.53s (transform 2.01s, setup 11ms, collect 3.02s, tests 1.67s, environment 0ms, prepare 44ms)

JSON report written to /private/tmp/viborm-g4-lane-tmp-2/viborm-raptor3-g0-c9FNqP/vitest.json
Vitest resources: 13.57s wall, 705.6 MiB peak sampled process-group RSS (sampled ceiling 1536 MiB). Teardown verified.
Raptor 3 g4-transport-seed-batch (subject candidate, qualifying) contract gate verified. Evidence: /private/tmp/viborm-g4-lane-tmp-2/viborm-raptor3-g0-c9FNqP

 RUN  v3.1.4 /private/tmp/viborm-g4-lane-2

 ✓ |raptor3| tests/raptor3/g4/generation/transport-campaign.test.ts (1 test) 2443ms
   ✓ executes one complete G4 transport read seed batch  2442ms

 Test Files  1 passed (1)
      Tests  1 passed (1)
   Start at  02:09:39
   Duration  8.73s (transform 2.09s, setup 11ms, collect 4.03s, tests 2.44s, environment 0ms, prepare 53ms)

JSON report written to /private/tmp/viborm-g4-lane-tmp-2/viborm-raptor3-g0-rBFujw/vitest.json
Vitest resources: 15.44s wall, 708.2 MiB peak sampled process-group RSS (sampled ceiling 1536 MiB). Teardown verified.
Raptor 3 g4-transport-seed-batch (subject candidate, qualifying) contract gate verified. Evidence: /private/tmp/viborm-g4-lane-tmp-2/viborm-raptor3-g0-rBFujw

 RUN  v3.1.4 /private/tmp/viborm-g4-lane-2

 ✓ |raptor3| tests/raptor3/g4/generation/transport-campaign.test.ts (1 test) 2049ms
   ✓ executes one complete G4 transport read seed batch  2048ms

 Test Files  1 passed (1)
      Tests  1 passed (1)
   Start at  02:09:55
   Duration  7.11s (transform 1.54s, setup 11ms, collect 2.29s, tests 2.05s, environment 0ms, prepare 50ms)

JSON report written to /private/tmp/viborm-g4-lane-tmp-2/viborm-raptor3-g0-CaPOEf/vitest.json
Vitest resources: 12.24s wall, 751.0 MiB peak sampled process-group RSS (sampled ceiling 1536 MiB). Teardown verified.
Raptor 3 g4-transport-seed-batch (subject candidate, qualifying) contract gate verified. Evidence: /private/tmp/viborm-g4-lane-tmp-2/viborm-raptor3-g0-CaPOEf

 RUN  v3.1.4 /private/tmp/viborm-g4-lane-2

 ✓ |raptor3| tests/raptor3/g4/generation/transport-campaign.test.ts (1 test) 2247ms
   ✓ executes one complete G4 transport read seed batch  2246ms

 Test Files  1 passed (1)
      Tests  1 passed (1)
   Start at  02:10:12
   Duration  7.81s (transform 2.31s, setup 12ms, collect 3.43s, tests 2.25s, environment 0ms, prepare 45ms)

JSON report written to /private/tmp/viborm-g4-lane-tmp-2/viborm-raptor3-g0-Oejouu/vitest.json
Vitest resources: 14.31s wall, 675.9 MiB peak sampled process-group RSS (sampled ceiling 1536 MiB). Teardown verified.
Raptor 3 g4-transport-seed-batch (subject candidate, qualifying) contract gate verified. Evidence: /private/tmp/viborm-g4-lane-tmp-2/viborm-raptor3-g0-Oejouu

 RUN  v3.1.4 /private/tmp/viborm-g4-lane-2

 ✓ |raptor3| tests/raptor3/g4/generation/transport-campaign.test.ts (1 test) 2071ms
   ✓ executes one complete G4 transport read seed batch  2070ms

 Test Files  1 passed (1)
      Tests  1 passed (1)
   Start at  02:10:28
   Duration  6.47s (transform 1.45s, setup 11ms, collect 2.13s, tests 2.07s, environment 0ms, prepare 41ms)

JSON report written to /private/tmp/viborm-g4-lane-tmp-2/viborm-raptor3-g0-VvR02d/vitest.json
Vitest resources: 12.23s wall, 745.7 MiB peak sampled process-group RSS (sampled ceiling 1536 MiB). Teardown verified.
Raptor 3 g4-transport-seed-batch (subject candidate, qualifying) contract gate verified. Evidence: /private/tmp/viborm-g4-lane-tmp-2/viborm-raptor3-g0-VvR02d

 RUN  v3.1.4 /private/tmp/viborm-g4-lane-2

 ✓ |raptor3| tests/raptor3/g4/generation/transport-campaign.test.ts (1 test) 2471ms
   ✓ executes one complete G4 transport read seed batch  2470ms

 Test Files  1 passed (1)
      Tests  1 passed (1)
   Start at  02:10:44
   Duration  6.89s (transform 1.50s, setup 10ms, collect 2.27s, tests 2.47s, environment 0ms, prepare 38ms)

JSON report written to /private/tmp/viborm-g4-lane-tmp-2/viborm-raptor3-g0-FeFVHf/vitest.json
Vitest resources: 13.05s wall, 724.9 MiB peak sampled process-group RSS (sampled ceiling 1536 MiB). Teardown verified.
Raptor 3 g4-transport-seed-batch (subject candidate, qualifying) contract gate verified. Evidence: /private/tmp/viborm-g4-lane-tmp-2/viborm-raptor3-g0-FeFVHf

 RUN  v3.1.4 /private/tmp/viborm-g4-lane-2

 ✓ |raptor3| tests/raptor3/g4/generation/transport-campaign.test.ts (1 test) 1731ms
   ✓ executes one complete G4 transport read seed batch  1730ms

 Test Files  1 passed (1)
      Tests  1 passed (1)
   Start at  02:11:01
   Duration  5.83s (transform 1.57s, setup 9ms, collect 2.38s, tests 1.73s, environment 0ms, prepare 39ms)

JSON report written to /private/tmp/viborm-g4-lane-tmp-2/viborm-raptor3-g0-8H27WJ/vitest.json
Vitest resources: 12.65s wall, 738.3 MiB peak sampled process-group RSS (sampled ceiling 1536 MiB). Teardown verified.
Raptor 3 g4-transport-seed-batch (subject candidate, qualifying) contract gate verified. Evidence: /private/tmp/viborm-g4-lane-tmp-2/viborm-raptor3-g0-8H27WJ

 RUN  v3.1.4 /private/tmp/viborm-g4-lane-2

 ✓ |raptor3| tests/raptor3/g4/generation/transport-campaign.test.ts (1 test) 2281ms
   ✓ executes one complete G4 transport read seed batch  2281ms

 Test Files  1 passed (1)
      Tests  1 passed (1)
   Start at  02:11:17
   Duration  6.79s (transform 1.64s, setup 11ms, collect 2.44s, tests 2.28s, environment 0ms, prepare 45ms)

JSON report written to /private/tmp/viborm-g4-lane-tmp-2/viborm-raptor3-g0-zuqS0Q/vitest.json
Vitest resources: 14.34s wall, 724.7 MiB peak sampled process-group RSS (sampled ceiling 1536 MiB). Teardown verified.
Raptor 3 g4-transport-seed-batch (subject candidate, qualifying) contract gate verified. Evidence: /private/tmp/viborm-g4-lane-tmp-2/viborm-raptor3-g0-zuqS0Q

 RUN  v3.1.4 /private/tmp/viborm-g4-lane-2

 ✓ |raptor3| tests/raptor3/g4/generation/transport-campaign.test.ts (1 test) 2315ms
   ✓ executes one complete G4 transport read seed batch  2314ms

 Test Files  1 passed (1)
      Tests  1 passed (1)
   Start at  02:11:33
   Duration  7.44s (transform 1.82s, setup 11ms, collect 2.72s, tests 2.31s, environment 0ms, prepare 44ms)

JSON report written to /private/tmp/viborm-g4-lane-tmp-2/viborm-raptor3-g0-26dwKz/vitest.json
Vitest resources: 13.67s wall, 685.5 MiB peak sampled process-group RSS (sampled ceiling 1536 MiB). Teardown verified.
Raptor 3 g4-transport-seed-batch (subject candidate, qualifying) contract gate verified. Evidence: /private/tmp/viborm-g4-lane-tmp-2/viborm-raptor3-g0-26dwKz

 RUN  v3.1.4 /private/tmp/viborm-g4-lane-2

 ✓ |raptor3| tests/raptor3/g4/generation/transport-campaign.test.ts (1 test) 2059ms
   ✓ executes one complete G4 transport read seed batch  2058ms

 Test Files  1 passed (1)
      Tests  1 passed (1)
   Start at  02:11:51
   Duration  6.76s (transform 1.53s, setup 9ms, collect 2.48s, tests 2.06s, environment 0ms, prepare 36ms)

JSON report written to /private/tmp/viborm-g4-lane-tmp-2/viborm-raptor3-g0-6wn7PR/vitest.json
Vitest resources: 14.50s wall, 740.8 MiB peak sampled process-group RSS (sampled ceiling 1536 MiB). Teardown verified.
Raptor 3 g4-transport-seed-batch (subject candidate, qualifying) contract gate verified. Evidence: /private/tmp/viborm-g4-lane-tmp-2/viborm-raptor3-g0-6wn7PR

 RUN  v3.1.4 /private/tmp/viborm-g4-lane-2

 ✓ |raptor3| tests/raptor3/g4/generation/transport-campaign.test.ts (1 test) 1746ms
   ✓ executes one complete G4 transport read seed batch  1745ms

 Test Files  1 passed (1)
      Tests  1 passed (1)
   Start at  02:12:07
   Duration  7.76s (transform 2.13s, setup 12ms, collect 3.37s, tests 1.75s, environment 0ms, prepare 42ms)

JSON report written to /private/tmp/viborm-g4-lane-tmp-2/viborm-raptor3-g0-44UY7F/vitest.json
Vitest resources: 13.56s wall, 743.1 MiB peak sampled process-group RSS (sampled ceiling 1536 MiB). Teardown verified.
Raptor 3 g4-transport-seed-batch (subject candidate, qualifying) contract gate verified. Evidence: /private/tmp/viborm-g4-lane-tmp-2/viborm-raptor3-g0-44UY7F

 RUN  v3.1.4 /private/tmp/viborm-g4-lane-2

 ✓ |raptor3| tests/raptor3/g4/generation/transport-campaign.test.ts (1 test) 2008ms
   ✓ executes one complete G4 transport read seed batch  2007ms

 Test Files  1 passed (1)
      Tests  1 passed (1)
   Start at  02:12:25
   Duration  7.98s (transform 2.24s, setup 10ms, collect 3.39s, tests 2.01s, environment 0ms, prepare 47ms)

JSON report written to /private/tmp/viborm-g4-lane-tmp-2/viborm-raptor3-g0-bN1I9v/vitest.json
Vitest resources: 14.43s wall, 725.7 MiB peak sampled process-group RSS (sampled ceiling 1536 MiB). Teardown verified.
Raptor 3 g4-transport-seed-batch (subject candidate, qualifying) contract gate verified. Evidence: /private/tmp/viborm-g4-lane-tmp-2/viborm-raptor3-g0-bN1I9v

 RUN  v3.1.4 /private/tmp/viborm-g4-lane-2

 ✓ |raptor3| tests/raptor3/g4/generation/transport-campaign.test.ts (1 test) 2253ms
   ✓ executes one complete G4 transport read seed batch  2252ms

 Test Files  1 passed (1)
      Tests  1 passed (1)
   Start at  02:12:40
   Duration  7.41s (transform 1.84s, setup 13ms, collect 2.76s, tests 2.25s, environment 0ms, prepare 39ms)

JSON report written to /private/tmp/viborm-g4-lane-tmp-2/viborm-raptor3-g0-7Ih358/vitest.json
Vitest resources: 13.08s wall, 712.2 MiB peak sampled process-group RSS (sampled ceiling 1536 MiB). Teardown verified.
Raptor 3 g4-transport-seed-batch (subject candidate, qualifying) contract gate verified. Evidence: /private/tmp/viborm-g4-lane-tmp-2/viborm-raptor3-g0-7Ih358

 RUN  v3.1.4 /private/tmp/viborm-g4-lane-2

 ✓ |raptor3| tests/raptor3/g4/generation/transport-campaign.test.ts (1 test) 1763ms
   ✓ executes one complete G4 transport read seed batch  1762ms

 Test Files  1 passed (1)
      Tests  1 passed (1)
   Start at  02:12:56
   Duration  6.42s (transform 1.59s, setup 10ms, collect 2.37s, tests 1.76s, environment 0ms, prepare 40ms)

JSON report written to /private/tmp/viborm-g4-lane-tmp-2/viborm-raptor3-g0-LZJDsr/vitest.json
Vitest resources: 12.01s wall, 739.8 MiB peak sampled process-group RSS (sampled ceiling 1536 MiB). Teardown verified.
Raptor 3 g4-transport-seed-batch (subject candidate, qualifying) contract gate verified. Evidence: /private/tmp/viborm-g4-lane-tmp-2/viborm-raptor3-g0-LZJDsr

 RUN  v3.1.4 /private/tmp/viborm-g4-lane-2

 ✓ |raptor3| tests/raptor3/g4/generation/transport-campaign.test.ts (1 test) 1797ms
   ✓ executes one complete G4 transport read seed batch  1797ms

 Test Files  1 passed (1)
      Tests  1 passed (1)
   Start at  02:13:13
   Duration  6.32s (transform 1.71s, setup 13ms, collect 2.55s, tests 1.80s, environment 0ms, prepare 34ms)

JSON report written to /private/tmp/viborm-g4-lane-tmp-2/viborm-raptor3-g0-gtecfo/vitest.json
Vitest resources: 13.16s wall, 743.4 MiB peak sampled process-group RSS (sampled ceiling 1536 MiB). Teardown verified.
Raptor 3 g4-transport-seed-batch (subject candidate, qualifying) contract gate verified. Evidence: /private/tmp/viborm-g4-lane-tmp-2/viborm-raptor3-g0-gtecfo

 RUN  v3.1.4 /private/tmp/viborm-g4-lane-2

 ✓ |raptor3| tests/raptor3/g4/generation/transport-campaign.test.ts (1 test) 1661ms
   ✓ executes one complete G4 transport read seed batch  1661ms

 Test Files  1 passed (1)
      Tests  1 passed (1)
   Start at  02:13:30
   Duration  6.14s (transform 1.63s, setup 11ms, collect 2.47s, tests 1.66s, environment 0ms, prepare 46ms)

JSON report written to /private/tmp/viborm-g4-lane-tmp-2/viborm-raptor3-g0-XQnGpj/vitest.json
Vitest resources: 12.39s wall, 741.3 MiB peak sampled process-group RSS (sampled ceiling 1536 MiB). Teardown verified.
Raptor 3 g4-transport-seed-batch (subject candidate, qualifying) contract gate verified. Evidence: /private/tmp/viborm-g4-lane-tmp-2/viborm-raptor3-g0-XQnGpj

 RUN  v3.1.4 /private/tmp/viborm-g4-lane-2

 ✓ |raptor3| tests/raptor3/g4/generation/transport-campaign.test.ts (1 test) 1725ms
   ✓ executes one complete G4 transport read seed batch  1724ms

 Test Files  1 passed (1)
      Tests  1 passed (1)
   Start at  02:13:47
   Duration  5.77s (transform 1.60s, setup 14ms, collect 2.37s, tests 1.72s, environment 0ms, prepare 40ms)

JSON report written to /private/tmp/viborm-g4-lane-tmp-2/viborm-raptor3-g0-8ZeK0r/vitest.json
Vitest resources: 13.02s wall, 747.6 MiB peak sampled process-group RSS (sampled ceiling 1536 MiB). Teardown verified.
Raptor 3 g4-transport-seed-batch (subject candidate, qualifying) contract gate verified. Evidence: /private/tmp/viborm-g4-lane-tmp-2/viborm-raptor3-g0-8ZeK0r

 RUN  v3.1.4 /private/tmp/viborm-g4-lane-2

 ✓ |raptor3| tests/raptor3/g4/generation/transport-campaign.test.ts (1 test) 1707ms
   ✓ executes one complete G4 transport read seed batch  1706ms

 Test Files  1 passed (1)
      Tests  1 passed (1)
   Start at  02:14:02
   Duration  6.89s (transform 1.68s, setup 11ms, collect 2.53s, tests 1.71s, environment 0ms, prepare 45ms)

JSON report written to /private/tmp/viborm-g4-lane-tmp-2/viborm-raptor3-g0-dp6imI/vitest.json
Vitest resources: 13.14s wall, 729.9 MiB peak sampled process-group RSS (sampled ceiling 1536 MiB). Teardown verified.
Raptor 3 g4-transport-seed-batch (subject candidate, qualifying) contract gate verified. Evidence: /private/tmp/viborm-g4-lane-tmp-2/viborm-raptor3-g0-dp6imI

 RUN  v3.1.4 /private/tmp/viborm-g4-lane-2

 ✓ |raptor3| tests/raptor3/g4/generation/transport-campaign.test.ts (1 test) 1953ms
   ✓ executes one complete G4 transport read seed batch  1953ms

 Test Files  1 passed (1)
      Tests  1 passed (1)
   Start at  02:14:18
   Duration  7.57s (transform 1.95s, setup 10ms, collect 2.94s, tests 1.95s, environment 0ms, prepare 52ms)

JSON report written to /private/tmp/viborm-g4-lane-tmp-2/viborm-raptor3-g0-MApwEu/vitest.json
Vitest resources: 14.24s wall, 707.2 MiB peak sampled process-group RSS (sampled ceiling 1536 MiB). Teardown verified.
Raptor 3 g4-transport-seed-batch (subject candidate, qualifying) contract gate verified. Evidence: /private/tmp/viborm-g4-lane-tmp-2/viborm-raptor3-g0-MApwEu

 RUN  v3.1.4 /private/tmp/viborm-g4-lane-2

 ✓ |raptor3| tests/raptor3/g4/generation/transport-campaign.test.ts (1 test) 1941ms
   ✓ executes one complete G4 transport read seed batch  1941ms

 Test Files  1 passed (1)
      Tests  1 passed (1)
   Start at  02:14:35
   Duration  7.23s (transform 1.82s, setup 11ms, collect 2.76s, tests 1.94s, environment 0ms, prepare 46ms)

JSON report written to /private/tmp/viborm-g4-lane-tmp-2/viborm-raptor3-g0-oRA1eF/vitest.json
Vitest resources: 13.23s wall, 667.6 MiB peak sampled process-group RSS (sampled ceiling 1536 MiB). Teardown verified.
Raptor 3 g4-transport-seed-batch (subject candidate, qualifying) contract gate verified. Evidence: /private/tmp/viborm-g4-lane-tmp-2/viborm-raptor3-g0-oRA1eF

 RUN  v3.1.4 /private/tmp/viborm-g4-lane-2

 ✓ |raptor3| tests/raptor3/g4/generation/transport-campaign.test.ts (1 test) 1881ms
   ✓ executes one complete G4 transport read seed batch  1881ms

 Test Files  1 passed (1)
      Tests  1 passed (1)
   Start at  02:14:51
   Duration  7.26s (transform 1.73s, setup 12ms, collect 2.54s, tests 1.88s, environment 0ms, prepare 50ms)

JSON report written to /private/tmp/viborm-g4-lane-tmp-2/viborm-raptor3-g0-33XyNY/vitest.json
Vitest resources: 13.25s wall, 738.0 MiB peak sampled process-group RSS (sampled ceiling 1536 MiB). Teardown verified.
Raptor 3 g4-transport-seed-batch (subject candidate, qualifying) contract gate verified. Evidence: /private/tmp/viborm-g4-lane-tmp-2/viborm-raptor3-g0-33XyNY

 RUN  v3.1.4 /private/tmp/viborm-g4-lane-2

 ✓ |raptor3| tests/raptor3/g4/generation/transport-campaign.test.ts (1 test) 1768ms
   ✓ executes one complete G4 transport read seed batch  1767ms

 Test Files  1 passed (1)
      Tests  1 passed (1)
   Start at  02:15:08
   Duration  6.54s (transform 1.89s, setup 10ms, collect 2.81s, tests 1.77s, environment 0ms, prepare 40ms)

JSON report written to /private/tmp/viborm-g4-lane-tmp-2/viborm-raptor3-g0-gVS3WU/vitest.json
Vitest resources: 12.29s wall, 754.0 MiB peak sampled process-group RSS (sampled ceiling 1536 MiB). Teardown verified.
Raptor 3 g4-transport-seed-batch (subject candidate, qualifying) contract gate verified. Evidence: /private/tmp/viborm-g4-lane-tmp-2/viborm-raptor3-g0-gVS3WU

 RUN  v3.1.4 /private/tmp/viborm-g4-lane-2

 ✓ |raptor3| tests/raptor3/g4/generation/transport-campaign.test.ts (1 test) 2163ms
   ✓ executes one complete G4 transport read seed batch  2162ms

 Test Files  1 passed (1)
      Tests  1 passed (1)
   Start at  02:15:24
   Duration  7.69s (transform 1.88s, setup 12ms, collect 2.77s, tests 2.16s, environment 0ms, prepare 39ms)

JSON report written to /private/tmp/viborm-g4-lane-tmp-2/viborm-raptor3-g0-8VHr35/vitest.json
Vitest resources: 14.09s wall, 742.8 MiB peak sampled process-group RSS (sampled ceiling 1536 MiB). Teardown verified.
Raptor 3 g4-transport-seed-batch (subject candidate, qualifying) contract gate verified. Evidence: /private/tmp/viborm-g4-lane-tmp-2/viborm-raptor3-g0-8VHr35

 RUN  v3.1.4 /private/tmp/viborm-g4-lane-2

 ✓ |raptor3| tests/raptor3/g4/generation/transport-campaign.test.ts (1 test) 2034ms
   ✓ executes one complete G4 transport read seed batch  2033ms

 Test Files  1 passed (1)
      Tests  1 passed (1)
   Start at  02:15:39
   Duration  8.23s (transform 2.23s, setup 24ms, collect 3.33s, tests 2.03s, environment 0ms, prepare 60ms)

JSON report written to /private/tmp/viborm-g4-lane-tmp-2/viborm-raptor3-g0-CbNOWs/vitest.json
Vitest resources: 13.75s wall, 673.7 MiB peak sampled process-group RSS (sampled ceiling 1536 MiB). Teardown verified.
Raptor 3 g4-transport-seed-batch (subject candidate, qualifying) contract gate verified. Evidence: /private/tmp/viborm-g4-lane-tmp-2/viborm-raptor3-g0-CbNOWs

 RUN  v3.1.4 /private/tmp/viborm-g4-lane-2

 ✓ |raptor3| tests/raptor3/g4/generation/transport-campaign.test.ts (1 test) 2091ms
   ✓ executes one complete G4 transport read seed batch  2090ms

 Test Files  1 passed (1)
      Tests  1 passed (1)
   Start at  02:15:55
   Duration  6.80s (transform 1.51s, setup 9ms, collect 2.26s, tests 2.09s, environment 0ms, prepare 34ms)

JSON report written to /private/tmp/viborm-g4-lane-tmp-2/viborm-raptor3-g0-FzNdIC/vitest.json
Vitest resources: 12.20s wall, 732.7 MiB peak sampled process-group RSS (sampled ceiling 1536 MiB). Teardown verified.
Raptor 3 g4-transport-seed-batch (subject candidate, qualifying) contract gate verified. Evidence: /private/tmp/viborm-g4-lane-tmp-2/viborm-raptor3-g0-FzNdIC

 RUN  v3.1.4 /private/tmp/viborm-g4-lane-2

 ✓ |raptor3| tests/raptor3/g4/generation/transport-campaign.test.ts (1 test) 2831ms
   ✓ executes one complete G4 transport read seed batch  2831ms

 Test Files  1 passed (1)
      Tests  1 passed (1)
   Start at  02:16:11
   Duration  7.60s (transform 1.75s, setup 9ms, collect 2.85s, tests 2.83s, environment 0ms, prepare 30ms)

JSON report written to /private/tmp/viborm-g4-lane-tmp-2/viborm-raptor3-g0-VDYQ5r/vitest.json
Vitest resources: 13.44s wall, 758.3 MiB peak sampled process-group RSS (sampled ceiling 1536 MiB). Teardown verified.
Raptor 3 g4-transport-seed-batch (subject candidate, qualifying) contract gate verified. Evidence: /private/tmp/viborm-g4-lane-tmp-2/viborm-raptor3-g0-VDYQ5r

 RUN  v3.1.4 /private/tmp/viborm-g4-lane-2

 ✓ |raptor3| tests/raptor3/g4/generation/transport-campaign.test.ts (1 test) 2103ms
   ✓ executes one complete G4 transport read seed batch  2102ms

 Test Files  1 passed (1)
      Tests  1 passed (1)
   Start at  02:16:31
   Duration  6.34s (transform 1.76s, setup 12ms, collect 2.83s, tests 2.10s, environment 0ms, prepare 46ms)

JSON report written to /private/tmp/viborm-g4-lane-tmp-2/viborm-raptor3-g0-HsyCs2/vitest.json
Vitest resources: 15.10s wall, 718.5 MiB peak sampled process-group RSS (sampled ceiling 1536 MiB). Teardown verified.
Raptor 3 g4-transport-seed-batch (subject candidate, qualifying) contract gate verified. Evidence: /private/tmp/viborm-g4-lane-tmp-2/viborm-raptor3-g0-HsyCs2

 RUN  v3.1.4 /private/tmp/viborm-g4-lane-2

 ✓ |raptor3| tests/raptor3/g4/generation/transport-campaign.test.ts (1 test) 2033ms
   ✓ executes one complete G4 transport read seed batch  2032ms

 Test Files  1 passed (1)
      Tests  1 passed (1)
   Start at  02:16:48
   Duration  6.82s (transform 1.59s, setup 14ms, collect 2.37s, tests 2.03s, environment 0ms, prepare 47ms)

JSON report written to /private/tmp/viborm-g4-lane-tmp-2/viborm-raptor3-g0-4fGPtL/vitest.json
Vitest resources: 13.81s wall, 744.8 MiB peak sampled process-group RSS (sampled ceiling 1536 MiB). Teardown verified.
Raptor 3 g4-transport-seed-batch (subject candidate, qualifying) contract gate verified. Evidence: /private/tmp/viborm-g4-lane-tmp-2/viborm-raptor3-g0-4fGPtL

 RUN  v3.1.4 /private/tmp/viborm-g4-lane-2

 ✓ |raptor3| tests/raptor3/g4/generation/transport-campaign.test.ts (1 test) 2154ms
   ✓ executes one complete G4 transport read seed batch  2153ms

 Test Files  1 passed (1)
      Tests  1 passed (1)
   Start at  02:17:05
   Duration  6.83s (transform 1.83s, setup 11ms, collect 2.82s, tests 2.15s, environment 0ms, prepare 42ms)

JSON report written to /private/tmp/viborm-g4-lane-tmp-2/viborm-raptor3-g0-kfwFlO/vitest.json
Vitest resources: 13.48s wall, 672.7 MiB peak sampled process-group RSS (sampled ceiling 1536 MiB). Teardown verified.
Raptor 3 g4-transport-seed-batch (subject candidate, qualifying) contract gate verified. Evidence: /private/tmp/viborm-g4-lane-tmp-2/viborm-raptor3-g0-kfwFlO

 RUN  v3.1.4 /private/tmp/viborm-g4-lane-2

 ✓ |raptor3| tests/raptor3/g4/generation/transport-campaign.test.ts (1 test) 2090ms
   ✓ executes one complete G4 transport read seed batch  2089ms

 Test Files  1 passed (1)
      Tests  1 passed (1)
   Start at  02:17:21
   Duration  6.71s (transform 1.65s, setup 10ms, collect 2.46s, tests 2.09s, environment 0ms, prepare 43ms)

JSON report written to /private/tmp/viborm-g4-lane-tmp-2/viborm-raptor3-g0-EpfOgp/vitest.json
Vitest resources: 12.88s wall, 671.8 MiB peak sampled process-group RSS (sampled ceiling 1536 MiB). Teardown verified.
Raptor 3 g4-transport-seed-batch (subject candidate, qualifying) contract gate verified. Evidence: /private/tmp/viborm-g4-lane-tmp-2/viborm-raptor3-g0-EpfOgp

 RUN  v3.1.4 /private/tmp/viborm-g4-lane-2

 ✓ |raptor3| tests/raptor3/g4/generation/transport-campaign.test.ts (1 test) 2246ms
   ✓ executes one complete G4 transport read seed batch  2245ms

 Test Files  1 passed (1)
      Tests  1 passed (1)
   Start at  02:17:37
   Duration  7.43s (transform 1.64s, setup 10ms, collect 2.44s, tests 2.25s, environment 0ms, prepare 41ms)

JSON report written to /private/tmp/viborm-g4-lane-tmp-2/viborm-raptor3-g0-DAOfFp/vitest.json
Vitest resources: 13.75s wall, 728.7 MiB peak sampled process-group RSS (sampled ceiling 1536 MiB). Teardown verified.
Raptor 3 g4-transport-seed-batch (subject candidate, qualifying) contract gate verified. Evidence: /private/tmp/viborm-g4-lane-tmp-2/viborm-raptor3-g0-DAOfFp

 RUN  v3.1.4 /private/tmp/viborm-g4-lane-2

 ✓ |raptor3| tests/raptor3/g4/generation/transport-campaign.test.ts (1 test) 2250ms
   ✓ executes one complete G4 transport read seed batch  2250ms

 Test Files  1 passed (1)
      Tests  1 passed (1)
   Start at  02:17:55
   Duration  7.62s (transform 1.90s, setup 17ms, collect 3.36s, tests 2.25s, environment 0ms, prepare 41ms)

JSON report written to /private/tmp/viborm-g4-lane-tmp-2/viborm-raptor3-g0-BCMC8f/vitest.json
Vitest resources: 14.62s wall, 653.7 MiB peak sampled process-group RSS (sampled ceiling 1536 MiB). Teardown verified.
Raptor 3 g4-transport-seed-batch (subject candidate, qualifying) contract gate verified. Evidence: /private/tmp/viborm-g4-lane-tmp-2/viborm-raptor3-g0-BCMC8f

 RUN  v3.1.4 /private/tmp/viborm-g4-lane-2

 ✓ |raptor3| tests/raptor3/g4/generation/transport-campaign.test.ts (1 test) 2121ms
   ✓ executes one complete G4 transport read seed batch  2120ms

 Test Files  1 passed (1)
      Tests  1 passed (1)
   Start at  02:18:11
   Duration  7.26s (transform 1.74s, setup 10ms, collect 2.57s, tests 2.12s, environment 0ms, prepare 40ms)

JSON report written to /private/tmp/viborm-g4-lane-tmp-2/viborm-raptor3-g0-ZurVjW/vitest.json
Vitest resources: 14.14s wall, 747.0 MiB peak sampled process-group RSS (sampled ceiling 1536 MiB). Teardown verified.
Raptor 3 g4-transport-seed-batch (subject candidate, qualifying) contract gate verified. Evidence: /private/tmp/viborm-g4-lane-tmp-2/viborm-raptor3-g0-ZurVjW

 RUN  v3.1.4 /private/tmp/viborm-g4-lane-2

 ✓ |raptor3| tests/raptor3/g4/generation/transport-campaign.test.ts (1 test) 2048ms
   ✓ executes one complete G4 transport read seed batch  2047ms

 Test Files  1 passed (1)
      Tests  1 passed (1)
   Start at  02:18:27
   Duration  6.57s (transform 1.76s, setup 10ms, collect 2.67s, tests 2.05s, environment 0ms, prepare 41ms)

JSON report written to /private/tmp/viborm-g4-lane-tmp-2/viborm-raptor3-g0-u58CJU/vitest.json
Vitest resources: 12.19s wall, 674.5 MiB peak sampled process-group RSS (sampled ceiling 1536 MiB). Teardown verified.
Raptor 3 g4-transport-seed-batch (subject candidate, qualifying) contract gate verified. Evidence: /private/tmp/viborm-g4-lane-tmp-2/viborm-raptor3-g0-u58CJU

 RUN  v3.1.4 /private/tmp/viborm-g4-lane-2

 ✓ |raptor3| tests/raptor3/g4/generation/transport-campaign.test.ts (1 test) 1932ms
   ✓ executes one complete G4 transport read seed batch  1931ms

 Test Files  1 passed (1)
      Tests  1 passed (1)
   Start at  02:18:43
   Duration  6.54s (transform 1.44s, setup 11ms, collect 2.15s, tests 1.93s, environment 0ms, prepare 41ms)

JSON report written to /private/tmp/viborm-g4-lane-tmp-2/viborm-raptor3-g0-n9CeNR/vitest.json
Vitest resources: 13.06s wall, 763.5 MiB peak sampled process-group RSS (sampled ceiling 1536 MiB). Teardown verified.
Raptor 3 g4-transport-seed-batch (subject candidate, qualifying) contract gate verified. Evidence: /private/tmp/viborm-g4-lane-tmp-2/viborm-raptor3-g0-n9CeNR

 RUN  v3.1.4 /private/tmp/viborm-g4-lane-2

 ✓ |raptor3| tests/raptor3/g4/generation/transport-campaign.test.ts (1 test) 1918ms
   ✓ executes one complete G4 transport read seed batch  1917ms

 Test Files  1 passed (1)
      Tests  1 passed (1)
   Start at  02:18:59
   Duration  6.33s (transform 1.56s, setup 9ms, collect 2.36s, tests 1.92s, environment 0ms, prepare 40ms)

JSON report written to /private/tmp/viborm-g4-lane-tmp-2/viborm-raptor3-g0-tG4RIb/vitest.json
Vitest resources: 12.26s wall, 732.8 MiB peak sampled process-group RSS (sampled ceiling 1536 MiB). Teardown verified.
Raptor 3 g4-transport-seed-batch (subject candidate, qualifying) contract gate verified. Evidence: /private/tmp/viborm-g4-lane-tmp-2/viborm-raptor3-g0-tG4RIb

 RUN  v3.1.4 /private/tmp/viborm-g4-lane-2

 ✓ |raptor3| tests/raptor3/g4/generation/transport-campaign.test.ts (1 test) 1700ms
   ✓ executes one complete G4 transport read seed batch  1700ms

 Test Files  1 passed (1)
      Tests  1 passed (1)
   Start at  02:19:15
   Duration  5.95s (transform 1.42s, setup 10ms, collect 2.13s, tests 1.70s, environment 0ms, prepare 40ms)

JSON report written to /private/tmp/viborm-g4-lane-tmp-2/viborm-raptor3-g0-J8NUqX/vitest.json
Vitest resources: 12.96s wall, 732.2 MiB peak sampled process-group RSS (sampled ceiling 1536 MiB). Teardown verified.
Raptor 3 g4-transport-seed-batch (subject candidate, qualifying) contract gate verified. Evidence: /private/tmp/viborm-g4-lane-tmp-2/viborm-raptor3-g0-J8NUqX

 RUN  v3.1.4 /private/tmp/viborm-g4-lane-2

 ✓ |raptor3| tests/raptor3/g4/generation/transport-campaign.test.ts (1 test) 1746ms
   ✓ executes one complete G4 transport read seed batch  1746ms

 Test Files  1 passed (1)
      Tests  1 passed (1)
   Start at  02:19:30
   Duration  7.28s (transform 1.89s, setup 12ms, collect 2.78s, tests 1.75s, environment 0ms, prepare 40ms)

JSON report written to /private/tmp/viborm-g4-lane-tmp-2/viborm-raptor3-g0-EFzB9o/vitest.json
Vitest resources: 13.21s wall, 744.8 MiB peak sampled process-group RSS (sampled ceiling 1536 MiB). Teardown verified.
Raptor 3 g4-transport-seed-batch (subject candidate, qualifying) contract gate verified. Evidence: /private/tmp/viborm-g4-lane-tmp-2/viborm-raptor3-g0-EFzB9o

 RUN  v3.1.4 /private/tmp/viborm-g4-lane-2

 ✓ |raptor3| tests/raptor3/g4/generation/transport-campaign.test.ts (1 test) 2003ms
   ✓ executes one complete G4 transport read seed batch  2003ms

 Test Files  1 passed (1)
      Tests  1 passed (1)
   Start at  02:19:46
   Duration  7.70s (transform 1.99s, setup 10ms, collect 2.95s, tests 2.00s, environment 0ms, prepare 41ms)

JSON report written to /private/tmp/viborm-g4-lane-tmp-2/viborm-raptor3-g0-nqgu6u/vitest.json
Vitest resources: 13.69s wall, 690.3 MiB peak sampled process-group RSS (sampled ceiling 1536 MiB). Teardown verified.
Raptor 3 g4-transport-seed-batch (subject candidate, qualifying) contract gate verified. Evidence: /private/tmp/viborm-g4-lane-tmp-2/viborm-raptor3-g0-nqgu6u

 RUN  v3.1.4 /private/tmp/viborm-g4-lane-2

 ✓ |raptor3| tests/raptor3/g4/generation/transport-campaign.test.ts (1 test) 2268ms
   ✓ executes one complete G4 transport read seed batch  2268ms

 Test Files  1 passed (1)
      Tests  1 passed (1)
   Start at  02:20:01
   Duration  7.85s (transform 2.01s, setup 11ms, collect 2.97s, tests 2.27s, environment 0ms, prepare 33ms)

JSON report written to /private/tmp/viborm-g4-lane-tmp-2/viborm-raptor3-g0-LFOXiI/vitest.json
Vitest resources: 13.99s wall, 676.8 MiB peak sampled process-group RSS (sampled ceiling 1536 MiB). Teardown verified.
Raptor 3 g4-transport-seed-batch (subject candidate, qualifying) contract gate verified. Evidence: /private/tmp/viborm-g4-lane-tmp-2/viborm-raptor3-g0-LFOXiI

 RUN  v3.1.4 /private/tmp/viborm-g4-lane-2

 ✓ |raptor3| tests/raptor3/g4/generation/transport-campaign.test.ts (1 test) 2360ms
   ✓ executes one complete G4 transport read seed batch  2359ms

 Test Files  1 passed (1)
      Tests  1 passed (1)
   Start at  02:20:17
   Duration  7.23s (transform 1.69s, setup 11ms, collect 2.50s, tests 2.36s, environment 0ms, prepare 41ms)

JSON report written to /private/tmp/viborm-g4-lane-tmp-2/viborm-raptor3-g0-YDcmhj/vitest.json
Vitest resources: 13.06s wall, 678.5 MiB peak sampled process-group RSS (sampled ceiling 1536 MiB). Teardown verified.
Raptor 3 g4-transport-seed-batch (subject candidate, qualifying) contract gate verified. Evidence: /private/tmp/viborm-g4-lane-tmp-2/viborm-raptor3-g0-YDcmhj

 RUN  v3.1.4 /private/tmp/viborm-g4-lane-2

 ✓ |raptor3| tests/raptor3/g4/generation/transport-campaign.test.ts (1 test) 1669ms
   ✓ executes one complete G4 transport read seed batch  1669ms

 Test Files  1 passed (1)
      Tests  1 passed (1)
   Start at  02:20:32
   Duration  6.04s (transform 1.62s, setup 11ms, collect 2.37s, tests 1.67s, environment 0ms, prepare 47ms)

JSON report written to /private/tmp/viborm-g4-lane-tmp-2/viborm-raptor3-g0-f7jYVQ/vitest.json
Vitest resources: 10.99s wall, 751.9 MiB peak sampled process-group RSS (sampled ceiling 1536 MiB). Teardown verified.
Raptor 3 g4-transport-seed-batch (subject candidate, qualifying) contract gate verified. Evidence: /private/tmp/viborm-g4-lane-tmp-2/viborm-raptor3-g0-f7jYVQ

 RUN  v3.1.4 /private/tmp/viborm-g4-lane-2

 ✓ |raptor3| tests/raptor3/g4/generation/transport-campaign.test.ts (1 test) 2027ms
   ✓ executes one complete G4 transport read seed batch  2027ms

 Test Files  1 passed (1)
      Tests  1 passed (1)
   Start at  02:20:48
   Duration  6.01s (transform 1.43s, setup 9ms, collect 2.11s, tests 2.03s, environment 0ms, prepare 38ms)

JSON report written to /private/tmp/viborm-g4-lane-tmp-2/viborm-raptor3-g0-JEElvo/vitest.json
Vitest resources: 12.35s wall, 723.1 MiB peak sampled process-group RSS (sampled ceiling 1536 MiB). Teardown verified.
Raptor 3 g4-transport-seed-batch (subject candidate, qualifying) contract gate verified. Evidence: /private/tmp/viborm-g4-lane-tmp-2/viborm-raptor3-g0-JEElvo

 RUN  v3.1.4 /private/tmp/viborm-g4-lane-2

 ✓ |raptor3| tests/raptor3/g4/generation/transport-campaign.test.ts (1 test) 1806ms
   ✓ executes one complete G4 transport read seed batch  1805ms

 Test Files  1 passed (1)
      Tests  1 passed (1)
   Start at  02:21:04
   Duration  5.98s (transform 1.57s, setup 11ms, collect 2.35s, tests 1.81s, environment 0ms, prepare 45ms)

JSON report written to /private/tmp/viborm-g4-lane-tmp-2/viborm-raptor3-g0-IXW6Sk/vitest.json
Vitest resources: 12.55s wall, 742.8 MiB peak sampled process-group RSS (sampled ceiling 1536 MiB). Teardown verified.
Raptor 3 g4-transport-seed-batch (subject candidate, qualifying) contract gate verified. Evidence: /private/tmp/viborm-g4-lane-tmp-2/viborm-raptor3-g0-IXW6Sk

 RUN  v3.1.4 /private/tmp/viborm-g4-lane-2

 ✓ |raptor3| tests/raptor3/g4/generation/transport-campaign.test.ts (1 test) 1940ms
   ✓ executes one complete G4 transport read seed batch  1940ms

 Test Files  1 passed (1)
      Tests  1 passed (1)
   Start at  02:21:20
   Duration  6.34s (transform 1.57s, setup 10ms, collect 2.34s, tests 1.94s, environment 0ms, prepare 38ms)

JSON report written to /private/tmp/viborm-g4-lane-tmp-2/viborm-raptor3-g0-KB8e6m/vitest.json
Vitest resources: 13.37s wall, 752.8 MiB peak sampled process-group RSS (sampled ceiling 1536 MiB). Teardown verified.
Raptor 3 g4-transport-seed-batch (subject candidate, qualifying) contract gate verified. Evidence: /private/tmp/viborm-g4-lane-tmp-2/viborm-raptor3-g0-KB8e6m

 RUN  v3.1.4 /private/tmp/viborm-g4-lane-2

 ✓ |raptor3| tests/raptor3/g4/generation/transport-campaign.test.ts (1 test) 1655ms
   ✓ executes one complete G4 transport read seed batch  1654ms

 Test Files  1 passed (1)
      Tests  1 passed (1)
   Start at  02:21:35
   Duration  5.67s (transform 1.49s, setup 10ms, collect 2.25s, tests 1.65s, environment 0ms, prepare 41ms)

JSON report written to /private/tmp/viborm-g4-lane-tmp-2/viborm-raptor3-g0-Gi0qCi/vitest.json
Vitest resources: 11.77s wall, 735.3 MiB peak sampled process-group RSS (sampled ceiling 1536 MiB). Teardown verified.
Raptor 3 g4-transport-seed-batch (subject candidate, qualifying) contract gate verified. Evidence: /private/tmp/viborm-g4-lane-tmp-2/viborm-raptor3-g0-Gi0qCi

 RUN  v3.1.4 /private/tmp/viborm-g4-lane-2

 ✓ |raptor3| tests/raptor3/g4/generation/transport-campaign.test.ts (1 test) 1922ms
   ✓ executes one complete G4 transport read seed batch  1922ms

 Test Files  1 passed (1)
      Tests  1 passed (1)
   Start at  02:21:51
   Duration  6.02s (transform 1.38s, setup 10ms, collect 2.03s, tests 1.92s, environment 0ms, prepare 35ms)

JSON report written to /private/tmp/viborm-g4-lane-tmp-2/viborm-raptor3-g0-2VhbkT/vitest.json
Vitest resources: 12.86s wall, 739.0 MiB peak sampled process-group RSS (sampled ceiling 1536 MiB). Teardown verified.
Raptor 3 g4-transport-seed-batch (subject candidate, qualifying) contract gate verified. Evidence: /private/tmp/viborm-g4-lane-tmp-2/viborm-raptor3-g0-2VhbkT

 RUN  v3.1.4 /private/tmp/viborm-g4-lane-2

 ✓ |raptor3| tests/raptor3/g4/generation/transport-campaign.test.ts (1 test) 1731ms
   ✓ executes one complete G4 transport read seed batch  1731ms

 Test Files  1 passed (1)
      Tests  1 passed (1)
   Start at  02:22:06
   Duration  5.09s (transform 1.48s, setup 9ms, collect 2.23s, tests 1.73s, environment 0ms, prepare 38ms)

JSON report written to /private/tmp/viborm-g4-lane-tmp-2/viborm-raptor3-g0-KQXf2x/vitest.json
Vitest resources: 11.03s wall, 751.6 MiB peak sampled process-group RSS (sampled ceiling 1536 MiB). Teardown verified.
Raptor 3 g4-transport-seed-batch (subject candidate, qualifying) contract gate verified. Evidence: /private/tmp/viborm-g4-lane-tmp-2/viborm-raptor3-g0-KQXf2x

 RUN  v3.1.4 /private/tmp/viborm-g4-lane-2

 ✓ |raptor3| tests/raptor3/g4/generation/transport-campaign.test.ts (1 test) 2001ms
   ✓ executes one complete G4 transport read seed batch  2000ms

 Test Files  1 passed (1)
      Tests  1 passed (1)
   Start at  02:22:20
   Duration  6.31s (transform 1.54s, setup 9ms, collect 2.29s, tests 2.00s, environment 0ms, prepare 39ms)

JSON report written to /private/tmp/viborm-g4-lane-tmp-2/viborm-raptor3-g0-XquRxQ/vitest.json
Vitest resources: 12.47s wall, 735.7 MiB peak sampled process-group RSS (sampled ceiling 1536 MiB). Teardown verified.
Raptor 3 g4-transport-seed-batch (subject candidate, qualifying) contract gate verified. Evidence: /private/tmp/viborm-g4-lane-tmp-2/viborm-raptor3-g0-XquRxQ

 RUN  v3.1.4 /private/tmp/viborm-g4-lane-2

 ✓ |raptor3| tests/raptor3/g4/generation/transport-campaign.test.ts (1 test) 1979ms
   ✓ executes one complete G4 transport read seed batch  1978ms

 Test Files  1 passed (1)
      Tests  1 passed (1)
   Start at  02:22:34
   Duration  6.82s (transform 1.83s, setup 11ms, collect 2.71s, tests 1.98s, environment 0ms, prepare 43ms)

JSON report written to /private/tmp/viborm-g4-lane-tmp-2/viborm-raptor3-g0-zBB8HI/vitest.json
Vitest resources: 12.29s wall, 688.8 MiB peak sampled process-group RSS (sampled ceiling 1536 MiB). Teardown verified.
Raptor 3 g4-transport-seed-batch (subject candidate, qualifying) contract gate verified. Evidence: /private/tmp/viborm-g4-lane-tmp-2/viborm-raptor3-g0-zBB8HI

 RUN  v3.1.4 /private/tmp/viborm-g4-lane-2

 ✓ |raptor3| tests/raptor3/g4/generation/transport-campaign.test.ts (1 test) 1827ms
   ✓ executes one complete G4 transport read seed batch  1826ms

 Test Files  1 passed (1)
      Tests  1 passed (1)
   Start at  02:22:48
   Duration  5.86s (transform 1.46s, setup 9ms, collect 2.15s, tests 1.83s, environment 0ms, prepare 30ms)

JSON report written to /private/tmp/viborm-g4-lane-tmp-2/viborm-raptor3-g0-3TPkW2/vitest.json
Vitest resources: 11.40s wall, 735.0 MiB peak sampled process-group RSS (sampled ceiling 1536 MiB). Teardown verified.
Raptor 3 g4-transport-seed-batch (subject candidate, qualifying) contract gate verified. Evidence: /private/tmp/viborm-g4-lane-tmp-2/viborm-raptor3-g0-3TPkW2

 RUN  v3.1.4 /private/tmp/viborm-g4-lane-2

 ✓ |raptor3| tests/raptor3/g4/generation/transport-campaign.test.ts (1 test) 1876ms
   ✓ executes one complete G4 transport read seed batch  1876ms

 Test Files  1 passed (1)
      Tests  1 passed (1)
   Start at  02:23:02
   Duration  5.98s (transform 1.42s, setup 8ms, collect 2.08s, tests 1.88s, environment 0ms, prepare 25ms)

JSON report written to /private/tmp/viborm-g4-lane-tmp-2/viborm-raptor3-g0-W4lCgh/vitest.json
Vitest resources: 11.50s wall, 734.6 MiB peak sampled process-group RSS (sampled ceiling 1536 MiB). Teardown verified.
Raptor 3 g4-transport-seed-batch (subject candidate, qualifying) contract gate verified. Evidence: /private/tmp/viborm-g4-lane-tmp-2/viborm-raptor3-g0-W4lCgh

 RUN  v3.1.4 /private/tmp/viborm-g4-lane-2

 ✓ |raptor3| tests/raptor3/g4/generation/transport-campaign.test.ts (1 test) 2066ms
   ✓ executes one complete G4 transport read seed batch  2065ms

 Test Files  1 passed (1)
      Tests  1 passed (1)
   Start at  02:23:18
   Duration  6.20s (transform 1.56s, setup 9ms, collect 2.35s, tests 2.07s, environment 0ms, prepare 37ms)

JSON report written to /private/tmp/viborm-g4-lane-tmp-2/viborm-raptor3-g0-StpSqf/vitest.json
Vitest resources: 12.72s wall, 716.5 MiB peak sampled process-group RSS (sampled ceiling 1536 MiB). Teardown verified.
Raptor 3 g4-transport-seed-batch (subject candidate, qualifying) contract gate verified. Evidence: /private/tmp/viborm-g4-lane-tmp-2/viborm-raptor3-g0-StpSqf

 RUN  v3.1.4 /private/tmp/viborm-g4-lane-2

 ✓ |raptor3| tests/raptor3/g4/generation/transport-campaign.test.ts (1 test) 1767ms
   ✓ executes one complete G4 transport read seed batch  1766ms

 Test Files  1 passed (1)
      Tests  1 passed (1)
   Start at  02:23:34
   Duration  6.10s (transform 1.54s, setup 14ms, collect 2.29s, tests 1.77s, environment 0ms, prepare 42ms)

JSON report written to /private/tmp/viborm-g4-lane-tmp-2/viborm-raptor3-g0-9H4T9j/vitest.json
Vitest resources: 12.29s wall, 761.4 MiB peak sampled process-group RSS (sampled ceiling 1536 MiB). Teardown verified.
Raptor 3 g4-transport-seed-batch (subject candidate, qualifying) contract gate verified. Evidence: /private/tmp/viborm-g4-lane-tmp-2/viborm-raptor3-g0-9H4T9j

 RUN  v3.1.4 /private/tmp/viborm-g4-lane-2

 ✓ |raptor3| tests/raptor3/g4/generation/transport-campaign.test.ts (1 test) 2083ms
   ✓ executes one complete G4 transport read seed batch  2083ms

 Test Files  1 passed (1)
      Tests  1 passed (1)
   Start at  02:23:49
   Duration  6.47s (transform 1.72s, setup 10ms, collect 2.54s, tests 2.08s, environment 0ms, prepare 38ms)

JSON report written to /private/tmp/viborm-g4-lane-tmp-2/viborm-raptor3-g0-yYLTpK/vitest.json
Vitest resources: 13.15s wall, 664.7 MiB peak sampled process-group RSS (sampled ceiling 1536 MiB). Teardown verified.
Raptor 3 g4-transport-seed-batch (subject candidate, qualifying) contract gate verified. Evidence: /private/tmp/viborm-g4-lane-tmp-2/viborm-raptor3-g0-yYLTpK

 RUN  v3.1.4 /private/tmp/viborm-g4-lane-2

 ✓ |raptor3| tests/raptor3/g4/generation/transport-campaign.test.ts (1 test) 1659ms
   ✓ executes one complete G4 transport read seed batch  1658ms

 Test Files  1 passed (1)
      Tests  1 passed (1)
   Start at  02:24:04
   Duration  5.42s (transform 1.53s, setup 9ms, collect 2.29s, tests 1.66s, environment 0ms, prepare 35ms)

JSON report written to /private/tmp/viborm-g4-lane-tmp-2/viborm-raptor3-g0-INgKUj/vitest.json
Vitest resources: 11.71s wall, 751.5 MiB peak sampled process-group RSS (sampled ceiling 1536 MiB). Teardown verified.
Raptor 3 g4-transport-seed-batch (subject candidate, qualifying) contract gate verified. Evidence: /private/tmp/viborm-g4-lane-tmp-2/viborm-raptor3-g0-INgKUj

 RUN  v3.1.4 /private/tmp/viborm-g4-lane-2

 ✓ |raptor3| tests/raptor3/g4/generation/transport-campaign.test.ts (1 test) 1771ms
   ✓ executes one complete G4 transport read seed batch  1771ms

 Test Files  1 passed (1)
      Tests  1 passed (1)
   Start at  02:24:20
   Duration  5.89s (transform 1.42s, setup 11ms, collect 2.11s, tests 1.77s, environment 0ms, prepare 38ms)

JSON report written to /private/tmp/viborm-g4-lane-tmp-2/viborm-raptor3-g0-VGK0Ro/vitest.json
Vitest resources: 12.59s wall, 737.9 MiB peak sampled process-group RSS (sampled ceiling 1536 MiB). Teardown verified.
Raptor 3 g4-transport-seed-batch (subject candidate, qualifying) contract gate verified. Evidence: /private/tmp/viborm-g4-lane-tmp-2/viborm-raptor3-g0-VGK0Ro

 RUN  v3.1.4 /private/tmp/viborm-g4-lane-2

 ✓ |raptor3| tests/raptor3/g4/generation/transport-campaign.test.ts (1 test) 1835ms
   ✓ executes one complete G4 transport read seed batch  1835ms

 Test Files  1 passed (1)
      Tests  1 passed (1)
   Start at  02:24:36
   Duration  5.88s (transform 1.43s, setup 10ms, collect 2.11s, tests 1.84s, environment 0ms, prepare 38ms)

JSON report written to /private/tmp/viborm-g4-lane-tmp-2/viborm-raptor3-g0-TOht18/vitest.json
Vitest resources: 12.96s wall, 749.4 MiB peak sampled process-group RSS (sampled ceiling 1536 MiB). Teardown verified.
Raptor 3 g4-transport-seed-batch (subject candidate, qualifying) contract gate verified. Evidence: /private/tmp/viborm-g4-lane-tmp-2/viborm-raptor3-g0-TOht18

 RUN  v3.1.4 /private/tmp/viborm-g4-lane-2

 ✓ |raptor3| tests/raptor3/g4/generation/transport-campaign.test.ts (1 test) 1640ms
   ✓ executes one complete G4 transport read seed batch  1639ms

 Test Files  1 passed (1)
      Tests  1 passed (1)
   Start at  02:24:52
   Duration  5.89s (transform 1.48s, setup 10ms, collect 2.24s, tests 1.64s, environment 0ms, prepare 41ms)

JSON report written to /private/tmp/viborm-g4-lane-tmp-2/viborm-raptor3-g0-U9BL9N/vitest.json
Vitest resources: 13.21s wall, 728.5 MiB peak sampled process-group RSS (sampled ceiling 1536 MiB). Teardown verified.
Raptor 3 g4-transport-seed-batch (subject candidate, qualifying) contract gate verified. Evidence: /private/tmp/viborm-g4-lane-tmp-2/viborm-raptor3-g0-U9BL9N

 RUN  v3.1.4 /private/tmp/viborm-g4-lane-2

 ✓ |raptor3| tests/raptor3/g4/generation/transport-campaign.test.ts (1 test) 1861ms
   ✓ executes one complete G4 transport read seed batch  1861ms

 Test Files  1 passed (1)
      Tests  1 passed (1)
   Start at  02:25:07
   Duration  6.74s (transform 1.59s, setup 11ms, collect 2.39s, tests 1.86s, environment 0ms, prepare 45ms)

JSON report written to /private/tmp/viborm-g4-lane-tmp-2/viborm-raptor3-g0-QQqcck/vitest.json
Vitest resources: 12.83s wall, 744.7 MiB peak sampled process-group RSS (sampled ceiling 1536 MiB). Teardown verified.
Raptor 3 g4-transport-seed-batch (subject candidate, qualifying) contract gate verified. Evidence: /private/tmp/viborm-g4-lane-tmp-2/viborm-raptor3-g0-QQqcck

 RUN  v3.1.4 /private/tmp/viborm-g4-lane-2

 ✓ |raptor3| tests/raptor3/g4/generation/transport-campaign.test.ts (1 test) 1923ms
   ✓ executes one complete G4 transport read seed batch  1922ms

 Test Files  1 passed (1)
      Tests  1 passed (1)
   Start at  02:25:23
   Duration  6.29s (transform 1.50s, setup 11ms, collect 2.21s, tests 1.92s, environment 0ms, prepare 39ms)

JSON report written to /private/tmp/viborm-g4-lane-tmp-2/viborm-raptor3-g0-rM58FK/vitest.json
Vitest resources: 13.03s wall, 742.0 MiB peak sampled process-group RSS (sampled ceiling 1536 MiB). Teardown verified.
Raptor 3 g4-transport-seed-batch (subject candidate, qualifying) contract gate verified. Evidence: /private/tmp/viborm-g4-lane-tmp-2/viborm-raptor3-g0-rM58FK

 RUN  v3.1.4 /private/tmp/viborm-g4-lane-2

 ✓ |raptor3| tests/raptor3/g4/generation/transport-campaign.test.ts (1 test) 2137ms
   ✓ executes one complete G4 transport read seed batch  2136ms

 Test Files  1 passed (1)
      Tests  1 passed (1)
   Start at  02:25:39
   Duration  6.76s (transform 1.68s, setup 8ms, collect 2.51s, tests 2.14s, environment 0ms, prepare 35ms)

JSON report written to /private/tmp/viborm-g4-lane-tmp-2/viborm-raptor3-g0-K9Dbl5/vitest.json
Vitest resources: 13.16s wall, 699.6 MiB peak sampled process-group RSS (sampled ceiling 1536 MiB). Teardown verified.
Raptor 3 g4-transport-seed-batch (subject candidate, qualifying) contract gate verified. Evidence: /private/tmp/viborm-g4-lane-tmp-2/viborm-raptor3-g0-K9Dbl5

 RUN  v3.1.4 /private/tmp/viborm-g4-lane-2

 ✓ |raptor3| tests/raptor3/g4/generation/transport-campaign.test.ts (1 test) 1991ms
   ✓ executes one complete G4 transport read seed batch  1990ms

 Test Files  1 passed (1)
      Tests  1 passed (1)
   Start at  02:25:54
   Duration  6.63s (transform 1.58s, setup 10ms, collect 2.36s, tests 1.99s, environment 0ms, prepare 32ms)

JSON report written to /private/tmp/viborm-g4-lane-tmp-2/viborm-raptor3-g0-hHS5J4/vitest.json
Vitest resources: 11.95s wall, 749.0 MiB peak sampled process-group RSS (sampled ceiling 1536 MiB). Teardown verified.
Raptor 3 g4-transport-seed-batch (subject candidate, qualifying) contract gate verified. Evidence: /private/tmp/viborm-g4-lane-tmp-2/viborm-raptor3-g0-hHS5J4

 RUN  v3.1.4 /private/tmp/viborm-g4-lane-2

 ✓ |raptor3| tests/raptor3/g4/generation/transport-campaign.test.ts (1 test) 1940ms
   ✓ executes one complete G4 transport read seed batch  1939ms

 Test Files  1 passed (1)
      Tests  1 passed (1)
   Start at  02:26:10
   Duration  5.17s (transform 1.47s, setup 11ms, collect 2.20s, tests 1.94s, environment 0ms, prepare 39ms)

JSON report written to /private/tmp/viborm-g4-lane-tmp-2/viborm-raptor3-g0-UiaQ5k/vitest.json
Vitest resources: 12.41s wall, 738.2 MiB peak sampled process-group RSS (sampled ceiling 1536 MiB). Teardown verified.
Raptor 3 g4-transport-seed-batch (subject candidate, qualifying) contract gate verified. Evidence: /private/tmp/viborm-g4-lane-tmp-2/viborm-raptor3-g0-UiaQ5k

 RUN  v3.1.4 /private/tmp/viborm-g4-lane-2

 ✓ |raptor3| tests/raptor3/g4/generation/transport-campaign.test.ts (1 test) 1714ms
   ✓ executes one complete G4 transport read seed batch  1713ms

 Test Files  1 passed (1)
      Tests  1 passed (1)
   Start at  02:26:24
   Duration  6.79s (transform 1.61s, setup 14ms, collect 2.40s, tests 1.71s, environment 0ms, prepare 47ms)

JSON report written to /private/tmp/viborm-g4-lane-tmp-2/viborm-raptor3-g0-BVNOpo/vitest.json
Vitest resources: 12.67s wall, 704.2 MiB peak sampled process-group RSS (sampled ceiling 1536 MiB). Teardown verified.
Raptor 3 g4-transport-seed-batch (subject candidate, qualifying) contract gate verified. Evidence: /private/tmp/viborm-g4-lane-tmp-2/viborm-raptor3-g0-BVNOpo

 RUN  v3.1.4 /private/tmp/viborm-g4-lane-2

 ✓ |raptor3| tests/raptor3/g4/generation/transport-campaign.test.ts (1 test) 1877ms
   ✓ executes one complete G4 transport read seed batch  1877ms

 Test Files  1 passed (1)
      Tests  1 passed (1)
   Start at  02:26:42
   Duration  5.95s (transform 1.42s, setup 10ms, collect 2.10s, tests 1.88s, environment 0ms, prepare 41ms)

JSON report written to /private/tmp/viborm-g4-lane-tmp-2/viborm-raptor3-g0-Gl89Ky/vitest.json
Vitest resources: 13.89s wall, 775.4 MiB peak sampled process-group RSS (sampled ceiling 1536 MiB). Teardown verified.
Raptor 3 g4-transport-seed-batch (subject candidate, qualifying) contract gate verified. Evidence: /private/tmp/viborm-g4-lane-tmp-2/viborm-raptor3-g0-Gl89Ky

 RUN  v3.1.4 /private/tmp/viborm-g4-lane-2

 ✓ |raptor3| tests/raptor3/g4/generation/transport-campaign.test.ts (1 test) 1499ms
   ✓ executes one complete G4 transport read seed batch  1498ms

 Test Files  1 passed (1)
      Tests  1 passed (1)
   Start at  02:26:59
   Duration  5.52s (transform 1.47s, setup 9ms, collect 2.18s, tests 1.50s, environment 0ms, prepare 36ms)

JSON report written to /private/tmp/viborm-g4-lane-tmp-2/viborm-raptor3-g0-oErkzU/vitest.json
Vitest resources: 11.82s wall, 746.9 MiB peak sampled process-group RSS (sampled ceiling 1536 MiB). Teardown verified.
Raptor 3 g4-transport-seed-batch (subject candidate, qualifying) contract gate verified. Evidence: /private/tmp/viborm-g4-lane-tmp-2/viborm-raptor3-g0-oErkzU

 RUN  v3.1.4 /private/tmp/viborm-g4-lane-2

 ✓ |raptor3| tests/raptor3/g4/generation/transport-campaign.test.ts (1 test) 1678ms
   ✓ executes one complete G4 transport read seed batch  1678ms

 Test Files  1 passed (1)
      Tests  1 passed (1)
   Start at  02:27:16
   Duration  6.06s (transform 1.54s, setup 10ms, collect 2.27s, tests 1.68s, environment 0ms, prepare 39ms)

JSON report written to /private/tmp/viborm-g4-lane-tmp-2/viborm-raptor3-g0-FbLvaB/vitest.json
Vitest resources: 14.16s wall, 770.1 MiB peak sampled process-group RSS (sampled ceiling 1536 MiB). Teardown verified.
Raptor 3 g4-transport-seed-batch (subject candidate, qualifying) contract gate verified. Evidence: /private/tmp/viborm-g4-lane-tmp-2/viborm-raptor3-g0-FbLvaB

 RUN  v3.1.4 /private/tmp/viborm-g4-lane-2

 ✓ |raptor3| tests/raptor3/g4/generation/transport-campaign.test.ts (1 test) 1754ms
   ✓ executes one complete G4 transport read seed batch  1753ms

 Test Files  1 passed (1)
      Tests  1 passed (1)
   Start at  02:27:33
   Duration  5.75s (transform 1.42s, setup 8ms, collect 2.09s, tests 1.75s, environment 0ms, prepare 37ms)

JSON report written to /private/tmp/viborm-g4-lane-tmp-2/viborm-raptor3-g0-LkJlTX/vitest.json
Vitest resources: 13.58s wall, 733.2 MiB peak sampled process-group RSS (sampled ceiling 1536 MiB). Teardown verified.
Raptor 3 g4-transport-seed-batch (subject candidate, qualifying) contract gate verified. Evidence: /private/tmp/viborm-g4-lane-tmp-2/viborm-raptor3-g0-LkJlTX

 RUN  v3.1.4 /private/tmp/viborm-g4-lane-2

 ✓ |raptor3| tests/raptor3/g4/generation/transport-campaign.test.ts (1 test) 1448ms
   ✓ executes one complete G4 transport read seed batch  1448ms

 Test Files  1 passed (1)
      Tests  1 passed (1)
   Start at  02:27:49
   Duration  6.77s (transform 1.60s, setup 19ms, collect 2.37s, tests 1.45s, environment 0ms, prepare 151ms)

JSON report written to /private/tmp/viborm-g4-lane-tmp-2/viborm-raptor3-g0-JuCVqr/vitest.json
Vitest resources: 13.48s wall, 721.5 MiB peak sampled process-group RSS (sampled ceiling 1536 MiB). Teardown verified.
Raptor 3 g4-transport-seed-batch (subject candidate, qualifying) contract gate verified. Evidence: /private/tmp/viborm-g4-lane-tmp-2/viborm-raptor3-g0-JuCVqr

 RUN  v3.1.4 /private/tmp/viborm-g4-lane-2

 ✓ |raptor3| tests/raptor3/g4/generation/transport-campaign.test.ts (1 test) 1917ms
   ✓ executes one complete G4 transport read seed batch  1917ms

 Test Files  1 passed (1)
      Tests  1 passed (1)
   Start at  02:28:07
   Duration  6.48s (transform 1.57s, setup 11ms, collect 2.30s, tests 1.92s, environment 0ms, prepare 35ms)

JSON report written to /private/tmp/viborm-g4-lane-tmp-2/viborm-raptor3-g0-B3MrKG/vitest.json
Vitest resources: 13.64s wall, 761.0 MiB peak sampled process-group RSS (sampled ceiling 1536 MiB). Teardown verified.
Raptor 3 g4-transport-seed-batch (subject candidate, qualifying) contract gate verified. Evidence: /private/tmp/viborm-g4-lane-tmp-2/viborm-raptor3-g0-B3MrKG

 RUN  v3.1.4 /private/tmp/viborm-g4-lane-2

 ✓ |raptor3| tests/raptor3/g4/generation/transport-campaign.test.ts (1 test) 1661ms
   ✓ executes one complete G4 transport read seed batch  1661ms

 Test Files  1 passed (1)
      Tests  1 passed (1)
   Start at  02:28:25
   Duration  5.74s (transform 1.39s, setup 9ms, collect 2.07s, tests 1.66s, environment 0ms, prepare 37ms)

JSON report written to /private/tmp/viborm-g4-lane-tmp-2/viborm-raptor3-g0-n4r99m/vitest.json
Vitest resources: 13.24s wall, 750.1 MiB peak sampled process-group RSS (sampled ceiling 1536 MiB). Teardown verified.
Raptor 3 g4-transport-seed-batch (subject candidate, qualifying) contract gate verified. Evidence: /private/tmp/viborm-g4-lane-tmp-2/viborm-raptor3-g0-n4r99m

 RUN  v3.1.4 /private/tmp/viborm-g4-lane-2

 ✓ |raptor3| tests/raptor3/g4/generation/transport-campaign.test.ts (1 test) 1738ms
   ✓ executes one complete G4 transport read seed batch  1737ms

 Test Files  1 passed (1)
      Tests  1 passed (1)
   Start at  02:28:42
   Duration  6.33s (transform 1.63s, setup 9ms, collect 2.42s, tests 1.74s, environment 0ms, prepare 36ms)

JSON report written to /private/tmp/viborm-g4-lane-tmp-2/viborm-raptor3-g0-o9lUXa/vitest.json
Vitest resources: 13.93s wall, 736.7 MiB peak sampled process-group RSS (sampled ceiling 1536 MiB). Teardown verified.
Raptor 3 g4-transport-seed-batch (subject candidate, qualifying) contract gate verified. Evidence: /private/tmp/viborm-g4-lane-tmp-2/viborm-raptor3-g0-o9lUXa

 RUN  v3.1.4 /private/tmp/viborm-g4-lane-2

 ✓ |raptor3| tests/raptor3/g4/generation/transport-campaign.test.ts (1 test) 1686ms
   ✓ executes one complete G4 transport read seed batch  1685ms

 Test Files  1 passed (1)
      Tests  1 passed (1)
   Start at  02:28:59
   Duration  6.06s (transform 1.43s, setup 11ms, collect 2.10s, tests 1.69s, environment 0ms, prepare 38ms)

JSON report written to /private/tmp/viborm-g4-lane-tmp-2/viborm-raptor3-g0-lYbRd3/vitest.json
Vitest resources: 13.04s wall, 750.5 MiB peak sampled process-group RSS (sampled ceiling 1536 MiB). Teardown verified.
Raptor 3 g4-transport-seed-batch (subject candidate, qualifying) contract gate verified. Evidence: /private/tmp/viborm-g4-lane-tmp-2/viborm-raptor3-g0-lYbRd3

 RUN  v3.1.4 /private/tmp/viborm-g4-lane-2

 ✓ |raptor3| tests/raptor3/g4/generation/transport-campaign.test.ts (1 test) 1596ms
   ✓ executes one complete G4 transport read seed batch  1596ms

 Test Files  1 passed (1)
      Tests  1 passed (1)
   Start at  02:29:16
   Duration  6.17s (transform 1.51s, setup 9ms, collect 2.20s, tests 1.60s, environment 0ms, prepare 39ms)

JSON report written to /private/tmp/viborm-g4-lane-tmp-2/viborm-raptor3-g0-SoYUEn/vitest.json
Vitest resources: 13.53s wall, 741.3 MiB peak sampled process-group RSS (sampled ceiling 1536 MiB). Teardown verified.
Raptor 3 g4-transport-seed-batch (subject candidate, qualifying) contract gate verified. Evidence: /private/tmp/viborm-g4-lane-tmp-2/viborm-raptor3-g0-SoYUEn

 RUN  v3.1.4 /private/tmp/viborm-g4-lane-2

 ✓ |raptor3| tests/raptor3/g4/generation/transport-campaign.test.ts (1 test) 1675ms
   ✓ executes one complete G4 transport read seed batch  1675ms

 Test Files  1 passed (1)
      Tests  1 passed (1)
   Start at  02:29:34
   Duration  5.97s (transform 1.42s, setup 9ms, collect 2.11s, tests 1.68s, environment 0ms, prepare 37ms)

JSON report written to /private/tmp/viborm-g4-lane-tmp-2/viborm-raptor3-g0-EfiK0q/vitest.json
Vitest resources: 13.19s wall, 747.5 MiB peak sampled process-group RSS (sampled ceiling 1536 MiB). Teardown verified.
Raptor 3 g4-transport-seed-batch (subject candidate, qualifying) contract gate verified. Evidence: /private/tmp/viborm-g4-lane-tmp-2/viborm-raptor3-g0-EfiK0q

 RUN  v3.1.4 /private/tmp/viborm-g4-lane-2

 ✓ |raptor3| tests/raptor3/g4/generation/transport-campaign.test.ts (1 test) 1698ms
   ✓ executes one complete G4 transport read seed batch  1697ms

 Test Files  1 passed (1)
      Tests  1 passed (1)
   Start at  02:29:50
   Duration  6.41s (transform 1.45s, setup 11ms, collect 2.17s, tests 1.70s, environment 0ms, prepare 40ms)

JSON report written to /private/tmp/viborm-g4-lane-tmp-2/viborm-raptor3-g0-c2XgEy/vitest.json
Vitest resources: 13.84s wall, 737.0 MiB peak sampled process-group RSS (sampled ceiling 1536 MiB). Teardown verified.
Raptor 3 g4-transport-seed-batch (subject candidate, qualifying) contract gate verified. Evidence: /private/tmp/viborm-g4-lane-tmp-2/viborm-raptor3-g0-c2XgEy

 RUN  v3.1.4 /private/tmp/viborm-g4-lane-2

 ✓ |raptor3| tests/raptor3/g4/generation/transport-campaign.test.ts (1 test) 2231ms
   ✓ executes one complete G4 transport read seed batch  2231ms

 Test Files  1 passed (1)
      Tests  1 passed (1)
   Start at  02:30:07
   Duration  7.07s (transform 1.44s, setup 10ms, collect 2.12s, tests 2.23s, environment 0ms, prepare 32ms)

JSON report written to /private/tmp/viborm-g4-lane-tmp-2/viborm-raptor3-g0-slGdTX/vitest.json
Vitest resources: 13.25s wall, 728.2 MiB peak sampled process-group RSS (sampled ceiling 1536 MiB). Teardown verified.
Raptor 3 g4-transport-seed-batch (subject candidate, qualifying) contract gate verified. Evidence: /private/tmp/viborm-g4-lane-tmp-2/viborm-raptor3-g0-slGdTX

 RUN  v3.1.4 /private/tmp/viborm-g4-lane-2

 ✓ |raptor3| tests/raptor3/g4/generation/transport-campaign.test.ts (1 test) 1515ms
   ✓ executes one complete G4 transport read seed batch  1514ms

 Test Files  1 passed (1)
      Tests  1 passed (1)
   Start at  02:30:24
   Duration  5.86s (transform 1.37s, setup 11ms, collect 2.02s, tests 1.51s, environment 0ms, prepare 36ms)

JSON report written to /private/tmp/viborm-g4-lane-tmp-2/viborm-raptor3-g0-hcnua4/vitest.json
Vitest resources: 12.60s wall, 746.5 MiB peak sampled process-group RSS (sampled ceiling 1536 MiB). Teardown verified.
Raptor 3 g4-transport-seed-batch (subject candidate, qualifying) contract gate verified. Evidence: /private/tmp/viborm-g4-lane-tmp-2/viborm-raptor3-g0-hcnua4

 RUN  v3.1.4 /private/tmp/viborm-g4-lane-2

 ✓ |raptor3| tests/raptor3/g4/generation/transport-campaign.test.ts (1 test) 1769ms
   ✓ executes one complete G4 transport read seed batch  1769ms

 Test Files  1 passed (1)
      Tests  1 passed (1)
   Start at  02:30:41
   Duration  6.96s (transform 1.65s, setup 10ms, collect 2.40s, tests 1.77s, environment 0ms, prepare 37ms)

JSON report written to /private/tmp/viborm-g4-lane-tmp-2/viborm-raptor3-g0-GcwAUa/vitest.json
Vitest resources: 13.90s wall, 716.3 MiB peak sampled process-group RSS (sampled ceiling 1536 MiB). Teardown verified.
Raptor 3 g4-transport-seed-batch (subject candidate, qualifying) contract gate verified. Evidence: /private/tmp/viborm-g4-lane-tmp-2/viborm-raptor3-g0-GcwAUa

 RUN  v3.1.4 /private/tmp/viborm-g4-lane-2

 ✓ |raptor3| tests/raptor3/g4/generation/transport-campaign.test.ts (1 test) 1706ms
   ✓ executes one complete G4 transport read seed batch  1705ms

 Test Files  1 passed (1)
      Tests  1 passed (1)
   Start at  02:30:57
   Duration  7.00s (transform 1.58s, setup 10ms, collect 2.34s, tests 1.71s, environment 0ms, prepare 40ms)

JSON report written to /private/tmp/viborm-g4-lane-tmp-2/viborm-raptor3-g0-S8z6gC/vitest.json
Vitest resources: 13.35s wall, 742.5 MiB peak sampled process-group RSS (sampled ceiling 1536 MiB). Teardown verified.
Raptor 3 g4-transport-seed-batch (subject candidate, qualifying) contract gate verified. Evidence: /private/tmp/viborm-g4-lane-tmp-2/viborm-raptor3-g0-S8z6gC

 RUN  v3.1.4 /private/tmp/viborm-g4-lane-2

 ✓ |raptor3| tests/raptor3/g4/generation/transport-campaign.test.ts (1 test) 2030ms
   ✓ executes one complete G4 transport read seed batch  2029ms

 Test Files  1 passed (1)
      Tests  1 passed (1)
   Start at  02:31:14
   Duration  6.86s (transform 1.51s, setup 10ms, collect 2.23s, tests 2.03s, environment 0ms, prepare 39ms)

JSON report written to /private/tmp/viborm-g4-lane-tmp-2/viborm-raptor3-g0-58lsWh/vitest.json
Vitest resources: 13.70s wall, 753.4 MiB peak sampled process-group RSS (sampled ceiling 1536 MiB). Teardown verified.
Raptor 3 g4-transport-seed-batch (subject candidate, qualifying) contract gate verified. Evidence: /private/tmp/viborm-g4-lane-tmp-2/viborm-raptor3-g0-58lsWh

 RUN  v3.1.4 /private/tmp/viborm-g4-lane-2

 ✓ |raptor3| tests/raptor3/g4/generation/transport-campaign.test.ts (1 test) 1668ms
   ✓ executes one complete G4 transport read seed batch  1668ms

 Test Files  1 passed (1)
      Tests  1 passed (1)
   Start at  02:31:31
   Duration  6.76s (transform 1.57s, setup 9ms, collect 2.29s, tests 1.67s, environment 0ms, prepare 40ms)

JSON report written to /private/tmp/viborm-g4-lane-tmp-2/viborm-raptor3-g0-WPn5Wh/vitest.json
Vitest resources: 13.43s wall, 730.0 MiB peak sampled process-group RSS (sampled ceiling 1536 MiB). Teardown verified.
Raptor 3 g4-transport-seed-batch (subject candidate, qualifying) contract gate verified. Evidence: /private/tmp/viborm-g4-lane-tmp-2/viborm-raptor3-g0-WPn5Wh

 RUN  v3.1.4 /private/tmp/viborm-g4-lane-2

 ✓ |raptor3| tests/raptor3/g4/generation/transport-campaign.test.ts (1 test) 1776ms
   ✓ executes one complete G4 transport read seed batch  1775ms

 Test Files  1 passed (1)
      Tests  1 passed (1)
   Start at  02:31:48
   Duration  6.73s (transform 1.45s, setup 9ms, collect 2.10s, tests 1.78s, environment 0ms, prepare 37ms)

JSON report written to /private/tmp/viborm-g4-lane-tmp-2/viborm-raptor3-g0-WGoRId/vitest.json
Vitest resources: 13.67s wall, 739.9 MiB peak sampled process-group RSS (sampled ceiling 1536 MiB). Teardown verified.
Raptor 3 g4-transport-seed-batch (subject candidate, qualifying) contract gate verified. Evidence: /private/tmp/viborm-g4-lane-tmp-2/viborm-raptor3-g0-WGoRId

 RUN  v3.1.4 /private/tmp/viborm-g4-lane-2

 ✓ |raptor3| tests/raptor3/g4/generation/transport-campaign.test.ts (1 test) 1763ms
   ✓ executes one complete G4 transport read seed batch  1762ms

 Test Files  1 passed (1)
      Tests  1 passed (1)
   Start at  02:32:04
   Duration  5.85s (transform 1.45s, setup 9ms, collect 2.13s, tests 1.76s, environment 0ms, prepare 33ms)

JSON report written to /private/tmp/viborm-g4-lane-tmp-2/viborm-raptor3-g0-8AavmW/vitest.json
Vitest resources: 12.68s wall, 754.1 MiB peak sampled process-group RSS (sampled ceiling 1536 MiB). Teardown verified.
Raptor 3 g4-transport-seed-batch (subject candidate, qualifying) contract gate verified. Evidence: /private/tmp/viborm-g4-lane-tmp-2/viborm-raptor3-g0-8AavmW

 RUN  v3.1.4 /private/tmp/viborm-g4-lane-2

 ✓ |raptor3| tests/raptor3/g4/generation/transport-campaign.test.ts (1 test) 1745ms
   ✓ executes one complete G4 transport read seed batch  1744ms

 Test Files  1 passed (1)
      Tests  1 passed (1)
   Start at  02:32:19
   Duration  6.90s (transform 1.43s, setup 9ms, collect 2.12s, tests 1.75s, environment 0ms, prepare 37ms)

JSON report written to /private/tmp/viborm-g4-lane-tmp-2/viborm-raptor3-g0-OTnLMy/vitest.json
Vitest resources: 13.63s wall, 750.2 MiB peak sampled process-group RSS (sampled ceiling 1536 MiB). Teardown verified.
Raptor 3 g4-transport-seed-batch (subject candidate, qualifying) contract gate verified. Evidence: /private/tmp/viborm-g4-lane-tmp-2/viborm-raptor3-g0-OTnLMy

 RUN  v3.1.4 /private/tmp/viborm-g4-lane-2

 ✓ |raptor3| tests/raptor3/g4/generation/transport-campaign.test.ts (1 test) 1832ms
   ✓ executes one complete G4 transport read seed batch  1832ms

 Test Files  1 passed (1)
      Tests  1 passed (1)
   Start at  02:32:37
   Duration  7.39s (transform 1.60s, setup 9ms, collect 2.32s, tests 1.83s, environment 0ms, prepare 36ms)

JSON report written to /private/tmp/viborm-g4-lane-tmp-2/viborm-raptor3-g0-lqnxRB/vitest.json
Vitest resources: 13.54s wall, 719.5 MiB peak sampled process-group RSS (sampled ceiling 1536 MiB). Teardown verified.
Raptor 3 g4-transport-seed-batch (subject candidate, qualifying) contract gate verified. Evidence: /private/tmp/viborm-g4-lane-tmp-2/viborm-raptor3-g0-lqnxRB

 RUN  v3.1.4 /private/tmp/viborm-g4-lane-2

 ✓ |raptor3| tests/raptor3/g4/generation/transport-campaign.test.ts (1 test) 1642ms
   ✓ executes one complete G4 transport read seed batch  1642ms

 Test Files  1 passed (1)
      Tests  1 passed (1)
   Start at  02:32:55
   Duration  6.73s (transform 1.59s, setup 10ms, collect 2.34s, tests 1.64s, environment 0ms, prepare 41ms)

JSON report written to /private/tmp/viborm-g4-lane-tmp-2/viborm-raptor3-g0-C7T5vA/vitest.json
Vitest resources: 14.10s wall, 772.1 MiB peak sampled process-group RSS (sampled ceiling 1536 MiB). Teardown verified.
Raptor 3 g4-transport-seed-batch (subject candidate, qualifying) contract gate verified. Evidence: /private/tmp/viborm-g4-lane-tmp-2/viborm-raptor3-g0-C7T5vA

 RUN  v3.1.4 /private/tmp/viborm-g4-lane-2

 ✓ |raptor3| tests/raptor3/g4/generation/transport-campaign.test.ts (1 test) 2102ms
   ✓ executes one complete G4 transport read seed batch  2102ms

 Test Files  1 passed (1)
      Tests  1 passed (1)
   Start at  02:33:13
   Duration  8.53s (transform 1.92s, setup 12ms, collect 2.83s, tests 2.10s, environment 0ms, prepare 48ms)

JSON report written to /private/tmp/viborm-g4-lane-tmp-2/viborm-raptor3-g0-qyTAhl/vitest.json
Vitest resources: 17.04s wall, 707.1 MiB peak sampled process-group RSS (sampled ceiling 1536 MiB). Teardown verified.
Raptor 3 g4-transport-seed-batch (subject candidate, qualifying) contract gate verified. Evidence: /private/tmp/viborm-g4-lane-tmp-2/viborm-raptor3-g0-qyTAhl

 RUN  v3.1.4 /private/tmp/viborm-g4-lane-2

 ✓ |raptor3| tests/raptor3/g4/generation/transport-campaign.test.ts (1 test) 3054ms
   ✓ executes one complete G4 transport read seed batch  3053ms

 Test Files  1 passed (1)
      Tests  1 passed (1)
   Start at  02:33:32
   Duration  11.70s (transform 3.40s, setup 19ms, collect 5.34s, tests 3.05s, environment 0ms, prepare 149ms)

JSON report written to /private/tmp/viborm-g4-lane-tmp-2/viborm-raptor3-g0-MtVNPX/vitest.json
Vitest resources: 17.91s wall, 666.2 MiB peak sampled process-group RSS (sampled ceiling 1536 MiB). Teardown verified.
Raptor 3 g4-transport-seed-batch (subject candidate, qualifying) contract gate verified. Evidence: /private/tmp/viborm-g4-lane-tmp-2/viborm-raptor3-g0-MtVNPX

 RUN  v3.1.4 /private/tmp/viborm-g4-lane-2

 ✓ |raptor3| tests/raptor3/g4/generation/transport-campaign.test.ts (1 test) 1763ms
   ✓ executes one complete G4 transport read seed batch  1762ms

 Test Files  1 passed (1)
      Tests  1 passed (1)
   Start at  02:33:52
   Duration  6.79s (transform 1.85s, setup 12ms, collect 2.78s, tests 1.76s, environment 0ms, prepare 42ms)

JSON report written to /private/tmp/viborm-g4-lane-tmp-2/viborm-raptor3-g0-cXwWfE/vitest.json
Vitest resources: 12.04s wall, 743.2 MiB peak sampled process-group RSS (sampled ceiling 1536 MiB). Teardown verified.
Raptor 3 g4-transport-seed-batch (subject candidate, qualifying) contract gate verified. Evidence: /private/tmp/viborm-g4-lane-tmp-2/viborm-raptor3-g0-cXwWfE

 RUN  v3.1.4 /private/tmp/viborm-g4-lane-2

 ✓ |raptor3| tests/raptor3/g4/generation/transport-campaign.test.ts (1 test) 1894ms
   ✓ executes one complete G4 transport read seed batch  1893ms

 Test Files  1 passed (1)
      Tests  1 passed (1)
   Start at  02:34:09
   Duration  6.33s (transform 1.68s, setup 10ms, collect 2.51s, tests 1.89s, environment 0ms, prepare 32ms)

JSON report written to /private/tmp/viborm-g4-lane-tmp-2/viborm-raptor3-g0-JfTqkr/vitest.json
Vitest resources: 13.97s wall, 742.2 MiB peak sampled process-group RSS (sampled ceiling 1536 MiB). Teardown verified.
Raptor 3 g4-transport-seed-batch (subject candidate, qualifying) contract gate verified. Evidence: /private/tmp/viborm-g4-lane-tmp-2/viborm-raptor3-g0-JfTqkr

 RUN  v3.1.4 /private/tmp/viborm-g4-lane-2

 ✓ |raptor3| tests/raptor3/g4/generation/transport-campaign.test.ts (1 test) 1842ms
   ✓ executes one complete G4 transport read seed batch  1841ms

 Test Files  1 passed (1)
      Tests  1 passed (1)
   Start at  02:34:25
   Duration  7.25s (transform 1.50s, setup 10ms, collect 2.21s, tests 1.84s, environment 0ms, prepare 32ms)

JSON report written to /private/tmp/viborm-g4-lane-tmp-2/viborm-raptor3-g0-oOSP4Y/vitest.json
Vitest resources: 14.04s wall, 738.7 MiB peak sampled process-group RSS (sampled ceiling 1536 MiB). Teardown verified.
Raptor 3 g4-transport-seed-batch (subject candidate, qualifying) contract gate verified. Evidence: /private/tmp/viborm-g4-lane-tmp-2/viborm-raptor3-g0-oOSP4Y

 RUN  v3.1.4 /private/tmp/viborm-g4-lane-2

 ✓ |raptor3| tests/raptor3/g4/generation/transport-campaign.test.ts (1 test) 1777ms
   ✓ executes one complete G4 transport read seed batch  1776ms

 Test Files  1 passed (1)
      Tests  1 passed (1)
   Start at  02:34:42
   Duration  6.80s (transform 1.60s, setup 13ms, collect 2.37s, tests 1.78s, environment 0ms, prepare 36ms)

JSON report written to /private/tmp/viborm-g4-lane-tmp-2/viborm-raptor3-g0-cN6rPJ/vitest.json
Vitest resources: 13.29s wall, 743.2 MiB peak sampled process-group RSS (sampled ceiling 1536 MiB). Teardown verified.
Raptor 3 g4-transport-seed-batch (subject candidate, qualifying) contract gate verified. Evidence: /private/tmp/viborm-g4-lane-tmp-2/viborm-raptor3-g0-cN6rPJ

 RUN  v3.1.4 /private/tmp/viborm-g4-lane-2

 ✓ |raptor3| tests/raptor3/g4/generation/transport-campaign.test.ts (1 test) 1739ms
   ✓ executes one complete G4 transport read seed batch  1739ms

 Test Files  1 passed (1)
      Tests  1 passed (1)
   Start at  02:34:59
   Duration  6.02s (transform 1.38s, setup 9ms, collect 2.04s, tests 1.74s, environment 0ms, prepare 30ms)

JSON report written to /private/tmp/viborm-g4-lane-tmp-2/viborm-raptor3-g0-qgZANs/vitest.json
Vitest resources: 12.25s wall, 718.9 MiB peak sampled process-group RSS (sampled ceiling 1536 MiB). Teardown verified.
Raptor 3 g4-transport-seed-batch (subject candidate, qualifying) contract gate verified. Evidence: /private/tmp/viborm-g4-lane-tmp-2/viborm-raptor3-g0-qgZANs

 RUN  v3.1.4 /private/tmp/viborm-g4-lane-2

 ✓ |raptor3| tests/raptor3/g4/generation/transport-campaign.test.ts (1 test) 1467ms
   ✓ executes one complete G4 transport read seed batch  1466ms

 Test Files  1 passed (1)
      Tests  1 passed (1)
   Start at  02:35:15
   Duration  6.01s (transform 1.55s, setup 12ms, collect 2.32s, tests 1.47s, environment 0ms, prepare 37ms)

JSON report written to /private/tmp/viborm-g4-lane-tmp-2/viborm-raptor3-g0-7Lm3s3/vitest.json
Vitest resources: 12.27s wall, 721.8 MiB peak sampled process-group RSS (sampled ceiling 1536 MiB). Teardown verified.
Raptor 3 g4-transport-seed-batch (subject candidate, qualifying) contract gate verified. Evidence: /private/tmp/viborm-g4-lane-tmp-2/viborm-raptor3-g0-7Lm3s3

 RUN  v3.1.4 /private/tmp/viborm-g4-lane-2

 ✓ |raptor3| tests/raptor3/g4/generation/transport-campaign.test.ts (1 test) 1817ms
   ✓ executes one complete G4 transport read seed batch  1816ms

 Test Files  1 passed (1)
      Tests  1 passed (1)
   Start at  02:35:31
   Duration  6.31s (transform 1.47s, setup 9ms, collect 2.21s, tests 1.82s, environment 0ms, prepare 33ms)

JSON report written to /private/tmp/viborm-g4-lane-tmp-2/viborm-raptor3-g0-P1onPK/vitest.json
Vitest resources: 12.46s wall, 755.5 MiB peak sampled process-group RSS (sampled ceiling 1536 MiB). Teardown verified.
Raptor 3 g4-transport-seed-batch (subject candidate, qualifying) contract gate verified. Evidence: /private/tmp/viborm-g4-lane-tmp-2/viborm-raptor3-g0-P1onPK

 RUN  v3.1.4 /private/tmp/viborm-g4-lane-2

 ✓ |raptor3| tests/raptor3/g4/generation/transport-campaign.test.ts (1 test) 2004ms
   ✓ executes one complete G4 transport read seed batch  2003ms

 Test Files  1 passed (1)
      Tests  1 passed (1)
   Start at  02:35:48
   Duration  6.18s (transform 1.43s, setup 8ms, collect 2.11s, tests 2.00s, environment 0ms, prepare 36ms)

JSON report written to /private/tmp/viborm-g4-lane-tmp-2/viborm-raptor3-g0-LrpoMD/vitest.json
Vitest resources: 13.90s wall, 724.6 MiB peak sampled process-group RSS (sampled ceiling 1536 MiB). Teardown verified.
Raptor 3 g4-transport-seed-batch (subject candidate, qualifying) contract gate verified. Evidence: /private/tmp/viborm-g4-lane-tmp-2/viborm-raptor3-g0-LrpoMD

 RUN  v3.1.4 /private/tmp/viborm-g4-lane-2

 ✓ |raptor3| tests/raptor3/g4/generation/transport-campaign.test.ts (1 test) 1516ms
   ✓ executes one complete G4 transport read seed batch  1516ms

 Test Files  1 passed (1)
      Tests  1 passed (1)
   Start at  02:36:04
   Duration  5.30s (transform 1.27s, setup 9ms, collect 1.90s, tests 1.52s, environment 0ms, prepare 35ms)

JSON report written to /private/tmp/viborm-g4-lane-tmp-2/viborm-raptor3-g0-a74z3n/vitest.json
Vitest resources: 12.21s wall, 751.3 MiB peak sampled process-group RSS (sampled ceiling 1536 MiB). Teardown verified.
Raptor 3 g4-transport-seed-batch (subject candidate, qualifying) contract gate verified. Evidence: /private/tmp/viborm-g4-lane-tmp-2/viborm-raptor3-g0-a74z3n

 RUN  v3.1.4 /private/tmp/viborm-g4-lane-2

 ✓ |raptor3| tests/raptor3/g4/generation/transport-campaign.test.ts (1 test) 1663ms
   ✓ executes one complete G4 transport read seed batch  1663ms

 Test Files  1 passed (1)
      Tests  1 passed (1)
   Start at  02:36:21
   Duration  5.93s (transform 1.44s, setup 12ms, collect 2.14s, tests 1.66s, environment 0ms, prepare 42ms)

JSON report written to /private/tmp/viborm-g4-lane-tmp-2/viborm-raptor3-g0-Ea0ARq/vitest.json
Vitest resources: 13.37s wall, 738.3 MiB peak sampled process-group RSS (sampled ceiling 1536 MiB). Teardown verified.
Raptor 3 g4-transport-seed-batch (subject candidate, qualifying) contract gate verified. Evidence: /private/tmp/viborm-g4-lane-tmp-2/viborm-raptor3-g0-Ea0ARq

 RUN  v3.1.4 /private/tmp/viborm-g4-lane-2

 ✓ |raptor3| tests/raptor3/g4/generation/transport-campaign.test.ts (1 test) 1596ms
   ✓ executes one complete G4 transport read seed batch  1596ms

 Test Files  1 passed (1)
      Tests  1 passed (1)
   Start at  02:36:37
   Duration  5.40s (transform 1.41s, setup 9ms, collect 2.09s, tests 1.60s, environment 0ms, prepare 35ms)

JSON report written to /private/tmp/viborm-g4-lane-tmp-2/viborm-raptor3-g0-N2qL2E/vitest.json
Vitest resources: 13.15s wall, 724.0 MiB peak sampled process-group RSS (sampled ceiling 1536 MiB). Teardown verified.
Raptor 3 g4-transport-seed-batch (subject candidate, qualifying) contract gate verified. Evidence: /private/tmp/viborm-g4-lane-tmp-2/viborm-raptor3-g0-N2qL2E

 RUN  v3.1.4 /private/tmp/viborm-g4-lane-2

 ✓ |raptor3| tests/raptor3/g4/generation/transport-campaign.test.ts (1 test) 1644ms
   ✓ executes one complete G4 transport read seed batch  1644ms

 Test Files  1 passed (1)
      Tests  1 passed (1)
   Start at  02:36:53
   Duration  6.19s (transform 1.41s, setup 15ms, collect 2.09s, tests 1.64s, environment 0ms, prepare 48ms)

JSON report written to /private/tmp/viborm-g4-lane-tmp-2/viborm-raptor3-g0-gABGld/vitest.json
Vitest resources: 12.68s wall, 734.0 MiB peak sampled process-group RSS (sampled ceiling 1536 MiB). Teardown verified.
Raptor 3 g4-transport-seed-batch (subject candidate, qualifying) contract gate verified. Evidence: /private/tmp/viborm-g4-lane-tmp-2/viborm-raptor3-g0-gABGld

 RUN  v3.1.4 /private/tmp/viborm-g4-lane-2

 ✓ |raptor3| tests/raptor3/g4/generation/transport-campaign.test.ts (1 test) 2010ms
   ✓ executes one complete G4 transport read seed batch  2009ms

 Test Files  1 passed (1)
      Tests  1 passed (1)
   Start at  02:37:08
   Duration  6.58s (transform 1.52s, setup 8ms, collect 2.27s, tests 2.01s, environment 0ms, prepare 36ms)

JSON report written to /private/tmp/viborm-g4-lane-tmp-2/viborm-raptor3-g0-dIlQfb/vitest.json
Vitest resources: 13.30s wall, 753.4 MiB peak sampled process-group RSS (sampled ceiling 1536 MiB). Teardown verified.
Raptor 3 g4-transport-seed-batch (subject candidate, qualifying) contract gate verified. Evidence: /private/tmp/viborm-g4-lane-tmp-2/viborm-raptor3-g0-dIlQfb

 RUN  v3.1.4 /private/tmp/viborm-g4-lane-2

 ✓ |raptor3| tests/raptor3/g4/generation/transport-campaign.test.ts (1 test) 1548ms
   ✓ executes one complete G4 transport read seed batch  1547ms

 Test Files  1 passed (1)
      Tests  1 passed (1)
   Start at  02:37:23
   Duration  5.89s (transform 1.48s, setup 11ms, collect 2.22s, tests 1.55s, environment 0ms, prepare 42ms)

JSON report written to /private/tmp/viborm-g4-lane-tmp-2/viborm-raptor3-g0-8SOL57/vitest.json
Vitest resources: 11.32s wall, 742.9 MiB peak sampled process-group RSS (sampled ceiling 1536 MiB). Teardown verified.
Raptor 3 g4-transport-seed-batch (subject candidate, qualifying) contract gate verified. Evidence: /private/tmp/viborm-g4-lane-tmp-2/viborm-raptor3-g0-8SOL57

 RUN  v3.1.4 /private/tmp/viborm-g4-lane-2

 ✓ |raptor3| tests/raptor3/g4/generation/transport-campaign.test.ts (1 test) 1888ms
   ✓ executes one complete G4 transport read seed batch  1888ms

 Test Files  1 passed (1)
      Tests  1 passed (1)
   Start at  02:37:38
   Duration  6.10s (transform 1.57s, setup 10ms, collect 2.31s, tests 1.89s, environment 0ms, prepare 45ms)

JSON report written to /private/tmp/viborm-g4-lane-tmp-2/viborm-raptor3-g0-8lZ07I/vitest.json
Vitest resources: 12.13s wall, 773.6 MiB peak sampled process-group RSS (sampled ceiling 1536 MiB). Teardown verified.
Raptor 3 g4-transport-seed-batch (subject candidate, qualifying) contract gate verified. Evidence: /private/tmp/viborm-g4-lane-tmp-2/viborm-raptor3-g0-8lZ07I

 RUN  v3.1.4 /private/tmp/viborm-g4-lane-2

 ✓ |raptor3| tests/raptor3/g4/generation/transport-campaign.test.ts (1 test) 1689ms
   ✓ executes one complete G4 transport read seed batch  1689ms

 Test Files  1 passed (1)
      Tests  1 passed (1)
   Start at  02:37:52
   Duration  5.72s (transform 1.53s, setup 14ms, collect 2.29s, tests 1.69s, environment 0ms, prepare 43ms)

JSON report written to /private/tmp/viborm-g4-lane-tmp-2/viborm-raptor3-g0-2DdSDu/vitest.json
Vitest resources: 11.53s wall, 743.8 MiB peak sampled process-group RSS (sampled ceiling 1536 MiB). Teardown verified.
Raptor 3 g4-transport-seed-batch (subject candidate, qualifying) contract gate verified. Evidence: /private/tmp/viborm-g4-lane-tmp-2/viborm-raptor3-g0-2DdSDu

 RUN  v3.1.4 /private/tmp/viborm-g4-lane-2

 ✓ |raptor3| tests/raptor3/g4/generation/transport-campaign.test.ts (1 test) 1835ms
   ✓ executes one complete G4 transport read seed batch  1835ms

 Test Files  1 passed (1)
      Tests  1 passed (1)
   Start at  02:38:06
   Duration  5.81s (transform 1.44s, setup 9ms, collect 2.15s, tests 1.84s, environment 0ms, prepare 36ms)

JSON report written to /private/tmp/viborm-g4-lane-tmp-2/viborm-raptor3-g0-BE7KlE/vitest.json
Vitest resources: 11.66s wall, 750.0 MiB peak sampled process-group RSS (sampled ceiling 1536 MiB). Teardown verified.
Raptor 3 g4-transport-seed-batch (subject candidate, qualifying) contract gate verified. Evidence: /private/tmp/viborm-g4-lane-tmp-2/viborm-raptor3-g0-BE7KlE

 RUN  v3.1.4 /private/tmp/viborm-g4-lane-2

 ✓ |raptor3| tests/raptor3/g4/generation/transport-campaign.test.ts (1 test) 1892ms
   ✓ executes one complete G4 transport read seed batch  1892ms

 Test Files  1 passed (1)
      Tests  1 passed (1)
   Start at  02:38:21
   Duration  5.76s (transform 1.45s, setup 8ms, collect 2.14s, tests 1.89s, environment 0ms, prepare 36ms)

JSON report written to /private/tmp/viborm-g4-lane-tmp-2/viborm-raptor3-g0-QUgeS5/vitest.json
Vitest resources: 12.22s wall, 740.1 MiB peak sampled process-group RSS (sampled ceiling 1536 MiB). Teardown verified.
Raptor 3 g4-transport-seed-batch (subject candidate, qualifying) contract gate verified. Evidence: /private/tmp/viborm-g4-lane-tmp-2/viborm-raptor3-g0-QUgeS5

 RUN  v3.1.4 /private/tmp/viborm-g4-lane-2

 ✓ |raptor3| tests/raptor3/g4/generation/transport-campaign.test.ts (1 test) 1888ms
   ✓ executes one complete G4 transport read seed batch  1887ms

 Test Files  1 passed (1)
      Tests  1 passed (1)
   Start at  02:38:34
   Duration  6.21s (transform 1.39s, setup 10ms, collect 2.05s, tests 1.89s, environment 0ms, prepare 33ms)

JSON report written to /private/tmp/viborm-g4-lane-tmp-2/viborm-raptor3-g0-TEnBWu/vitest.json
Vitest resources: 11.00s wall, 759.6 MiB peak sampled process-group RSS (sampled ceiling 1536 MiB). Teardown verified.
Raptor 3 g4-transport-seed-batch (subject candidate, qualifying) contract gate verified. Evidence: /private/tmp/viborm-g4-lane-tmp-2/viborm-raptor3-g0-TEnBWu

 RUN  v3.1.4 /private/tmp/viborm-g4-lane-2

 ✓ |raptor3| tests/raptor3/g4/generation/transport-campaign.test.ts (1 test) 1725ms
   ✓ executes one complete G4 transport read seed batch  1725ms

 Test Files  1 passed (1)
      Tests  1 passed (1)
   Start at  02:38:49
   Duration  5.49s (transform 1.41s, setup 9ms, collect 2.08s, tests 1.73s, environment 0ms, prepare 31ms)

JSON report written to /private/tmp/viborm-g4-lane-tmp-2/viborm-raptor3-g0-hv7inz/vitest.json
Vitest resources: 11.78s wall, 736.0 MiB peak sampled process-group RSS (sampled ceiling 1536 MiB). Teardown verified.
Raptor 3 g4-transport-seed-batch (subject candidate, qualifying) contract gate verified. Evidence: /private/tmp/viborm-g4-lane-tmp-2/viborm-raptor3-g0-hv7inz

 RUN  v3.1.4 /private/tmp/viborm-g4-lane-2

 ✓ |raptor3| tests/raptor3/g4/generation/transport-campaign.test.ts (1 test) 1850ms
   ✓ executes one complete G4 transport read seed batch  1849ms

 Test Files  1 passed (1)
      Tests  1 passed (1)
   Start at  02:39:02
   Duration  5.98s (transform 1.40s, setup 8ms, collect 2.04s, tests 1.85s, environment 0ms, prepare 27ms)

JSON report written to /private/tmp/viborm-g4-lane-tmp-2/viborm-raptor3-g0-qJ7HEg/vitest.json
Vitest resources: 11.59s wall, 761.5 MiB peak sampled process-group RSS (sampled ceiling 1536 MiB). Teardown verified.
Raptor 3 g4-transport-seed-batch (subject candidate, qualifying) contract gate verified. Evidence: /private/tmp/viborm-g4-lane-tmp-2/viborm-raptor3-g0-qJ7HEg

 RUN  v3.1.4 /private/tmp/viborm-g4-lane-2

 ✓ |raptor3| tests/raptor3/g4/generation/transport-campaign.test.ts (1 test) 1938ms
   ✓ executes one complete G4 transport read seed batch  1938ms

 Test Files  1 passed (1)
      Tests  1 passed (1)
   Start at  02:39:17
   Duration  5.96s (transform 1.51s, setup 9ms, collect 2.23s, tests 1.94s, environment 0ms, prepare 37ms)

JSON report written to /private/tmp/viborm-g4-lane-tmp-2/viborm-raptor3-g0-a9jpJt/vitest.json
Vitest resources: 11.62s wall, 758.2 MiB peak sampled process-group RSS (sampled ceiling 1536 MiB). Teardown verified.
Raptor 3 g4-transport-seed-batch (subject candidate, qualifying) contract gate verified. Evidence: /private/tmp/viborm-g4-lane-tmp-2/viborm-raptor3-g0-a9jpJt

 RUN  v3.1.4 /private/tmp/viborm-g4-lane-2

 ✓ |raptor3| tests/raptor3/g4/generation/transport-campaign.test.ts (1 test) 1657ms
   ✓ executes one complete G4 transport read seed batch  1656ms

 Test Files  1 passed (1)
      Tests  1 passed (1)
   Start at  02:39:32
   Duration  4.90s (transform 1.26s, setup 9ms, collect 1.85s, tests 1.66s, environment 0ms, prepare 39ms)

JSON report written to /private/tmp/viborm-g4-lane-tmp-2/viborm-raptor3-g0-LEt6iQ/vitest.json
Vitest resources: 11.20s wall, 747.7 MiB peak sampled process-group RSS (sampled ceiling 1536 MiB). Teardown verified.
Raptor 3 g4-transport-seed-batch (subject candidate, qualifying) contract gate verified. Evidence: /private/tmp/viborm-g4-lane-tmp-2/viborm-raptor3-g0-LEt6iQ

 RUN  v3.1.4 /private/tmp/viborm-g4-lane-2

 ✓ |raptor3| tests/raptor3/g4/generation/transport-campaign.test.ts (1 test) 1795ms
   ✓ executes one complete G4 transport read seed batch  1795ms

 Test Files  1 passed (1)
      Tests  1 passed (1)
   Start at  02:39:47
   Duration  5.24s (transform 1.32s, setup 8ms, collect 1.96s, tests 1.80s, environment 0ms, prepare 35ms)

JSON report written to /private/tmp/viborm-g4-lane-tmp-2/viborm-raptor3-g0-5fXdQ8/vitest.json
Vitest resources: 11.87s wall, 736.3 MiB peak sampled process-group RSS (sampled ceiling 1536 MiB). Teardown verified.
Raptor 3 g4-transport-seed-batch (subject candidate, qualifying) contract gate verified. Evidence: /private/tmp/viborm-g4-lane-tmp-2/viborm-raptor3-g0-5fXdQ8

 RUN  v3.1.4 /private/tmp/viborm-g4-lane-2

 ✓ |raptor3| tests/raptor3/g4/generation/transport-campaign.test.ts (1 test) 1714ms
   ✓ executes one complete G4 transport read seed batch  1714ms

 Test Files  1 passed (1)
      Tests  1 passed (1)
   Start at  02:40:01
   Duration  5.16s (transform 1.46s, setup 9ms, collect 2.17s, tests 1.71s, environment 0ms, prepare 36ms)

JSON report written to /private/tmp/viborm-g4-lane-tmp-2/viborm-raptor3-g0-cCP7b2/vitest.json
Vitest resources: 11.68s wall, 745.2 MiB peak sampled process-group RSS (sampled ceiling 1536 MiB). Teardown verified.
Raptor 3 g4-transport-seed-batch (subject candidate, qualifying) contract gate verified. Evidence: /private/tmp/viborm-g4-lane-tmp-2/viborm-raptor3-g0-cCP7b2

 RUN  v3.1.4 /private/tmp/viborm-g4-lane-2

 ✓ |raptor3| tests/raptor3/g4/generation/transport-campaign.test.ts (1 test) 1691ms
   ✓ executes one complete G4 transport read seed batch  1691ms

 Test Files  1 passed (1)
      Tests  1 passed (1)
   Start at  02:40:15
   Duration  5.86s (transform 1.47s, setup 12ms, collect 2.20s, tests 1.69s, environment 0ms, prepare 34ms)

JSON report written to /private/tmp/viborm-g4-lane-tmp-2/viborm-raptor3-g0-5pnvsS/vitest.json
Vitest resources: 11.93s wall, 736.7 MiB peak sampled process-group RSS (sampled ceiling 1536 MiB). Teardown verified.
Raptor 3 g4-transport-seed-batch (subject candidate, qualifying) contract gate verified. Evidence: /private/tmp/viborm-g4-lane-tmp-2/viborm-raptor3-g0-5pnvsS

 RUN  v3.1.4 /private/tmp/viborm-g4-lane-2

 ✓ |raptor3| tests/raptor3/g4/generation/transport-campaign.test.ts (1 test) 1906ms
   ✓ executes one complete G4 transport read seed batch  1905ms

 Test Files  1 passed (1)
      Tests  1 passed (1)
   Start at  02:40:29
   Duration  6.18s (transform 1.57s, setup 9ms, collect 2.34s, tests 1.91s, environment 0ms, prepare 31ms)

JSON report written to /private/tmp/viborm-g4-lane-tmp-2/viborm-raptor3-g0-04uXpf/vitest.json
Vitest resources: 11.65s wall, 746.3 MiB peak sampled process-group RSS (sampled ceiling 1536 MiB). Teardown verified.
Raptor 3 g4-transport-seed-batch (subject candidate, qualifying) contract gate verified. Evidence: /private/tmp/viborm-g4-lane-tmp-2/viborm-raptor3-g0-04uXpf

 RUN  v3.1.4 /private/tmp/viborm-g4-lane-2

 ✓ |raptor3| tests/raptor3/g4/generation/transport-campaign.test.ts (1 test) 1682ms
   ✓ executes one complete G4 transport read seed batch  1681ms

 Test Files  1 passed (1)
      Tests  1 passed (1)
   Start at  02:40:44
   Duration  5.78s (transform 1.56s, setup 10ms, collect 2.31s, tests 1.68s, environment 0ms, prepare 37ms)

JSON report written to /private/tmp/viborm-g4-lane-tmp-2/viborm-raptor3-g0-wR6Etu/vitest.json
Vitest resources: 11.36s wall, 740.8 MiB peak sampled process-group RSS (sampled ceiling 1536 MiB). Teardown verified.
Raptor 3 g4-transport-seed-batch (subject candidate, qualifying) contract gate verified. Evidence: /private/tmp/viborm-g4-lane-tmp-2/viborm-raptor3-g0-wR6Etu

 RUN  v3.1.4 /private/tmp/viborm-g4-lane-2

 ✓ |raptor3| tests/raptor3/g4/generation/transport-campaign.test.ts (1 test) 2032ms
   ✓ executes one complete G4 transport read seed batch  2032ms

 Test Files  1 passed (1)
      Tests  1 passed (1)
   Start at  02:40:58
   Duration  7.07s (transform 1.88s, setup 11ms, collect 2.81s, tests 2.03s, environment 0ms, prepare 35ms)

JSON report written to /private/tmp/viborm-g4-lane-tmp-2/viborm-raptor3-g0-8vScu4/vitest.json
Vitest resources: 12.82s wall, 729.2 MiB peak sampled process-group RSS (sampled ceiling 1536 MiB). Teardown verified.
Raptor 3 g4-transport-seed-batch (subject candidate, qualifying) contract gate verified. Evidence: /private/tmp/viborm-g4-lane-tmp-2/viborm-raptor3-g0-8vScu4

 RUN  v3.1.4 /private/tmp/viborm-g4-lane-2

 ✓ |raptor3| tests/raptor3/g4/generation/transport-campaign.test.ts (1 test) 1866ms
   ✓ executes one complete G4 transport read seed batch  1865ms

 Test Files  1 passed (1)
      Tests  1 passed (1)
   Start at  02:41:13
   Duration  6.56s (transform 1.89s, setup 11ms, collect 2.80s, tests 1.87s, environment 0ms, prepare 33ms)

JSON report written to /private/tmp/viborm-g4-lane-tmp-2/viborm-raptor3-g0-HgVaWV/vitest.json
Vitest resources: 12.29s wall, 765.0 MiB peak sampled process-group RSS (sampled ceiling 1536 MiB). Teardown verified.
Raptor 3 g4-transport-seed-batch (subject candidate, qualifying) contract gate verified. Evidence: /private/tmp/viborm-g4-lane-tmp-2/viborm-raptor3-g0-HgVaWV

 RUN  v3.1.4 /private/tmp/viborm-g4-lane-2

 ✓ |raptor3| tests/raptor3/g4/generation/transport-campaign.test.ts (1 test) 1831ms
   ✓ executes one complete G4 transport read seed batch  1829ms

 Test Files  1 passed (1)
      Tests  1 passed (1)
   Start at  02:41:27
   Duration  6.78s (transform 1.81s, setup 11ms, collect 2.74s, tests 1.83s, environment 0ms, prepare 37ms)

JSON report written to /private/tmp/viborm-g4-lane-tmp-2/viborm-raptor3-g0-fqlu92/vitest.json
Vitest resources: 11.67s wall, 743.5 MiB peak sampled process-group RSS (sampled ceiling 1536 MiB). Teardown verified.
Raptor 3 g4-transport-seed-batch (subject candidate, qualifying) contract gate verified. Evidence: /private/tmp/viborm-g4-lane-tmp-2/viborm-raptor3-g0-fqlu92

 RUN  v3.1.4 /private/tmp/viborm-g4-lane-2

 ✓ |raptor3| tests/raptor3/g4/generation/transport-campaign.test.ts (1 test) 1943ms
   ✓ executes one complete G4 transport read seed batch  1943ms

 Test Files  1 passed (1)
      Tests  1 passed (1)
   Start at  02:41:42
   Duration  7.25s (transform 2.12s, setup 19ms, collect 3.17s, tests 1.94s, environment 0ms, prepare 75ms)

JSON report written to /private/tmp/viborm-g4-lane-tmp-2/viborm-raptor3-g0-MwzrSm/vitest.json
Vitest resources: 13.21s wall, 675.1 MiB peak sampled process-group RSS (sampled ceiling 1536 MiB). Teardown verified.
Raptor 3 g4-transport-seed-batch (subject candidate, qualifying) contract gate verified. Evidence: /private/tmp/viborm-g4-lane-tmp-2/viborm-raptor3-g0-MwzrSm

 RUN  v3.1.4 /private/tmp/viborm-g4-lane-2

 ✓ |raptor3| tests/raptor3/g4/generation/transport-campaign.test.ts (1 test) 1826ms
   ✓ executes one complete G4 transport read seed batch  1826ms

 Test Files  1 passed (1)
      Tests  1 passed (1)
   Start at  02:41:57
   Duration  6.44s (transform 1.64s, setup 8ms, collect 2.44s, tests 1.83s, environment 0ms, prepare 27ms)

JSON report written to /private/tmp/viborm-g4-lane-tmp-2/viborm-raptor3-g0-GE1Bvq/vitest.json
Vitest resources: 11.42s wall, 754.1 MiB peak sampled process-group RSS (sampled ceiling 1536 MiB). Teardown verified.
Raptor 3 g4-transport-seed-batch (subject candidate, qualifying) contract gate verified. Evidence: /private/tmp/viborm-g4-lane-tmp-2/viborm-raptor3-g0-GE1Bvq

 RUN  v3.1.4 /private/tmp/viborm-g4-lane-2

 ✓ |raptor3| tests/raptor3/g4/generation/transport-campaign.test.ts (1 test) 1971ms
   ✓ executes one complete G4 transport read seed batch  1971ms

 Test Files  1 passed (1)
      Tests  1 passed (1)
   Start at  02:42:11
   Duration  7.06s (transform 1.81s, setup 11ms, collect 2.68s, tests 1.97s, environment 0ms, prepare 33ms)

JSON report written to /private/tmp/viborm-g4-lane-tmp-2/viborm-raptor3-g0-nyNWXz/vitest.json
Vitest resources: 11.93s wall, 741.7 MiB peak sampled process-group RSS (sampled ceiling 1536 MiB). Teardown verified.
Raptor 3 g4-transport-seed-batch (subject candidate, qualifying) contract gate verified. Evidence: /private/tmp/viborm-g4-lane-tmp-2/viborm-raptor3-g0-nyNWXz

 RUN  v3.1.4 /private/tmp/viborm-g4-lane-2

 ✓ |raptor3| tests/raptor3/g4/generation/transport-campaign.test.ts (1 test) 1908ms
   ✓ executes one complete G4 transport read seed batch  1907ms

 Test Files  1 passed (1)
      Tests  1 passed (1)
   Start at  02:42:26
   Duration  6.79s (transform 1.78s, setup 10ms, collect 2.67s, tests 1.91s, environment 0ms, prepare 33ms)

JSON report written to /private/tmp/viborm-g4-lane-tmp-2/viborm-raptor3-g0-AwWxBr/vitest.json
Vitest resources: 11.79s wall, 734.9 MiB peak sampled process-group RSS (sampled ceiling 1536 MiB). Teardown verified.
Raptor 3 g4-transport-seed-batch (subject candidate, qualifying) contract gate verified. Evidence: /private/tmp/viborm-g4-lane-tmp-2/viborm-raptor3-g0-AwWxBr

 RUN  v3.1.4 /private/tmp/viborm-g4-lane-2

 ✓ |raptor3| tests/raptor3/g4/generation/transport-campaign.test.ts (1 test) 1969ms
   ✓ executes one complete G4 transport read seed batch  1968ms

 Test Files  1 passed (1)
      Tests  1 passed (1)
   Start at  02:42:46
   Duration  6.98s (transform 1.74s, setup 11ms, collect 2.56s, tests 1.97s, environment 0ms, prepare 43ms)

JSON report written to /private/tmp/viborm-g4-lane-tmp-2/viborm-raptor3-g0-DlCXfu/vitest.json
Vitest resources: 16.46s wall, 732.1 MiB peak sampled process-group RSS (sampled ceiling 1536 MiB). Teardown verified.
Raptor 3 g4-transport-seed-batch (subject candidate, qualifying) contract gate verified. Evidence: /private/tmp/viborm-g4-lane-tmp-2/viborm-raptor3-g0-DlCXfu

 RUN  v3.1.4 /private/tmp/viborm-g4-lane-2

 ✓ |raptor3| tests/raptor3/g4/generation/transport-campaign.test.ts (1 test) 2086ms
   ✓ executes one complete G4 transport read seed batch  2085ms

 Test Files  1 passed (1)
      Tests  1 passed (1)
   Start at  02:43:05
   Duration  6.46s (transform 1.58s, setup 18ms, collect 2.32s, tests 2.09s, environment 0ms, prepare 39ms)

JSON report written to /private/tmp/viborm-g4-lane-tmp-2/viborm-raptor3-g0-M8epBa/vitest.json
Vitest resources: 14.06s wall, 745.0 MiB peak sampled process-group RSS (sampled ceiling 1536 MiB). Teardown verified.
Raptor 3 g4-transport-seed-batch (subject candidate, qualifying) contract gate verified. Evidence: /private/tmp/viborm-g4-lane-tmp-2/viborm-raptor3-g0-M8epBa

 RUN  v3.1.4 /private/tmp/viborm-g4-lane-2

 ✓ |raptor3| tests/raptor3/g4/generation/transport-campaign.test.ts (1 test) 1814ms
   ✓ executes one complete G4 transport read seed batch  1813ms

 Test Files  1 passed (1)
      Tests  1 passed (1)
   Start at  02:43:21
   Duration  5.35s (transform 1.42s, setup 10ms, collect 2.10s, tests 1.81s, environment 0ms, prepare 30ms)

JSON report written to /private/tmp/viborm-g4-lane-tmp-2/viborm-raptor3-g0-t8SM8q/vitest.json
Vitest resources: 11.01s wall, 738.3 MiB peak sampled process-group RSS (sampled ceiling 1536 MiB). Teardown verified.
Raptor 3 g4-transport-seed-batch (subject candidate, qualifying) contract gate verified. Evidence: /private/tmp/viborm-g4-lane-tmp-2/viborm-raptor3-g0-t8SM8q

 RUN  v3.1.4 /private/tmp/viborm-g4-lane-2

 ✓ |raptor3| tests/raptor3/g4/generation/transport-campaign.test.ts (1 test) 1945ms
   ✓ executes one complete G4 transport read seed batch  1944ms

 Test Files  1 passed (1)
      Tests  1 passed (1)
   Start at  02:43:35
   Duration  5.58s (transform 1.38s, setup 9ms, collect 2.04s, tests 1.94s, environment 0ms, prepare 32ms)

JSON report written to /private/tmp/viborm-g4-lane-tmp-2/viborm-raptor3-g0-zyRTHK/vitest.json
Vitest resources: 11.84s wall, 754.1 MiB peak sampled process-group RSS (sampled ceiling 1536 MiB). Teardown verified.
Raptor 3 g4-transport-seed-batch (subject candidate, qualifying) contract gate verified. Evidence: /private/tmp/viborm-g4-lane-tmp-2/viborm-raptor3-g0-zyRTHK

 RUN  v3.1.4 /private/tmp/viborm-g4-lane-2

 ✓ |raptor3| tests/raptor3/g4/generation/transport-campaign.test.ts (1 test) 2376ms
   ✓ executes one complete G4 transport read seed batch  2375ms

 Test Files  1 passed (1)
      Tests  1 passed (1)
   Start at  02:43:50
   Duration  7.16s (transform 1.81s, setup 9ms, collect 2.67s, tests 2.38s, environment 0ms, prepare 27ms)

JSON report written to /private/tmp/viborm-g4-lane-tmp-2/viborm-raptor3-g0-gaBf6x/vitest.json
Vitest resources: 13.46s wall, 757.9 MiB peak sampled process-group RSS (sampled ceiling 1536 MiB). Teardown verified.
Raptor 3 g4-transport-seed-batch (subject candidate, qualifying) contract gate verified. Evidence: /private/tmp/viborm-g4-lane-tmp-2/viborm-raptor3-g0-gaBf6x

 RUN  v3.1.4 /private/tmp/viborm-g4-lane-2

 ✓ |raptor3| tests/raptor3/g4/generation/transport-campaign.test.ts (1 test) 1902ms
   ✓ executes one complete G4 transport read seed batch  1902ms

 Test Files  1 passed (1)
      Tests  1 passed (1)
   Start at  02:44:04
   Duration  6.59s (transform 1.57s, setup 9ms, collect 2.32s, tests 1.90s, environment 0ms, prepare 32ms)

JSON report written to /private/tmp/viborm-g4-lane-tmp-2/viborm-raptor3-g0-wvr3yh/vitest.json
Vitest resources: 12.18s wall, 742.2 MiB peak sampled process-group RSS (sampled ceiling 1536 MiB). Teardown verified.
Raptor 3 g4-transport-seed-batch (subject candidate, qualifying) contract gate verified. Evidence: /private/tmp/viborm-g4-lane-tmp-2/viborm-raptor3-g0-wvr3yh

 RUN  v3.1.4 /private/tmp/viborm-g4-lane-2

 ✓ |raptor3| tests/raptor3/g4/generation/transport-campaign.test.ts (1 test) 2298ms
   ✓ executes one complete G4 transport read seed batch  2297ms

 Test Files  1 passed (1)
      Tests  1 passed (1)
   Start at  02:44:19
   Duration  6.60s (transform 1.58s, setup 9ms, collect 2.37s, tests 2.30s, environment 0ms, prepare 33ms)

JSON report written to /private/tmp/viborm-g4-lane-tmp-2/viborm-raptor3-g0-6CVn4s/vitest.json
Vitest resources: 13.10s wall, 755.3 MiB peak sampled process-group RSS (sampled ceiling 1536 MiB). Teardown verified.
Raptor 3 g4-transport-seed-batch (subject candidate, qualifying) contract gate verified. Evidence: /private/tmp/viborm-g4-lane-tmp-2/viborm-raptor3-g0-6CVn4s

 RUN  v3.1.4 /private/tmp/viborm-g4-lane-2

 ✓ |raptor3| tests/raptor3/g4/generation/transport-campaign.test.ts (1 test) 1759ms
   ✓ executes one complete G4 transport read seed batch  1759ms

 Test Files  1 passed (1)
      Tests  1 passed (1)
   Start at  02:44:33
   Duration  6.31s (transform 1.57s, setup 10ms, collect 2.33s, tests 1.76s, environment 0ms, prepare 33ms)

JSON report written to /private/tmp/viborm-g4-lane-tmp-2/viborm-raptor3-g0-IIoN4S/vitest.json
Vitest resources: 11.36s wall, 753.3 MiB peak sampled process-group RSS (sampled ceiling 1536 MiB). Teardown verified.
Raptor 3 g4-transport-seed-batch (subject candidate, qualifying) contract gate verified. Evidence: /private/tmp/viborm-g4-lane-tmp-2/viborm-raptor3-g0-IIoN4S

 RUN  v3.1.4 /private/tmp/viborm-g4-lane-2

 ✓ |raptor3| tests/raptor3/g4/generation/transport-campaign.test.ts (1 test) 1986ms
   ✓ executes one complete G4 transport read seed batch  1985ms

 Test Files  1 passed (1)
      Tests  1 passed (1)
   Start at  02:44:48
   Duration  7.01s (transform 1.93s, setup 10ms, collect 2.92s, tests 1.99s, environment 0ms, prepare 33ms)

JSON report written to /private/tmp/viborm-g4-lane-tmp-2/viborm-raptor3-g0-Szps2u/vitest.json
Vitest resources: 13.14s wall, 703.0 MiB peak sampled process-group RSS (sampled ceiling 1536 MiB). Teardown verified.
Raptor 3 g4-transport-seed-batch (subject candidate, qualifying) contract gate verified. Evidence: /private/tmp/viborm-g4-lane-tmp-2/viborm-raptor3-g0-Szps2u

 RUN  v3.1.4 /private/tmp/viborm-g4-lane-2

 ✓ |raptor3| tests/raptor3/g4/generation/transport-campaign.test.ts (1 test) 1985ms
   ✓ executes one complete G4 transport read seed batch  1984ms

 Test Files  1 passed (1)
      Tests  1 passed (1)
   Start at  02:45:03
   Duration  7.53s (transform 2.04s, setup 11ms, collect 3.01s, tests 1.98s, environment 0ms, prepare 48ms)

JSON report written to /private/tmp/viborm-g4-lane-tmp-2/viborm-raptor3-g0-mvnUPB/vitest.json
Vitest resources: 13.18s wall, 730.4 MiB peak sampled process-group RSS (sampled ceiling 1536 MiB). Teardown verified.
Raptor 3 g4-transport-seed-batch (subject candidate, qualifying) contract gate verified. Evidence: /private/tmp/viborm-g4-lane-tmp-2/viborm-raptor3-g0-mvnUPB

 RUN  v3.1.4 /private/tmp/viborm-g4-lane-2

 ✓ |raptor3| tests/raptor3/g4/generation/transport-campaign.test.ts (1 test) 2147ms
   ✓ executes one complete G4 transport read seed batch  2146ms

 Test Files  1 passed (1)
      Tests  1 passed (1)
   Start at  02:45:17
   Duration  7.28s (transform 1.94s, setup 13ms, collect 2.92s, tests 2.15s, environment 0ms, prepare 34ms)

JSON report written to /private/tmp/viborm-g4-lane-tmp-2/viborm-raptor3-g0-jXk54o/vitest.json
Vitest resources: 12.67s wall, 770.0 MiB peak sampled process-group RSS (sampled ceiling 1536 MiB). Teardown verified.
Raptor 3 g4-transport-seed-batch (subject candidate, qualifying) contract gate verified. Evidence: /private/tmp/viborm-g4-lane-tmp-2/viborm-raptor3-g0-jXk54o

 RUN  v3.1.4 /private/tmp/viborm-g4-lane-2

 ✓ |raptor3| tests/raptor3/g4/generation/transport-campaign.test.ts (1 test) 2313ms
   ✓ executes one complete G4 transport read seed batch  2313ms

 Test Files  1 passed (1)
      Tests  1 passed (1)
   Start at  02:45:32
   Duration  6.64s (transform 1.58s, setup 10ms, collect 2.33s, tests 2.31s, environment 0ms, prepare 32ms)

JSON report written to /private/tmp/viborm-g4-lane-tmp-2/viborm-raptor3-g0-88annx/vitest.json
Vitest resources: 11.82s wall, 745.6 MiB peak sampled process-group RSS (sampled ceiling 1536 MiB). Teardown verified.
Raptor 3 g4-transport-seed-batch (subject candidate, qualifying) contract gate verified. Evidence: /private/tmp/viborm-g4-lane-tmp-2/viborm-raptor3-g0-88annx

 RUN  v3.1.4 /private/tmp/viborm-g4-lane-2

 ✓ |raptor3| tests/raptor3/g4/generation/transport-campaign.test.ts (1 test) 1783ms
   ✓ executes one complete G4 transport read seed batch  1783ms

 Test Files  1 passed (1)
      Tests  1 passed (1)
   Start at  02:45:47
   Duration  5.60s (transform 1.58s, setup 10ms, collect 2.40s, tests 1.78s, environment 0ms, prepare 41ms)

JSON report written to /private/tmp/viborm-g4-lane-tmp-2/viborm-raptor3-g0-i42q9Q/vitest.json
Vitest resources: 12.54s wall, 756.6 MiB peak sampled process-group RSS (sampled ceiling 1536 MiB). Teardown verified.
Raptor 3 g4-transport-seed-batch (subject candidate, qualifying) contract gate verified. Evidence: /private/tmp/viborm-g4-lane-tmp-2/viborm-raptor3-g0-i42q9Q

 RUN  v3.1.4 /private/tmp/viborm-g4-lane-2

 ✓ |raptor3| tests/raptor3/g4/generation/transport-campaign.test.ts (1 test) 1797ms
   ✓ executes one complete G4 transport read seed batch  1797ms

 Test Files  1 passed (1)
      Tests  1 passed (1)
   Start at  02:46:00
   Duration  6.85s (transform 1.53s, setup 12ms, collect 2.27s, tests 1.80s, environment 0ms, prepare 54ms)

JSON report written to /private/tmp/viborm-g4-lane-tmp-2/viborm-raptor3-g0-f4QPIA/vitest.json
Vitest resources: 12.36s wall, 730.8 MiB peak sampled process-group RSS (sampled ceiling 1536 MiB). Teardown verified.
Raptor 3 g4-transport-seed-batch (subject candidate, qualifying) contract gate verified. Evidence: /private/tmp/viborm-g4-lane-tmp-2/viborm-raptor3-g0-f4QPIA

 RUN  v3.1.4 /private/tmp/viborm-g4-lane-2

 ✓ |raptor3| tests/raptor3/g4/generation/transport-campaign.test.ts (1 test) 1940ms
   ✓ executes one complete G4 transport read seed batch  1940ms

 Test Files  1 passed (1)
      Tests  1 passed (1)
   Start at  02:46:16
   Duration  6.80s (transform 1.69s, setup 10ms, collect 2.50s, tests 1.94s, environment 0ms, prepare 35ms)

JSON report written to /private/tmp/viborm-g4-lane-tmp-2/viborm-raptor3-g0-pKe6Fy/vitest.json
Vitest resources: 13.00s wall, 722.8 MiB peak sampled process-group RSS (sampled ceiling 1536 MiB). Teardown verified.
Raptor 3 g4-transport-seed-batch (subject candidate, qualifying) contract gate verified. Evidence: /private/tmp/viborm-g4-lane-tmp-2/viborm-raptor3-g0-pKe6Fy

 RUN  v3.1.4 /private/tmp/viborm-g4-lane-2

 ✓ |raptor3| tests/raptor3/g4/generation/transport-campaign.test.ts (1 test) 2011ms
   ✓ executes one complete G4 transport read seed batch  2010ms

 Test Files  1 passed (1)
      Tests  1 passed (1)
   Start at  02:46:31
   Duration  6.15s (transform 1.29s, setup 9ms, collect 1.90s, tests 2.01s, environment 0ms, prepare 27ms)

JSON report written to /private/tmp/viborm-g4-lane-tmp-2/viborm-raptor3-g0-97j2rl/vitest.json
Vitest resources: 11.35s wall, 744.1 MiB peak sampled process-group RSS (sampled ceiling 1536 MiB). Teardown verified.
Raptor 3 g4-transport-seed-batch (subject candidate, qualifying) contract gate verified. Evidence: /private/tmp/viborm-g4-lane-tmp-2/viborm-raptor3-g0-97j2rl

 RUN  v3.1.4 /private/tmp/viborm-g4-lane-2

 ✓ |raptor3| tests/raptor3/g4/generation/transport-campaign.test.ts (1 test) 1762ms
   ✓ executes one complete G4 transport read seed batch  1762ms

 Test Files  1 passed (1)
      Tests  1 passed (1)
   Start at  02:46:46
   Duration  5.55s (transform 1.36s, setup 9ms, collect 1.99s, tests 1.76s, environment 0ms, prepare 29ms)

JSON report written to /private/tmp/viborm-g4-lane-tmp-2/viborm-raptor3-g0-OJikAT/vitest.json
Vitest resources: 10.73s wall, 751.5 MiB peak sampled process-group RSS (sampled ceiling 1536 MiB). Teardown verified.
Raptor 3 g4-transport-seed-batch (subject candidate, qualifying) contract gate verified. Evidence: /private/tmp/viborm-g4-lane-tmp-2/viborm-raptor3-g0-OJikAT

 RUN  v3.1.4 /private/tmp/viborm-g4-lane-2

 ✓ |raptor3| tests/raptor3/g4/generation/transport-campaign.test.ts (1 test) 1735ms
   ✓ executes one complete G4 transport read seed batch  1734ms

 Test Files  1 passed (1)
      Tests  1 passed (1)
   Start at  02:47:01
   Duration  5.37s (transform 1.39s, setup 11ms, collect 2.08s, tests 1.73s, environment 0ms, prepare 34ms)

JSON report written to /private/tmp/viborm-g4-lane-tmp-2/viborm-raptor3-g0-MswEs8/vitest.json
Vitest resources: 11.43s wall, 726.7 MiB peak sampled process-group RSS (sampled ceiling 1536 MiB). Teardown verified.
Raptor 3 g4-transport-seed-batch (subject candidate, qualifying) contract gate verified. Evidence: /private/tmp/viborm-g4-lane-tmp-2/viborm-raptor3-g0-MswEs8

 RUN  v3.1.4 /private/tmp/viborm-g4-lane-2

 ✓ |raptor3| tests/raptor3/g4/generation/transport-campaign.test.ts (1 test) 1838ms
   ✓ executes one complete G4 transport read seed batch  1837ms

 Test Files  1 passed (1)
      Tests  1 passed (1)
   Start at  02:47:15
   Duration  5.98s (transform 1.47s, setup 10ms, collect 2.17s, tests 1.84s, environment 0ms, prepare 35ms)

JSON report written to /private/tmp/viborm-g4-lane-tmp-2/viborm-raptor3-g0-HYwPNq/vitest.json
Vitest resources: 11.87s wall, 738.3 MiB peak sampled process-group RSS (sampled ceiling 1536 MiB). Teardown verified.
Raptor 3 g4-transport-seed-batch (subject candidate, qualifying) contract gate verified. Evidence: /private/tmp/viborm-g4-lane-tmp-2/viborm-raptor3-g0-HYwPNq

 RUN  v3.1.4 /private/tmp/viborm-g4-lane-2

 ✓ |raptor3| tests/raptor3/g4/generation/transport-campaign.test.ts (1 test) 2529ms
   ✓ executes one complete G4 transport read seed batch  2528ms

 Test Files  1 passed (1)
      Tests  1 passed (1)
   Start at  02:47:28
   Duration  7.14s (transform 1.62s, setup 10ms, collect 2.40s, tests 2.53s, environment 0ms, prepare 34ms)

JSON report written to /private/tmp/viborm-g4-lane-tmp-2/viborm-raptor3-g0-4PD2TT/vitest.json
Vitest resources: 12.80s wall, 754.8 MiB peak sampled process-group RSS (sampled ceiling 1536 MiB). Teardown verified.
Raptor 3 g4-transport-seed-batch (subject candidate, qualifying) contract gate verified. Evidence: /private/tmp/viborm-g4-lane-tmp-2/viborm-raptor3-g0-4PD2TT

 RUN  v3.1.4 /private/tmp/viborm-g4-lane-2

 ✓ |raptor3| tests/raptor3/g4/generation/transport-campaign.test.ts (1 test) 1813ms
   ✓ executes one complete G4 transport read seed batch  1813ms

 Test Files  1 passed (1)
      Tests  1 passed (1)
   Start at  02:47:42
   Duration  5.78s (transform 1.61s, setup 11ms, collect 2.37s, tests 1.81s, environment 0ms, prepare 33ms)

JSON report written to /private/tmp/viborm-g4-lane-tmp-2/viborm-raptor3-g0-OpglBS/vitest.json
Vitest resources: 9.99s wall, 746.8 MiB peak sampled process-group RSS (sampled ceiling 1536 MiB). Teardown verified.
Raptor 3 g4-transport-seed-batch (subject candidate, qualifying) contract gate verified. Evidence: /private/tmp/viborm-g4-lane-tmp-2/viborm-raptor3-g0-OpglBS

 RUN  v3.1.4 /private/tmp/viborm-g4-lane-2

 ✓ |raptor3| tests/raptor3/g4/generation/transport-campaign.test.ts (1 test) 1673ms
   ✓ executes one complete G4 transport read seed batch  1673ms

 Test Files  1 passed (1)
      Tests  1 passed (1)
   Start at  02:47:54
   Duration  5.14s (transform 1.42s, setup 10ms, collect 2.14s, tests 1.67s, environment 0ms, prepare 30ms)

JSON report written to /private/tmp/viborm-g4-lane-tmp-2/viborm-raptor3-g0-ommJ5W/vitest.json
Vitest resources: 9.16s wall, 747.0 MiB peak sampled process-group RSS (sampled ceiling 1536 MiB). Teardown verified.
Raptor 3 g4-transport-seed-batch (subject candidate, qualifying) contract gate verified. Evidence: /private/tmp/viborm-g4-lane-tmp-2/viborm-raptor3-g0-ommJ5W

 RUN  v3.1.4 /private/tmp/viborm-g4-lane-2

 ✓ |raptor3| tests/raptor3/g4/generation/transport-campaign.test.ts (1 test) 1657ms
   ✓ executes one complete G4 transport read seed batch  1657ms

 Test Files  1 passed (1)
      Tests  1 passed (1)
   Start at  02:48:06
   Duration  4.87s (transform 1.32s, setup 9ms, collect 1.96s, tests 1.66s, environment 0ms, prepare 28ms)

JSON report written to /private/tmp/viborm-g4-lane-tmp-2/viborm-raptor3-g0-3BDVZ1/vitest.json
Vitest resources: 9.73s wall, 754.1 MiB peak sampled process-group RSS (sampled ceiling 1536 MiB). Teardown verified.
Raptor 3 g4-transport-seed-batch (subject candidate, qualifying) contract gate verified. Evidence: /private/tmp/viborm-g4-lane-tmp-2/viborm-raptor3-g0-3BDVZ1

 RUN  v3.1.4 /private/tmp/viborm-g4-lane-2

 ✓ |raptor3| tests/raptor3/g4/generation/transport-campaign.test.ts (1 test) 1554ms
   ✓ executes one complete G4 transport read seed batch  1554ms

 Test Files  1 passed (1)
      Tests  1 passed (1)
   Start at  02:48:19
   Duration  5.08s (transform 1.48s, setup 9ms, collect 2.21s, tests 1.55s, environment 0ms, prepare 29ms)

JSON report written to /private/tmp/viborm-g4-lane-tmp-2/viborm-raptor3-g0-YTpRyG/vitest.json
Vitest resources: 9.79s wall, 739.3 MiB peak sampled process-group RSS (sampled ceiling 1536 MiB). Teardown verified.
Raptor 3 g4-transport-seed-batch (subject candidate, qualifying) contract gate verified. Evidence: /private/tmp/viborm-g4-lane-tmp-2/viborm-raptor3-g0-YTpRyG

 RUN  v3.1.4 /private/tmp/viborm-g4-lane-2

 ✓ |raptor3| tests/raptor3/g4/generation/transport-campaign.test.ts (1 test) 2096ms
   ✓ executes one complete G4 transport read seed batch  2095ms

 Test Files  1 passed (1)
      Tests  1 passed (1)
   Start at  02:48:30
   Duration  5.69s (transform 1.53s, setup 12ms, collect 2.26s, tests 2.10s, environment 0ms, prepare 31ms)

JSON report written to /private/tmp/viborm-g4-lane-tmp-2/viborm-raptor3-g0-u6y18X/vitest.json
Vitest resources: 10.96s wall, 758.9 MiB peak sampled process-group RSS (sampled ceiling 1536 MiB). Teardown verified.
Raptor 3 g4-transport-seed-batch (subject candidate, qualifying) contract gate verified. Evidence: /private/tmp/viborm-g4-lane-tmp-2/viborm-raptor3-g0-u6y18X

 RUN  v3.1.4 /private/tmp/viborm-g4-lane-2

 ✓ |raptor3| tests/raptor3/g4/generation/transport-campaign.test.ts (1 test) 1626ms
   ✓ executes one complete G4 transport read seed batch  1626ms

 Test Files  1 passed (1)
      Tests  1 passed (1)
   Start at  02:48:41
   Duration  5.92s (transform 1.54s, setup 9ms, collect 2.26s, tests 1.63s, environment 0ms, prepare 33ms)

JSON report written to /private/tmp/viborm-g4-lane-tmp-2/viborm-raptor3-g0-N6dvfS/vitest.json
Vitest resources: 9.99s wall, 739.6 MiB peak sampled process-group RSS (sampled ceiling 1536 MiB). Teardown verified.
Raptor 3 g4-transport-seed-batch (subject candidate, qualifying) contract gate verified. Evidence: /private/tmp/viborm-g4-lane-tmp-2/viborm-raptor3-g0-N6dvfS

 RUN  v3.1.4 /private/tmp/viborm-g4-lane-2

 ✓ |raptor3| tests/raptor3/g4/generation/transport-campaign.test.ts (1 test) 1654ms
   ✓ executes one complete G4 transport read seed batch  1653ms

 Test Files  1 passed (1)
      Tests  1 passed (1)
   Start at  02:48:54
   Duration  16.31s (transform 1.33s, setup 11ms, collect 1.94s, tests 1.65s, environment 0ms, prepare 31ms)

JSON report written to /private/tmp/viborm-g4-lane-tmp-2/viborm-raptor3-g0-n5jIjh/vitest.json
Vitest resources: 20.77s wall, 728.8 MiB peak sampled process-group RSS (sampled ceiling 1536 MiB). Teardown verified.
Raptor 3 g4-transport-seed-batch (subject candidate, qualifying) contract gate verified. Evidence: /private/tmp/viborm-g4-lane-tmp-2/viborm-raptor3-g0-n5jIjh

 RUN  v3.1.4 /private/tmp/viborm-g4-lane-2

 ✓ |raptor3| tests/raptor3/g4/generation/transport-campaign.test.ts (1 test) 1487ms
   ✓ executes one complete G4 transport read seed batch  1486ms

 Test Files  1 passed (1)
      Tests  1 passed (1)
   Start at  02:49:16
   Duration  3.94s (transform 1.30s, setup 9ms, collect 1.92s, tests 1.49s, environment 0ms, prepare 31ms)

JSON report written to /private/tmp/viborm-g4-lane-tmp-2/viborm-raptor3-g0-XNujc3/vitest.json
Vitest resources: 8.15s wall, 753.4 MiB peak sampled process-group RSS (sampled ceiling 1536 MiB). Teardown verified.
Raptor 3 g4-transport-seed-batch (subject candidate, qualifying) contract gate verified. Evidence: /private/tmp/viborm-g4-lane-tmp-2/viborm-raptor3-g0-XNujc3

 RUN  v3.1.4 /private/tmp/viborm-g4-lane-2

 ✓ |raptor3| tests/raptor3/g4/generation/transport-campaign.test.ts (1 test) 1585ms
   ✓ executes one complete G4 transport read seed batch  1585ms

 Test Files  1 passed (1)
      Tests  1 passed (1)
   Start at  02:49:25
   Duration  15.89s (transform 1.33s, setup 10ms, collect 1.96s, tests 1.59s, environment 0ms, prepare 31ms)

JSON report written to /private/tmp/viborm-g4-lane-tmp-2/viborm-raptor3-g0-ndKVns/vitest.json
Vitest resources: 19.52s wall, 734.1 MiB peak sampled process-group RSS (sampled ceiling 1536 MiB). Teardown verified.
Raptor 3 g4-transport-seed-batch (subject candidate, qualifying) contract gate verified. Evidence: /private/tmp/viborm-g4-lane-tmp-2/viborm-raptor3-g0-ndKVns

 RUN  v3.1.4 /private/tmp/viborm-g4-lane-2

 ✓ |raptor3| tests/raptor3/g4/generation/transport-campaign.test.ts (1 test) 1467ms
   ✓ executes one complete G4 transport read seed batch  1466ms

 Test Files  1 passed (1)
      Tests  1 passed (1)
   Start at  02:49:46
   Duration  4.65s (transform 1.36s, setup 9ms, collect 2.02s, tests 1.47s, environment 0ms, prepare 28ms)

JSON report written to /private/tmp/viborm-g4-lane-tmp-2/viborm-raptor3-g0-ctC2oX/vitest.json
Vitest resources: 8.45s wall, 728.5 MiB peak sampled process-group RSS (sampled ceiling 1536 MiB). Teardown verified.
Raptor 3 g4-transport-seed-batch (subject candidate, qualifying) contract gate verified. Evidence: /private/tmp/viborm-g4-lane-tmp-2/viborm-raptor3-g0-ctC2oX

 RUN  v3.1.4 /private/tmp/viborm-g4-lane-2

 ✓ |raptor3| tests/raptor3/g4/generation/transport-campaign.test.ts (1 test) 1780ms
   ✓ executes one complete G4 transport read seed batch  1780ms

 Test Files  1 passed (1)
      Tests  1 passed (1)
   Start at  02:49:55
   Duration  5.03s (transform 1.43s, setup 9ms, collect 2.11s, tests 1.78s, environment 0ms, prepare 29ms)

JSON report written to /private/tmp/viborm-g4-lane-tmp-2/viborm-raptor3-g0-A32fJ9/vitest.json
Vitest resources: 8.39s wall, 761.8 MiB peak sampled process-group RSS (sampled ceiling 1536 MiB). Teardown verified.
Raptor 3 g4-transport-seed-batch (subject candidate, qualifying) contract gate verified. Evidence: /private/tmp/viborm-g4-lane-tmp-2/viborm-raptor3-g0-A32fJ9

 RUN  v3.1.4 /private/tmp/viborm-g4-lane-2

 ✓ |raptor3| tests/raptor3/g4/generation/transport-campaign.test.ts (1 test) 1743ms
   ✓ executes one complete G4 transport read seed batch  1742ms

 Test Files  1 passed (1)
      Tests  1 passed (1)
   Start at  02:50:04
   Duration  4.31s (transform 1.34s, setup 9ms, collect 1.97s, tests 1.74s, environment 0ms, prepare 32ms)

JSON report written to /private/tmp/viborm-g4-lane-tmp-2/viborm-raptor3-g0-2CAg0p/vitest.json
Vitest resources: 7.57s wall, 741.7 MiB peak sampled process-group RSS (sampled ceiling 1536 MiB). Teardown verified.
Raptor 3 g4-transport-seed-batch (subject candidate, qualifying) contract gate verified. Evidence: /private/tmp/viborm-g4-lane-tmp-2/viborm-raptor3-g0-2CAg0p

 RUN  v3.1.4 /private/tmp/viborm-g4-lane-2

 ✓ |raptor3| tests/raptor3/g4/generation/transport-campaign.test.ts (1 test) 1629ms
   ✓ executes one complete G4 transport read seed batch  1629ms

 Test Files  1 passed (1)
      Tests  1 passed (1)
   Start at  02:50:14
   Duration  4.57s (transform 1.67s, setup 13ms, collect 2.51s, tests 1.63s, environment 0ms, prepare 38ms)

JSON report written to /private/tmp/viborm-g4-lane-tmp-2/viborm-raptor3-g0-rRi7zd/vitest.json
Vitest resources: 8.86s wall, 758.6 MiB peak sampled process-group RSS (sampled ceiling 1536 MiB). Teardown verified.
Raptor 3 g4-transport-seed-batch (subject candidate, qualifying) contract gate verified. Evidence: /private/tmp/viborm-g4-lane-tmp-2/viborm-raptor3-g0-rRi7zd

 RUN  v3.1.4 /private/tmp/viborm-g4-lane-2

 ✓ |raptor3| tests/raptor3/g4/generation/transport-campaign.test.ts (1 test) 1726ms
   ✓ executes one complete G4 transport read seed batch  1725ms

 Test Files  1 passed (1)
      Tests  1 passed (1)
   Start at  02:50:22
   Duration  4.87s (transform 1.45s, setup 9ms, collect 2.12s, tests 1.73s, environment 0ms, prepare 29ms)

JSON report written to /private/tmp/viborm-g4-lane-tmp-2/viborm-raptor3-g0-UldW2u/vitest.json
Vitest resources: 8.42s wall, 749.1 MiB peak sampled process-group RSS (sampled ceiling 1536 MiB). Teardown verified.
Raptor 3 g4-transport-seed-batch (subject candidate, qualifying) contract gate verified. Evidence: /private/tmp/viborm-g4-lane-tmp-2/viborm-raptor3-g0-UldW2u

 RUN  v3.1.4 /private/tmp/viborm-g4-lane-2

 ✓ |raptor3| tests/raptor3/g4/generation/transport-campaign.test.ts (1 test) 1777ms
   ✓ executes one complete G4 transport read seed batch  1776ms

 Test Files  1 passed (1)
      Tests  1 passed (1)
   Start at  02:50:32
   Duration  4.72s (transform 1.43s, setup 9ms, collect 2.08s, tests 1.78s, environment 0ms, prepare 32ms)

JSON report written to /private/tmp/viborm-g4-lane-tmp-2/viborm-raptor3-g0-Jny6H1/vitest.json
Vitest resources: 8.56s wall, 730.5 MiB peak sampled process-group RSS (sampled ceiling 1536 MiB). Teardown verified.
Raptor 3 g4-transport-seed-batch (subject candidate, qualifying) contract gate verified. Evidence: /private/tmp/viborm-g4-lane-tmp-2/viborm-raptor3-g0-Jny6H1

 RUN  v3.1.4 /private/tmp/viborm-g4-lane-2

 ✓ |raptor3| tests/raptor3/g4/generation/transport-campaign.test.ts (1 test) 1701ms
   ✓ executes one complete G4 transport read seed batch  1701ms

 Test Files  1 passed (1)
      Tests  1 passed (1)
   Start at  02:50:42
   Duration  4.07s (transform 1.46s, setup 10ms, collect 2.17s, tests 1.70s, environment 0ms, prepare 31ms)

JSON report written to /private/tmp/viborm-g4-lane-tmp-2/viborm-raptor3-g0-jWCqEd/vitest.json
Vitest resources: 8.28s wall, 738.4 MiB peak sampled process-group RSS (sampled ceiling 1536 MiB). Teardown verified.
Raptor 3 g4-transport-seed-batch (subject candidate, qualifying) contract gate verified. Evidence: /private/tmp/viborm-g4-lane-tmp-2/viborm-raptor3-g0-jWCqEd

 RUN  v3.1.4 /private/tmp/viborm-g4-lane-2

 ✓ |raptor3| tests/raptor3/g4/generation/transport-campaign.test.ts (1 test) 1531ms
   ✓ executes one complete G4 transport read seed batch  1530ms

 Test Files  1 passed (1)
      Tests  1 passed (1)
   Start at  02:50:53
   Duration  4.43s (transform 1.32s, setup 10ms, collect 1.95s, tests 1.53s, environment 0ms, prepare 28ms)

JSON report written to /private/tmp/viborm-g4-lane-tmp-2/viborm-raptor3-g0-J4d2ps/vitest.json
Vitest resources: 9.02s wall, 734.5 MiB peak sampled process-group RSS (sampled ceiling 1536 MiB). Teardown verified.
Raptor 3 g4-transport-seed-batch (subject candidate, qualifying) contract gate verified. Evidence: /private/tmp/viborm-g4-lane-tmp-2/viborm-raptor3-g0-J4d2ps

 RUN  v3.1.4 /private/tmp/viborm-g4-lane-2

 ✓ |raptor3| tests/raptor3/g4/generation/transport-campaign.test.ts (1 test) 1571ms
   ✓ executes one complete G4 transport read seed batch  1571ms

 Test Files  1 passed (1)
      Tests  1 passed (1)
   Start at  02:51:03
   Duration  5.19s (transform 1.51s, setup 10ms, collect 2.22s, tests 1.57s, environment 0ms, prepare 33ms)

JSON report written to /private/tmp/viborm-g4-lane-tmp-2/viborm-raptor3-g0-l6S1Zk/vitest.json
Vitest resources: 9.39s wall, 753.2 MiB peak sampled process-group RSS (sampled ceiling 1536 MiB). Teardown verified.
Raptor 3 g4-transport-seed-batch (subject candidate, qualifying) contract gate verified. Evidence: /private/tmp/viborm-g4-lane-tmp-2/viborm-raptor3-g0-l6S1Zk

 RUN  v3.1.4 /private/tmp/viborm-g4-lane-2

 ✓ |raptor3| tests/raptor3/g4/generation/transport-campaign.test.ts (1 test) 1771ms
   ✓ executes one complete G4 transport read seed batch  1771ms

 Test Files  1 passed (1)
      Tests  1 passed (1)
   Start at  02:51:13
   Duration  5.48s (transform 1.53s, setup 10ms, collect 2.24s, tests 1.77s, environment 0ms, prepare 81ms)

JSON report written to /private/tmp/viborm-g4-lane-tmp-2/viborm-raptor3-g0-uEufv9/vitest.json
Vitest resources: 9.13s wall, 747.5 MiB peak sampled process-group RSS (sampled ceiling 1536 MiB). Teardown verified.
Raptor 3 g4-transport-seed-batch (subject candidate, qualifying) contract gate verified. Evidence: /private/tmp/viborm-g4-lane-tmp-2/viborm-raptor3-g0-uEufv9

 RUN  v3.1.4 /private/tmp/viborm-g4-lane-2

 ✓ |raptor3| tests/raptor3/g4/generation/transport-campaign.test.ts (1 test) 1637ms
   ✓ executes one complete G4 transport read seed batch  1637ms

 Test Files  1 passed (1)
      Tests  1 passed (1)
   Start at  02:51:23
   Duration  4.19s (transform 1.50s, setup 10ms, collect 2.21s, tests 1.64s, environment 0ms, prepare 36ms)

JSON report written to /private/tmp/viborm-g4-lane-tmp-2/viborm-raptor3-g0-3jbM2l/vitest.json
Vitest resources: 8.42s wall, 745.8 MiB peak sampled process-group RSS (sampled ceiling 1536 MiB). Teardown verified.
Raptor 3 g4-transport-seed-batch (subject candidate, qualifying) contract gate verified. Evidence: /private/tmp/viborm-g4-lane-tmp-2/viborm-raptor3-g0-3jbM2l

 RUN  v3.1.4 /private/tmp/viborm-g4-lane-2

 ✓ |raptor3| tests/raptor3/g4/generation/transport-campaign.test.ts (1 test) 1664ms
   ✓ executes one complete G4 transport read seed batch  1663ms

 Test Files  1 passed (1)
      Tests  1 passed (1)
   Start at  02:51:32
   Duration  4.54s (transform 1.47s, setup 9ms, collect 2.17s, tests 1.66s, environment 0ms, prepare 27ms)

JSON report written to /private/tmp/viborm-g4-lane-tmp-2/viborm-raptor3-g0-Q2CwKY/vitest.json
Vitest resources: 7.53s wall, 727.7 MiB peak sampled process-group RSS (sampled ceiling 1536 MiB). Teardown verified.
Raptor 3 g4-transport-seed-batch (subject candidate, qualifying) contract gate verified. Evidence: /private/tmp/viborm-g4-lane-tmp-2/viborm-raptor3-g0-Q2CwKY

 RUN  v3.1.4 /private/tmp/viborm-g4-lane-2

 ✓ |raptor3| tests/raptor3/g4/generation/transport-campaign.test.ts (1 test) 1936ms
   ✓ executes one complete G4 transport read seed batch  1936ms

 Test Files  1 passed (1)
      Tests  1 passed (1)
   Start at  02:51:40
   Duration  5.70s (transform 1.48s, setup 11ms, collect 2.18s, tests 1.94s, environment 0ms, prepare 38ms)

JSON report written to /private/tmp/viborm-g4-lane-tmp-2/viborm-raptor3-g0-LnUrFT/vitest.json
Vitest resources: 8.80s wall, 758.4 MiB peak sampled process-group RSS (sampled ceiling 1536 MiB). Teardown verified.
Raptor 3 g4-transport-seed-batch (subject candidate, qualifying) contract gate verified. Evidence: /private/tmp/viborm-g4-lane-tmp-2/viborm-raptor3-g0-LnUrFT

 RUN  v3.1.4 /private/tmp/viborm-g4-lane-2

 ✓ |raptor3| tests/raptor3/g4/generation/transport-campaign.test.ts (1 test) 1741ms
   ✓ executes one complete G4 transport read seed batch  1740ms

 Test Files  1 passed (1)
      Tests  1 passed (1)
   Start at  02:51:51
   Duration  4.95s (transform 1.53s, setup 9ms, collect 2.28s, tests 1.74s, environment 0ms, prepare 28ms)

JSON report written to /private/tmp/viborm-g4-lane-tmp-2/viborm-raptor3-g0-XbjRBw/vitest.json
Vitest resources: 9.20s wall, 763.6 MiB peak sampled process-group RSS (sampled ceiling 1536 MiB). Teardown verified.
Raptor 3 g4-transport-seed-batch (subject candidate, qualifying) contract gate verified. Evidence: /private/tmp/viborm-g4-lane-tmp-2/viborm-raptor3-g0-XbjRBw

 RUN  v3.1.4 /private/tmp/viborm-g4-lane-2

 ✓ |raptor3| tests/raptor3/g4/generation/transport-campaign.test.ts (1 test) 1653ms
   ✓ executes one complete G4 transport read seed batch  1652ms

 Test Files  1 passed (1)
      Tests  1 passed (1)
   Start at  02:52:00
   Duration  4.99s (transform 1.41s, setup 9ms, collect 2.11s, tests 1.65s, environment 0ms, prepare 30ms)

JSON report written to /private/tmp/viborm-g4-lane-tmp-2/viborm-raptor3-g0-vxkCmy/vitest.json
Vitest resources: 7.93s wall, 748.4 MiB peak sampled process-group RSS (sampled ceiling 1536 MiB). Teardown verified.
Raptor 3 g4-transport-seed-batch (subject candidate, qualifying) contract gate verified. Evidence: /private/tmp/viborm-g4-lane-tmp-2/viborm-raptor3-g0-vxkCmy

 RUN  v3.1.4 /private/tmp/viborm-g4-lane-2

 ✓ |raptor3| tests/raptor3/g4/generation/transport-campaign.test.ts (1 test) 1914ms
   ✓ executes one complete G4 transport read seed batch  1914ms

 Test Files  1 passed (1)
      Tests  1 passed (1)
   Start at  02:52:11
   Duration  4.60s (transform 1.50s, setup 9ms, collect 2.21s, tests 1.91s, environment 0ms, prepare 30ms)

JSON report written to /private/tmp/viborm-g4-lane-tmp-2/viborm-raptor3-g0-Pgp2rT/vitest.json
Vitest resources: 9.14s wall, 738.2 MiB peak sampled process-group RSS (sampled ceiling 1536 MiB). Teardown verified.
Raptor 3 g4-transport-seed-batch (subject candidate, qualifying) contract gate verified. Evidence: /private/tmp/viborm-g4-lane-tmp-2/viborm-raptor3-g0-Pgp2rT

 RUN  v3.1.4 /private/tmp/viborm-g4-lane-2

 ✓ |raptor3| tests/raptor3/g4/generation/transport-campaign.test.ts (1 test) 1617ms
   ✓ executes one complete G4 transport read seed batch  1617ms

 Test Files  1 passed (1)
      Tests  1 passed (1)
   Start at  02:52:19
   Duration  4.89s (transform 1.51s, setup 9ms, collect 2.23s, tests 1.62s, environment 0ms, prepare 30ms)

JSON report written to /private/tmp/viborm-g4-lane-tmp-2/viborm-raptor3-g0-TLKQ97/vitest.json
Vitest resources: 7.73s wall, 752.0 MiB peak sampled process-group RSS (sampled ceiling 1536 MiB). Teardown verified.
Raptor 3 g4-transport-seed-batch (subject candidate, qualifying) contract gate verified. Evidence: /private/tmp/viborm-g4-lane-tmp-2/viborm-raptor3-g0-TLKQ97

 RUN  v3.1.4 /private/tmp/viborm-g4-lane-2

 ✓ |raptor3| tests/raptor3/g4/generation/transport-campaign.test.ts (1 test) 1905ms
   ✓ executes one complete G4 transport read seed batch  1904ms

 Test Files  1 passed (1)
      Tests  1 passed (1)
   Start at  02:52:29
   Duration  5.53s (transform 1.44s, setup 9ms, collect 2.11s, tests 1.90s, environment 0ms, prepare 30ms)

JSON report written to /private/tmp/viborm-g4-lane-tmp-2/viborm-raptor3-g0-yGLmiL/vitest.json
Vitest resources: 9.61s wall, 752.0 MiB peak sampled process-group RSS (sampled ceiling 1536 MiB). Teardown verified.
Raptor 3 g4-transport-seed-batch (subject candidate, qualifying) contract gate verified. Evidence: /private/tmp/viborm-g4-lane-tmp-2/viborm-raptor3-g0-yGLmiL

 RUN  v3.1.4 /private/tmp/viborm-g4-lane-2

 ✓ |raptor3| tests/raptor3/g4/generation/transport-campaign.test.ts (1 test) 1835ms
   ✓ executes one complete G4 transport read seed batch  1834ms

 Test Files  1 passed (1)
      Tests  1 passed (1)
   Start at  02:52:39
   Duration  5.16s (transform 1.45s, setup 9ms, collect 2.15s, tests 1.83s, environment 0ms, prepare 30ms)

JSON report written to /private/tmp/viborm-g4-lane-tmp-2/viborm-raptor3-g0-0zOJpT/vitest.json
Vitest resources: 7.97s wall, 759.1 MiB peak sampled process-group RSS (sampled ceiling 1536 MiB). Teardown verified.
Raptor 3 g4-transport-seed-batch (subject candidate, qualifying) contract gate verified. Evidence: /private/tmp/viborm-g4-lane-tmp-2/viborm-raptor3-g0-0zOJpT

 RUN  v3.1.4 /private/tmp/viborm-g4-lane-2

 ✓ |raptor3| tests/raptor3/g4/generation/transport-campaign.test.ts (1 test) 1921ms
   ✓ executes one complete G4 transport read seed batch  1920ms

 Test Files  1 passed (1)
      Tests  1 passed (1)
   Start at  02:52:50
   Duration  4.67s (transform 1.36s, setup 11ms, collect 2.02s, tests 1.92s, environment 0ms, prepare 31ms)

JSON report written to /private/tmp/viborm-g4-lane-tmp-2/viborm-raptor3-g0-dab7qj/vitest.json
Vitest resources: 9.28s wall, 723.9 MiB peak sampled process-group RSS (sampled ceiling 1536 MiB). Teardown verified.
Raptor 3 g4-transport-seed-batch (subject candidate, qualifying) contract gate verified. Evidence: /private/tmp/viborm-g4-lane-tmp-2/viborm-raptor3-g0-dab7qj

 RUN  v3.1.4 /private/tmp/viborm-g4-lane-2

 ✓ |raptor3| tests/raptor3/g4/generation/transport-campaign.test.ts (1 test) 1660ms
   ✓ executes one complete G4 transport read seed batch  1659ms

 Test Files  1 passed (1)
      Tests  1 passed (1)
   Start at  02:52:59
   Duration  4.93s (transform 1.44s, setup 15ms, collect 2.13s, tests 1.66s, environment 0ms, prepare 35ms)

JSON report written to /private/tmp/viborm-g4-lane-tmp-2/viborm-raptor3-g0-AmyDCp/vitest.json
Vitest resources: 8.62s wall, 724.0 MiB peak sampled process-group RSS (sampled ceiling 1536 MiB). Teardown verified.
Raptor 3 g4-transport-seed-batch (subject candidate, qualifying) contract gate verified. Evidence: /private/tmp/viborm-g4-lane-tmp-2/viborm-raptor3-g0-AmyDCp

 RUN  v3.1.4 /private/tmp/viborm-g4-lane-2

 ✓ |raptor3| tests/raptor3/g4/generation/transport-campaign.test.ts (1 test) 1797ms
   ✓ executes one complete G4 transport read seed batch  1796ms

 Test Files  1 passed (1)
      Tests  1 passed (1)
   Start at  02:53:10
   Duration  5.45s (transform 1.54s, setup 10ms, collect 2.30s, tests 1.80s, environment 0ms, prepare 37ms)

JSON report written to /private/tmp/viborm-g4-lane-tmp-2/viborm-raptor3-g0-bu6JKt/vitest.json
Vitest resources: 9.99s wall, 732.6 MiB peak sampled process-group RSS (sampled ceiling 1536 MiB). Teardown verified.
Raptor 3 g4-transport-seed-batch (subject candidate, qualifying) contract gate verified. Evidence: /private/tmp/viborm-g4-lane-tmp-2/viborm-raptor3-g0-bu6JKt

 RUN  v3.1.4 /private/tmp/viborm-g4-lane-2

 ✓ |raptor3| tests/raptor3/g4/generation/transport-campaign.test.ts (1 test) 1595ms
   ✓ executes one complete G4 transport read seed batch  1594ms

 Test Files  1 passed (1)
      Tests  1 passed (1)
   Start at  02:53:22
   Duration  5.64s (transform 1.71s, setup 10ms, collect 2.59s, tests 1.59s, environment 0ms, prepare 31ms)

JSON report written to /private/tmp/viborm-g4-lane-tmp-2/viborm-raptor3-g0-DKPqtv/vitest.json
Vitest resources: 9.79s wall, 752.4 MiB peak sampled process-group RSS (sampled ceiling 1536 MiB). Teardown verified.
Raptor 3 g4-transport-seed-batch (subject candidate, qualifying) contract gate verified. Evidence: /private/tmp/viborm-g4-lane-tmp-2/viborm-raptor3-g0-DKPqtv

 RUN  v3.1.4 /private/tmp/viborm-g4-lane-2

 ✓ |raptor3| tests/raptor3/g4/generation/transport-campaign.test.ts (1 test) 1844ms
   ✓ executes one complete G4 transport read seed batch  1843ms

 Test Files  1 passed (1)
      Tests  1 passed (1)
   Start at  02:53:31
   Duration  4.90s (transform 1.46s, setup 9ms, collect 2.16s, tests 1.84s, environment 0ms, prepare 28ms)

JSON report written to /private/tmp/viborm-g4-lane-tmp-2/viborm-raptor3-g0-yJ957U/vitest.json
Vitest resources: 8.36s wall, 744.1 MiB peak sampled process-group RSS (sampled ceiling 1536 MiB). Teardown verified.
Raptor 3 g4-transport-seed-batch (subject candidate, qualifying) contract gate verified. Evidence: /private/tmp/viborm-g4-lane-tmp-2/viborm-raptor3-g0-yJ957U

 RUN  v3.1.4 /private/tmp/viborm-g4-lane-2

 ✓ |raptor3| tests/raptor3/g4/generation/transport-campaign.test.ts (1 test) 1724ms
   ✓ executes one complete G4 transport read seed batch  1723ms

 Test Files  1 passed (1)
      Tests  1 passed (1)
   Start at  02:53:40
   Duration  5.10s (transform 1.52s, setup 9ms, collect 2.23s, tests 1.72s, environment 0ms, prepare 26ms)

JSON report written to /private/tmp/viborm-g4-lane-tmp-2/viborm-raptor3-g0-Ccn3Gc/vitest.json
Vitest resources: 8.19s wall, 735.3 MiB peak sampled process-group RSS (sampled ceiling 1536 MiB). Teardown verified.
Raptor 3 g4-transport-seed-batch (subject candidate, qualifying) contract gate verified. Evidence: /private/tmp/viborm-g4-lane-tmp-2/viborm-raptor3-g0-Ccn3Gc

 RUN  v3.1.4 /private/tmp/viborm-g4-lane-2

 ✓ |raptor3| tests/raptor3/g4/generation/transport-campaign.test.ts (1 test) 1590ms
   ✓ executes one complete G4 transport read seed batch  1590ms

 Test Files  1 passed (1)
      Tests  1 passed (1)
   Start at  02:53:51
   Duration  4.32s (transform 1.48s, setup 9ms, collect 2.18s, tests 1.59s, environment 0ms, prepare 32ms)

JSON report written to /private/tmp/viborm-g4-lane-tmp-2/viborm-raptor3-g0-AVnD6V/vitest.json
Vitest resources: 8.65s wall, 754.5 MiB peak sampled process-group RSS (sampled ceiling 1536 MiB). Teardown verified.
Raptor 3 g4-transport-seed-batch (subject candidate, qualifying) contract gate verified. Evidence: /private/tmp/viborm-g4-lane-tmp-2/viborm-raptor3-g0-AVnD6V

 RUN  v3.1.4 /private/tmp/viborm-g4-lane-2

 ✓ |raptor3| tests/raptor3/g4/generation/transport-campaign.test.ts (1 test) 1636ms
   ✓ executes one complete G4 transport read seed batch  1636ms

 Test Files  1 passed (1)
      Tests  1 passed (1)
   Start at  02:54:00
   Duration  4.79s (transform 1.46s, setup 9ms, collect 2.18s, tests 1.64s, environment 0ms, prepare 28ms)

JSON report written to /private/tmp/viborm-g4-lane-tmp-2/viborm-raptor3-g0-1mY4Mv/vitest.json
Vitest resources: 7.58s wall, 731.3 MiB peak sampled process-group RSS (sampled ceiling 1536 MiB). Teardown verified.
Raptor 3 g4-transport-seed-batch (subject candidate, qualifying) contract gate verified. Evidence: /private/tmp/viborm-g4-lane-tmp-2/viborm-raptor3-g0-1mY4Mv

 RUN  v3.1.4 /private/tmp/viborm-g4-lane-2

 ✓ |raptor3| tests/raptor3/g4/generation/transport-campaign.test.ts (1 test) 1931ms
   ✓ executes one complete G4 transport read seed batch  1930ms

 Test Files  1 passed (1)
      Tests  1 passed (1)
   Start at  02:54:10
   Duration  5.06s (transform 1.47s, setup 10ms, collect 2.17s, tests 1.93s, environment 0ms, prepare 28ms)

JSON report written to /private/tmp/viborm-g4-lane-tmp-2/viborm-raptor3-g0-B9fo9W/vitest.json
Vitest resources: 9.38s wall, 754.4 MiB peak sampled process-group RSS (sampled ceiling 1536 MiB). Teardown verified.
Raptor 3 g4-transport-seed-batch (subject candidate, qualifying) contract gate verified. Evidence: /private/tmp/viborm-g4-lane-tmp-2/viborm-raptor3-g0-B9fo9W

 RUN  v3.1.4 /private/tmp/viborm-g4-lane-2

 ✓ |raptor3| tests/raptor3/g4/generation/transport-campaign.test.ts (1 test) 1612ms
   ✓ executes one complete G4 transport read seed batch  1612ms

 Test Files  1 passed (1)
      Tests  1 passed (1)
   Start at  02:54:19
   Duration  5.14s (transform 1.43s, setup 9ms, collect 2.14s, tests 1.61s, environment 0ms, prepare 29ms)

JSON report written to /private/tmp/viborm-g4-lane-tmp-2/viborm-raptor3-g0-lBFTup/vitest.json
Vitest resources: 8.06s wall, 739.3 MiB peak sampled process-group RSS (sampled ceiling 1536 MiB). Teardown verified.
Raptor 3 g4-transport-seed-batch (subject candidate, qualifying) contract gate verified. Evidence: /private/tmp/viborm-g4-lane-tmp-2/viborm-raptor3-g0-lBFTup

 RUN  v3.1.4 /private/tmp/viborm-g4-lane-2

 ✓ |raptor3| tests/raptor3/g4/generation/transport-campaign.test.ts (1 test) 1678ms
   ✓ executes one complete G4 transport read seed batch  1677ms

 Test Files  1 passed (1)
      Tests  1 passed (1)
   Start at  02:54:29
   Duration  4.28s (transform 1.39s, setup 10ms, collect 2.05s, tests 1.68s, environment 0ms, prepare 32ms)

JSON report written to /private/tmp/viborm-g4-lane-tmp-2/viborm-raptor3-g0-HpMnQh/vitest.json
Vitest resources: 8.71s wall, 728.8 MiB peak sampled process-group RSS (sampled ceiling 1536 MiB). Teardown verified.
Raptor 3 g4-transport-seed-batch (subject candidate, qualifying) contract gate verified. Evidence: /private/tmp/viborm-g4-lane-tmp-2/viborm-raptor3-g0-HpMnQh

 RUN  v3.1.4 /private/tmp/viborm-g4-lane-2

 ✓ |raptor3| tests/raptor3/g4/generation/transport-campaign.test.ts (1 test) 1721ms
   ✓ executes one complete G4 transport read seed batch  1720ms

 Test Files  1 passed (1)
      Tests  1 passed (1)
   Start at  02:54:38
   Duration  5.35s (transform 1.47s, setup 9ms, collect 2.18s, tests 1.72s, environment 0ms, prepare 34ms)

JSON report written to /private/tmp/viborm-g4-lane-tmp-2/viborm-raptor3-g0-UYhfHc/vitest.json
Vitest resources: 8.14s wall, 763.9 MiB peak sampled process-group RSS (sampled ceiling 1536 MiB). Teardown verified.
Raptor 3 g4-transport-seed-batch (subject candidate, qualifying) contract gate verified. Evidence: /private/tmp/viborm-g4-lane-tmp-2/viborm-raptor3-g0-UYhfHc

 RUN  v3.1.4 /private/tmp/viborm-g4-lane-2

 ✓ |raptor3| tests/raptor3/g4/generation/transport-campaign.test.ts (1 test) 1911ms
   ✓ executes one complete G4 transport read seed batch  1910ms

 Test Files  1 passed (1)
      Tests  1 passed (1)
   Start at  02:54:49
   Duration  4.64s (transform 1.53s, setup 10ms, collect 2.27s, tests 1.91s, environment 0ms, prepare 33ms)

JSON report written to /private/tmp/viborm-g4-lane-tmp-2/viborm-raptor3-g0-kiu1ZI/vitest.json
Vitest resources: 9.15s wall, 757.6 MiB peak sampled process-group RSS (sampled ceiling 1536 MiB). Teardown verified.
Raptor 3 g4-transport-seed-batch (subject candidate, qualifying) contract gate verified. Evidence: /private/tmp/viborm-g4-lane-tmp-2/viborm-raptor3-g0-kiu1ZI

 RUN  v3.1.4 /private/tmp/viborm-g4-lane-2

 ✓ |raptor3| tests/raptor3/g4/generation/transport-campaign.test.ts (1 test) 1533ms
   ✓ executes one complete G4 transport read seed batch  1533ms

 Test Files  1 passed (1)
      Tests  1 passed (1)
   Start at  02:54:57
   Duration  5.10s (transform 1.44s, setup 9ms, collect 2.13s, tests 1.53s, environment 0ms, prepare 31ms)

JSON report written to /private/tmp/viborm-g4-lane-tmp-2/viborm-raptor3-g0-FSg41n/vitest.json
Vitest resources: 7.77s wall, 777.5 MiB peak sampled process-group RSS (sampled ceiling 1536 MiB). Teardown verified.
Raptor 3 g4-transport-seed-batch (subject candidate, qualifying) contract gate verified. Evidence: /private/tmp/viborm-g4-lane-tmp-2/viborm-raptor3-g0-FSg41n

 RUN  v3.1.4 /private/tmp/viborm-g4-lane-2

 ✓ |raptor3| tests/raptor3/g4/generation/transport-campaign.test.ts (1 test) 1643ms
   ✓ executes one complete G4 transport read seed batch  1642ms

 Test Files  1 passed (1)
      Tests  1 passed (1)
   Start at  02:55:06
   Duration  5.21s (transform 1.46s, setup 9ms, collect 2.18s, tests 1.64s, environment 0ms, prepare 33ms)

JSON report written to /private/tmp/viborm-g4-lane-tmp-2/viborm-raptor3-g0-DC84HF/vitest.json
Vitest resources: 8.53s wall, 762.1 MiB peak sampled process-group RSS (sampled ceiling 1536 MiB). Teardown verified.
Raptor 3 g4-transport-seed-batch (subject candidate, qualifying) contract gate verified. Evidence: /private/tmp/viborm-g4-lane-tmp-2/viborm-raptor3-g0-DC84HF

 RUN  v3.1.4 /private/tmp/viborm-g4-lane-2

 ✓ |raptor3| tests/raptor3/g4/generation/transport-campaign.test.ts (1 test) 1821ms
   ✓ executes one complete G4 transport read seed batch  1820ms

 Test Files  1 passed (1)
      Tests  1 passed (1)
   Start at  02:55:17
   Duration  4.84s (transform 1.48s, setup 10ms, collect 2.23s, tests 1.82s, environment 0ms, prepare 36ms)

JSON report written to /private/tmp/viborm-g4-lane-tmp-2/viborm-raptor3-g0-pZ2LvD/vitest.json
Vitest resources: 9.28s wall, 741.3 MiB peak sampled process-group RSS (sampled ceiling 1536 MiB). Teardown verified.
Raptor 3 g4-transport-seed-batch (subject candidate, qualifying) contract gate verified. Evidence: /private/tmp/viborm-g4-lane-tmp-2/viborm-raptor3-g0-pZ2LvD

 RUN  v3.1.4 /private/tmp/viborm-g4-lane-2

 ✓ |raptor3| tests/raptor3/g4/generation/transport-campaign.test.ts (1 test) 1747ms
   ✓ executes one complete G4 transport read seed batch  1746ms

 Test Files  1 passed (1)
      Tests  1 passed (1)
   Start at  02:55:27
   Duration  5.40s (transform 1.46s, setup 14ms, collect 2.19s, tests 1.75s, environment 0ms, prepare 39ms)

JSON report written to /private/tmp/viborm-g4-lane-tmp-2/viborm-raptor3-g0-hZHmo7/vitest.json
Vitest resources: 9.78s wall, 734.9 MiB peak sampled process-group RSS (sampled ceiling 1536 MiB). Teardown verified.
Raptor 3 g4-transport-seed-batch (subject candidate, qualifying) contract gate verified. Evidence: /private/tmp/viborm-g4-lane-tmp-2/viborm-raptor3-g0-hZHmo7

 RUN  v3.1.4 /private/tmp/viborm-g4-lane-2

 ✓ |raptor3| tests/raptor3/g4/generation/transport-campaign.test.ts (1 test) 1839ms
   ✓ executes one complete G4 transport read seed batch  1838ms

 Test Files  1 passed (1)
      Tests  1 passed (1)
   Start at  02:55:38
   Duration  5.35s (transform 1.58s, setup 20ms, collect 2.35s, tests 1.84s, environment 0ms, prepare 31ms)

JSON report written to /private/tmp/viborm-g4-lane-tmp-2/viborm-raptor3-g0-S34CKE/vitest.json
Vitest resources: 9.48s wall, 736.7 MiB peak sampled process-group RSS (sampled ceiling 1536 MiB). Teardown verified.
Raptor 3 g4-transport-seed-batch (subject candidate, qualifying) contract gate verified. Evidence: /private/tmp/viborm-g4-lane-tmp-2/viborm-raptor3-g0-S34CKE

 RUN  v3.1.4 /private/tmp/viborm-g4-lane-2

 ✓ |raptor3| tests/raptor3/g4/generation/transport-campaign.test.ts (1 test) 1661ms
   ✓ executes one complete G4 transport read seed batch  1660ms

 Test Files  1 passed (1)
      Tests  1 passed (1)
   Start at  02:55:47
   Duration  5.06s (transform 1.41s, setup 9ms, collect 2.05s, tests 1.66s, environment 0ms, prepare 30ms)

JSON report written to /private/tmp/viborm-g4-lane-tmp-2/viborm-raptor3-g0-5zryMb/vitest.json
Vitest resources: 7.88s wall, 743.6 MiB peak sampled process-group RSS (sampled ceiling 1536 MiB). Teardown verified.
Raptor 3 g4-transport-seed-batch (subject candidate, qualifying) contract gate verified. Evidence: /private/tmp/viborm-g4-lane-tmp-2/viborm-raptor3-g0-5zryMb

 RUN  v3.1.4 /private/tmp/viborm-g4-lane-2

 ✓ |raptor3| tests/raptor3/g4/generation/transport-campaign.test.ts (1 test) 1561ms
   ✓ executes one complete G4 transport read seed batch  1560ms

 Test Files  1 passed (1)
      Tests  1 passed (1)
   Start at  02:55:58
   Duration  4.08s (transform 1.41s, setup 10ms, collect 2.09s, tests 1.56s, environment 0ms, prepare 30ms)

JSON report written to /private/tmp/viborm-g4-lane-tmp-2/viborm-raptor3-g0-Kb10P6/vitest.json
Vitest resources: 8.37s wall, 747.9 MiB peak sampled process-group RSS (sampled ceiling 1536 MiB). Teardown verified.
Raptor 3 g4-transport-seed-batch (subject candidate, qualifying) contract gate verified. Evidence: /private/tmp/viborm-g4-lane-tmp-2/viborm-raptor3-g0-Kb10P6

 RUN  v3.1.4 /private/tmp/viborm-g4-lane-2

 ✓ |raptor3| tests/raptor3/g4/generation/transport-campaign.test.ts (1 test) 1563ms
   ✓ executes one complete G4 transport read seed batch  1563ms

 Test Files  1 passed (1)
      Tests  1 passed (1)
   Start at  02:56:08
   Duration  4.10s (transform 1.44s, setup 9ms, collect 2.14s, tests 1.56s, environment 0ms, prepare 30ms)

JSON report written to /private/tmp/viborm-g4-lane-tmp-2/viborm-raptor3-g0-Wo2kHM/vitest.json
Vitest resources: 8.47s wall, 753.8 MiB peak sampled process-group RSS (sampled ceiling 1536 MiB). Teardown verified.
Raptor 3 g4-transport-seed-batch (subject candidate, qualifying) contract gate verified. Evidence: /private/tmp/viborm-g4-lane-tmp-2/viborm-raptor3-g0-Wo2kHM

 RUN  v3.1.4 /private/tmp/viborm-g4-lane-2

 ✓ |raptor3| tests/raptor3/g4/generation/transport-campaign.test.ts (1 test) 1851ms
   ✓ executes one complete G4 transport read seed batch  1851ms

 Test Files  1 passed (1)
      Tests  1 passed (1)
   Start at  02:56:16
   Duration  4.98s (transform 1.39s, setup 10ms, collect 2.03s, tests 1.85s, environment 0ms, prepare 31ms)

JSON report written to /private/tmp/viborm-g4-lane-tmp-2/viborm-raptor3-g0-FMQi9a/vitest.json
Vitest resources: 9.03s wall, 737.1 MiB peak sampled process-group RSS (sampled ceiling 1536 MiB). Teardown verified.
Raptor 3 g4-transport-seed-batch (subject candidate, qualifying) contract gate verified. Evidence: /private/tmp/viborm-g4-lane-tmp-2/viborm-raptor3-g0-FMQi9a

 RUN  v3.1.4 /private/tmp/viborm-g4-lane-2

 ✓ |raptor3| tests/raptor3/g4/generation/transport-campaign.test.ts (1 test) 1595ms
   ✓ executes one complete G4 transport read seed batch  1595ms

 Test Files  1 passed (1)
      Tests  1 passed (1)
   Start at  02:56:26
   Duration  4.48s (transform 1.38s, setup 9ms, collect 2.03s, tests 1.60s, environment 0ms, prepare 29ms)

JSON report written to /private/tmp/viborm-g4-lane-tmp-2/viborm-raptor3-g0-p6Jdb5/vitest.json
Vitest resources: 8.03s wall, 735.1 MiB peak sampled process-group RSS (sampled ceiling 1536 MiB). Teardown verified.
Raptor 3 g4-transport-seed-batch (subject candidate, qualifying) contract gate verified. Evidence: /private/tmp/viborm-g4-lane-tmp-2/viborm-raptor3-g0-p6Jdb5

 RUN  v3.1.4 /private/tmp/viborm-g4-lane-2

 ✓ |raptor3| tests/raptor3/g4/generation/transport-campaign.test.ts (1 test) 1668ms
   ✓ executes one complete G4 transport read seed batch  1667ms

 Test Files  1 passed (1)
      Tests  1 passed (1)
   Start at  02:56:36
   Duration  4.67s (transform 1.59s, setup 9ms, collect 2.35s, tests 1.67s, environment 0ms, prepare 29ms)

JSON report written to /private/tmp/viborm-g4-lane-tmp-2/viborm-raptor3-g0-XlvYYG/vitest.json
Vitest resources: 8.74s wall, 756.3 MiB peak sampled process-group RSS (sampled ceiling 1536 MiB). Teardown verified.
Raptor 3 g4-transport-seed-batch (subject candidate, qualifying) contract gate verified. Evidence: /private/tmp/viborm-g4-lane-tmp-2/viborm-raptor3-g0-XlvYYG

 RUN  v3.1.4 /private/tmp/viborm-g4-lane-2

 ✓ |raptor3| tests/raptor3/g4/generation/transport-campaign.test.ts (1 test) 1625ms
   ✓ executes one complete G4 transport read seed batch  1625ms

 Test Files  1 passed (1)
      Tests  1 passed (1)
   Start at  02:56:44
   Duration  5.01s (transform 1.42s, setup 13ms, collect 2.11s, tests 1.63s, environment 0ms, prepare 31ms)

JSON report written to /private/tmp/viborm-g4-lane-tmp-2/viborm-raptor3-g0-dp9kIs/vitest.json
Vitest resources: 8.27s wall, 753.7 MiB peak sampled process-group RSS (sampled ceiling 1536 MiB). Teardown verified.
Raptor 3 g4-transport-seed-batch (subject candidate, qualifying) contract gate verified. Evidence: /private/tmp/viborm-g4-lane-tmp-2/viborm-raptor3-g0-dp9kIs

 RUN  v3.1.4 /private/tmp/viborm-g4-lane-2

 ✓ |raptor3| tests/raptor3/g4/generation/transport-campaign.test.ts (1 test) 1819ms
   ✓ executes one complete G4 transport read seed batch  1819ms

 Test Files  1 passed (1)
      Tests  1 passed (1)
   Start at  02:56:55
   Duration  4.48s (transform 1.46s, setup 8ms, collect 2.18s, tests 1.82s, environment 0ms, prepare 28ms)

JSON report written to /private/tmp/viborm-g4-lane-tmp-2/viborm-raptor3-g0-A9uvLi/vitest.json
Vitest resources: 8.70s wall, 740.5 MiB peak sampled process-group RSS (sampled ceiling 1536 MiB). Teardown verified.
Raptor 3 g4-transport-seed-batch (subject candidate, qualifying) contract gate verified. Evidence: /private/tmp/viborm-g4-lane-tmp-2/viborm-raptor3-g0-A9uvLi

 RUN  v3.1.4 /private/tmp/viborm-g4-lane-2

 ✓ |raptor3| tests/raptor3/g4/generation/transport-campaign.test.ts (1 test) 1625ms
   ✓ executes one complete G4 transport read seed batch  1625ms

 Test Files  1 passed (1)
      Tests  1 passed (1)
   Start at  02:57:04
   Duration  4.73s (transform 1.38s, setup 10ms, collect 2.04s, tests 1.63s, environment 0ms, prepare 32ms)

JSON report written to /private/tmp/viborm-g4-lane-tmp-2/viborm-raptor3-g0-6eF77y/vitest.json
Vitest resources: 8.16s wall, 753.9 MiB peak sampled process-group RSS (sampled ceiling 1536 MiB). Teardown verified.
Raptor 3 g4-transport-seed-batch (subject candidate, qualifying) contract gate verified. Evidence: /private/tmp/viborm-g4-lane-tmp-2/viborm-raptor3-g0-6eF77y

 RUN  v3.1.4 /private/tmp/viborm-g4-lane-2

 ✓ |raptor3| tests/raptor3/g4/generation/transport-campaign.test.ts (1 test) 1585ms
   ✓ executes one complete G4 transport read seed batch  1584ms

 Test Files  1 passed (1)
      Tests  1 passed (1)
   Start at  02:57:14
   Duration  5.00s (transform 1.58s, setup 10ms, collect 2.35s, tests 1.58s, environment 0ms, prepare 28ms)

JSON report written to /private/tmp/viborm-g4-lane-tmp-2/viborm-raptor3-g0-TuY39E/vitest.json
Vitest resources: 9.34s wall, 739.1 MiB peak sampled process-group RSS (sampled ceiling 1536 MiB). Teardown verified.
Raptor 3 g4-transport-seed-batch (subject candidate, qualifying) contract gate verified. Evidence: /private/tmp/viborm-g4-lane-tmp-2/viborm-raptor3-g0-TuY39E

 RUN  v3.1.4 /private/tmp/viborm-g4-lane-2

 ✓ |raptor3| tests/raptor3/g4/generation/transport-campaign.test.ts (1 test) 1736ms
   ✓ executes one complete G4 transport read seed batch  1735ms

 Test Files  1 passed (1)
      Tests  1 passed (1)
   Start at  02:57:24
   Duration  4.81s (transform 1.44s, setup 9ms, collect 2.12s, tests 1.74s, environment 0ms, prepare 28ms)

JSON report written to /private/tmp/viborm-g4-lane-tmp-2/viborm-raptor3-g0-fAipFr/vitest.json
Vitest resources: 9.05s wall, 751.6 MiB peak sampled process-group RSS (sampled ceiling 1536 MiB). Teardown verified.
Raptor 3 g4-transport-seed-batch (subject candidate, qualifying) contract gate verified. Evidence: /private/tmp/viborm-g4-lane-tmp-2/viborm-raptor3-g0-fAipFr

 RUN  v3.1.4 /private/tmp/viborm-g4-lane-2

 ✓ |raptor3| tests/raptor3/g4/generation/transport-campaign.test.ts (1 test) 1633ms
   ✓ executes one complete G4 transport read seed batch  1633ms

 Test Files  1 passed (1)
      Tests  1 passed (1)
   Start at  02:57:33
   Duration  4.81s (transform 1.45s, setup 9ms, collect 2.14s, tests 1.63s, environment 0ms, prepare 30ms)

JSON report written to /private/tmp/viborm-g4-lane-tmp-2/viborm-raptor3-g0-lwY9Q9/vitest.json
Vitest resources: 7.71s wall, 745.4 MiB peak sampled process-group RSS (sampled ceiling 1536 MiB). Teardown verified.
Raptor 3 g4-transport-seed-batch (subject candidate, qualifying) contract gate verified. Evidence: /private/tmp/viborm-g4-lane-tmp-2/viborm-raptor3-g0-lwY9Q9

 RUN  v3.1.4 /private/tmp/viborm-g4-lane-2

 ✓ |raptor3| tests/raptor3/g4/generation/transport-campaign.test.ts (1 test) 1574ms
   ✓ executes one complete G4 transport read seed batch  1574ms

 Test Files  1 passed (1)
      Tests  1 passed (1)
   Start at  02:57:43
   Duration  4.65s (transform 1.42s, setup 9ms, collect 2.11s, tests 1.57s, environment 0ms, prepare 33ms)

JSON report written to /private/tmp/viborm-g4-lane-tmp-2/viborm-raptor3-g0-68aaMT/vitest.json
Vitest resources: 7.78s wall, 733.5 MiB peak sampled process-group RSS (sampled ceiling 1536 MiB). Teardown verified.
Raptor 3 g4-transport-seed-batch (subject candidate, qualifying) contract gate verified. Evidence: /private/tmp/viborm-g4-lane-tmp-2/viborm-raptor3-g0-68aaMT

 RUN  v3.1.4 /private/tmp/viborm-g4-lane-2

 ✓ |raptor3| tests/raptor3/g4/generation/transport-campaign.test.ts (1 test) 1548ms
   ✓ executes one complete G4 transport read seed batch  1548ms

 Test Files  1 passed (1)
      Tests  1 passed (1)
   Start at  02:57:53
   Duration  4.92s (transform 1.59s, setup 8ms, collect 2.35s, tests 1.55s, environment 0ms, prepare 29ms)

JSON report written to /private/tmp/viborm-g4-lane-tmp-2/viborm-raptor3-g0-gMkQ2R/vitest.json
Vitest resources: 9.20s wall, 735.0 MiB peak sampled process-group RSS (sampled ceiling 1536 MiB). Teardown verified.
Raptor 3 g4-transport-seed-batch (subject candidate, qualifying) contract gate verified. Evidence: /private/tmp/viborm-g4-lane-tmp-2/viborm-raptor3-g0-gMkQ2R

 RUN  v3.1.4 /private/tmp/viborm-g4-lane-2

 ✓ |raptor3| tests/raptor3/g4/generation/transport-campaign.test.ts (1 test) 1680ms
   ✓ executes one complete G4 transport read seed batch  1679ms

 Test Files  1 passed (1)
      Tests  1 passed (1)
   Start at  02:58:01
   Duration  4.90s (transform 1.47s, setup 9ms, collect 2.16s, tests 1.68s, environment 0ms, prepare 29ms)

JSON report written to /private/tmp/viborm-g4-lane-tmp-2/viborm-raptor3-g0-TEnNTZ/vitest.json
Vitest resources: 7.77s wall, 735.9 MiB peak sampled process-group RSS (sampled ceiling 1536 MiB). Teardown verified.
Raptor 3 g4-transport-seed-batch (subject candidate, qualifying) contract gate verified. Evidence: /private/tmp/viborm-g4-lane-tmp-2/viborm-raptor3-g0-TEnNTZ

 RUN  v3.1.4 /private/tmp/viborm-g4-lane-2

 ✓ |raptor3| tests/raptor3/g4/generation/transport-campaign.test.ts (1 test) 1761ms
   ✓ executes one complete G4 transport read seed batch  1760ms

 Test Files  1 passed (1)
      Tests  1 passed (1)
   Start at  02:58:11
   Duration  5.42s (transform 1.49s, setup 9ms, collect 2.23s, tests 1.76s, environment 0ms, prepare 28ms)

JSON report written to /private/tmp/viborm-g4-lane-tmp-2/viborm-raptor3-g0-Ke4zDG/vitest.json
Vitest resources: 8.62s wall, 739.2 MiB peak sampled process-group RSS (sampled ceiling 1536 MiB). Teardown verified.
Raptor 3 g4-transport-seed-batch (subject candidate, qualifying) contract gate verified. Evidence: /private/tmp/viborm-g4-lane-tmp-2/viborm-raptor3-g0-Ke4zDG

 RUN  v3.1.4 /private/tmp/viborm-g4-lane-2

 ✓ |raptor3| tests/raptor3/g4/generation/transport-campaign.test.ts (1 test) 1643ms
   ✓ executes one complete G4 transport read seed batch  1642ms

 Test Files  1 passed (1)
      Tests  1 passed (1)
   Start at  02:58:22
   Duration  4.37s (transform 1.50s, setup 11ms, collect 2.21s, tests 1.64s, environment 0ms, prepare 31ms)

JSON report written to /private/tmp/viborm-g4-lane-tmp-2/viborm-raptor3-g0-VZzuLn/vitest.json
Vitest resources: 8.93s wall, 751.0 MiB peak sampled process-group RSS (sampled ceiling 1536 MiB). Teardown verified.
Raptor 3 g4-transport-seed-batch (subject candidate, qualifying) contract gate verified. Evidence: /private/tmp/viborm-g4-lane-tmp-2/viborm-raptor3-g0-VZzuLn

 RUN  v3.1.4 /private/tmp/viborm-g4-lane-2

 ✓ |raptor3| tests/raptor3/g4/generation/transport-campaign.test.ts (1 test) 1724ms
   ✓ executes one complete G4 transport read seed batch  1724ms

 Test Files  1 passed (1)
      Tests  1 passed (1)
   Start at  02:58:31
   Duration  4.90s (transform 1.41s, setup 9ms, collect 2.08s, tests 1.72s, environment 0ms, prepare 30ms)

JSON report written to /private/tmp/viborm-g4-lane-tmp-2/viborm-raptor3-g0-iXNJFe/vitest.json
Vitest resources: 8.12s wall, 756.6 MiB peak sampled process-group RSS (sampled ceiling 1536 MiB). Teardown verified.
Raptor 3 g4-transport-seed-batch (subject candidate, qualifying) contract gate verified. Evidence: /private/tmp/viborm-g4-lane-tmp-2/viborm-raptor3-g0-iXNJFe

 RUN  v3.1.4 /private/tmp/viborm-g4-lane-2

 ✓ |raptor3| tests/raptor3/g4/generation/transport-campaign.test.ts (1 test) 1745ms
   ✓ executes one complete G4 transport read seed batch  1745ms

 Test Files  1 passed (1)
      Tests  1 passed (1)
   Start at  02:58:39
   Duration  5.44s (transform 1.50s, setup 9ms, collect 2.31s, tests 1.75s, environment 0ms, prepare 28ms)

JSON report written to /private/tmp/viborm-g4-lane-tmp-2/viborm-raptor3-g0-Mqvz4G/vitest.json
Vitest resources: 8.52s wall, 745.6 MiB peak sampled process-group RSS (sampled ceiling 1536 MiB). Teardown verified.
Raptor 3 g4-transport-seed-batch (subject candidate, qualifying) contract gate verified. Evidence: /private/tmp/viborm-g4-lane-tmp-2/viborm-raptor3-g0-Mqvz4G

 RUN  v3.1.4 /private/tmp/viborm-g4-lane-2

 ✓ |raptor3| tests/raptor3/g4/generation/transport-campaign.test.ts (1 test) 1773ms
   ✓ executes one complete G4 transport read seed batch  1773ms

 Test Files  1 passed (1)
      Tests  1 passed (1)
   Start at  02:58:51
   Duration  4.50s (transform 1.44s, setup 9ms, collect 2.14s, tests 1.77s, environment 0ms, prepare 28ms)

JSON report written to /private/tmp/viborm-g4-lane-tmp-2/viborm-raptor3-g0-4Nra8q/vitest.json
Vitest resources: 8.57s wall, 738.0 MiB peak sampled process-group RSS (sampled ceiling 1536 MiB). Teardown verified.
Raptor 3 g4-transport-seed-batch (subject candidate, qualifying) contract gate verified. Evidence: /private/tmp/viborm-g4-lane-tmp-2/viborm-raptor3-g0-4Nra8q
Raptor 3 g4-transport-seeds (subject candidate, qualifying) campaign verified (not the full milestone). Evidence: /private/tmp/viborm-g4-lane-tmp-2/viborm-raptor3-g4-transport-seeds-jCok73
