
 RUN  v3.1.4 /private/tmp/viborm-g4-lane-4

 ✓ |raptor3| tests/raptor3/g4/generation/write-transport-campaign.test.ts (1 test) 8045ms
   ✓ executes one complete G4 write-envelope transport seed batch  8044ms

 Test Files  1 passed (1)
      Tests  1 passed (1)
   Start at  18:45:04
   Duration  18.17s (transform 4.03s, setup 25ms, collect 6.36s, tests 8.04s, environment 0ms, prepare 61ms)

JSON report written to /private/tmp/viborm-g4-lane-tmp-4/viborm-raptor3-g0-FVfAYB/vitest.json
Vitest resources: 30.63s wall, 633.0 MiB peak sampled process-group RSS (sampled ceiling 1536 MiB). Teardown verified.
Raptor 3 g4-write-transport-seed-batch contract gate verified. Evidence: /private/tmp/viborm-g4-lane-tmp-4/viborm-raptor3-g0-FVfAYB

 RUN  v3.1.4 /private/tmp/viborm-g4-lane-4

 ✓ |raptor3| tests/raptor3/g4/generation/write-transport-campaign.test.ts (1 test) 4077ms
   ✓ executes one complete G4 write-envelope transport seed batch  4076ms

 Test Files  1 passed (1)
      Tests  1 passed (1)
   Start at  18:45:32
   Duration  11.25s (transform 2.18s, setup 18ms, collect 3.35s, tests 4.08s, environment 0ms, prepare 59ms)

JSON report written to /private/tmp/viborm-g4-lane-tmp-4/viborm-raptor3-g0-fhEhrO/vitest.json
Vitest resources: 17.46s wall, 752.6 MiB peak sampled process-group RSS (sampled ceiling 1536 MiB). Teardown verified.
Raptor 3 g4-write-transport-seed-batch contract gate verified. Evidence: /private/tmp/viborm-g4-lane-tmp-4/viborm-raptor3-g0-fhEhrO

 RUN  v3.1.4 /private/tmp/viborm-g4-lane-4

 ✓ |raptor3| tests/raptor3/g4/generation/write-transport-campaign.test.ts (1 test) 4446ms
   ✓ executes one complete G4 write-envelope transport seed batch  4446ms

 Test Files  1 passed (1)
      Tests  1 passed (1)
   Start at  18:45:57
   Duration  10.55s (transform 2.15s, setup 19ms, collect 3.22s, tests 4.45s, environment 0ms, prepare 66ms)

JSON report written to /private/tmp/viborm-g4-lane-tmp-4/viborm-raptor3-g0-9hblbz/vitest.json
Vitest resources: 18.12s wall, 941.5 MiB peak sampled process-group RSS (sampled ceiling 1536 MiB). Teardown verified.
Raptor 3 g4-write-transport-seed-batch contract gate verified. Evidence: /private/tmp/viborm-g4-lane-tmp-4/viborm-raptor3-g0-9hblbz

 RUN  v3.1.4 /private/tmp/viborm-g4-lane-4

 ✓ |raptor3| tests/raptor3/g4/generation/write-transport-campaign.test.ts (1 test) 5000ms
   ✓ executes one complete G4 write-envelope transport seed batch  4999ms

 Test Files  1 passed (1)
      Tests  1 passed (1)
   Start at  18:46:22
   Duration  11.20s (transform 1.95s, setup 16ms, collect 2.91s, tests 5.00s, environment 0ms, prepare 57ms)

JSON report written to /private/tmp/viborm-g4-lane-tmp-4/viborm-raptor3-g0-q5uUbR/vitest.json
Vitest resources: 18.32s wall, 750.7 MiB peak sampled process-group RSS (sampled ceiling 1536 MiB). Teardown verified.
Raptor 3 g4-write-transport-seed-batch contract gate verified. Evidence: /private/tmp/viborm-g4-lane-tmp-4/viborm-raptor3-g0-q5uUbR

 RUN  v3.1.4 /private/tmp/viborm-g4-lane-4

 ✓ |raptor3| tests/raptor3/g4/generation/write-transport-campaign.test.ts (1 test) 5039ms
   ✓ executes one complete G4 write-envelope transport seed batch  5038ms

 Test Files  1 passed (1)
      Tests  1 passed (1)
   Start at  18:46:45
   Duration  11.39s (transform 1.82s, setup 11ms, collect 2.80s, tests 5.04s, environment 0ms, prepare 35ms)

JSON report written to /private/tmp/viborm-g4-lane-tmp-4/viborm-raptor3-g0-Swfhxu/vitest.json
Vitest resources: 17.12s wall, 967.6 MiB peak sampled process-group RSS (sampled ceiling 1536 MiB). Teardown verified.
Raptor 3 g4-write-transport-seed-batch contract gate verified. Evidence: /private/tmp/viborm-g4-lane-tmp-4/viborm-raptor3-g0-Swfhxu

 RUN  v3.1.4 /private/tmp/viborm-g4-lane-4

 ✓ |raptor3| tests/raptor3/g4/generation/write-transport-campaign.test.ts (1 test) 3743ms
   ✓ executes one complete G4 write-envelope transport seed batch  3743ms

 Test Files  1 passed (1)
      Tests  1 passed (1)
   Start at  18:47:13
   Duration  10.78s (transform 1.86s, setup 17ms, collect 2.80s, tests 3.74s, environment 0ms, prepare 45ms)

JSON report written to /private/tmp/viborm-g4-lane-tmp-4/viborm-raptor3-g0-IAxSkW/vitest.json
Vitest resources: 20.29s wall, 873.1 MiB peak sampled process-group RSS (sampled ceiling 1536 MiB). Teardown verified.
Raptor 3 g4-write-transport-seed-batch contract gate verified. Evidence: /private/tmp/viborm-g4-lane-tmp-4/viborm-raptor3-g0-IAxSkW

 RUN  v3.1.4 /private/tmp/viborm-g4-lane-4

 ✓ |raptor3| tests/raptor3/g4/generation/write-transport-campaign.test.ts (1 test) 2904ms
   ✓ executes one complete G4 write-envelope transport seed batch  2904ms

 Test Files  1 passed (1)
      Tests  1 passed (1)
   Start at  18:47:38
   Duration  6.99s (transform 1.56s, setup 10ms, collect 2.33s, tests 2.90s, environment 0ms, prepare 41ms)

JSON report written to /private/tmp/viborm-g4-lane-tmp-4/viborm-raptor3-g0-QzkjHg/vitest.json
Vitest resources: 17.27s wall, 722.0 MiB peak sampled process-group RSS (sampled ceiling 1536 MiB). Teardown verified.
Raptor 3 g4-write-transport-seed-batch contract gate verified. Evidence: /private/tmp/viborm-g4-lane-tmp-4/viborm-raptor3-g0-QzkjHg

 RUN  v3.1.4 /private/tmp/viborm-g4-lane-4

 ✓ |raptor3| tests/raptor3/g4/generation/write-transport-campaign.test.ts (1 test) 4193ms
   ✓ executes one complete G4 write-envelope transport seed batch  4192ms

 Test Files  1 passed (1)
      Tests  1 passed (1)
   Start at  18:48:01
   Duration  10.44s (transform 2.18s, setup 13ms, collect 3.33s, tests 4.19s, environment 0ms, prepare 48ms)

JSON report written to /private/tmp/viborm-g4-lane-tmp-4/viborm-raptor3-g0-5lhmcU/vitest.json
Vitest resources: 18.45s wall, 756.3 MiB peak sampled process-group RSS (sampled ceiling 1536 MiB). Teardown verified.
Raptor 3 g4-write-transport-seed-batch contract gate verified. Evidence: /private/tmp/viborm-g4-lane-tmp-4/viborm-raptor3-g0-5lhmcU

 RUN  v3.1.4 /private/tmp/viborm-g4-lane-4

 ✓ |raptor3| tests/raptor3/g4/generation/write-transport-campaign.test.ts (1 test) 3604ms
   ✓ executes one complete G4 write-envelope transport seed batch  3603ms

 Test Files  1 passed (1)
      Tests  1 passed (1)
   Start at  18:48:23
   Duration  9.00s (transform 1.59s, setup 11ms, collect 2.40s, tests 3.60s, environment 0ms, prepare 48ms)

JSON report written to /private/tmp/viborm-g4-lane-tmp-4/viborm-raptor3-g0-T9FRQe/vitest.json
Vitest resources: 15.22s wall, 724.5 MiB peak sampled process-group RSS (sampled ceiling 1536 MiB). Teardown verified.
Raptor 3 g4-write-transport-seed-batch contract gate verified. Evidence: /private/tmp/viborm-g4-lane-tmp-4/viborm-raptor3-g0-T9FRQe

 RUN  v3.1.4 /private/tmp/viborm-g4-lane-4

 ✓ |raptor3| tests/raptor3/g4/generation/write-transport-campaign.test.ts (1 test) 3541ms
   ✓ executes one complete G4 write-envelope transport seed batch  3541ms

 Test Files  1 passed (1)
      Tests  1 passed (1)
   Start at  18:48:43
   Duration  9.93s (transform 2.05s, setup 12ms, collect 3.11s, tests 3.54s, environment 0ms, prepare 44ms)

JSON report written to /private/tmp/viborm-g4-lane-tmp-4/viborm-raptor3-g0-u5ezYQ/vitest.json
Vitest resources: 16.19s wall, 755.9 MiB peak sampled process-group RSS (sampled ceiling 1536 MiB). Teardown verified.
Raptor 3 g4-write-transport-seed-batch contract gate verified. Evidence: /private/tmp/viborm-g4-lane-tmp-4/viborm-raptor3-g0-u5ezYQ

 RUN  v3.1.4 /private/tmp/viborm-g4-lane-4

 ✓ |raptor3| tests/raptor3/g4/generation/write-transport-campaign.test.ts (1 test) 4059ms
   ✓ executes one complete G4 write-envelope transport seed batch  4058ms

 Test Files  1 passed (1)
      Tests  1 passed (1)
   Start at  18:49:10
   Duration  11.14s (transform 2.40s, setup 14ms, collect 3.72s, tests 4.06s, environment 0ms, prepare 43ms)

JSON report written to /private/tmp/viborm-g4-lane-tmp-4/viborm-raptor3-g0-EfsQhp/vitest.json
Vitest resources: 21.91s wall, 710.4 MiB peak sampled process-group RSS (sampled ceiling 1536 MiB). Teardown verified.
Raptor 3 g4-write-transport-seed-batch contract gate verified. Evidence: /private/tmp/viborm-g4-lane-tmp-4/viborm-raptor3-g0-EfsQhp

 RUN  v3.1.4 /private/tmp/viborm-g4-lane-4

 ✓ |raptor3| tests/raptor3/g4/generation/write-transport-campaign.test.ts (1 test) 4906ms
   ✓ executes one complete G4 write-envelope transport seed batch  4906ms

 Test Files  1 passed (1)
      Tests  1 passed (1)
   Start at  18:49:38
   Duration  12.48s (transform 2.59s, setup 15ms, collect 3.97s, tests 4.91s, environment 0ms, prepare 61ms)

JSON report written to /private/tmp/viborm-g4-lane-tmp-4/viborm-raptor3-g0-MIOkcM/vitest.json
Vitest resources: 21.15s wall, 1041.4 MiB peak sampled process-group RSS (sampled ceiling 1536 MiB). Teardown verified.
Raptor 3 g4-write-transport-seed-batch contract gate verified. Evidence: /private/tmp/viborm-g4-lane-tmp-4/viborm-raptor3-g0-MIOkcM

 RUN  v3.1.4 /private/tmp/viborm-g4-lane-4

 ✓ |raptor3| tests/raptor3/g4/generation/write-transport-campaign.test.ts (1 test) 4640ms
   ✓ executes one complete G4 write-envelope transport seed batch  4639ms

 Test Files  1 passed (1)
      Tests  1 passed (1)
   Start at  18:50:08
   Duration  12.63s (transform 3.23s, setup 16ms, collect 4.92s, tests 4.64s, environment 0ms, prepare 60ms)

JSON report written to /private/tmp/viborm-g4-lane-tmp-4/viborm-raptor3-g0-PzRDCy/vitest.json
Vitest resources: 21.62s wall, 819.3 MiB peak sampled process-group RSS (sampled ceiling 1536 MiB). Teardown verified.
Raptor 3 g4-write-transport-seed-batch contract gate verified. Evidence: /private/tmp/viborm-g4-lane-tmp-4/viborm-raptor3-g0-PzRDCy

 RUN  v3.1.4 /private/tmp/viborm-g4-lane-4

 ✓ |raptor3| tests/raptor3/g4/generation/write-transport-campaign.test.ts (1 test) 3595ms
   ✓ executes one complete G4 write-envelope transport seed batch  3595ms

 Test Files  1 passed (1)
      Tests  1 passed (1)
   Start at  18:50:34
   Duration  8.61s (transform 1.67s, setup 16ms, collect 2.53s, tests 3.60s, environment 0ms, prepare 46ms)

JSON report written to /private/tmp/viborm-g4-lane-tmp-4/viborm-raptor3-g0-1aqFwy/vitest.json
Vitest resources: 14.72s wall, 734.9 MiB peak sampled process-group RSS (sampled ceiling 1536 MiB). Teardown verified.
Raptor 3 g4-write-transport-seed-batch contract gate verified. Evidence: /private/tmp/viborm-g4-lane-tmp-4/viborm-raptor3-g0-1aqFwy

 RUN  v3.1.4 /private/tmp/viborm-g4-lane-4

 ✓ |raptor3| tests/raptor3/g4/generation/write-transport-campaign.test.ts (1 test) 4683ms
   ✓ executes one complete G4 write-envelope transport seed batch  4682ms

 Test Files  1 passed (1)
      Tests  1 passed (1)
   Start at  18:50:56
   Duration  10.52s (transform 1.85s, setup 14ms, collect 2.86s, tests 4.68s, environment 0ms, prepare 69ms)

JSON report written to /private/tmp/viborm-g4-lane-tmp-4/viborm-raptor3-g0-TEhnIY/vitest.json
Vitest resources: 16.47s wall, 759.2 MiB peak sampled process-group RSS (sampled ceiling 1536 MiB). Teardown verified.
Raptor 3 g4-write-transport-seed-batch contract gate verified. Evidence: /private/tmp/viborm-g4-lane-tmp-4/viborm-raptor3-g0-TEhnIY

 RUN  v3.1.4 /private/tmp/viborm-g4-lane-4

 ✓ |raptor3| tests/raptor3/g4/generation/write-transport-campaign.test.ts (1 test) 3948ms
   ✓ executes one complete G4 write-envelope transport seed batch  3947ms

 Test Files  1 passed (1)
      Tests  1 passed (1)
   Start at  18:51:18
   Duration  10.31s (transform 1.94s, setup 18ms, collect 2.86s, tests 3.95s, environment 0ms, prepare 43ms)

JSON report written to /private/tmp/viborm-g4-lane-tmp-4/viborm-raptor3-g0-EKGmNG/vitest.json
Vitest resources: 16.26s wall, 825.5 MiB peak sampled process-group RSS (sampled ceiling 1536 MiB). Teardown verified.
Raptor 3 g4-write-transport-seed-batch contract gate verified. Evidence: /private/tmp/viborm-g4-lane-tmp-4/viborm-raptor3-g0-EKGmNG

 RUN  v3.1.4 /private/tmp/viborm-g4-lane-4

 ✓ |raptor3| tests/raptor3/g4/generation/write-transport-campaign.test.ts (1 test) 4213ms
   ✓ executes one complete G4 write-envelope transport seed batch  4213ms

 Test Files  1 passed (1)
      Tests  1 passed (1)
   Start at  18:51:40
   Duration  9.92s (transform 1.79s, setup 14ms, collect 2.73s, tests 4.21s, environment 0ms, prepare 45ms)

JSON report written to /private/tmp/viborm-g4-lane-tmp-4/viborm-raptor3-g0-5EkVFw/vitest.json
Vitest resources: 16.40s wall, 710.2 MiB peak sampled process-group RSS (sampled ceiling 1536 MiB). Teardown verified.
Raptor 3 g4-write-transport-seed-batch contract gate verified. Evidence: /private/tmp/viborm-g4-lane-tmp-4/viborm-raptor3-g0-5EkVFw

 RUN  v3.1.4 /private/tmp/viborm-g4-lane-4

 ✓ |raptor3| tests/raptor3/g4/generation/write-transport-campaign.test.ts (1 test) 3377ms
   ✓ executes one complete G4 write-envelope transport seed batch  3376ms

 Test Files  1 passed (1)
      Tests  1 passed (1)
   Start at  18:52:03
   Duration  9.00s (transform 1.80s, setup 12ms, collect 2.73s, tests 3.38s, environment 0ms, prepare 45ms)

JSON report written to /private/tmp/viborm-g4-lane-tmp-4/viborm-raptor3-g0-PdgxZI/vitest.json
Vitest resources: 17.13s wall, 819.6 MiB peak sampled process-group RSS (sampled ceiling 1536 MiB). Teardown verified.
Raptor 3 g4-write-transport-seed-batch contract gate verified. Evidence: /private/tmp/viborm-g4-lane-tmp-4/viborm-raptor3-g0-PdgxZI

 RUN  v3.1.4 /private/tmp/viborm-g4-lane-4

 ✓ |raptor3| tests/raptor3/g4/generation/write-transport-campaign.test.ts (1 test) 2933ms
   ✓ executes one complete G4 write-envelope transport seed batch  2932ms

 Test Files  1 passed (1)
      Tests  1 passed (1)
   Start at  18:52:24
   Duration  8.10s (transform 1.72s, setup 11ms, collect 2.62s, tests 2.93s, environment 0ms, prepare 57ms)

JSON report written to /private/tmp/viborm-g4-lane-tmp-4/viborm-raptor3-g0-Z6bAQ5/vitest.json
Vitest resources: 14.95s wall, 759.1 MiB peak sampled process-group RSS (sampled ceiling 1536 MiB). Teardown verified.
Raptor 3 g4-write-transport-seed-batch contract gate verified. Evidence: /private/tmp/viborm-g4-lane-tmp-4/viborm-raptor3-g0-Z6bAQ5

 RUN  v3.1.4 /private/tmp/viborm-g4-lane-4

 ✓ |raptor3| tests/raptor3/g4/generation/write-transport-campaign.test.ts (1 test) 2925ms
   ✓ executes one complete G4 write-envelope transport seed batch  2924ms

 Test Files  1 passed (1)
      Tests  1 passed (1)
   Start at  18:52:44
   Duration  7.98s (transform 1.66s, setup 10ms, collect 2.50s, tests 2.92s, environment 0ms, prepare 31ms)

JSON report written to /private/tmp/viborm-g4-lane-tmp-4/viborm-raptor3-g0-SGwXGQ/vitest.json
Vitest resources: 14.31s wall, 774.7 MiB peak sampled process-group RSS (sampled ceiling 1536 MiB). Teardown verified.
Raptor 3 g4-write-transport-seed-batch contract gate verified. Evidence: /private/tmp/viborm-g4-lane-tmp-4/viborm-raptor3-g0-SGwXGQ

 RUN  v3.1.4 /private/tmp/viborm-g4-lane-4

 ✓ |raptor3| tests/raptor3/g4/generation/write-transport-campaign.test.ts (1 test) 2773ms
   ✓ executes one complete G4 write-envelope transport seed batch  2773ms

 Test Files  1 passed (1)
      Tests  1 passed (1)
   Start at  18:53:05
   Duration  8.00s (transform 1.65s, setup 11ms, collect 2.49s, tests 2.77s, environment 0ms, prepare 38ms)

JSON report written to /private/tmp/viborm-g4-lane-tmp-4/viborm-raptor3-g0-9ZDLeO/vitest.json
Vitest resources: 15.59s wall, 813.5 MiB peak sampled process-group RSS (sampled ceiling 1536 MiB). Teardown verified.
Raptor 3 g4-write-transport-seed-batch contract gate verified. Evidence: /private/tmp/viborm-g4-lane-tmp-4/viborm-raptor3-g0-9ZDLeO

 RUN  v3.1.4 /private/tmp/viborm-g4-lane-4

 ✓ |raptor3| tests/raptor3/g4/generation/write-transport-campaign.test.ts (1 test) 3520ms
   ✓ executes one complete G4 write-envelope transport seed batch  3519ms

 Test Files  1 passed (1)
      Tests  1 passed (1)
   Start at  18:53:26
   Duration  8.78s (transform 1.65s, setup 10ms, collect 2.52s, tests 3.52s, environment 0ms, prepare 41ms)

JSON report written to /private/tmp/viborm-g4-lane-tmp-4/viborm-raptor3-g0-3lBZZA/vitest.json
Vitest resources: 16.20s wall, 1000.3 MiB peak sampled process-group RSS (sampled ceiling 1536 MiB). Teardown verified.
Raptor 3 g4-write-transport-seed-batch contract gate verified. Evidence: /private/tmp/viborm-g4-lane-tmp-4/viborm-raptor3-g0-3lBZZA

 RUN  v3.1.4 /private/tmp/viborm-g4-lane-4

 ✓ |raptor3| tests/raptor3/g4/generation/write-transport-campaign.test.ts (1 test) 3322ms
   ✓ executes one complete G4 write-envelope transport seed batch  3321ms

 Test Files  1 passed (1)
      Tests  1 passed (1)
   Start at  18:53:49
   Duration  12.08s (transform 2.44s, setup 92ms, collect 3.70s, tests 3.32s, environment 0ms, prepare 153ms)

JSON report written to /private/tmp/viborm-g4-lane-tmp-4/viborm-raptor3-g0-07zBdh/vitest.json
Vitest resources: 19.95s wall, 892.4 MiB peak sampled process-group RSS (sampled ceiling 1536 MiB). Teardown verified.
Raptor 3 g4-write-transport-seed-batch contract gate verified. Evidence: /private/tmp/viborm-g4-lane-tmp-4/viborm-raptor3-g0-07zBdh

 RUN  v3.1.4 /private/tmp/viborm-g4-lane-4

 ✓ |raptor3| tests/raptor3/g4/generation/write-transport-campaign.test.ts (1 test) 3747ms
   ✓ executes one complete G4 write-envelope transport seed batch  3746ms

 Test Files  1 passed (1)
      Tests  1 passed (1)
   Start at  18:54:15
   Duration  8.46s (transform 1.65s, setup 9ms, collect 2.48s, tests 3.75s, environment 0ms, prepare 27ms)

JSON report written to /private/tmp/viborm-g4-lane-tmp-4/viborm-raptor3-g0-m6yoNN/vitest.json
Vitest resources: 16.41s wall, 933.2 MiB peak sampled process-group RSS (sampled ceiling 1536 MiB). Teardown verified.
Raptor 3 g4-write-transport-seed-batch contract gate verified. Evidence: /private/tmp/viborm-g4-lane-tmp-4/viborm-raptor3-g0-m6yoNN

 RUN  v3.1.4 /private/tmp/viborm-g4-lane-4

 ✓ |raptor3| tests/raptor3/g4/generation/write-transport-campaign.test.ts (1 test) 4006ms
   ✓ executes one complete G4 write-envelope transport seed batch  4006ms

 Test Files  1 passed (1)
      Tests  1 passed (1)
   Start at  18:54:38
   Duration  8.56s (transform 1.80s, setup 11ms, collect 2.69s, tests 4.01s, environment 0ms, prepare 29ms)

JSON report written to /private/tmp/viborm-g4-lane-tmp-4/viborm-raptor3-g0-kCcMsB/vitest.json
Vitest resources: 16.00s wall, 709.4 MiB peak sampled process-group RSS (sampled ceiling 1536 MiB). Teardown verified.
Raptor 3 g4-write-transport-seed-batch contract gate verified. Evidence: /private/tmp/viborm-g4-lane-tmp-4/viborm-raptor3-g0-kCcMsB

 RUN  v3.1.4 /private/tmp/viborm-g4-lane-4

 ✓ |raptor3| tests/raptor3/g4/generation/write-transport-campaign.test.ts (1 test) 4312ms
   ✓ executes one complete G4 write-envelope transport seed batch  4312ms

 Test Files  1 passed (1)
      Tests  1 passed (1)
   Start at  18:54:59
   Duration  9.96s (transform 1.66s, setup 10ms, collect 2.49s, tests 4.31s, environment 0ms, prepare 33ms)

JSON report written to /private/tmp/viborm-g4-lane-tmp-4/viborm-raptor3-g0-sJXGnC/vitest.json
Vitest resources: 16.32s wall, 733.3 MiB peak sampled process-group RSS (sampled ceiling 1536 MiB). Teardown verified.
Raptor 3 g4-write-transport-seed-batch contract gate verified. Evidence: /private/tmp/viborm-g4-lane-tmp-4/viborm-raptor3-g0-sJXGnC

 RUN  v3.1.4 /private/tmp/viborm-g4-lane-4

 ✓ |raptor3| tests/raptor3/g4/generation/write-transport-campaign.test.ts (1 test) 3274ms
   ✓ executes one complete G4 write-envelope transport seed batch  3273ms

 Test Files  1 passed (1)
      Tests  1 passed (1)
   Start at  18:55:21
   Duration  8.64s (transform 1.73s, setup 12ms, collect 2.60s, tests 3.27s, environment 0ms, prepare 38ms)

JSON report written to /private/tmp/viborm-g4-lane-tmp-4/viborm-raptor3-g0-aRyeNc/vitest.json
Vitest resources: 15.05s wall, 738.5 MiB peak sampled process-group RSS (sampled ceiling 1536 MiB). Teardown verified.
Raptor 3 g4-write-transport-seed-batch contract gate verified. Evidence: /private/tmp/viborm-g4-lane-tmp-4/viborm-raptor3-g0-aRyeNc

 RUN  v3.1.4 /private/tmp/viborm-g4-lane-4

 ✓ |raptor3| tests/raptor3/g4/generation/write-transport-campaign.test.ts (1 test) 2681ms
   ✓ executes one complete G4 write-envelope transport seed batch  2680ms

 Test Files  1 passed (1)
      Tests  1 passed (1)
   Start at  18:55:41
   Duration  8.01s (transform 1.81s, setup 11ms, collect 2.75s, tests 2.68s, environment 0ms, prepare 40ms)

JSON report written to /private/tmp/viborm-g4-lane-tmp-4/viborm-raptor3-g0-r5x0su/vitest.json
Vitest resources: 14.22s wall, 739.3 MiB peak sampled process-group RSS (sampled ceiling 1536 MiB). Teardown verified.
Raptor 3 g4-write-transport-seed-batch contract gate verified. Evidence: /private/tmp/viborm-g4-lane-tmp-4/viborm-raptor3-g0-r5x0su

 RUN  v3.1.4 /private/tmp/viborm-g4-lane-4

 ✓ |raptor3| tests/raptor3/g4/generation/write-transport-campaign.test.ts (1 test) 2645ms
   ✓ executes one complete G4 write-envelope transport seed batch  2645ms

 Test Files  1 passed (1)
      Tests  1 passed (1)
   Start at  18:56:01
   Duration  7.53s (transform 1.72s, setup 12ms, collect 2.59s, tests 2.65s, environment 0ms, prepare 41ms)

JSON report written to /private/tmp/viborm-g4-lane-tmp-4/viborm-raptor3-g0-QLMC8m/vitest.json
Vitest resources: 14.66s wall, 925.6 MiB peak sampled process-group RSS (sampled ceiling 1536 MiB). Teardown verified.
Raptor 3 g4-write-transport-seed-batch contract gate verified. Evidence: /private/tmp/viborm-g4-lane-tmp-4/viborm-raptor3-g0-QLMC8m

 RUN  v3.1.4 /private/tmp/viborm-g4-lane-4

 ✓ |raptor3| tests/raptor3/g4/generation/write-transport-campaign.test.ts (1 test) 2694ms
   ✓ executes one complete G4 write-envelope transport seed batch  2693ms

 Test Files  1 passed (1)
      Tests  1 passed (1)
   Start at  18:56:22
   Duration  8.27s (transform 1.87s, setup 12ms, collect 2.91s, tests 2.69s, environment 0ms, prepare 48ms)

JSON report written to /private/tmp/viborm-g4-lane-tmp-4/viborm-raptor3-g0-xrqXOD/vitest.json
Vitest resources: 16.27s wall, 900.9 MiB peak sampled process-group RSS (sampled ceiling 1536 MiB). Teardown verified.
Raptor 3 g4-write-transport-seed-batch contract gate verified. Evidence: /private/tmp/viborm-g4-lane-tmp-4/viborm-raptor3-g0-xrqXOD

 RUN  v3.1.4 /private/tmp/viborm-g4-lane-4

 ✓ |raptor3| tests/raptor3/g4/generation/write-transport-campaign.test.ts (1 test) 3279ms
   ✓ executes one complete G4 write-envelope transport seed batch  3279ms

 Test Files  1 passed (1)
      Tests  1 passed (1)
   Start at  18:56:43
   Duration  7.73s (transform 1.58s, setup 13ms, collect 2.38s, tests 3.28s, environment 0ms, prepare 46ms)

JSON report written to /private/tmp/viborm-g4-lane-tmp-4/viborm-raptor3-g0-5n8lsB/vitest.json
Vitest resources: 15.13s wall, 1026.9 MiB peak sampled process-group RSS (sampled ceiling 1536 MiB). Teardown verified.
Raptor 3 g4-write-transport-seed-batch contract gate verified. Evidence: /private/tmp/viborm-g4-lane-tmp-4/viborm-raptor3-g0-5n8lsB

 RUN  v3.1.4 /private/tmp/viborm-g4-lane-4

 ✓ |raptor3| tests/raptor3/g4/generation/write-transport-campaign.test.ts (1 test) 3245ms
   ✓ executes one complete G4 write-envelope transport seed batch  3243ms

 Test Files  1 passed (1)
      Tests  1 passed (1)
   Start at  18:57:03
   Duration  8.25s (transform 1.69s, setup 13ms, collect 2.56s, tests 3.24s, environment 0ms, prepare 47ms)

JSON report written to /private/tmp/viborm-g4-lane-tmp-4/viborm-raptor3-g0-XMUAiO/vitest.json
Vitest resources: 15.46s wall, 926.6 MiB peak sampled process-group RSS (sampled ceiling 1536 MiB). Teardown verified.
Raptor 3 g4-write-transport-seed-batch contract gate verified. Evidence: /private/tmp/viborm-g4-lane-tmp-4/viborm-raptor3-g0-XMUAiO

 RUN  v3.1.4 /private/tmp/viborm-g4-lane-4

 ✓ |raptor3| tests/raptor3/g4/generation/write-transport-campaign.test.ts (1 test) 3055ms
   ✓ executes one complete G4 write-envelope transport seed batch  3055ms

 Test Files  1 passed (1)
      Tests  1 passed (1)
   Start at  18:57:23
   Duration  9.74s (transform 2.58s, setup 18ms, collect 4.03s, tests 3.06s, environment 0ms, prepare 45ms)

JSON report written to /private/tmp/viborm-g4-lane-tmp-4/viborm-raptor3-g0-ujff5i/vitest.json
Vitest resources: 16.94s wall, 1022.8 MiB peak sampled process-group RSS (sampled ceiling 1536 MiB). Teardown verified.
Raptor 3 g4-write-transport-seed-batch contract gate verified. Evidence: /private/tmp/viborm-g4-lane-tmp-4/viborm-raptor3-g0-ujff5i

 RUN  v3.1.4 /private/tmp/viborm-g4-lane-4

 ✓ |raptor3| tests/raptor3/g4/generation/write-transport-campaign.test.ts (1 test) 3381ms
   ✓ executes one complete G4 write-envelope transport seed batch  3380ms

 Test Files  1 passed (1)
      Tests  1 passed (1)
   Start at  18:57:45
   Duration  8.64s (transform 1.70s, setup 14ms, collect 2.52s, tests 3.38s, environment 0ms, prepare 42ms)

JSON report written to /private/tmp/viborm-g4-lane-tmp-4/viborm-raptor3-g0-lfMJPB/vitest.json
Vitest resources: 16.13s wall, 738.8 MiB peak sampled process-group RSS (sampled ceiling 1536 MiB). Teardown verified.
Raptor 3 g4-write-transport-seed-batch contract gate verified. Evidence: /private/tmp/viborm-g4-lane-tmp-4/viborm-raptor3-g0-lfMJPB

 RUN  v3.1.4 /private/tmp/viborm-g4-lane-4

 ✓ |raptor3| tests/raptor3/g4/generation/write-transport-campaign.test.ts (1 test) 2915ms
   ✓ executes one complete G4 write-envelope transport seed batch  2915ms

 Test Files  1 passed (1)
      Tests  1 passed (1)
   Start at  18:58:06
   Duration  8.32s (transform 1.93s, setup 15ms, collect 2.91s, tests 2.92s, environment 0ms, prepare 32ms)

JSON report written to /private/tmp/viborm-g4-lane-tmp-4/viborm-raptor3-g0-Wa8q1P/vitest.json
Vitest resources: 14.89s wall, 765.1 MiB peak sampled process-group RSS (sampled ceiling 1536 MiB). Teardown verified.
Raptor 3 g4-write-transport-seed-batch contract gate verified. Evidence: /private/tmp/viborm-g4-lane-tmp-4/viborm-raptor3-g0-Wa8q1P

 RUN  v3.1.4 /private/tmp/viborm-g4-lane-4

 ✓ |raptor3| tests/raptor3/g4/generation/write-transport-campaign.test.ts (1 test) 4042ms
   ✓ executes one complete G4 write-envelope transport seed batch  4041ms

 Test Files  1 passed (1)
      Tests  1 passed (1)
   Start at  18:58:26
   Duration  8.96s (transform 1.65s, setup 13ms, collect 2.48s, tests 4.04s, environment 0ms, prepare 31ms)

JSON report written to /private/tmp/viborm-g4-lane-tmp-4/viborm-raptor3-g0-KknGcf/vitest.json
Vitest resources: 15.47s wall, 1072.1 MiB peak sampled process-group RSS (sampled ceiling 1536 MiB). Teardown verified.
Raptor 3 g4-write-transport-seed-batch contract gate verified. Evidence: /private/tmp/viborm-g4-lane-tmp-4/viborm-raptor3-g0-KknGcf

 RUN  v3.1.4 /private/tmp/viborm-g4-lane-4

 ✓ |raptor3| tests/raptor3/g4/generation/write-transport-campaign.test.ts (1 test) 4016ms
   ✓ executes one complete G4 write-envelope transport seed batch  4016ms

 Test Files  1 passed (1)
      Tests  1 passed (1)
   Start at  18:58:47
   Duration  10.33s (transform 2.32s, setup 13ms, collect 3.50s, tests 4.02s, environment 0ms, prepare 43ms)

JSON report written to /private/tmp/viborm-g4-lane-tmp-4/viborm-raptor3-g0-0vQIN9/vitest.json
Vitest resources: 16.15s wall, 773.1 MiB peak sampled process-group RSS (sampled ceiling 1536 MiB). Teardown verified.
Raptor 3 g4-write-transport-seed-batch contract gate verified. Evidence: /private/tmp/viborm-g4-lane-tmp-4/viborm-raptor3-g0-0vQIN9

 RUN  v3.1.4 /private/tmp/viborm-g4-lane-4

 ✓ |raptor3| tests/raptor3/g4/generation/write-transport-campaign.test.ts (1 test) 3040ms
   ✓ executes one complete G4 write-envelope transport seed batch  3039ms

 Test Files  1 passed (1)
      Tests  1 passed (1)
   Start at  18:59:10
   Duration  8.34s (transform 1.80s, setup 10ms, collect 2.71s, tests 3.04s, environment 0ms, prepare 35ms)

JSON report written to /private/tmp/viborm-g4-lane-tmp-4/viborm-raptor3-g0-362RY7/vitest.json
Vitest resources: 14.22s wall, 744.2 MiB peak sampled process-group RSS (sampled ceiling 1536 MiB). Teardown verified.
Raptor 3 g4-write-transport-seed-batch contract gate verified. Evidence: /private/tmp/viborm-g4-lane-tmp-4/viborm-raptor3-g0-362RY7

 RUN  v3.1.4 /private/tmp/viborm-g4-lane-4

 ✓ |raptor3| tests/raptor3/g4/generation/write-transport-campaign.test.ts (1 test) 2683ms
   ✓ executes one complete G4 write-envelope transport seed batch  2682ms

 Test Files  1 passed (1)
      Tests  1 passed (1)
   Start at  18:59:31
   Duration  8.23s (transform 1.77s, setup 13ms, collect 2.65s, tests 2.68s, environment 0ms, prepare 42ms)

JSON report written to /private/tmp/viborm-g4-lane-tmp-4/viborm-raptor3-g0-f1Pmrq/vitest.json
Vitest resources: 15.40s wall, 869.4 MiB peak sampled process-group RSS (sampled ceiling 1536 MiB). Teardown verified.
Raptor 3 g4-write-transport-seed-batch contract gate verified. Evidence: /private/tmp/viborm-g4-lane-tmp-4/viborm-raptor3-g0-f1Pmrq

 RUN  v3.1.4 /private/tmp/viborm-g4-lane-4

 ✓ |raptor3| tests/raptor3/g4/generation/write-transport-campaign.test.ts (1 test) 2457ms
   ✓ executes one complete G4 write-envelope transport seed batch  2456ms

 Test Files  1 passed (1)
      Tests  1 passed (1)
   Start at  18:59:52
   Duration  8.06s (transform 1.84s, setup 13ms, collect 2.76s, tests 2.46s, environment 0ms, prepare 56ms)

JSON report written to /private/tmp/viborm-g4-lane-tmp-4/viborm-raptor3-g0-GQxwo6/vitest.json
Vitest resources: 14.37s wall, 720.5 MiB peak sampled process-group RSS (sampled ceiling 1536 MiB). Teardown verified.
Raptor 3 g4-write-transport-seed-batch contract gate verified. Evidence: /private/tmp/viborm-g4-lane-tmp-4/viborm-raptor3-g0-GQxwo6

 RUN  v3.1.4 /private/tmp/viborm-g4-lane-4

 ✓ |raptor3| tests/raptor3/g4/generation/write-transport-campaign.test.ts (1 test) 3504ms
   ✓ executes one complete G4 write-envelope transport seed batch  3503ms

 Test Files  1 passed (1)
      Tests  1 passed (1)
   Start at  19:00:13
   Duration  8.50s (transform 1.74s, setup 12ms, collect 2.58s, tests 3.50s, environment 0ms, prepare 44ms)

JSON report written to /private/tmp/viborm-g4-lane-tmp-4/viborm-raptor3-g0-K6XXlW/vitest.json
Vitest resources: 15.90s wall, 707.0 MiB peak sampled process-group RSS (sampled ceiling 1536 MiB). Teardown verified.
Raptor 3 g4-write-transport-seed-batch contract gate verified. Evidence: /private/tmp/viborm-g4-lane-tmp-4/viborm-raptor3-g0-K6XXlW

 RUN  v3.1.4 /private/tmp/viborm-g4-lane-4

 ✓ |raptor3| tests/raptor3/g4/generation/write-transport-campaign.test.ts (1 test) 3061ms
   ✓ executes one complete G4 write-envelope transport seed batch  3060ms

 Test Files  1 passed (1)
      Tests  1 passed (1)
   Start at  19:00:35
   Duration  9.91s (transform 2.31s, setup 14ms, collect 3.50s, tests 3.06s, environment 0ms, prepare 58ms)

JSON report written to /private/tmp/viborm-g4-lane-tmp-4/viborm-raptor3-g0-nsA1j2/vitest.json
Vitest resources: 17.29s wall, 727.4 MiB peak sampled process-group RSS (sampled ceiling 1536 MiB). Teardown verified.
Raptor 3 g4-write-transport-seed-batch contract gate verified. Evidence: /private/tmp/viborm-g4-lane-tmp-4/viborm-raptor3-g0-nsA1j2

 RUN  v3.1.4 /private/tmp/viborm-g4-lane-4

 ✓ |raptor3| tests/raptor3/g4/generation/write-transport-campaign.test.ts (1 test) 4272ms
   ✓ executes one complete G4 write-envelope transport seed batch  4271ms

 Test Files  1 passed (1)
      Tests  1 passed (1)
   Start at  19:00:57
   Duration  10.60s (transform 2.04s, setup 12ms, collect 3.04s, tests 4.27s, environment 0ms, prepare 46ms)

JSON report written to /private/tmp/viborm-g4-lane-tmp-4/viborm-raptor3-g0-KlGc30/vitest.json
Vitest resources: 17.86s wall, 845.1 MiB peak sampled process-group RSS (sampled ceiling 1536 MiB). Teardown verified.
Raptor 3 g4-write-transport-seed-batch contract gate verified. Evidence: /private/tmp/viborm-g4-lane-tmp-4/viborm-raptor3-g0-KlGc30

 RUN  v3.1.4 /private/tmp/viborm-g4-lane-4

 ✓ |raptor3| tests/raptor3/g4/generation/write-transport-campaign.test.ts (1 test) 3855ms
   ✓ executes one complete G4 write-envelope transport seed batch  3854ms

 Test Files  1 passed (1)
      Tests  1 passed (1)
   Start at  19:01:20
   Duration  10.74s (transform 2.58s, setup 15ms, collect 3.92s, tests 3.85s, environment 0ms, prepare 48ms)

JSON report written to /private/tmp/viborm-g4-lane-tmp-4/viborm-raptor3-g0-K341l5/vitest.json
Vitest resources: 17.67s wall, 920.6 MiB peak sampled process-group RSS (sampled ceiling 1536 MiB). Teardown verified.
Raptor 3 g4-write-transport-seed-batch contract gate verified. Evidence: /private/tmp/viborm-g4-lane-tmp-4/viborm-raptor3-g0-K341l5

 RUN  v3.1.4 /private/tmp/viborm-g4-lane-4

 ✓ |raptor3| tests/raptor3/g4/generation/write-transport-campaign.test.ts (1 test) 4342ms
   ✓ executes one complete G4 write-envelope transport seed batch  4341ms

 Test Files  1 passed (1)
      Tests  1 passed (1)
   Start at  19:01:43
   Duration  10.51s (transform 2.10s, setup 14ms, collect 3.18s, tests 4.34s, environment 0ms, prepare 41ms)

JSON report written to /private/tmp/viborm-g4-lane-tmp-4/viborm-raptor3-g0-FBy5lU/vitest.json
Vitest resources: 17.81s wall, 1041.8 MiB peak sampled process-group RSS (sampled ceiling 1536 MiB). Teardown verified.
Raptor 3 g4-write-transport-seed-batch contract gate verified. Evidence: /private/tmp/viborm-g4-lane-tmp-4/viborm-raptor3-g0-FBy5lU

 RUN  v3.1.4 /private/tmp/viborm-g4-lane-4

 ✓ |raptor3| tests/raptor3/g4/generation/write-transport-campaign.test.ts (1 test) 3465ms
   ✓ executes one complete G4 write-envelope transport seed batch  3464ms

 Test Files  1 passed (1)
      Tests  1 passed (1)
   Start at  19:02:08
   Duration  10.82s (transform 2.41s, setup 19ms, collect 3.62s, tests 3.47s, environment 0ms, prepare 55ms)

JSON report written to /private/tmp/viborm-g4-lane-tmp-4/viborm-raptor3-g0-A5bt63/vitest.json
Vitest resources: 19.69s wall, 734.8 MiB peak sampled process-group RSS (sampled ceiling 1536 MiB). Teardown verified.
Raptor 3 g4-write-transport-seed-batch contract gate verified. Evidence: /private/tmp/viborm-g4-lane-tmp-4/viborm-raptor3-g0-A5bt63

 RUN  v3.1.4 /private/tmp/viborm-g4-lane-4

 ✓ |raptor3| tests/raptor3/g4/generation/write-transport-campaign.test.ts (1 test) 4467ms
   ✓ executes one complete G4 write-envelope transport seed batch  4467ms

 Test Files  1 passed (1)
      Tests  1 passed (1)
   Start at  19:02:33
   Duration  9.54s (transform 1.68s, setup 10ms, collect 2.50s, tests 4.47s, environment 0ms, prepare 28ms)

JSON report written to /private/tmp/viborm-g4-lane-tmp-4/viborm-raptor3-g0-jfG0hU/vitest.json
Vitest resources: 17.09s wall, 973.5 MiB peak sampled process-group RSS (sampled ceiling 1536 MiB). Teardown verified.
Raptor 3 g4-write-transport-seed-batch contract gate verified. Evidence: /private/tmp/viborm-g4-lane-tmp-4/viborm-raptor3-g0-jfG0hU

 RUN  v3.1.4 /private/tmp/viborm-g4-lane-4

 ✓ |raptor3| tests/raptor3/g4/generation/write-transport-campaign.test.ts (1 test) 4196ms
   ✓ executes one complete G4 write-envelope transport seed batch  4196ms

 Test Files  1 passed (1)
      Tests  1 passed (1)
   Start at  19:02:58
   Duration  9.80s (transform 1.92s, setup 14ms, collect 2.91s, tests 4.20s, environment 0ms, prepare 37ms)

JSON report written to /private/tmp/viborm-g4-lane-tmp-4/viborm-raptor3-g0-LYV1Lp/vitest.json
Vitest resources: 16.07s wall, 739.3 MiB peak sampled process-group RSS (sampled ceiling 1536 MiB). Teardown verified.
Raptor 3 g4-write-transport-seed-batch contract gate verified. Evidence: /private/tmp/viborm-g4-lane-tmp-4/viborm-raptor3-g0-LYV1Lp

 RUN  v3.1.4 /private/tmp/viborm-g4-lane-4

 ✓ |raptor3| tests/raptor3/g4/generation/write-transport-campaign.test.ts (1 test) 4501ms
   ✓ executes one complete G4 write-envelope transport seed batch  4500ms

 Test Files  1 passed (1)
      Tests  1 passed (1)
   Start at  19:03:22
   Duration  10.88s (transform 2.31s, setup 10ms, collect 3.50s, tests 4.50s, environment 0ms, prepare 34ms)

JSON report written to /private/tmp/viborm-g4-lane-tmp-4/viborm-raptor3-g0-DB7zth/vitest.json
Vitest resources: 19.46s wall, 925.7 MiB peak sampled process-group RSS (sampled ceiling 1536 MiB). Teardown verified.
Raptor 3 g4-write-transport-seed-batch contract gate verified. Evidence: /private/tmp/viborm-g4-lane-tmp-4/viborm-raptor3-g0-DB7zth

 RUN  v3.1.4 /private/tmp/viborm-g4-lane-4

 ✓ |raptor3| tests/raptor3/g4/generation/write-transport-campaign.test.ts (1 test) 3787ms
   ✓ executes one complete G4 write-envelope transport seed batch  3786ms

 Test Files  1 passed (1)
      Tests  1 passed (1)
   Start at  19:03:49
   Duration  10.99s (transform 2.87s, setup 23ms, collect 4.59s, tests 3.79s, environment 0ms, prepare 59ms)

JSON report written to /private/tmp/viborm-g4-lane-tmp-4/viborm-raptor3-g0-HYIl7g/vitest.json
Vitest resources: 19.26s wall, 736.4 MiB peak sampled process-group RSS (sampled ceiling 1536 MiB). Teardown verified.
Raptor 3 g4-write-transport-seed-batch contract gate verified. Evidence: /private/tmp/viborm-g4-lane-tmp-4/viborm-raptor3-g0-HYIl7g

 RUN  v3.1.4 /private/tmp/viborm-g4-lane-4

 ✓ |raptor3| tests/raptor3/g4/generation/write-transport-campaign.test.ts (1 test) 2741ms
   ✓ executes one complete G4 write-envelope transport seed batch  2740ms

 Test Files  1 passed (1)
      Tests  1 passed (1)
   Start at  19:04:12
   Duration  8.13s (transform 1.95s, setup 13ms, collect 2.93s, tests 2.74s, environment 0ms, prepare 48ms)

JSON report written to /private/tmp/viborm-g4-lane-tmp-4/viborm-raptor3-g0-OeEiFo/vitest.json
Vitest resources: 15.36s wall, 733.4 MiB peak sampled process-group RSS (sampled ceiling 1536 MiB). Teardown verified.
Raptor 3 g4-write-transport-seed-batch contract gate verified. Evidence: /private/tmp/viborm-g4-lane-tmp-4/viborm-raptor3-g0-OeEiFo

 RUN  v3.1.4 /private/tmp/viborm-g4-lane-4

 ✓ |raptor3| tests/raptor3/g4/generation/write-transport-campaign.test.ts (1 test) 2670ms
   ✓ executes one complete G4 write-envelope transport seed batch  2670ms

 Test Files  1 passed (1)
      Tests  1 passed (1)
   Start at  19:04:33
   Duration  7.37s (transform 1.69s, setup 14ms, collect 2.54s, tests 2.67s, environment 0ms, prepare 44ms)

JSON report written to /private/tmp/viborm-g4-lane-tmp-4/viborm-raptor3-g0-6toNVR/vitest.json
Vitest resources: 15.18s wall, 725.2 MiB peak sampled process-group RSS (sampled ceiling 1536 MiB). Teardown verified.
Raptor 3 g4-write-transport-seed-batch contract gate verified. Evidence: /private/tmp/viborm-g4-lane-tmp-4/viborm-raptor3-g0-6toNVR

 RUN  v3.1.4 /private/tmp/viborm-g4-lane-4

 ✓ |raptor3| tests/raptor3/g4/generation/write-transport-campaign.test.ts (1 test) 3703ms
   ✓ executes one complete G4 write-envelope transport seed batch  3703ms

 Test Files  1 passed (1)
      Tests  1 passed (1)
   Start at  19:04:51
   Duration  8.86s (transform 1.64s, setup 12ms, collect 2.47s, tests 3.70s, environment 0ms, prepare 43ms)

JSON report written to /private/tmp/viborm-g4-lane-tmp-4/viborm-raptor3-g0-iONpXn/vitest.json
Vitest resources: 15.42s wall, 741.4 MiB peak sampled process-group RSS (sampled ceiling 1536 MiB). Teardown verified.
Raptor 3 g4-write-transport-seed-batch contract gate verified. Evidence: /private/tmp/viborm-g4-lane-tmp-4/viborm-raptor3-g0-iONpXn

 RUN  v3.1.4 /private/tmp/viborm-g4-lane-4

 ✓ |raptor3| tests/raptor3/g4/generation/write-transport-campaign.test.ts (1 test) 3276ms
   ✓ executes one complete G4 write-envelope transport seed batch  3275ms

 Test Files  1 passed (1)
      Tests  1 passed (1)
   Start at  19:05:12
   Duration  9.21s (transform 2.19s, setup 15ms, collect 3.33s, tests 3.28s, environment 0ms, prepare 46ms)

JSON report written to /private/tmp/viborm-g4-lane-tmp-4/viborm-raptor3-g0-f5uOHe/vitest.json
Vitest resources: 16.38s wall, 951.4 MiB peak sampled process-group RSS (sampled ceiling 1536 MiB). Teardown verified.
Raptor 3 g4-write-transport-seed-batch contract gate verified. Evidence: /private/tmp/viborm-g4-lane-tmp-4/viborm-raptor3-g0-f5uOHe

 RUN  v3.1.4 /private/tmp/viborm-g4-lane-4

 ✓ |raptor3| tests/raptor3/g4/generation/write-transport-campaign.test.ts (1 test) 3938ms
   ✓ executes one complete G4 write-envelope transport seed batch  3938ms

 Test Files  1 passed (1)
      Tests  1 passed (1)
   Start at  19:05:34
   Duration  8.46s (transform 1.63s, setup 10ms, collect 2.45s, tests 3.94s, environment 0ms, prepare 40ms)

JSON report written to /private/tmp/viborm-g4-lane-tmp-4/viborm-raptor3-g0-OdIYdk/vitest.json
Vitest resources: 16.50s wall, 855.8 MiB peak sampled process-group RSS (sampled ceiling 1536 MiB). Teardown verified.
Raptor 3 g4-write-transport-seed-batch contract gate verified. Evidence: /private/tmp/viborm-g4-lane-tmp-4/viborm-raptor3-g0-OdIYdk

 RUN  v3.1.4 /private/tmp/viborm-g4-lane-4

 ✓ |raptor3| tests/raptor3/g4/generation/write-transport-campaign.test.ts (1 test) 3216ms
   ✓ executes one complete G4 write-envelope transport seed batch  3215ms

 Test Files  1 passed (1)
      Tests  1 passed (1)
   Start at  19:05:56
   Duration  8.08s (transform 1.79s, setup 14ms, collect 2.74s, tests 3.22s, environment 0ms, prepare 42ms)

JSON report written to /private/tmp/viborm-g4-lane-tmp-4/viborm-raptor3-g0-Qh5imA/vitest.json
Vitest resources: 15.53s wall, 952.1 MiB peak sampled process-group RSS (sampled ceiling 1536 MiB). Teardown verified.
Raptor 3 g4-write-transport-seed-batch contract gate verified. Evidence: /private/tmp/viborm-g4-lane-tmp-4/viborm-raptor3-g0-Qh5imA

 RUN  v3.1.4 /private/tmp/viborm-g4-lane-4

 ✓ |raptor3| tests/raptor3/g4/generation/write-transport-campaign.test.ts (1 test) 4290ms
   ✓ executes one complete G4 write-envelope transport seed batch  4290ms

 Test Files  1 passed (1)
      Tests  1 passed (1)
   Start at  19:06:17
   Duration  8.81s (transform 1.73s, setup 9ms, collect 2.60s, tests 4.29s, environment 0ms, prepare 29ms)

JSON report written to /private/tmp/viborm-g4-lane-tmp-4/viborm-raptor3-g0-sKmGWa/vitest.json
Vitest resources: 15.84s wall, 725.1 MiB peak sampled process-group RSS (sampled ceiling 1536 MiB). Teardown verified.
Raptor 3 g4-write-transport-seed-batch contract gate verified. Evidence: /private/tmp/viborm-g4-lane-tmp-4/viborm-raptor3-g0-sKmGWa

 RUN  v3.1.4 /private/tmp/viborm-g4-lane-4

 ✓ |raptor3| tests/raptor3/g4/generation/write-transport-campaign.test.ts (1 test) 2952ms
   ✓ executes one complete G4 write-envelope transport seed batch  2952ms

 Test Files  1 passed (1)
      Tests  1 passed (1)
   Start at  19:06:38
   Duration  9.16s (transform 2.10s, setup 23ms, collect 3.16s, tests 2.95s, environment 0ms, prepare 61ms)

JSON report written to /private/tmp/viborm-g4-lane-tmp-4/viborm-raptor3-g0-AqcceJ/vitest.json
Vitest resources: 14.89s wall, 807.5 MiB peak sampled process-group RSS (sampled ceiling 1536 MiB). Teardown verified.
Raptor 3 g4-write-transport-seed-batch contract gate verified. Evidence: /private/tmp/viborm-g4-lane-tmp-4/viborm-raptor3-g0-AqcceJ

 RUN  v3.1.4 /private/tmp/viborm-g4-lane-4

 ✓ |raptor3| tests/raptor3/g4/generation/write-transport-campaign.test.ts (1 test) 4178ms
   ✓ executes one complete G4 write-envelope transport seed batch  4178ms

 Test Files  1 passed (1)
      Tests  1 passed (1)
   Start at  19:07:01
   Duration  9.90s (transform 1.98s, setup 18ms, collect 2.99s, tests 4.18s, environment 0ms, prepare 54ms)

JSON report written to /private/tmp/viborm-g4-lane-tmp-4/viborm-raptor3-g0-xnP3xM/vitest.json
Vitest resources: 16.56s wall, 686.1 MiB peak sampled process-group RSS (sampled ceiling 1536 MiB). Teardown verified.
Raptor 3 g4-write-transport-seed-batch contract gate verified. Evidence: /private/tmp/viborm-g4-lane-tmp-4/viborm-raptor3-g0-xnP3xM

 RUN  v3.1.4 /private/tmp/viborm-g4-lane-4

 ✓ |raptor3| tests/raptor3/g4/generation/write-transport-campaign.test.ts (1 test) 3214ms
   ✓ executes one complete G4 write-envelope transport seed batch  3213ms

 Test Files  1 passed (1)
      Tests  1 passed (1)
   Start at  19:07:24
   Duration  11.05s (transform 3.09s, setup 14ms, collect 4.67s, tests 3.21s, environment 0ms, prepare 45ms)

JSON report written to /private/tmp/viborm-g4-lane-tmp-4/viborm-raptor3-g0-XeHiRw/vitest.json
Vitest resources: 18.23s wall, 808.0 MiB peak sampled process-group RSS (sampled ceiling 1536 MiB). Teardown verified.
Raptor 3 g4-write-transport-seed-batch contract gate verified. Evidence: /private/tmp/viborm-g4-lane-tmp-4/viborm-raptor3-g0-XeHiRw

 RUN  v3.1.4 /private/tmp/viborm-g4-lane-4

 ✓ |raptor3| tests/raptor3/g4/generation/write-transport-campaign.test.ts (1 test) 3576ms
   ✓ executes one complete G4 write-envelope transport seed batch  3575ms

 Test Files  1 passed (1)
      Tests  1 passed (1)
   Start at  19:07:48
   Duration  10.19s (transform 2.58s, setup 15ms, collect 3.93s, tests 3.58s, environment 0ms, prepare 51ms)

JSON report written to /private/tmp/viborm-g4-lane-tmp-4/viborm-raptor3-g0-hgK4ls/vitest.json
Vitest resources: 16.73s wall, 722.5 MiB peak sampled process-group RSS (sampled ceiling 1536 MiB). Teardown verified.
Raptor 3 g4-write-transport-seed-batch contract gate verified. Evidence: /private/tmp/viborm-g4-lane-tmp-4/viborm-raptor3-g0-hgK4ls

 RUN  v3.1.4 /private/tmp/viborm-g4-lane-4

 ✓ |raptor3| tests/raptor3/g4/generation/write-transport-campaign.test.ts (1 test) 4110ms
   ✓ executes one complete G4 write-envelope transport seed batch  4110ms

 Test Files  1 passed (1)
      Tests  1 passed (1)
   Start at  19:08:10
   Duration  9.97s (transform 2.05s, setup 14ms, collect 3.06s, tests 4.11s, environment 0ms, prepare 47ms)

JSON report written to /private/tmp/viborm-g4-lane-tmp-4/viborm-raptor3-g0-mTuBHO/vitest.json
Vitest resources: 16.84s wall, 910.1 MiB peak sampled process-group RSS (sampled ceiling 1536 MiB). Teardown verified.
Raptor 3 g4-write-transport-seed-batch contract gate verified. Evidence: /private/tmp/viborm-g4-lane-tmp-4/viborm-raptor3-g0-mTuBHO

 RUN  v3.1.4 /private/tmp/viborm-g4-lane-4

 ✓ |raptor3| tests/raptor3/g4/generation/write-transport-campaign.test.ts (1 test) 5407ms
   ✓ executes one complete G4 write-envelope transport seed batch  5404ms

 Test Files  1 passed (1)
      Tests  1 passed (1)
   Start at  19:08:35
   Duration  12.43s (transform 2.99s, setup 18ms, collect 4.60s, tests 5.41s, environment 0ms, prepare 55ms)

JSON report written to /private/tmp/viborm-g4-lane-tmp-4/viborm-raptor3-g0-mLxHuV/vitest.json
Vitest resources: 21.58s wall, 677.4 MiB peak sampled process-group RSS (sampled ceiling 1536 MiB). Teardown verified.
Raptor 3 g4-write-transport-seed-batch contract gate verified. Evidence: /private/tmp/viborm-g4-lane-tmp-4/viborm-raptor3-g0-mLxHuV

 RUN  v3.1.4 /private/tmp/viborm-g4-lane-4

 ✓ |raptor3| tests/raptor3/g4/generation/write-transport-campaign.test.ts (1 test) 7089ms
   ✓ executes one complete G4 write-envelope transport seed batch  7088ms

 Test Files  1 passed (1)
      Tests  1 passed (1)
   Start at  19:09:01
   Duration  15.67s (transform 3.59s, setup 27ms, collect 5.60s, tests 7.09s, environment 0ms, prepare 101ms)

JSON report written to /private/tmp/viborm-g4-lane-tmp-4/viborm-raptor3-g0-5KAUAW/vitest.json
Vitest resources: 23.95s wall, 889.7 MiB peak sampled process-group RSS (sampled ceiling 1536 MiB). Teardown verified.
Raptor 3 g4-write-transport-seed-batch contract gate verified. Evidence: /private/tmp/viborm-g4-lane-tmp-4/viborm-raptor3-g0-5KAUAW

 RUN  v3.1.4 /private/tmp/viborm-g4-lane-4

 ✓ |raptor3| tests/raptor3/g4/generation/write-transport-campaign.test.ts (1 test) 3778ms
   ✓ executes one complete G4 write-envelope transport seed batch  3778ms

 Test Files  1 passed (1)
      Tests  1 passed (1)
   Start at  19:09:33
   Duration  8.50s (transform 1.81s, setup 10ms, collect 2.71s, tests 3.78s, environment 0ms, prepare 48ms)

JSON report written to /private/tmp/viborm-g4-lane-tmp-4/viborm-raptor3-g0-sQA0vn/vitest.json
Vitest resources: 16.88s wall, 857.4 MiB peak sampled process-group RSS (sampled ceiling 1536 MiB). Teardown verified.
Raptor 3 g4-write-transport-seed-batch contract gate verified. Evidence: /private/tmp/viborm-g4-lane-tmp-4/viborm-raptor3-g0-sQA0vn

 RUN  v3.1.4 /private/tmp/viborm-g4-lane-4

 ✓ |raptor3| tests/raptor3/g4/generation/write-transport-campaign.test.ts (1 test) 3939ms
   ✓ executes one complete G4 write-envelope transport seed batch  3938ms

 Test Files  1 passed (1)
      Tests  1 passed (1)
   Start at  19:09:53
   Duration  8.76s (transform 1.68s, setup 13ms, collect 2.57s, tests 3.94s, environment 0ms, prepare 45ms)

JSON report written to /private/tmp/viborm-g4-lane-tmp-4/viborm-raptor3-g0-ESw3BC/vitest.json
Vitest resources: 14.60s wall, 823.7 MiB peak sampled process-group RSS (sampled ceiling 1536 MiB). Teardown verified.
Raptor 3 g4-write-transport-seed-batch contract gate verified. Evidence: /private/tmp/viborm-g4-lane-tmp-4/viborm-raptor3-g0-ESw3BC

 RUN  v3.1.4 /private/tmp/viborm-g4-lane-4

 ✓ |raptor3| tests/raptor3/g4/generation/write-transport-campaign.test.ts (1 test) 4212ms
   ✓ executes one complete G4 write-envelope transport seed batch  4212ms

 Test Files  1 passed (1)
      Tests  1 passed (1)
   Start at  19:10:14
   Duration  9.85s (transform 2.14s, setup 13ms, collect 3.47s, tests 4.21s, environment 0ms, prepare 57ms)

JSON report written to /private/tmp/viborm-g4-lane-tmp-4/viborm-raptor3-g0-Zp3rYE/vitest.json
Vitest resources: 16.60s wall, 658.7 MiB peak sampled process-group RSS (sampled ceiling 1536 MiB). Teardown verified.
Raptor 3 g4-write-transport-seed-batch contract gate verified. Evidence: /private/tmp/viborm-g4-lane-tmp-4/viborm-raptor3-g0-Zp3rYE

 RUN  v3.1.4 /private/tmp/viborm-g4-lane-4

 ✓ |raptor3| tests/raptor3/g4/generation/write-transport-campaign.test.ts (1 test) 3898ms
   ✓ executes one complete G4 write-envelope transport seed batch  3897ms

 Test Files  1 passed (1)
      Tests  1 passed (1)
   Start at  19:10:35
   Duration  9.53s (transform 1.93s, setup 15ms, collect 2.93s, tests 3.90s, environment 0ms, prepare 45ms)

JSON report written to /private/tmp/viborm-g4-lane-tmp-4/viborm-raptor3-g0-caPU4y/vitest.json
Vitest resources: 15.23s wall, 774.4 MiB peak sampled process-group RSS (sampled ceiling 1536 MiB). Teardown verified.
Raptor 3 g4-write-transport-seed-batch contract gate verified. Evidence: /private/tmp/viborm-g4-lane-tmp-4/viborm-raptor3-g0-caPU4y

 RUN  v3.1.4 /private/tmp/viborm-g4-lane-4

 ✓ |raptor3| tests/raptor3/g4/generation/write-transport-campaign.test.ts (1 test) 2503ms
   ✓ executes one complete G4 write-envelope transport seed batch  2502ms

 Test Files  1 passed (1)
      Tests  1 passed (1)
   Start at  19:10:55
   Duration  7.83s (transform 1.80s, setup 10ms, collect 2.71s, tests 2.50s, environment 0ms, prepare 28ms)

JSON report written to /private/tmp/viborm-g4-lane-tmp-4/viborm-raptor3-g0-QwQWh9/vitest.json
Vitest resources: 13.54s wall, 758.8 MiB peak sampled process-group RSS (sampled ceiling 1536 MiB). Teardown verified.
Raptor 3 g4-write-transport-seed-batch contract gate verified. Evidence: /private/tmp/viborm-g4-lane-tmp-4/viborm-raptor3-g0-QwQWh9

 RUN  v3.1.4 /private/tmp/viborm-g4-lane-4

 ✓ |raptor3| tests/raptor3/g4/generation/write-transport-campaign.test.ts (1 test) 3612ms
   ✓ executes one complete G4 write-envelope transport seed batch  3611ms

 Test Files  1 passed (1)
      Tests  1 passed (1)
   Start at  19:11:15
   Duration  8.97s (transform 1.73s, setup 10ms, collect 2.62s, tests 3.61s, environment 0ms, prepare 42ms)

JSON report written to /private/tmp/viborm-g4-lane-tmp-4/viborm-raptor3-g0-fk5t8K/vitest.json
Vitest resources: 15.55s wall, 740.5 MiB peak sampled process-group RSS (sampled ceiling 1536 MiB). Teardown verified.
Raptor 3 g4-write-transport-seed-batch contract gate verified. Evidence: /private/tmp/viborm-g4-lane-tmp-4/viborm-raptor3-g0-fk5t8K

 RUN  v3.1.4 /private/tmp/viborm-g4-lane-4

 ✓ |raptor3| tests/raptor3/g4/generation/write-transport-campaign.test.ts (1 test) 2516ms
   ✓ executes one complete G4 write-envelope transport seed batch  2515ms

 Test Files  1 passed (1)
      Tests  1 passed (1)
   Start at  19:11:35
   Duration  7.60s (transform 1.62s, setup 19ms, collect 2.42s, tests 2.52s, environment 0ms, prepare 38ms)

JSON report written to /private/tmp/viborm-g4-lane-tmp-4/viborm-raptor3-g0-XbMiFL/vitest.json
Vitest resources: 13.60s wall, 868.8 MiB peak sampled process-group RSS (sampled ceiling 1536 MiB). Teardown verified.
Raptor 3 g4-write-transport-seed-batch contract gate verified. Evidence: /private/tmp/viborm-g4-lane-tmp-4/viborm-raptor3-g0-XbMiFL

 RUN  v3.1.4 /private/tmp/viborm-g4-lane-4

 ✓ |raptor3| tests/raptor3/g4/generation/write-transport-campaign.test.ts (1 test) 4120ms
   ✓ executes one complete G4 write-envelope transport seed batch  4119ms

 Test Files  1 passed (1)
      Tests  1 passed (1)
   Start at  19:11:54
   Duration  9.52s (transform 1.70s, setup 10ms, collect 2.58s, tests 4.12s, environment 0ms, prepare 40ms)

JSON report written to /private/tmp/viborm-g4-lane-tmp-4/viborm-raptor3-g0-jkJCLH/vitest.json
Vitest resources: 15.98s wall, 723.5 MiB peak sampled process-group RSS (sampled ceiling 1536 MiB). Teardown verified.
Raptor 3 g4-write-transport-seed-batch contract gate verified. Evidence: /private/tmp/viborm-g4-lane-tmp-4/viborm-raptor3-g0-jkJCLH

 RUN  v3.1.4 /private/tmp/viborm-g4-lane-4

 ✓ |raptor3| tests/raptor3/g4/generation/write-transport-campaign.test.ts (1 test) 3655ms
   ✓ executes one complete G4 write-envelope transport seed batch  3654ms

 Test Files  1 passed (1)
      Tests  1 passed (1)
   Start at  19:12:16
   Duration  9.27s (transform 2.00s, setup 14ms, collect 3.04s, tests 3.65s, environment 0ms, prepare 40ms)

JSON report written to /private/tmp/viborm-g4-lane-tmp-4/viborm-raptor3-g0-Y89vTh/vitest.json
Vitest resources: 16.47s wall, 640.0 MiB peak sampled process-group RSS (sampled ceiling 1536 MiB). Teardown verified.
Raptor 3 g4-write-transport-seed-batch contract gate verified. Evidence: /private/tmp/viborm-g4-lane-tmp-4/viborm-raptor3-g0-Y89vTh

 RUN  v3.1.4 /private/tmp/viborm-g4-lane-4

 ✓ |raptor3| tests/raptor3/g4/generation/write-transport-campaign.test.ts (1 test) 3743ms
   ✓ executes one complete G4 write-envelope transport seed batch  3742ms

 Test Files  1 passed (1)
      Tests  1 passed (1)
   Start at  19:12:38
   Duration  8.63s (transform 1.90s, setup 13ms, collect 2.85s, tests 3.74s, environment 0ms, prepare 38ms)

JSON report written to /private/tmp/viborm-g4-lane-tmp-4/viborm-raptor3-g0-kCoVVY/vitest.json
Vitest resources: 16.01s wall, 886.0 MiB peak sampled process-group RSS (sampled ceiling 1536 MiB). Teardown verified.
Raptor 3 g4-write-transport-seed-batch contract gate verified. Evidence: /private/tmp/viborm-g4-lane-tmp-4/viborm-raptor3-g0-kCoVVY

 RUN  v3.1.4 /private/tmp/viborm-g4-lane-4

 ✓ |raptor3| tests/raptor3/g4/generation/write-transport-campaign.test.ts (1 test) 3269ms
   ✓ executes one complete G4 write-envelope transport seed batch  3269ms

 Test Files  1 passed (1)
      Tests  1 passed (1)
   Start at  19:13:00
   Duration  8.46s (transform 1.91s, setup 11ms, collect 2.85s, tests 3.27s, environment 0ms, prepare 43ms)

JSON report written to /private/tmp/viborm-g4-lane-tmp-4/viborm-raptor3-g0-qSze9X/vitest.json
Vitest resources: 15.82s wall, 714.1 MiB peak sampled process-group RSS (sampled ceiling 1536 MiB). Teardown verified.
Raptor 3 g4-write-transport-seed-batch contract gate verified. Evidence: /private/tmp/viborm-g4-lane-tmp-4/viborm-raptor3-g0-qSze9X

 RUN  v3.1.4 /private/tmp/viborm-g4-lane-4

 ✓ |raptor3| tests/raptor3/g4/generation/write-transport-campaign.test.ts (1 test) 3548ms
   ✓ executes one complete G4 write-envelope transport seed batch  3547ms

 Test Files  1 passed (1)
      Tests  1 passed (1)
   Start at  19:13:22
   Duration  8.15s (transform 1.57s, setup 9ms, collect 2.35s, tests 3.55s, environment 0ms, prepare 37ms)

JSON report written to /private/tmp/viborm-g4-lane-tmp-4/viborm-raptor3-g0-ndzl9O/vitest.json
Vitest resources: 15.47s wall, 745.4 MiB peak sampled process-group RSS (sampled ceiling 1536 MiB). Teardown verified.
Raptor 3 g4-write-transport-seed-batch contract gate verified. Evidence: /private/tmp/viborm-g4-lane-tmp-4/viborm-raptor3-g0-ndzl9O

 RUN  v3.1.4 /private/tmp/viborm-g4-lane-4

 ✓ |raptor3| tests/raptor3/g4/generation/write-transport-campaign.test.ts (1 test) 3119ms
   ✓ executes one complete G4 write-envelope transport seed batch  3118ms

 Test Files  1 passed (1)
      Tests  1 passed (1)
   Start at  19:13:43
   Duration  7.62s (transform 1.64s, setup 10ms, collect 2.46s, tests 3.12s, environment 0ms, prepare 31ms)

JSON report written to /private/tmp/viborm-g4-lane-tmp-4/viborm-raptor3-g0-N1yffO/vitest.json
Vitest resources: 13.57s wall, 950.7 MiB peak sampled process-group RSS (sampled ceiling 1536 MiB). Teardown verified.
Raptor 3 g4-write-transport-seed-batch contract gate verified. Evidence: /private/tmp/viborm-g4-lane-tmp-4/viborm-raptor3-g0-N1yffO

 RUN  v3.1.4 /private/tmp/viborm-g4-lane-4

 ✓ |raptor3| tests/raptor3/g4/generation/write-transport-campaign.test.ts (1 test) 3830ms
   ✓ executes one complete G4 write-envelope transport seed batch  3829ms

 Test Files  1 passed (1)
      Tests  1 passed (1)
   Start at  19:14:03
   Duration  8.81s (transform 1.83s, setup 10ms, collect 2.72s, tests 3.83s, environment 0ms, prepare 30ms)

JSON report written to /private/tmp/viborm-g4-lane-tmp-4/viborm-raptor3-g0-PoT2pz/vitest.json
Vitest resources: 14.94s wall, 746.5 MiB peak sampled process-group RSS (sampled ceiling 1536 MiB). Teardown verified.
Raptor 3 g4-write-transport-seed-batch contract gate verified. Evidence: /private/tmp/viborm-g4-lane-tmp-4/viborm-raptor3-g0-PoT2pz

 RUN  v3.1.4 /private/tmp/viborm-g4-lane-4

 ✓ |raptor3| tests/raptor3/g4/generation/write-transport-campaign.test.ts (1 test) 3235ms
   ✓ executes one complete G4 write-envelope transport seed batch  3235ms

 Test Files  1 passed (1)
      Tests  1 passed (1)
   Start at  19:14:23
   Duration  8.08s (transform 1.62s, setup 10ms, collect 2.47s, tests 3.24s, environment 0ms, prepare 56ms)

JSON report written to /private/tmp/viborm-g4-lane-tmp-4/viborm-raptor3-g0-1uKm4a/vitest.json
Vitest resources: 14.29s wall, 756.3 MiB peak sampled process-group RSS (sampled ceiling 1536 MiB). Teardown verified.
Raptor 3 g4-write-transport-seed-batch contract gate verified. Evidence: /private/tmp/viborm-g4-lane-tmp-4/viborm-raptor3-g0-1uKm4a

 RUN  v3.1.4 /private/tmp/viborm-g4-lane-4

 ✓ |raptor3| tests/raptor3/g4/generation/write-transport-campaign.test.ts (1 test) 2699ms
   ✓ executes one complete G4 write-envelope transport seed batch  2698ms

 Test Files  1 passed (1)
      Tests  1 passed (1)
   Start at  19:14:43
   Duration  6.96s (transform 1.58s, setup 10ms, collect 2.36s, tests 2.70s, environment 0ms, prepare 38ms)

JSON report written to /private/tmp/viborm-g4-lane-tmp-4/viborm-raptor3-g0-Pfc0OF/vitest.json
Vitest resources: 13.59s wall, 777.6 MiB peak sampled process-group RSS (sampled ceiling 1536 MiB). Teardown verified.
Raptor 3 g4-write-transport-seed-batch contract gate verified. Evidence: /private/tmp/viborm-g4-lane-tmp-4/viborm-raptor3-g0-Pfc0OF

 RUN  v3.1.4 /private/tmp/viborm-g4-lane-4

 ✓ |raptor3| tests/raptor3/g4/generation/write-transport-campaign.test.ts (1 test) 2958ms
   ✓ executes one complete G4 write-envelope transport seed batch  2958ms

 Test Files  1 passed (1)
      Tests  1 passed (1)
   Start at  19:15:01
   Duration  7.16s (transform 1.49s, setup 9ms, collect 2.25s, tests 2.96s, environment 0ms, prepare 36ms)

JSON report written to /private/tmp/viborm-g4-lane-tmp-4/viborm-raptor3-g0-6qCfkQ/vitest.json
Vitest resources: 13.94s wall, 838.1 MiB peak sampled process-group RSS (sampled ceiling 1536 MiB). Teardown verified.
Raptor 3 g4-write-transport-seed-batch contract gate verified. Evidence: /private/tmp/viborm-g4-lane-tmp-4/viborm-raptor3-g0-6qCfkQ

 RUN  v3.1.4 /private/tmp/viborm-g4-lane-4

 ✓ |raptor3| tests/raptor3/g4/generation/write-transport-campaign.test.ts (1 test) 3338ms
   ✓ executes one complete G4 write-envelope transport seed batch  3337ms

 Test Files  1 passed (1)
      Tests  1 passed (1)
   Start at  19:15:20
   Duration  6.98s (transform 1.50s, setup 12ms, collect 2.25s, tests 3.34s, environment 0ms, prepare 36ms)

JSON report written to /private/tmp/viborm-g4-lane-tmp-4/viborm-raptor3-g0-psPgNs/vitest.json
Vitest resources: 14.37s wall, 893.8 MiB peak sampled process-group RSS (sampled ceiling 1536 MiB). Teardown verified.
Raptor 3 g4-write-transport-seed-batch contract gate verified. Evidence: /private/tmp/viborm-g4-lane-tmp-4/viborm-raptor3-g0-psPgNs

 RUN  v3.1.4 /private/tmp/viborm-g4-lane-4

 ✓ |raptor3| tests/raptor3/g4/generation/write-transport-campaign.test.ts (1 test) 5742ms
   ✓ executes one complete G4 write-envelope transport seed batch  5741ms

 Test Files  1 passed (1)
      Tests  1 passed (1)
   Start at  19:15:39
   Duration  11.84s (transform 2.10s, setup 12ms, collect 3.19s, tests 5.74s, environment 0ms, prepare 48ms)

JSON report written to /private/tmp/viborm-g4-lane-tmp-4/viborm-raptor3-g0-zPOF7H/vitest.json
Vitest resources: 20.10s wall, 944.2 MiB peak sampled process-group RSS (sampled ceiling 1536 MiB). Teardown verified.
Raptor 3 g4-write-transport-seed-batch contract gate verified. Evidence: /private/tmp/viborm-g4-lane-tmp-4/viborm-raptor3-g0-zPOF7H

 RUN  v3.1.4 /private/tmp/viborm-g4-lane-4

 ✓ |raptor3| tests/raptor3/g4/generation/write-transport-campaign.test.ts (1 test) 3498ms
   ✓ executes one complete G4 write-envelope transport seed batch  3497ms

 Test Files  1 passed (1)
      Tests  1 passed (1)
   Start at  19:16:04
   Duration  9.28s (transform 1.97s, setup 19ms, collect 2.96s, tests 3.50s, environment 0ms, prepare 51ms)

JSON report written to /private/tmp/viborm-g4-lane-tmp-4/viborm-raptor3-g0-11eSRF/vitest.json
Vitest resources: 15.74s wall, 976.0 MiB peak sampled process-group RSS (sampled ceiling 1536 MiB). Teardown verified.
Raptor 3 g4-write-transport-seed-batch contract gate verified. Evidence: /private/tmp/viborm-g4-lane-tmp-4/viborm-raptor3-g0-11eSRF

 RUN  v3.1.4 /private/tmp/viborm-g4-lane-4

 ✓ |raptor3| tests/raptor3/g4/generation/write-transport-campaign.test.ts (1 test) 4124ms
   ✓ executes one complete G4 write-envelope transport seed batch  4123ms

 Test Files  1 passed (1)
      Tests  1 passed (1)
   Start at  19:16:28
   Duration  10.80s (transform 2.34s, setup 17ms, collect 3.55s, tests 4.12s, environment 0ms, prepare 70ms)

JSON report written to /private/tmp/viborm-g4-lane-tmp-4/viborm-raptor3-g0-oigdDZ/vitest.json
Vitest resources: 19.31s wall, 714.7 MiB peak sampled process-group RSS (sampled ceiling 1536 MiB). Teardown verified.
Raptor 3 g4-write-transport-seed-batch contract gate verified. Evidence: /private/tmp/viborm-g4-lane-tmp-4/viborm-raptor3-g0-oigdDZ

 RUN  v3.1.4 /private/tmp/viborm-g4-lane-4

 ✓ |raptor3| tests/raptor3/g4/generation/write-transport-campaign.test.ts (1 test) 3457ms
   ✓ executes one complete G4 write-envelope transport seed batch  3456ms

 Test Files  1 passed (1)
      Tests  1 passed (1)
   Start at  19:16:53
   Duration  8.42s (transform 1.79s, setup 14ms, collect 2.76s, tests 3.46s, environment 0ms, prepare 54ms)

JSON report written to /private/tmp/viborm-g4-lane-tmp-4/viborm-raptor3-g0-vdPvvJ/vitest.json
Vitest resources: 15.80s wall, 763.4 MiB peak sampled process-group RSS (sampled ceiling 1536 MiB). Teardown verified.
Raptor 3 g4-write-transport-seed-batch contract gate verified. Evidence: /private/tmp/viborm-g4-lane-tmp-4/viborm-raptor3-g0-vdPvvJ

 RUN  v3.1.4 /private/tmp/viborm-g4-lane-4

 ✓ |raptor3| tests/raptor3/g4/generation/write-transport-campaign.test.ts (1 test) 4390ms
   ✓ executes one complete G4 write-envelope transport seed batch  4389ms

 Test Files  1 passed (1)
      Tests  1 passed (1)
   Start at  19:17:14
   Duration  9.74s (transform 1.69s, setup 10ms, collect 2.49s, tests 4.39s, environment 0ms, prepare 42ms)

JSON report written to /private/tmp/viborm-g4-lane-tmp-4/viborm-raptor3-g0-SXWzvd/vitest.json
Vitest resources: 16.38s wall, 750.3 MiB peak sampled process-group RSS (sampled ceiling 1536 MiB). Teardown verified.
Raptor 3 g4-write-transport-seed-batch contract gate verified. Evidence: /private/tmp/viborm-g4-lane-tmp-4/viborm-raptor3-g0-SXWzvd

 RUN  v3.1.4 /private/tmp/viborm-g4-lane-4

 ✓ |raptor3| tests/raptor3/g4/generation/write-transport-campaign.test.ts (1 test) 3492ms
   ✓ executes one complete G4 write-envelope transport seed batch  3492ms

 Test Files  1 passed (1)
      Tests  1 passed (1)
   Start at  19:17:36
   Duration  9.97s (transform 2.33s, setup 13ms, collect 3.49s, tests 3.49s, environment 0ms, prepare 46ms)

JSON report written to /private/tmp/viborm-g4-lane-tmp-4/viborm-raptor3-g0-lfXEyv/vitest.json
Vitest resources: 16.30s wall, 747.6 MiB peak sampled process-group RSS (sampled ceiling 1536 MiB). Teardown verified.
Raptor 3 g4-write-transport-seed-batch contract gate verified. Evidence: /private/tmp/viborm-g4-lane-tmp-4/viborm-raptor3-g0-lfXEyv

 RUN  v3.1.4 /private/tmp/viborm-g4-lane-4

 ✓ |raptor3| tests/raptor3/g4/generation/write-transport-campaign.test.ts (1 test) 2940ms
   ✓ executes one complete G4 write-envelope transport seed batch  2939ms

 Test Files  1 passed (1)
      Tests  1 passed (1)
   Start at  19:17:57
   Duration  9.12s (transform 1.94s, setup 12ms, collect 2.91s, tests 2.94s, environment 0ms, prepare 48ms)

JSON report written to /private/tmp/viborm-g4-lane-tmp-4/viborm-raptor3-g0-bpJ6hn/vitest.json
Vitest resources: 15.62s wall, 705.5 MiB peak sampled process-group RSS (sampled ceiling 1536 MiB). Teardown verified.
Raptor 3 g4-write-transport-seed-batch contract gate verified. Evidence: /private/tmp/viborm-g4-lane-tmp-4/viborm-raptor3-g0-bpJ6hn

 RUN  v3.1.4 /private/tmp/viborm-g4-lane-4

 ✓ |raptor3| tests/raptor3/g4/generation/write-transport-campaign.test.ts (1 test) 3186ms
   ✓ executes one complete G4 write-envelope transport seed batch  3186ms

 Test Files  1 passed (1)
      Tests  1 passed (1)
   Start at  19:18:17
   Duration  8.74s (transform 1.89s, setup 14ms, collect 2.85s, tests 3.19s, environment 0ms, prepare 48ms)

JSON report written to /private/tmp/viborm-g4-lane-tmp-4/viborm-raptor3-g0-yn6XGV/vitest.json
Vitest resources: 15.49s wall, 735.7 MiB peak sampled process-group RSS (sampled ceiling 1536 MiB). Teardown verified.
Raptor 3 g4-write-transport-seed-batch contract gate verified. Evidence: /private/tmp/viborm-g4-lane-tmp-4/viborm-raptor3-g0-yn6XGV

 RUN  v3.1.4 /private/tmp/viborm-g4-lane-4

 ✓ |raptor3| tests/raptor3/g4/generation/write-transport-campaign.test.ts (1 test) 2969ms
   ✓ executes one complete G4 write-envelope transport seed batch  2969ms

 Test Files  1 passed (1)
      Tests  1 passed (1)
   Start at  19:18:37
   Duration  7.82s (transform 1.52s, setup 11ms, collect 2.30s, tests 2.97s, environment 0ms, prepare 58ms)

JSON report written to /private/tmp/viborm-g4-lane-tmp-4/viborm-raptor3-g0-N3LzSW/vitest.json
Vitest resources: 14.72s wall, 721.5 MiB peak sampled process-group RSS (sampled ceiling 1536 MiB). Teardown verified.
Raptor 3 g4-write-transport-seed-batch contract gate verified. Evidence: /private/tmp/viborm-g4-lane-tmp-4/viborm-raptor3-g0-N3LzSW

 RUN  v3.1.4 /private/tmp/viborm-g4-lane-4

 ✓ |raptor3| tests/raptor3/g4/generation/write-transport-campaign.test.ts (1 test) 2794ms
   ✓ executes one complete G4 write-envelope transport seed batch  2794ms

 Test Files  1 passed (1)
      Tests  1 passed (1)
   Start at  19:18:56
   Duration  8.81s (transform 1.96s, setup 15ms, collect 3.02s, tests 2.79s, environment 0ms, prepare 56ms)

JSON report written to /private/tmp/viborm-g4-lane-tmp-4/viborm-raptor3-g0-5mWoo7/vitest.json
Vitest resources: 15.37s wall, 819.4 MiB peak sampled process-group RSS (sampled ceiling 1536 MiB). Teardown verified.
Raptor 3 g4-write-transport-seed-batch contract gate verified. Evidence: /private/tmp/viborm-g4-lane-tmp-4/viborm-raptor3-g0-5mWoo7

 RUN  v3.1.4 /private/tmp/viborm-g4-lane-4

 ✓ |raptor3| tests/raptor3/g4/generation/write-transport-campaign.test.ts (1 test) 2247ms
   ✓ executes one complete G4 write-envelope transport seed batch  2246ms

 Test Files  1 passed (1)
      Tests  1 passed (1)
   Start at  19:19:17
   Duration  7.61s (transform 1.67s, setup 12ms, collect 2.53s, tests 2.25s, environment 0ms, prepare 50ms)

JSON report written to /private/tmp/viborm-g4-lane-tmp-4/viborm-raptor3-g0-lwBed9/vitest.json
Vitest resources: 13.77s wall, 738.9 MiB peak sampled process-group RSS (sampled ceiling 1536 MiB). Teardown verified.
Raptor 3 g4-write-transport-seed-batch contract gate verified. Evidence: /private/tmp/viborm-g4-lane-tmp-4/viborm-raptor3-g0-lwBed9

 RUN  v3.1.4 /private/tmp/viborm-g4-lane-4

 ✓ |raptor3| tests/raptor3/g4/generation/write-transport-campaign.test.ts (1 test) 4110ms
   ✓ executes one complete G4 write-envelope transport seed batch  4110ms

 Test Files  1 passed (1)
      Tests  1 passed (1)
   Start at  19:19:35
   Duration  9.56s (transform 1.93s, setup 10ms, collect 2.91s, tests 4.11s, environment 0ms, prepare 34ms)

JSON report written to /private/tmp/viborm-g4-lane-tmp-4/viborm-raptor3-g0-j2QcFo/vitest.json
Vitest resources: 15.98s wall, 1099.3 MiB peak sampled process-group RSS (sampled ceiling 1536 MiB). Teardown verified.
Raptor 3 g4-write-transport-seed-batch contract gate verified. Evidence: /private/tmp/viborm-g4-lane-tmp-4/viborm-raptor3-g0-j2QcFo

 RUN  v3.1.4 /private/tmp/viborm-g4-lane-4

 ✓ |raptor3| tests/raptor3/g4/generation/write-transport-campaign.test.ts (1 test) 3777ms
   ✓ executes one complete G4 write-envelope transport seed batch  3777ms

 Test Files  1 passed (1)
      Tests  1 passed (1)
   Start at  19:19:59
   Duration  11.47s (transform 2.60s, setup 20ms, collect 3.96s, tests 3.78s, environment 0ms, prepare 60ms)

JSON report written to /private/tmp/viborm-g4-lane-tmp-4/viborm-raptor3-g0-LmHYc7/vitest.json
Vitest resources: 19.47s wall, 753.6 MiB peak sampled process-group RSS (sampled ceiling 1536 MiB). Teardown verified.
Raptor 3 g4-write-transport-seed-batch contract gate verified. Evidence: /private/tmp/viborm-g4-lane-tmp-4/viborm-raptor3-g0-LmHYc7

 RUN  v3.1.4 /private/tmp/viborm-g4-lane-4

 ✓ |raptor3| tests/raptor3/g4/generation/write-transport-campaign.test.ts (1 test) 3722ms
   ✓ executes one complete G4 write-envelope transport seed batch  3721ms

 Test Files  1 passed (1)
      Tests  1 passed (1)
   Start at  19:20:24
   Duration  9.71s (transform 1.79s, setup 16ms, collect 2.69s, tests 3.72s, environment 0ms, prepare 55ms)

JSON report written to /private/tmp/viborm-g4-lane-tmp-4/viborm-raptor3-g0-PfRoDT/vitest.json
Vitest resources: 17.65s wall, 1049.6 MiB peak sampled process-group RSS (sampled ceiling 1536 MiB). Teardown verified.
Raptor 3 g4-write-transport-seed-batch contract gate verified. Evidence: /private/tmp/viborm-g4-lane-tmp-4/viborm-raptor3-g0-PfRoDT

 RUN  v3.1.4 /private/tmp/viborm-g4-lane-4

 ✓ |raptor3| tests/raptor3/g4/generation/write-transport-campaign.test.ts (1 test) 3490ms
   ✓ executes one complete G4 write-envelope transport seed batch  3489ms

 Test Files  1 passed (1)
      Tests  1 passed (1)
   Start at  19:20:48
   Duration  9.37s (transform 1.80s, setup 11ms, collect 2.73s, tests 3.49s, environment 0ms, prepare 40ms)

JSON report written to /private/tmp/viborm-g4-lane-tmp-4/viborm-raptor3-g0-EFE2Co/vitest.json
Vitest resources: 16.46s wall, 738.2 MiB peak sampled process-group RSS (sampled ceiling 1536 MiB). Teardown verified.
Raptor 3 g4-write-transport-seed-batch contract gate verified. Evidence: /private/tmp/viborm-g4-lane-tmp-4/viborm-raptor3-g0-EFE2Co

 RUN  v3.1.4 /private/tmp/viborm-g4-lane-4

 ✓ |raptor3| tests/raptor3/g4/generation/write-transport-campaign.test.ts (1 test) 4452ms
   ✓ executes one complete G4 write-envelope transport seed batch  4451ms

 Test Files  1 passed (1)
      Tests  1 passed (1)
   Start at  19:21:11
   Duration  10.33s (transform 1.90s, setup 12ms, collect 2.87s, tests 4.45s, environment 0ms, prepare 45ms)

JSON report written to /private/tmp/viborm-g4-lane-tmp-4/viborm-raptor3-g0-2UbMTY/vitest.json
Vitest resources: 17.54s wall, 751.8 MiB peak sampled process-group RSS (sampled ceiling 1536 MiB). Teardown verified.
Raptor 3 g4-write-transport-seed-batch contract gate verified. Evidence: /private/tmp/viborm-g4-lane-tmp-4/viborm-raptor3-g0-2UbMTY

 RUN  v3.1.4 /private/tmp/viborm-g4-lane-4

 ✓ |raptor3| tests/raptor3/g4/generation/write-transport-campaign.test.ts (1 test) 3649ms
   ✓ executes one complete G4 write-envelope transport seed batch  3648ms

 Test Files  1 passed (1)
      Tests  1 passed (1)
   Start at  19:21:35
   Duration  10.70s (transform 2.41s, setup 10ms, collect 3.65s, tests 3.65s, environment 0ms, prepare 34ms)

JSON report written to /private/tmp/viborm-g4-lane-tmp-4/viborm-raptor3-g0-qBNhIR/vitest.json
Vitest resources: 18.36s wall, 658.7 MiB peak sampled process-group RSS (sampled ceiling 1536 MiB). Teardown verified.
Raptor 3 g4-write-transport-seed-batch contract gate verified. Evidence: /private/tmp/viborm-g4-lane-tmp-4/viborm-raptor3-g0-qBNhIR

 RUN  v3.1.4 /private/tmp/viborm-g4-lane-4

 ✓ |raptor3| tests/raptor3/g4/generation/write-transport-campaign.test.ts (1 test) 2898ms
   ✓ executes one complete G4 write-envelope transport seed batch  2897ms

 Test Files  1 passed (1)
      Tests  1 passed (1)
   Start at  19:22:00
   Duration  9.50s (transform 2.19s, setup 12ms, collect 3.37s, tests 2.90s, environment 0ms, prepare 44ms)

JSON report written to /private/tmp/viborm-g4-lane-tmp-4/viborm-raptor3-g0-aObgHM/vitest.json
Vitest resources: 17.81s wall, 750.0 MiB peak sampled process-group RSS (sampled ceiling 1536 MiB). Teardown verified.
Raptor 3 g4-write-transport-seed-batch contract gate verified. Evidence: /private/tmp/viborm-g4-lane-tmp-4/viborm-raptor3-g0-aObgHM

 RUN  v3.1.4 /private/tmp/viborm-g4-lane-4

 ✓ |raptor3| tests/raptor3/g4/generation/write-transport-campaign.test.ts (1 test) 3780ms
   ✓ executes one complete G4 write-envelope transport seed batch  3772ms

 Test Files  1 passed (1)
      Tests  1 passed (1)
   Start at  19:22:24
   Duration  10.23s (transform 1.66s, setup 11ms, collect 2.45s, tests 3.78s, environment 0ms, prepare 40ms)

JSON report written to /private/tmp/viborm-g4-lane-tmp-4/viborm-raptor3-g0-kzWUR0/vitest.json
Vitest resources: 18.59s wall, 736.2 MiB peak sampled process-group RSS (sampled ceiling 1536 MiB). Teardown verified.
Raptor 3 g4-write-transport-seed-batch contract gate verified. Evidence: /private/tmp/viborm-g4-lane-tmp-4/viborm-raptor3-g0-kzWUR0

 RUN  v3.1.4 /private/tmp/viborm-g4-lane-4

 ✓ |raptor3| tests/raptor3/g4/generation/write-transport-campaign.test.ts (1 test) 3754ms
   ✓ executes one complete G4 write-envelope transport seed batch  3753ms

 Test Files  1 passed (1)
      Tests  1 passed (1)
   Start at  19:22:48
   Duration  9.23s (transform 1.71s, setup 10ms, collect 2.53s, tests 3.75s, environment 0ms, prepare 45ms)

JSON report written to /private/tmp/viborm-g4-lane-tmp-4/viborm-raptor3-g0-GKpVug/vitest.json
Vitest resources: 17.90s wall, 966.5 MiB peak sampled process-group RSS (sampled ceiling 1536 MiB). Teardown verified.
Raptor 3 g4-write-transport-seed-batch contract gate verified. Evidence: /private/tmp/viborm-g4-lane-tmp-4/viborm-raptor3-g0-GKpVug

 RUN  v3.1.4 /private/tmp/viborm-g4-lane-4

 ✓ |raptor3| tests/raptor3/g4/generation/write-transport-campaign.test.ts (1 test) 2458ms
   ✓ executes one complete G4 write-envelope transport seed batch  2458ms

 Test Files  1 passed (1)
      Tests  1 passed (1)
   Start at  19:23:14
   Duration  7.75s (transform 1.77s, setup 10ms, collect 2.61s, tests 2.46s, environment 0ms, prepare 39ms)

JSON report written to /private/tmp/viborm-g4-lane-tmp-4/viborm-raptor3-g0-Xx4lQH/vitest.json
Vitest resources: 17.35s wall, 703.6 MiB peak sampled process-group RSS (sampled ceiling 1536 MiB). Teardown verified.
Raptor 3 g4-write-transport-seed-batch contract gate verified. Evidence: /private/tmp/viborm-g4-lane-tmp-4/viborm-raptor3-g0-Xx4lQH

 RUN  v3.1.4 /private/tmp/viborm-g4-lane-4

 ✓ |raptor3| tests/raptor3/g4/generation/write-transport-campaign.test.ts (1 test) 3065ms
   ✓ executes one complete G4 write-envelope transport seed batch  3065ms

 Test Files  1 passed (1)
      Tests  1 passed (1)
   Start at  19:23:36
   Duration  9.68s (transform 1.88s, setup 11ms, collect 2.83s, tests 3.07s, environment 0ms, prepare 44ms)

JSON report written to /private/tmp/viborm-g4-lane-tmp-4/viborm-raptor3-g0-GjGHzS/vitest.json
Vitest resources: 18.27s wall, 729.0 MiB peak sampled process-group RSS (sampled ceiling 1536 MiB). Teardown verified.
Raptor 3 g4-write-transport-seed-batch contract gate verified. Evidence: /private/tmp/viborm-g4-lane-tmp-4/viborm-raptor3-g0-GjGHzS

 RUN  v3.1.4 /private/tmp/viborm-g4-lane-4

 ✓ |raptor3| tests/raptor3/g4/generation/write-transport-campaign.test.ts (1 test) 3447ms
   ✓ executes one complete G4 write-envelope transport seed batch  3447ms

 Test Files  1 passed (1)
      Tests  1 passed (1)
   Start at  19:24:01
   Duration  9.58s (transform 1.51s, setup 10ms, collect 2.24s, tests 3.45s, environment 0ms, prepare 40ms)

JSON report written to /private/tmp/viborm-g4-lane-tmp-4/viborm-raptor3-g0-ntkQIt/vitest.json
Vitest resources: 17.23s wall, 722.5 MiB peak sampled process-group RSS (sampled ceiling 1536 MiB). Teardown verified.
Raptor 3 g4-write-transport-seed-batch contract gate verified. Evidence: /private/tmp/viborm-g4-lane-tmp-4/viborm-raptor3-g0-ntkQIt

 RUN  v3.1.4 /private/tmp/viborm-g4-lane-4

 ✓ |raptor3| tests/raptor3/g4/generation/write-transport-campaign.test.ts (1 test) 3361ms
   ✓ executes one complete G4 write-envelope transport seed batch  3360ms

 Test Files  1 passed (1)
      Tests  1 passed (1)
   Start at  19:24:24
   Duration  9.46s (transform 1.78s, setup 13ms, collect 2.61s, tests 3.36s, environment 0ms, prepare 44ms)

JSON report written to /private/tmp/viborm-g4-lane-tmp-4/viborm-raptor3-g0-twg8yk/vitest.json
Vitest resources: 17.73s wall, 869.5 MiB peak sampled process-group RSS (sampled ceiling 1536 MiB). Teardown verified.
Raptor 3 g4-write-transport-seed-batch contract gate verified. Evidence: /private/tmp/viborm-g4-lane-tmp-4/viborm-raptor3-g0-twg8yk

 RUN  v3.1.4 /private/tmp/viborm-g4-lane-4

 ✓ |raptor3| tests/raptor3/g4/generation/write-transport-campaign.test.ts (1 test) 5125ms
   ✓ executes one complete G4 write-envelope transport seed batch  5124ms

 Test Files  1 passed (1)
      Tests  1 passed (1)
   Start at  19:24:47
   Duration  12.49s (transform 2.34s, setup 11ms, collect 3.51s, tests 5.13s, environment 0ms, prepare 40ms)

JSON report written to /private/tmp/viborm-g4-lane-tmp-4/viborm-raptor3-g0-pgH0a3/vitest.json
Vitest resources: 20.76s wall, 628.7 MiB peak sampled process-group RSS (sampled ceiling 1536 MiB). Teardown verified.
Raptor 3 g4-write-transport-seed-batch contract gate verified. Evidence: /private/tmp/viborm-g4-lane-tmp-4/viborm-raptor3-g0-pgH0a3

 RUN  v3.1.4 /private/tmp/viborm-g4-lane-4

 ✓ |raptor3| tests/raptor3/g4/generation/write-transport-campaign.test.ts (1 test) 3171ms
   ✓ executes one complete G4 write-envelope transport seed batch  3170ms

 Test Files  1 passed (1)
      Tests  1 passed (1)
   Start at  19:25:18
   Duration  8.53s (transform 1.59s, setup 15ms, collect 2.39s, tests 3.17s, environment 0ms, prepare 45ms)

JSON report written to /private/tmp/viborm-g4-lane-tmp-4/viborm-raptor3-g0-AiK09a/vitest.json
Vitest resources: 18.29s wall, 738.0 MiB peak sampled process-group RSS (sampled ceiling 1536 MiB). Teardown verified.
Raptor 3 g4-write-transport-seed-batch contract gate verified. Evidence: /private/tmp/viborm-g4-lane-tmp-4/viborm-raptor3-g0-AiK09a

 RUN  v3.1.4 /private/tmp/viborm-g4-lane-4

 ✓ |raptor3| tests/raptor3/g4/generation/write-transport-campaign.test.ts (1 test) 6963ms
   ✓ executes one complete G4 write-envelope transport seed batch  6962ms

 Test Files  1 passed (1)
      Tests  1 passed (1)
   Start at  19:25:42
   Duration  14.11s (transform 2.44s, setup 13ms, collect 3.70s, tests 6.96s, environment 0ms, prepare 51ms)

JSON report written to /private/tmp/viborm-g4-lane-tmp-4/viborm-raptor3-g0-t9nV2v/vitest.json
Vitest resources: 22.82s wall, 831.9 MiB peak sampled process-group RSS (sampled ceiling 1536 MiB). Teardown verified.
Raptor 3 g4-write-transport-seed-batch contract gate verified. Evidence: /private/tmp/viborm-g4-lane-tmp-4/viborm-raptor3-g0-t9nV2v

 RUN  v3.1.4 /private/tmp/viborm-g4-lane-4

 ✓ |raptor3| tests/raptor3/g4/generation/write-transport-campaign.test.ts (1 test) 3684ms
   ✓ executes one complete G4 write-envelope transport seed batch  3683ms

 Test Files  1 passed (1)
      Tests  1 passed (1)
   Start at  19:26:10
   Duration  12.30s (transform 3.15s, setup 18ms, collect 4.77s, tests 3.68s, environment 0ms, prepare 67ms)

JSON report written to /private/tmp/viborm-g4-lane-tmp-4/viborm-raptor3-g0-YJ0rZX/vitest.json
Vitest resources: 21.13s wall, 687.3 MiB peak sampled process-group RSS (sampled ceiling 1536 MiB). Teardown verified.
Raptor 3 g4-write-transport-seed-batch contract gate verified. Evidence: /private/tmp/viborm-g4-lane-tmp-4/viborm-raptor3-g0-YJ0rZX

 RUN  v3.1.4 /private/tmp/viborm-g4-lane-4

 ✓ |raptor3| tests/raptor3/g4/generation/write-transport-campaign.test.ts (1 test) 5660ms
   ✓ executes one complete G4 write-envelope transport seed batch  5656ms

 Test Files  1 passed (1)
      Tests  1 passed (1)
   Start at  19:26:43
   Duration  19.69s (transform 6.74s, setup 17ms, collect 10.84s, tests 5.66s, environment 0ms, prepare 64ms)

JSON report written to /private/tmp/viborm-g4-lane-tmp-4/viborm-raptor3-g0-vR2LWh/vitest.json
Vitest resources: 30.26s wall, 680.0 MiB peak sampled process-group RSS (sampled ceiling 1536 MiB). Teardown verified.
Raptor 3 g4-write-transport-seed-batch contract gate verified. Evidence: /private/tmp/viborm-g4-lane-tmp-4/viborm-raptor3-g0-vR2LWh

 RUN  v3.1.4 /private/tmp/viborm-g4-lane-4

 ✓ |raptor3| tests/raptor3/g4/generation/write-transport-campaign.test.ts (1 test) 3051ms
   ✓ executes one complete G4 write-envelope transport seed batch  3050ms

 Test Files  1 passed (1)
      Tests  1 passed (1)
   Start at  19:27:19
   Duration  8.06s (transform 1.65s, setup 11ms, collect 2.51s, tests 3.05s, environment 0ms, prepare 38ms)

JSON report written to /private/tmp/viborm-g4-lane-tmp-4/viborm-raptor3-g0-ZNJDrq/vitest.json
Vitest resources: 15.86s wall, 712.4 MiB peak sampled process-group RSS (sampled ceiling 1536 MiB). Teardown verified.
Raptor 3 g4-write-transport-seed-batch contract gate verified. Evidence: /private/tmp/viborm-g4-lane-tmp-4/viborm-raptor3-g0-ZNJDrq

 RUN  v3.1.4 /private/tmp/viborm-g4-lane-4

 ✓ |raptor3| tests/raptor3/g4/generation/write-transport-campaign.test.ts (1 test) 2723ms
   ✓ executes one complete G4 write-envelope transport seed batch  2723ms

 Test Files  1 passed (1)
      Tests  1 passed (1)
   Start at  19:27:39
   Duration  8.47s (transform 1.57s, setup 10ms, collect 2.37s, tests 2.72s, environment 0ms, prepare 31ms)

JSON report written to /private/tmp/viborm-g4-lane-tmp-4/viborm-raptor3-g0-JumY9F/vitest.json
Vitest resources: 15.52s wall, 748.4 MiB peak sampled process-group RSS (sampled ceiling 1536 MiB). Teardown verified.
Raptor 3 g4-write-transport-seed-batch contract gate verified. Evidence: /private/tmp/viborm-g4-lane-tmp-4/viborm-raptor3-g0-JumY9F

 RUN  v3.1.4 /private/tmp/viborm-g4-lane-4

 ✓ |raptor3| tests/raptor3/g4/generation/write-transport-campaign.test.ts (1 test) 8018ms
   ✓ executes one complete G4 write-envelope transport seed batch  8018ms

 Test Files  1 passed (1)
      Tests  1 passed (1)
   Start at  19:28:04
   Duration  16.69s (transform 3.53s, setup 12ms, collect 5.71s, tests 8.02s, environment 0ms, prepare 32ms)

JSON report written to /private/tmp/viborm-g4-lane-tmp-4/viborm-raptor3-g0-alVmxc/vitest.json
Vitest resources: 25.03s wall, 709.7 MiB peak sampled process-group RSS (sampled ceiling 1536 MiB). Teardown verified.
Raptor 3 g4-write-transport-seed-batch contract gate verified. Evidence: /private/tmp/viborm-g4-lane-tmp-4/viborm-raptor3-g0-alVmxc

 RUN  v3.1.4 /private/tmp/viborm-g4-lane-4

 ✓ |raptor3| tests/raptor3/g4/generation/write-transport-campaign.test.ts (1 test) 3964ms
   ✓ executes one complete G4 write-envelope transport seed batch  3963ms

 Test Files  1 passed (1)
      Tests  1 passed (1)
   Start at  19:28:35
   Duration  10.28s (transform 2.26s, setup 15ms, collect 3.53s, tests 3.96s, environment 0ms, prepare 54ms)

JSON report written to /private/tmp/viborm-g4-lane-tmp-4/viborm-raptor3-g0-Tqjk1E/vitest.json
Vitest resources: 18.02s wall, 772.3 MiB peak sampled process-group RSS (sampled ceiling 1536 MiB). Teardown verified.
Raptor 3 g4-write-transport-seed-batch contract gate verified. Evidence: /private/tmp/viborm-g4-lane-tmp-4/viborm-raptor3-g0-Tqjk1E

 RUN  v3.1.4 /private/tmp/viborm-g4-lane-4

 ✓ |raptor3| tests/raptor3/g4/generation/write-transport-campaign.test.ts (1 test) 3486ms
   ✓ executes one complete G4 write-envelope transport seed batch  3486ms

 Test Files  1 passed (1)
      Tests  1 passed (1)
   Start at  19:28:58
   Duration  7.79s (transform 1.37s, setup 9ms, collect 2.06s, tests 3.49s, environment 0ms, prepare 28ms)

JSON report written to /private/tmp/viborm-g4-lane-tmp-4/viborm-raptor3-g0-Ier3ge/vitest.json
Vitest resources: 14.78s wall, 708.7 MiB peak sampled process-group RSS (sampled ceiling 1536 MiB). Teardown verified.
Raptor 3 g4-write-transport-seed-batch contract gate verified. Evidence: /private/tmp/viborm-g4-lane-tmp-4/viborm-raptor3-g0-Ier3ge

 RUN  v3.1.4 /private/tmp/viborm-g4-lane-4

 ✓ |raptor3| tests/raptor3/g4/generation/write-transport-campaign.test.ts (1 test) 3666ms
   ✓ executes one complete G4 write-envelope transport seed batch  3666ms

 Test Files  1 passed (1)
      Tests  1 passed (1)
   Start at  19:29:19
   Duration  8.81s (transform 1.60s, setup 10ms, collect 2.40s, tests 3.67s, environment 0ms, prepare 29ms)

JSON report written to /private/tmp/viborm-g4-lane-tmp-4/viborm-raptor3-g0-VagP3t/vitest.json
Vitest resources: 15.75s wall, 741.8 MiB peak sampled process-group RSS (sampled ceiling 1536 MiB). Teardown verified.
Raptor 3 g4-write-transport-seed-batch contract gate verified. Evidence: /private/tmp/viborm-g4-lane-tmp-4/viborm-raptor3-g0-VagP3t

 RUN  v3.1.4 /private/tmp/viborm-g4-lane-4

 ✓ |raptor3| tests/raptor3/g4/generation/write-transport-campaign.test.ts (1 test) 3510ms
   ✓ executes one complete G4 write-envelope transport seed batch  3509ms

 Test Files  1 passed (1)
      Tests  1 passed (1)
   Start at  19:29:39
   Duration  7.63s (transform 1.39s, setup 8ms, collect 2.07s, tests 3.51s, environment 0ms, prepare 26ms)

JSON report written to /private/tmp/viborm-g4-lane-tmp-4/viborm-raptor3-g0-J8nXMR/vitest.json
Vitest resources: 13.43s wall, 729.8 MiB peak sampled process-group RSS (sampled ceiling 1536 MiB). Teardown verified.
Raptor 3 g4-write-transport-seed-batch contract gate verified. Evidence: /private/tmp/viborm-g4-lane-tmp-4/viborm-raptor3-g0-J8nXMR

 RUN  v3.1.4 /private/tmp/viborm-g4-lane-4

 ✓ |raptor3| tests/raptor3/g4/generation/write-transport-campaign.test.ts (1 test) 3515ms
   ✓ executes one complete G4 write-envelope transport seed batch  3514ms

 Test Files  1 passed (1)
      Tests  1 passed (1)
   Start at  19:29:58
   Duration  8.78s (transform 1.68s, setup 11ms, collect 2.52s, tests 3.51s, environment 0ms, prepare 33ms)

JSON report written to /private/tmp/viborm-g4-lane-tmp-4/viborm-raptor3-g0-ljb9gC/vitest.json
Vitest resources: 14.61s wall, 746.7 MiB peak sampled process-group RSS (sampled ceiling 1536 MiB). Teardown verified.
Raptor 3 g4-write-transport-seed-batch contract gate verified. Evidence: /private/tmp/viborm-g4-lane-tmp-4/viborm-raptor3-g0-ljb9gC

 RUN  v3.1.4 /private/tmp/viborm-g4-lane-4

 ✓ |raptor3| tests/raptor3/g4/generation/write-transport-campaign.test.ts (1 test) 4038ms
   ✓ executes one complete G4 write-envelope transport seed batch  4037ms

 Test Files  1 passed (1)
      Tests  1 passed (1)
   Start at  19:30:19
   Duration  9.09s (transform 1.68s, setup 9ms, collect 2.53s, tests 4.04s, environment 0ms, prepare 36ms)

JSON report written to /private/tmp/viborm-g4-lane-tmp-4/viborm-raptor3-g0-vUA4U7/vitest.json
Vitest resources: 15.62s wall, 864.3 MiB peak sampled process-group RSS (sampled ceiling 1536 MiB). Teardown verified.
Raptor 3 g4-write-transport-seed-batch contract gate verified. Evidence: /private/tmp/viborm-g4-lane-tmp-4/viborm-raptor3-g0-vUA4U7

 RUN  v3.1.4 /private/tmp/viborm-g4-lane-4

 ✓ |raptor3| tests/raptor3/g4/generation/write-transport-campaign.test.ts (1 test) 3141ms
   ✓ executes one complete G4 write-envelope transport seed batch  3140ms

 Test Files  1 passed (1)
      Tests  1 passed (1)
   Start at  19:30:40
   Duration  7.99s (transform 1.69s, setup 9ms, collect 2.52s, tests 3.14s, environment 0ms, prepare 27ms)

JSON report written to /private/tmp/viborm-g4-lane-tmp-4/viborm-raptor3-g0-8ix4SJ/vitest.json
Vitest resources: 14.34s wall, 847.0 MiB peak sampled process-group RSS (sampled ceiling 1536 MiB). Teardown verified.
Raptor 3 g4-write-transport-seed-batch contract gate verified. Evidence: /private/tmp/viborm-g4-lane-tmp-4/viborm-raptor3-g0-8ix4SJ

 RUN  v3.1.4 /private/tmp/viborm-g4-lane-4

 ✓ |raptor3| tests/raptor3/g4/generation/write-transport-campaign.test.ts (1 test) 2452ms
   ✓ executes one complete G4 write-envelope transport seed batch  2451ms

 Test Files  1 passed (1)
      Tests  1 passed (1)
   Start at  19:31:00
   Duration  8.33s (transform 1.92s, setup 12ms, collect 2.91s, tests 2.45s, environment 0ms, prepare 37ms)

JSON report written to /private/tmp/viborm-g4-lane-tmp-4/viborm-raptor3-g0-3Gj0VW/vitest.json
Vitest resources: 15.25s wall, 705.9 MiB peak sampled process-group RSS (sampled ceiling 1536 MiB). Teardown verified.
Raptor 3 g4-write-transport-seed-batch contract gate verified. Evidence: /private/tmp/viborm-g4-lane-tmp-4/viborm-raptor3-g0-3Gj0VW

 RUN  v3.1.4 /private/tmp/viborm-g4-lane-4

 ✓ |raptor3| tests/raptor3/g4/generation/write-transport-campaign.test.ts (1 test) 2239ms
   ✓ executes one complete G4 write-envelope transport seed batch  2239ms

 Test Files  1 passed (1)
      Tests  1 passed (1)
   Start at  19:31:19
   Duration  7.16s (transform 1.42s, setup 10ms, collect 2.14s, tests 2.24s, environment 0ms, prepare 41ms)

JSON report written to /private/tmp/viborm-g4-lane-tmp-4/viborm-raptor3-g0-PZ1I3k/vitest.json
Vitest resources: 13.39s wall, 942.1 MiB peak sampled process-group RSS (sampled ceiling 1536 MiB). Teardown verified.
Raptor 3 g4-write-transport-seed-batch contract gate verified. Evidence: /private/tmp/viborm-g4-lane-tmp-4/viborm-raptor3-g0-PZ1I3k

 RUN  v3.1.4 /private/tmp/viborm-g4-lane-4

 ✓ |raptor3| tests/raptor3/g4/generation/write-transport-campaign.test.ts (1 test) 3184ms
   ✓ executes one complete G4 write-envelope transport seed batch  3183ms

 Test Files  1 passed (1)
      Tests  1 passed (1)
   Start at  19:31:39
   Duration  7.73s (transform 1.52s, setup 10ms, collect 2.29s, tests 3.18s, environment 0ms, prepare 38ms)

JSON report written to /private/tmp/viborm-g4-lane-tmp-4/viborm-raptor3-g0-dPa8kU/vitest.json
Vitest resources: 15.20s wall, 738.7 MiB peak sampled process-group RSS (sampled ceiling 1536 MiB). Teardown verified.
Raptor 3 g4-write-transport-seed-batch contract gate verified. Evidence: /private/tmp/viborm-g4-lane-tmp-4/viborm-raptor3-g0-dPa8kU

 RUN  v3.1.4 /private/tmp/viborm-g4-lane-4

 ✓ |raptor3| tests/raptor3/g4/generation/write-transport-campaign.test.ts (1 test) 2961ms
   ✓ executes one complete G4 write-envelope transport seed batch  2960ms

 Test Files  1 passed (1)
      Tests  1 passed (1)
   Start at  19:32:03
   Duration  8.03s (transform 1.74s, setup 11ms, collect 2.56s, tests 2.96s, environment 0ms, prepare 41ms)

JSON report written to /private/tmp/viborm-g4-lane-tmp-4/viborm-raptor3-g0-kuRQzL/vitest.json
Vitest resources: 18.11s wall, 704.3 MiB peak sampled process-group RSS (sampled ceiling 1536 MiB). Teardown verified.
Raptor 3 g4-write-transport-seed-batch contract gate verified. Evidence: /private/tmp/viborm-g4-lane-tmp-4/viborm-raptor3-g0-kuRQzL

 RUN  v3.1.4 /private/tmp/viborm-g4-lane-4

 ✓ |raptor3| tests/raptor3/g4/generation/write-transport-campaign.test.ts (1 test) 3734ms
   ✓ executes one complete G4 write-envelope transport seed batch  3733ms

 Test Files  1 passed (1)
      Tests  1 passed (1)
   Start at  19:32:21
   Duration  8.03s (transform 1.54s, setup 8ms, collect 2.30s, tests 3.73s, environment 0ms, prepare 26ms)

JSON report written to /private/tmp/viborm-g4-lane-tmp-4/viborm-raptor3-g0-At110N/vitest.json
Vitest resources: 13.78s wall, 980.1 MiB peak sampled process-group RSS (sampled ceiling 1536 MiB). Teardown verified.
Raptor 3 g4-write-transport-seed-batch contract gate verified. Evidence: /private/tmp/viborm-g4-lane-tmp-4/viborm-raptor3-g0-At110N

 RUN  v3.1.4 /private/tmp/viborm-g4-lane-4

 ✓ |raptor3| tests/raptor3/g4/generation/write-transport-campaign.test.ts (1 test) 2365ms
   ✓ executes one complete G4 write-envelope transport seed batch  2365ms

 Test Files  1 passed (1)
      Tests  1 passed (1)
   Start at  19:32:40
   Duration  7.10s (transform 1.51s, setup 10ms, collect 2.24s, tests 2.37s, environment 0ms, prepare 30ms)

JSON report written to /private/tmp/viborm-g4-lane-tmp-4/viborm-raptor3-g0-OMHBWD/vitest.json
Vitest resources: 12.63s wall, 1005.5 MiB peak sampled process-group RSS (sampled ceiling 1536 MiB). Teardown verified.
Raptor 3 g4-write-transport-seed-batch contract gate verified. Evidence: /private/tmp/viborm-g4-lane-tmp-4/viborm-raptor3-g0-OMHBWD

 RUN  v3.1.4 /private/tmp/viborm-g4-lane-4

 ✓ |raptor3| tests/raptor3/g4/generation/write-transport-campaign.test.ts (1 test) 3568ms
   ✓ executes one complete G4 write-envelope transport seed batch  3567ms

 Test Files  1 passed (1)
      Tests  1 passed (1)
   Start at  19:32:57
   Duration  7.25s (transform 1.35s, setup 9ms, collect 2.00s, tests 3.57s, environment 0ms, prepare 36ms)

JSON report written to /private/tmp/viborm-g4-lane-tmp-4/viborm-raptor3-g0-0dTRJC/vitest.json
Vitest resources: 12.82s wall, 746.7 MiB peak sampled process-group RSS (sampled ceiling 1536 MiB). Teardown verified.
Raptor 3 g4-write-transport-seed-batch contract gate verified. Evidence: /private/tmp/viborm-g4-lane-tmp-4/viborm-raptor3-g0-0dTRJC

 RUN  v3.1.4 /private/tmp/viborm-g4-lane-4

 ✓ |raptor3| tests/raptor3/g4/generation/write-transport-campaign.test.ts (1 test) 4764ms
   ✓ executes one complete G4 write-envelope transport seed batch  4764ms

 Test Files  1 passed (1)
      Tests  1 passed (1)
   Start at  19:33:14
   Duration  10.43s (transform 2.29s, setup 17ms, collect 3.53s, tests 4.76s, environment 0ms, prepare 60ms)

JSON report written to /private/tmp/viborm-g4-lane-tmp-4/viborm-raptor3-g0-d35sHo/vitest.json
Vitest resources: 16.29s wall, 769.0 MiB peak sampled process-group RSS (sampled ceiling 1536 MiB). Teardown verified.
Raptor 3 g4-write-transport-seed-batch contract gate verified. Evidence: /private/tmp/viborm-g4-lane-tmp-4/viborm-raptor3-g0-d35sHo

 RUN  v3.1.4 /private/tmp/viborm-g4-lane-4

 ✓ |raptor3| tests/raptor3/g4/generation/write-transport-campaign.test.ts (1 test) 2950ms
   ✓ executes one complete G4 write-envelope transport seed batch  2950ms

 Test Files  1 passed (1)
      Tests  1 passed (1)
   Start at  19:33:39
   Duration  8.54s (transform 1.96s, setup 19ms, collect 2.97s, tests 2.95s, environment 0ms, prepare 53ms)

JSON report written to /private/tmp/viborm-g4-lane-tmp-4/viborm-raptor3-g0-gCd6dW/vitest.json
Vitest resources: 16.88s wall, 749.5 MiB peak sampled process-group RSS (sampled ceiling 1536 MiB). Teardown verified.
Raptor 3 g4-write-transport-seed-batch contract gate verified. Evidence: /private/tmp/viborm-g4-lane-tmp-4/viborm-raptor3-g0-gCd6dW

 RUN  v3.1.4 /private/tmp/viborm-g4-lane-4

 ✓ |raptor3| tests/raptor3/g4/generation/write-transport-campaign.test.ts (1 test) 3093ms
   ✓ executes one complete G4 write-envelope transport seed batch  3093ms

 Test Files  1 passed (1)
      Tests  1 passed (1)
   Start at  19:33:58
   Duration  6.97s (transform 1.45s, setup 11ms, collect 2.21s, tests 3.09s, environment 0ms, prepare 40ms)

JSON report written to /private/tmp/viborm-g4-lane-tmp-4/viborm-raptor3-g0-5fRrLW/vitest.json
Vitest resources: 13.19s wall, 776.6 MiB peak sampled process-group RSS (sampled ceiling 1536 MiB). Teardown verified.
Raptor 3 g4-write-transport-seed-batch contract gate verified. Evidence: /private/tmp/viborm-g4-lane-tmp-4/viborm-raptor3-g0-5fRrLW

 RUN  v3.1.4 /private/tmp/viborm-g4-lane-4

 ✓ |raptor3| tests/raptor3/g4/generation/write-transport-campaign.test.ts (1 test) 3459ms
   ✓ executes one complete G4 write-envelope transport seed batch  3459ms

 Test Files  1 passed (1)
      Tests  1 passed (1)
   Start at  19:34:16
   Duration  7.55s (transform 1.77s, setup 9ms, collect 2.72s, tests 3.46s, environment 0ms, prepare 35ms)

JSON report written to /private/tmp/viborm-g4-lane-tmp-4/viborm-raptor3-g0-OVMjVI/vitest.json
Vitest resources: 13.85s wall, 995.9 MiB peak sampled process-group RSS (sampled ceiling 1536 MiB). Teardown verified.
Raptor 3 g4-write-transport-seed-batch contract gate verified. Evidence: /private/tmp/viborm-g4-lane-tmp-4/viborm-raptor3-g0-OVMjVI

 RUN  v3.1.4 /private/tmp/viborm-g4-lane-4

 ✓ |raptor3| tests/raptor3/g4/generation/write-transport-campaign.test.ts (1 test) 2403ms
   ✓ executes one complete G4 write-envelope transport seed batch  2402ms

 Test Files  1 passed (1)
      Tests  1 passed (1)
   Start at  19:34:36
   Duration  8.02s (transform 2.32s, setup 12ms, collect 3.54s, tests 2.40s, environment 0ms, prepare 45ms)

JSON report written to /private/tmp/viborm-g4-lane-tmp-4/viborm-raptor3-g0-lrcrha/vitest.json
Vitest resources: 13.98s wall, 731.5 MiB peak sampled process-group RSS (sampled ceiling 1536 MiB). Teardown verified.
Raptor 3 g4-write-transport-seed-batch contract gate verified. Evidence: /private/tmp/viborm-g4-lane-tmp-4/viborm-raptor3-g0-lrcrha

 RUN  v3.1.4 /private/tmp/viborm-g4-lane-4

 ✓ |raptor3| tests/raptor3/g4/generation/write-transport-campaign.test.ts (1 test) 3086ms
   ✓ executes one complete G4 write-envelope transport seed batch  3086ms

 Test Files  1 passed (1)
      Tests  1 passed (1)
   Start at  19:34:52
   Duration  8.29s (transform 1.57s, setup 12ms, collect 2.37s, tests 3.09s, environment 0ms, prepare 34ms)

JSON report written to /private/tmp/viborm-g4-lane-tmp-4/viborm-raptor3-g0-SfqLdK/vitest.json
Vitest resources: 13.08s wall, 917.3 MiB peak sampled process-group RSS (sampled ceiling 1536 MiB). Teardown verified.
Raptor 3 g4-write-transport-seed-batch contract gate verified. Evidence: /private/tmp/viborm-g4-lane-tmp-4/viborm-raptor3-g0-SfqLdK

 RUN  v3.1.4 /private/tmp/viborm-g4-lane-4

 ✓ |raptor3| tests/raptor3/g4/generation/write-transport-campaign.test.ts (1 test) 2973ms
   ✓ executes one complete G4 write-envelope transport seed batch  2972ms

 Test Files  1 passed (1)
      Tests  1 passed (1)
   Start at  19:35:11
   Duration  8.18s (transform 1.86s, setup 14ms, collect 2.78s, tests 2.97s, environment 0ms, prepare 32ms)

JSON report written to /private/tmp/viborm-g4-lane-tmp-4/viborm-raptor3-g0-6tmO2f/vitest.json
Vitest resources: 14.13s wall, 720.9 MiB peak sampled process-group RSS (sampled ceiling 1536 MiB). Teardown verified.
Raptor 3 g4-write-transport-seed-batch contract gate verified. Evidence: /private/tmp/viborm-g4-lane-tmp-4/viborm-raptor3-g0-6tmO2f

 RUN  v3.1.4 /private/tmp/viborm-g4-lane-4

 ✓ |raptor3| tests/raptor3/g4/generation/write-transport-campaign.test.ts (1 test) 4457ms
   ✓ executes one complete G4 write-envelope transport seed batch  4457ms

 Test Files  1 passed (1)
      Tests  1 passed (1)
   Start at  19:35:31
   Duration  10.64s (transform 2.14s, setup 12ms, collect 3.29s, tests 4.46s, environment 0ms, prepare 37ms)

JSON report written to /private/tmp/viborm-g4-lane-tmp-4/viborm-raptor3-g0-3M5ilc/vitest.json
Vitest resources: 18.47s wall, 951.2 MiB peak sampled process-group RSS (sampled ceiling 1536 MiB). Teardown verified.
Raptor 3 g4-write-transport-seed-batch contract gate verified. Evidence: /private/tmp/viborm-g4-lane-tmp-4/viborm-raptor3-g0-3M5ilc

 RUN  v3.1.4 /private/tmp/viborm-g4-lane-4

 ✓ |raptor3| tests/raptor3/g4/generation/write-transport-campaign.test.ts (1 test) 3665ms
   ✓ executes one complete G4 write-envelope transport seed batch  3665ms

 Test Files  1 passed (1)
      Tests  1 passed (1)
   Start at  19:35:54
   Duration  9.23s (transform 1.81s, setup 14ms, collect 2.71s, tests 3.67s, environment 0ms, prepare 39ms)

JSON report written to /private/tmp/viborm-g4-lane-tmp-4/viborm-raptor3-g0-BsBPiF/vitest.json
Vitest resources: 15.17s wall, 778.5 MiB peak sampled process-group RSS (sampled ceiling 1536 MiB). Teardown verified.
Raptor 3 g4-write-transport-seed-batch contract gate verified. Evidence: /private/tmp/viborm-g4-lane-tmp-4/viborm-raptor3-g0-BsBPiF

 RUN  v3.1.4 /private/tmp/viborm-g4-lane-4

 ✓ |raptor3| tests/raptor3/g4/generation/write-transport-campaign.test.ts (1 test) 4248ms
   ✓ executes one complete G4 write-envelope transport seed batch  4248ms

 Test Files  1 passed (1)
      Tests  1 passed (1)
   Start at  19:36:14
   Duration  9.70s (transform 1.93s, setup 13ms, collect 2.85s, tests 4.25s, environment 0ms, prepare 46ms)

JSON report written to /private/tmp/viborm-g4-lane-tmp-4/viborm-raptor3-g0-9j2Cm2/vitest.json
Vitest resources: 16.01s wall, 1089.5 MiB peak sampled process-group RSS (sampled ceiling 1536 MiB). Teardown verified.
Raptor 3 g4-write-transport-seed-batch contract gate verified. Evidence: /private/tmp/viborm-g4-lane-tmp-4/viborm-raptor3-g0-9j2Cm2

 RUN  v3.1.4 /private/tmp/viborm-g4-lane-4

 ✓ |raptor3| tests/raptor3/g4/generation/write-transport-campaign.test.ts (1 test) 3779ms
   ✓ executes one complete G4 write-envelope transport seed batch  3778ms

 Test Files  1 passed (1)
      Tests  1 passed (1)
   Start at  19:36:37
   Duration  8.14s (transform 1.70s, setup 10ms, collect 2.56s, tests 3.78s, environment 0ms, prepare 38ms)

JSON report written to /private/tmp/viborm-g4-lane-tmp-4/viborm-raptor3-g0-3ImfQT/vitest.json
Vitest resources: 15.86s wall, 743.9 MiB peak sampled process-group RSS (sampled ceiling 1536 MiB). Teardown verified.
Raptor 3 g4-write-transport-seed-batch contract gate verified. Evidence: /private/tmp/viborm-g4-lane-tmp-4/viborm-raptor3-g0-3ImfQT

 RUN  v3.1.4 /private/tmp/viborm-g4-lane-4

 ✓ |raptor3| tests/raptor3/g4/generation/write-transport-campaign.test.ts (1 test) 3616ms
   ✓ executes one complete G4 write-envelope transport seed batch  3615ms

 Test Files  1 passed (1)
      Tests  1 passed (1)
   Start at  19:36:59
   Duration  9.81s (transform 2.24s, setup 19ms, collect 3.39s, tests 3.62s, environment 0ms, prepare 61ms)

JSON report written to /private/tmp/viborm-g4-lane-tmp-4/viborm-raptor3-g0-k4JZly/vitest.json
Vitest resources: 17.09s wall, 918.6 MiB peak sampled process-group RSS (sampled ceiling 1536 MiB). Teardown verified.
Raptor 3 g4-write-transport-seed-batch contract gate verified. Evidence: /private/tmp/viborm-g4-lane-tmp-4/viborm-raptor3-g0-k4JZly

 RUN  v3.1.4 /private/tmp/viborm-g4-lane-4

 ✓ |raptor3| tests/raptor3/g4/generation/write-transport-campaign.test.ts (1 test) 2491ms
   ✓ executes one complete G4 write-envelope transport seed batch  2490ms

 Test Files  1 passed (1)
      Tests  1 passed (1)
   Start at  19:37:18
   Duration  6.81s (transform 1.56s, setup 11ms, collect 2.34s, tests 2.49s, environment 0ms, prepare 40ms)

JSON report written to /private/tmp/viborm-g4-lane-tmp-4/viborm-raptor3-g0-PofCeE/vitest.json
Vitest resources: 12.01s wall, 712.7 MiB peak sampled process-group RSS (sampled ceiling 1536 MiB). Teardown verified.
Raptor 3 g4-write-transport-seed-batch contract gate verified. Evidence: /private/tmp/viborm-g4-lane-tmp-4/viborm-raptor3-g0-PofCeE

 RUN  v3.1.4 /private/tmp/viborm-g4-lane-4

 ✓ |raptor3| tests/raptor3/g4/generation/write-transport-campaign.test.ts (1 test) 3104ms
   ✓ executes one complete G4 write-envelope transport seed batch  3103ms

 Test Files  1 passed (1)
      Tests  1 passed (1)
   Start at  19:37:34
   Duration  8.93s (transform 2.12s, setup 17ms, collect 3.18s, tests 3.10s, environment 0ms, prepare 57ms)

JSON report written to /private/tmp/viborm-g4-lane-tmp-4/viborm-raptor3-g0-NXXXey/vitest.json
Vitest resources: 14.53s wall, 953.1 MiB peak sampled process-group RSS (sampled ceiling 1536 MiB). Teardown verified.
Raptor 3 g4-write-transport-seed-batch contract gate verified. Evidence: /private/tmp/viborm-g4-lane-tmp-4/viborm-raptor3-g0-NXXXey

 RUN  v3.1.4 /private/tmp/viborm-g4-lane-4

 ✓ |raptor3| tests/raptor3/g4/generation/write-transport-campaign.test.ts (1 test) 2333ms
   ✓ executes one complete G4 write-envelope transport seed batch  2333ms

 Test Files  1 passed (1)
      Tests  1 passed (1)
   Start at  19:37:53
   Duration  7.21s (transform 1.42s, setup 14ms, collect 2.15s, tests 2.33s, environment 0ms, prepare 37ms)

JSON report written to /private/tmp/viborm-g4-lane-tmp-4/viborm-raptor3-g0-rgoJAf/vitest.json
Vitest resources: 12.67s wall, 734.9 MiB peak sampled process-group RSS (sampled ceiling 1536 MiB). Teardown verified.
Raptor 3 g4-write-transport-seed-batch contract gate verified. Evidence: /private/tmp/viborm-g4-lane-tmp-4/viborm-raptor3-g0-rgoJAf

 RUN  v3.1.4 /private/tmp/viborm-g4-lane-4

 ✓ |raptor3| tests/raptor3/g4/generation/write-transport-campaign.test.ts (1 test) 2717ms
   ✓ executes one complete G4 write-envelope transport seed batch  2716ms

 Test Files  1 passed (1)
      Tests  1 passed (1)
   Start at  19:38:11
   Duration  7.11s (transform 1.82s, setup 11ms, collect 2.77s, tests 2.72s, environment 0ms, prepare 32ms)

JSON report written to /private/tmp/viborm-g4-lane-tmp-4/viborm-raptor3-g0-9WMnbZ/vitest.json
Vitest resources: 13.37s wall, 842.4 MiB peak sampled process-group RSS (sampled ceiling 1536 MiB). Teardown verified.
Raptor 3 g4-write-transport-seed-batch contract gate verified. Evidence: /private/tmp/viborm-g4-lane-tmp-4/viborm-raptor3-g0-9WMnbZ

 RUN  v3.1.4 /private/tmp/viborm-g4-lane-4

 ✓ |raptor3| tests/raptor3/g4/generation/write-transport-campaign.test.ts (1 test) 3190ms
   ✓ executes one complete G4 write-envelope transport seed batch  3189ms

 Test Files  1 passed (1)
      Tests  1 passed (1)
   Start at  19:38:27
   Duration  8.04s (transform 1.69s, setup 9ms, collect 2.52s, tests 3.19s, environment 0ms, prepare 30ms)

JSON report written to /private/tmp/viborm-g4-lane-tmp-4/viborm-raptor3-g0-O28OYg/vitest.json
Vitest resources: 13.23s wall, 873.6 MiB peak sampled process-group RSS (sampled ceiling 1536 MiB). Teardown verified.
Raptor 3 g4-write-transport-seed-batch contract gate verified. Evidence: /private/tmp/viborm-g4-lane-tmp-4/viborm-raptor3-g0-O28OYg

 RUN  v3.1.4 /private/tmp/viborm-g4-lane-4

 ✓ |raptor3| tests/raptor3/g4/generation/write-transport-campaign.test.ts (1 test) 3625ms
   ✓ executes one complete G4 write-envelope transport seed batch  3625ms

 Test Files  1 passed (1)
      Tests  1 passed (1)
   Start at  19:38:45
   Duration  8.44s (transform 1.85s, setup 14ms, collect 2.77s, tests 3.63s, environment 0ms, prepare 33ms)

JSON report written to /private/tmp/viborm-g4-lane-tmp-4/viborm-raptor3-g0-lql6RN/vitest.json
Vitest resources: 13.67s wall, 1035.2 MiB peak sampled process-group RSS (sampled ceiling 1536 MiB). Teardown verified.
Raptor 3 g4-write-transport-seed-batch contract gate verified. Evidence: /private/tmp/viborm-g4-lane-tmp-4/viborm-raptor3-g0-lql6RN

 RUN  v3.1.4 /private/tmp/viborm-g4-lane-4

 ✓ |raptor3| tests/raptor3/g4/generation/write-transport-campaign.test.ts (1 test) 3383ms
   ✓ executes one complete G4 write-envelope transport seed batch  3383ms

 Test Files  1 passed (1)
      Tests  1 passed (1)
   Start at  19:39:02
   Duration  8.31s (transform 1.66s, setup 9ms, collect 2.46s, tests 3.38s, environment 0ms, prepare 27ms)

JSON report written to /private/tmp/viborm-g4-lane-tmp-4/viborm-raptor3-g0-XpQhal/vitest.json
Vitest resources: 13.50s wall, 962.4 MiB peak sampled process-group RSS (sampled ceiling 1536 MiB). Teardown verified.
Raptor 3 g4-write-transport-seed-batch contract gate verified. Evidence: /private/tmp/viborm-g4-lane-tmp-4/viborm-raptor3-g0-XpQhal

 RUN  v3.1.4 /private/tmp/viborm-g4-lane-4

 ✓ |raptor3| tests/raptor3/g4/generation/write-transport-campaign.test.ts (1 test) 2756ms
   ✓ executes one complete G4 write-envelope transport seed batch  2755ms

 Test Files  1 passed (1)
      Tests  1 passed (1)
   Start at  19:39:20
   Duration  7.68s (transform 1.54s, setup 14ms, collect 2.29s, tests 2.76s, environment 0ms, prepare 29ms)

JSON report written to /private/tmp/viborm-g4-lane-tmp-4/viborm-raptor3-g0-XaDtDP/vitest.json
Vitest resources: 12.94s wall, 738.8 MiB peak sampled process-group RSS (sampled ceiling 1536 MiB). Teardown verified.
Raptor 3 g4-write-transport-seed-batch contract gate verified. Evidence: /private/tmp/viborm-g4-lane-tmp-4/viborm-raptor3-g0-XaDtDP

 RUN  v3.1.4 /private/tmp/viborm-g4-lane-4

 ✓ |raptor3| tests/raptor3/g4/generation/write-transport-campaign.test.ts (1 test) 3489ms
   ✓ executes one complete G4 write-envelope transport seed batch  3489ms

 Test Files  1 passed (1)
      Tests  1 passed (1)
   Start at  19:39:38
   Duration  7.52s (transform 1.52s, setup 9ms, collect 2.28s, tests 3.49s, environment 0ms, prepare 28ms)

JSON report written to /private/tmp/viborm-g4-lane-tmp-4/viborm-raptor3-g0-DsuFLp/vitest.json
Vitest resources: 13.27s wall, 718.0 MiB peak sampled process-group RSS (sampled ceiling 1536 MiB). Teardown verified.
Raptor 3 g4-write-transport-seed-batch contract gate verified. Evidence: /private/tmp/viborm-g4-lane-tmp-4/viborm-raptor3-g0-DsuFLp

 RUN  v3.1.4 /private/tmp/viborm-g4-lane-4

 ✓ |raptor3| tests/raptor3/g4/generation/write-transport-campaign.test.ts (1 test) 2675ms
   ✓ executes one complete G4 write-envelope transport seed batch  2675ms

 Test Files  1 passed (1)
      Tests  1 passed (1)
   Start at  19:39:55
   Duration  6.77s (transform 1.49s, setup 9ms, collect 2.20s, tests 2.68s, environment 0ms, prepare 27ms)

JSON report written to /private/tmp/viborm-g4-lane-tmp-4/viborm-raptor3-g0-CsoRzv/vitest.json
Vitest resources: 11.96s wall, 960.5 MiB peak sampled process-group RSS (sampled ceiling 1536 MiB). Teardown verified.
Raptor 3 g4-write-transport-seed-batch contract gate verified. Evidence: /private/tmp/viborm-g4-lane-tmp-4/viborm-raptor3-g0-CsoRzv

 RUN  v3.1.4 /private/tmp/viborm-g4-lane-4

 ✓ |raptor3| tests/raptor3/g4/generation/write-transport-campaign.test.ts (1 test) 2911ms
   ✓ executes one complete G4 write-envelope transport seed batch  2911ms

 Test Files  1 passed (1)
      Tests  1 passed (1)
   Start at  19:40:11
   Duration  6.96s (transform 1.41s, setup 9ms, collect 2.09s, tests 2.91s, environment 0ms, prepare 30ms)

JSON report written to /private/tmp/viborm-g4-lane-tmp-4/viborm-raptor3-g0-QRs9VH/vitest.json
Vitest resources: 12.22s wall, 732.0 MiB peak sampled process-group RSS (sampled ceiling 1536 MiB). Teardown verified.
Raptor 3 g4-write-transport-seed-batch contract gate verified. Evidence: /private/tmp/viborm-g4-lane-tmp-4/viborm-raptor3-g0-QRs9VH

 RUN  v3.1.4 /private/tmp/viborm-g4-lane-4

 ✓ |raptor3| tests/raptor3/g4/generation/write-transport-campaign.test.ts (1 test) 2733ms
   ✓ executes one complete G4 write-envelope transport seed batch  2733ms

 Test Files  1 passed (1)
      Tests  1 passed (1)
   Start at  19:40:27
   Duration  6.90s (transform 1.66s, setup 10ms, collect 2.47s, tests 2.73s, environment 0ms, prepare 30ms)

JSON report written to /private/tmp/viborm-g4-lane-tmp-4/viborm-raptor3-g0-z3nnlW/vitest.json
Vitest resources: 11.54s wall, 733.2 MiB peak sampled process-group RSS (sampled ceiling 1536 MiB). Teardown verified.
Raptor 3 g4-write-transport-seed-batch contract gate verified. Evidence: /private/tmp/viborm-g4-lane-tmp-4/viborm-raptor3-g0-z3nnlW

 RUN  v3.1.4 /private/tmp/viborm-g4-lane-4

 ✓ |raptor3| tests/raptor3/g4/generation/write-transport-campaign.test.ts (1 test) 2559ms
   ✓ executes one complete G4 write-envelope transport seed batch  2558ms

 Test Files  1 passed (1)
      Tests  1 passed (1)
   Start at  19:40:41
   Duration  6.95s (transform 1.50s, setup 10ms, collect 2.27s, tests 2.56s, environment 0ms, prepare 31ms)

JSON report written to /private/tmp/viborm-g4-lane-tmp-4/viborm-raptor3-g0-5oYBNV/vitest.json
Vitest resources: 11.65s wall, 732.7 MiB peak sampled process-group RSS (sampled ceiling 1536 MiB). Teardown verified.
Raptor 3 g4-write-transport-seed-batch contract gate verified. Evidence: /private/tmp/viborm-g4-lane-tmp-4/viborm-raptor3-g0-5oYBNV

 RUN  v3.1.4 /private/tmp/viborm-g4-lane-4

 ✓ |raptor3| tests/raptor3/g4/generation/write-transport-campaign.test.ts (1 test) 2611ms
   ✓ executes one complete G4 write-envelope transport seed batch  2610ms

 Test Files  1 passed (1)
      Tests  1 passed (1)
   Start at  19:40:57
   Duration  6.53s (transform 1.63s, setup 9ms, collect 2.42s, tests 2.61s, environment 0ms, prepare 27ms)

JSON report written to /private/tmp/viborm-g4-lane-tmp-4/viborm-raptor3-g0-Ktn9Ke/vitest.json
Vitest resources: 11.43s wall, 726.9 MiB peak sampled process-group RSS (sampled ceiling 1536 MiB). Teardown verified.
Raptor 3 g4-write-transport-seed-batch contract gate verified. Evidence: /private/tmp/viborm-g4-lane-tmp-4/viborm-raptor3-g0-Ktn9Ke

 RUN  v3.1.4 /private/tmp/viborm-g4-lane-4

 ✓ |raptor3| tests/raptor3/g4/generation/write-transport-campaign.test.ts (1 test) 3475ms
   ✓ executes one complete G4 write-envelope transport seed batch  3474ms

 Test Files  1 passed (1)
      Tests  1 passed (1)
   Start at  19:41:11
   Duration  8.42s (transform 1.74s, setup 23ms, collect 2.61s, tests 3.48s, environment 0ms, prepare 43ms)

JSON report written to /private/tmp/viborm-g4-lane-tmp-4/viborm-raptor3-g0-YPyGFE/vitest.json
Vitest resources: 12.68s wall, 731.4 MiB peak sampled process-group RSS (sampled ceiling 1536 MiB). Teardown verified.
Raptor 3 g4-write-transport-seed-batch contract gate verified. Evidence: /private/tmp/viborm-g4-lane-tmp-4/viborm-raptor3-g0-YPyGFE

 RUN  v3.1.4 /private/tmp/viborm-g4-lane-4

 ✓ |raptor3| tests/raptor3/g4/generation/write-transport-campaign.test.ts (1 test) 3126ms
   ✓ executes one complete G4 write-envelope transport seed batch  3125ms

 Test Files  1 passed (1)
      Tests  1 passed (1)
   Start at  19:41:28
   Duration  8.01s (transform 2.19s, setup 10ms, collect 3.28s, tests 3.13s, environment 0ms, prepare 28ms)

JSON report written to /private/tmp/viborm-g4-lane-tmp-4/viborm-raptor3-g0-i06lnQ/vitest.json
Vitest resources: 12.22s wall, 949.6 MiB peak sampled process-group RSS (sampled ceiling 1536 MiB). Teardown verified.
Raptor 3 g4-write-transport-seed-batch contract gate verified. Evidence: /private/tmp/viborm-g4-lane-tmp-4/viborm-raptor3-g0-i06lnQ

 RUN  v3.1.4 /private/tmp/viborm-g4-lane-4

 ✓ |raptor3| tests/raptor3/g4/generation/write-transport-campaign.test.ts (1 test) 3246ms
   ✓ executes one complete G4 write-envelope transport seed batch  3246ms

 Test Files  1 passed (1)
      Tests  1 passed (1)
   Start at  19:41:46
   Duration  7.72s (transform 1.73s, setup 9ms, collect 2.62s, tests 3.25s, environment 0ms, prepare 29ms)

JSON report written to /private/tmp/viborm-g4-lane-tmp-4/viborm-raptor3-g0-WRnG4z/vitest.json
Vitest resources: 12.04s wall, 1049.7 MiB peak sampled process-group RSS (sampled ceiling 1536 MiB). Teardown verified.
Raptor 3 g4-write-transport-seed-batch contract gate verified. Evidence: /private/tmp/viborm-g4-lane-tmp-4/viborm-raptor3-g0-WRnG4z

 RUN  v3.1.4 /private/tmp/viborm-g4-lane-4

 ✓ |raptor3| tests/raptor3/g4/generation/write-transport-campaign.test.ts (1 test) 3086ms
   ✓ executes one complete G4 write-envelope transport seed batch  3085ms

 Test Files  1 passed (1)
      Tests  1 passed (1)
   Start at  19:42:03
   Duration  6.75s (transform 1.59s, setup 9ms, collect 2.36s, tests 3.09s, environment 0ms, prepare 28ms)

JSON report written to /private/tmp/viborm-g4-lane-tmp-4/viborm-raptor3-g0-e7PgKL/vitest.json
Vitest resources: 10.48s wall, 938.2 MiB peak sampled process-group RSS (sampled ceiling 1536 MiB). Teardown verified.
Raptor 3 g4-write-transport-seed-batch contract gate verified. Evidence: /private/tmp/viborm-g4-lane-tmp-4/viborm-raptor3-g0-e7PgKL

 RUN  v3.1.4 /private/tmp/viborm-g4-lane-4

 ✓ |raptor3| tests/raptor3/g4/generation/write-transport-campaign.test.ts (1 test) 3190ms
   ✓ executes one complete G4 write-envelope transport seed batch  3190ms

 Test Files  1 passed (1)
      Tests  1 passed (1)
   Start at  19:42:18
   Duration  7.74s (transform 1.53s, setup 19ms, collect 2.32s, tests 3.19s, environment 0ms, prepare 57ms)

JSON report written to /private/tmp/viborm-g4-lane-tmp-4/viborm-raptor3-g0-KbKsGl/vitest.json
Vitest resources: 12.05s wall, 801.0 MiB peak sampled process-group RSS (sampled ceiling 1536 MiB). Teardown verified.
Raptor 3 g4-write-transport-seed-batch contract gate verified. Evidence: /private/tmp/viborm-g4-lane-tmp-4/viborm-raptor3-g0-KbKsGl

 RUN  v3.1.4 /private/tmp/viborm-g4-lane-4

 ✓ |raptor3| tests/raptor3/g4/generation/write-transport-campaign.test.ts (1 test) 3386ms
   ✓ executes one complete G4 write-envelope transport seed batch  3386ms

 Test Files  1 passed (1)
      Tests  1 passed (1)
   Start at  19:42:33
   Duration  7.94s (transform 1.84s, setup 17ms, collect 2.85s, tests 3.39s, environment 0ms, prepare 47ms)

JSON report written to /private/tmp/viborm-g4-lane-tmp-4/viborm-raptor3-g0-53Dqf0/vitest.json
Vitest resources: 12.56s wall, 732.4 MiB peak sampled process-group RSS (sampled ceiling 1536 MiB). Teardown verified.
Raptor 3 g4-write-transport-seed-batch contract gate verified. Evidence: /private/tmp/viborm-g4-lane-tmp-4/viborm-raptor3-g0-53Dqf0

 RUN  v3.1.4 /private/tmp/viborm-g4-lane-4

 ✓ |raptor3| tests/raptor3/g4/generation/write-transport-campaign.test.ts (1 test) 2452ms
   ✓ executes one complete G4 write-envelope transport seed batch  2452ms

 Test Files  1 passed (1)
      Tests  1 passed (1)
   Start at  19:42:49
   Duration  6.35s (transform 1.64s, setup 10ms, collect 2.45s, tests 2.45s, environment 0ms, prepare 35ms)

JSON report written to /private/tmp/viborm-g4-lane-tmp-4/viborm-raptor3-g0-k2xM4A/vitest.json
Vitest resources: 11.17s wall, 928.4 MiB peak sampled process-group RSS (sampled ceiling 1536 MiB). Teardown verified.
Raptor 3 g4-write-transport-seed-batch contract gate verified. Evidence: /private/tmp/viborm-g4-lane-tmp-4/viborm-raptor3-g0-k2xM4A

 RUN  v3.1.4 /private/tmp/viborm-g4-lane-4

 ✓ |raptor3| tests/raptor3/g4/generation/write-transport-campaign.test.ts (1 test) 2249ms
   ✓ executes one complete G4 write-envelope transport seed batch  2248ms

 Test Files  1 passed (1)
      Tests  1 passed (1)
   Start at  19:43:03
   Duration  6.29s (transform 1.45s, setup 15ms, collect 2.19s, tests 2.25s, environment 0ms, prepare 66ms)

JSON report written to /private/tmp/viborm-g4-lane-tmp-4/viborm-raptor3-g0-8330Zy/vitest.json
Vitest resources: 10.31s wall, 736.8 MiB peak sampled process-group RSS (sampled ceiling 1536 MiB). Teardown verified.
Raptor 3 g4-write-transport-seed-batch contract gate verified. Evidence: /private/tmp/viborm-g4-lane-tmp-4/viborm-raptor3-g0-8330Zy

 RUN  v3.1.4 /private/tmp/viborm-g4-lane-4

 ✓ |raptor3| tests/raptor3/g4/generation/write-transport-campaign.test.ts (1 test) 1986ms
   ✓ executes one complete G4 write-envelope transport seed batch  1985ms

 Test Files  1 passed (1)
      Tests  1 passed (1)
   Start at  19:43:16
   Duration  6.50s (transform 1.88s, setup 15ms, collect 2.84s, tests 1.99s, environment 0ms, prepare 41ms)

JSON report written to /private/tmp/viborm-g4-lane-tmp-4/viborm-raptor3-g0-FW0oyg/vitest.json
Vitest resources: 11.47s wall, 698.3 MiB peak sampled process-group RSS (sampled ceiling 1536 MiB). Teardown verified.
Raptor 3 g4-write-transport-seed-batch contract gate verified. Evidence: /private/tmp/viborm-g4-lane-tmp-4/viborm-raptor3-g0-FW0oyg

 RUN  v3.1.4 /private/tmp/viborm-g4-lane-4

 ✓ |raptor3| tests/raptor3/g4/generation/write-transport-campaign.test.ts (1 test) 2115ms
   ✓ executes one complete G4 write-envelope transport seed batch  2114ms

 Test Files  1 passed (1)
      Tests  1 passed (1)
   Start at  19:43:30
   Duration  6.52s (transform 1.80s, setup 14ms, collect 2.72s, tests 2.11s, environment 0ms, prepare 51ms)

JSON report written to /private/tmp/viborm-g4-lane-tmp-4/viborm-raptor3-g0-qfgjVT/vitest.json
Vitest resources: 10.86s wall, 907.9 MiB peak sampled process-group RSS (sampled ceiling 1536 MiB). Teardown verified.
Raptor 3 g4-write-transport-seed-batch contract gate verified. Evidence: /private/tmp/viborm-g4-lane-tmp-4/viborm-raptor3-g0-qfgjVT

 RUN  v3.1.4 /private/tmp/viborm-g4-lane-4

 ✓ |raptor3| tests/raptor3/g4/generation/write-transport-campaign.test.ts (1 test) 4509ms
   ✓ executes one complete G4 write-envelope transport seed batch  4508ms

 Test Files  1 passed (1)
      Tests  1 passed (1)
   Start at  19:43:44
   Duration  8.42s (transform 1.70s, setup 12ms, collect 2.58s, tests 4.51s, environment 0ms, prepare 45ms)

JSON report written to /private/tmp/viborm-g4-lane-tmp-4/viborm-raptor3-g0-U84wNV/vitest.json
Vitest resources: 12.87s wall, 909.5 MiB peak sampled process-group RSS (sampled ceiling 1536 MiB). Teardown verified.
Raptor 3 g4-write-transport-seed-batch contract gate verified. Evidence: /private/tmp/viborm-g4-lane-tmp-4/viborm-raptor3-g0-U84wNV

 RUN  v3.1.4 /private/tmp/viborm-g4-lane-4

 ✓ |raptor3| tests/raptor3/g4/generation/write-transport-campaign.test.ts (1 test) 4906ms
   ✓ executes one complete G4 write-envelope transport seed batch  4905ms

 Test Files  1 passed (1)
      Tests  1 passed (1)
   Start at  19:44:04
   Duration  11.74s (transform 3.17s, setup 16ms, collect 4.94s, tests 4.91s, environment 0ms, prepare 74ms)

JSON report written to /private/tmp/viborm-g4-lane-tmp-4/viborm-raptor3-g0-8wmibO/vitest.json
Vitest resources: 18.93s wall, 933.5 MiB peak sampled process-group RSS (sampled ceiling 1536 MiB). Teardown verified.
Raptor 3 g4-write-transport-seed-batch contract gate verified. Evidence: /private/tmp/viborm-g4-lane-tmp-4/viborm-raptor3-g0-8wmibO

 RUN  v3.1.4 /private/tmp/viborm-g4-lane-4

 ✓ |raptor3| tests/raptor3/g4/generation/write-transport-campaign.test.ts (1 test) 5762ms
   ✓ executes one complete G4 write-envelope transport seed batch  5761ms

 Test Files  1 passed (1)
      Tests  1 passed (1)
   Start at  19:44:27
   Duration  12.74s (transform 3.11s, setup 19ms, collect 4.86s, tests 5.76s, environment 0ms, prepare 56ms)

JSON report written to /private/tmp/viborm-g4-lane-tmp-4/viborm-raptor3-g0-yjhUfS/vitest.json
Vitest resources: 19.86s wall, 976.0 MiB peak sampled process-group RSS (sampled ceiling 1536 MiB). Teardown verified.
Raptor 3 g4-write-transport-seed-batch contract gate verified. Evidence: /private/tmp/viborm-g4-lane-tmp-4/viborm-raptor3-g0-yjhUfS

 RUN  v3.1.4 /private/tmp/viborm-g4-lane-4

 ✓ |raptor3| tests/raptor3/g4/generation/write-transport-campaign.test.ts (1 test) 3312ms
   ✓ executes one complete G4 write-envelope transport seed batch  3311ms

 Test Files  1 passed (1)
      Tests  1 passed (1)
   Start at  19:44:50
   Duration  7.67s (transform 1.75s, setup 11ms, collect 2.62s, tests 3.31s, environment 0ms, prepare 48ms)

JSON report written to /private/tmp/viborm-g4-lane-tmp-4/viborm-raptor3-g0-QNksPw/vitest.json
Vitest resources: 11.95s wall, 949.9 MiB peak sampled process-group RSS (sampled ceiling 1536 MiB). Teardown verified.
Raptor 3 g4-write-transport-seed-batch contract gate verified. Evidence: /private/tmp/viborm-g4-lane-tmp-4/viborm-raptor3-g0-QNksPw

 RUN  v3.1.4 /private/tmp/viborm-g4-lane-4

 ✓ |raptor3| tests/raptor3/g4/generation/write-transport-campaign.test.ts (1 test) 2953ms
   ✓ executes one complete G4 write-envelope transport seed batch  2952ms

 Test Files  1 passed (1)
      Tests  1 passed (1)
   Start at  19:45:06
   Duration  6.90s (transform 1.62s, setup 11ms, collect 2.44s, tests 2.95s, environment 0ms, prepare 33ms)

JSON report written to /private/tmp/viborm-g4-lane-tmp-4/viborm-raptor3-g0-e4rrAb/vitest.json
Vitest resources: 11.55s wall, 769.3 MiB peak sampled process-group RSS (sampled ceiling 1536 MiB). Teardown verified.
Raptor 3 g4-write-transport-seed-batch contract gate verified. Evidence: /private/tmp/viborm-g4-lane-tmp-4/viborm-raptor3-g0-e4rrAb

 RUN  v3.1.4 /private/tmp/viborm-g4-lane-4

 ✓ |raptor3| tests/raptor3/g4/generation/write-transport-campaign.test.ts (1 test) 2905ms
   ✓ executes one complete G4 write-envelope transport seed batch  2905ms

 Test Files  1 passed (1)
      Tests  1 passed (1)
   Start at  19:45:20
   Duration  6.59s (transform 1.61s, setup 9ms, collect 2.40s, tests 2.91s, environment 0ms, prepare 29ms)

JSON report written to /private/tmp/viborm-g4-lane-tmp-4/viborm-raptor3-g0-juP8Gv/vitest.json
Vitest resources: 11.29s wall, 963.2 MiB peak sampled process-group RSS (sampled ceiling 1536 MiB). Teardown verified.
Raptor 3 g4-write-transport-seed-batch contract gate verified. Evidence: /private/tmp/viborm-g4-lane-tmp-4/viborm-raptor3-g0-juP8Gv

 RUN  v3.1.4 /private/tmp/viborm-g4-lane-4

 ✓ |raptor3| tests/raptor3/g4/generation/write-transport-campaign.test.ts (1 test) 2145ms
   ✓ executes one complete G4 write-envelope transport seed batch  2145ms

 Test Files  1 passed (1)
      Tests  1 passed (1)
   Start at  19:45:34
   Duration  4.85s (transform 1.42s, setup 9ms, collect 2.10s, tests 2.15s, environment 0ms, prepare 30ms)

JSON report written to /private/tmp/viborm-g4-lane-tmp-4/viborm-raptor3-g0-zeu7y4/vitest.json
Vitest resources: 8.70s wall, 739.3 MiB peak sampled process-group RSS (sampled ceiling 1536 MiB). Teardown verified.
Raptor 3 g4-write-transport-seed-batch contract gate verified. Evidence: /private/tmp/viborm-g4-lane-tmp-4/viborm-raptor3-g0-zeu7y4

 RUN  v3.1.4 /private/tmp/viborm-g4-lane-4

 ✓ |raptor3| tests/raptor3/g4/generation/write-transport-campaign.test.ts (1 test) 2488ms
   ✓ executes one complete G4 write-envelope transport seed batch  2488ms

 Test Files  1 passed (1)
      Tests  1 passed (1)
   Start at  19:45:45
   Duration  6.12s (transform 1.41s, setup 10ms, collect 2.10s, tests 2.49s, environment 0ms, prepare 31ms)

JSON report written to /private/tmp/viborm-g4-lane-tmp-4/viborm-raptor3-g0-KdYkJm/vitest.json
Vitest resources: 10.24s wall, 832.2 MiB peak sampled process-group RSS (sampled ceiling 1536 MiB). Teardown verified.
Raptor 3 g4-write-transport-seed-batch contract gate verified. Evidence: /private/tmp/viborm-g4-lane-tmp-4/viborm-raptor3-g0-KdYkJm

 RUN  v3.1.4 /private/tmp/viborm-g4-lane-4

 ✓ |raptor3| tests/raptor3/g4/generation/write-transport-campaign.test.ts (1 test) 2271ms
   ✓ executes one complete G4 write-envelope transport seed batch  2270ms

 Test Files  1 passed (1)
      Tests  1 passed (1)
   Start at  19:45:58
   Duration  6.09s (transform 1.58s, setup 10ms, collect 2.36s, tests 2.27s, environment 0ms, prepare 30ms)

JSON report written to /private/tmp/viborm-g4-lane-tmp-4/viborm-raptor3-g0-WHlfvl/vitest.json
Vitest resources: 10.51s wall, 926.6 MiB peak sampled process-group RSS (sampled ceiling 1536 MiB). Teardown verified.
Raptor 3 g4-write-transport-seed-batch contract gate verified. Evidence: /private/tmp/viborm-g4-lane-tmp-4/viborm-raptor3-g0-WHlfvl

 RUN  v3.1.4 /private/tmp/viborm-g4-lane-4

 ✓ |raptor3| tests/raptor3/g4/generation/write-transport-campaign.test.ts (1 test) 2521ms
   ✓ executes one complete G4 write-envelope transport seed batch  2521ms

 Test Files  1 passed (1)
      Tests  1 passed (1)
   Start at  19:46:10
   Duration  6.19s (transform 1.65s, setup 10ms, collect 2.47s, tests 2.52s, environment 0ms, prepare 29ms)

JSON report written to /private/tmp/viborm-g4-lane-tmp-4/viborm-raptor3-g0-pSBNxl/vitest.json
Vitest resources: 9.87s wall, 743.2 MiB peak sampled process-group RSS (sampled ceiling 1536 MiB). Teardown verified.
Raptor 3 g4-write-transport-seed-batch contract gate verified. Evidence: /private/tmp/viborm-g4-lane-tmp-4/viborm-raptor3-g0-pSBNxl

 RUN  v3.1.4 /private/tmp/viborm-g4-lane-4

 ✓ |raptor3| tests/raptor3/g4/generation/write-transport-campaign.test.ts (1 test) 2435ms
   ✓ executes one complete G4 write-envelope transport seed batch  2435ms

 Test Files  1 passed (1)
      Tests  1 passed (1)
   Start at  19:46:22
   Duration  6.10s (transform 1.60s, setup 9ms, collect 2.39s, tests 2.44s, environment 0ms, prepare 28ms)

JSON report written to /private/tmp/viborm-g4-lane-tmp-4/viborm-raptor3-g0-DZJ145/vitest.json
Vitest resources: 10.02s wall, 930.2 MiB peak sampled process-group RSS (sampled ceiling 1536 MiB). Teardown verified.
Raptor 3 g4-write-transport-seed-batch contract gate verified. Evidence: /private/tmp/viborm-g4-lane-tmp-4/viborm-raptor3-g0-DZJ145

 RUN  v3.1.4 /private/tmp/viborm-g4-lane-4

 ✓ |raptor3| tests/raptor3/g4/generation/write-transport-campaign.test.ts (1 test) 3051ms
   ✓ executes one complete G4 write-envelope transport seed batch  3050ms

 Test Files  1 passed (1)
      Tests  1 passed (1)
   Start at  19:46:34
   Duration  6.86s (transform 1.57s, setup 10ms, collect 2.33s, tests 3.05s, environment 0ms, prepare 28ms)

JSON report written to /private/tmp/viborm-g4-lane-tmp-4/viborm-raptor3-g0-2oVXO0/vitest.json
Vitest resources: 10.47s wall, 980.5 MiB peak sampled process-group RSS (sampled ceiling 1536 MiB). Teardown verified.
Raptor 3 g4-write-transport-seed-batch contract gate verified. Evidence: /private/tmp/viborm-g4-lane-tmp-4/viborm-raptor3-g0-2oVXO0

 RUN  v3.1.4 /private/tmp/viborm-g4-lane-4

 ✓ |raptor3| tests/raptor3/g4/generation/write-transport-campaign.test.ts (1 test) 3031ms
   ✓ executes one complete G4 write-envelope transport seed batch  3030ms

 Test Files  1 passed (1)
      Tests  1 passed (1)
   Start at  19:46:46
   Duration  6.55s (transform 1.45s, setup 10ms, collect 2.22s, tests 3.03s, environment 0ms, prepare 30ms)

JSON report written to /private/tmp/viborm-g4-lane-tmp-4/viborm-raptor3-g0-JFxmGS/vitest.json
Vitest resources: 9.76s wall, 932.3 MiB peak sampled process-group RSS (sampled ceiling 1536 MiB). Teardown verified.
Raptor 3 g4-write-transport-seed-batch contract gate verified. Evidence: /private/tmp/viborm-g4-lane-tmp-4/viborm-raptor3-g0-JFxmGS

 RUN  v3.1.4 /private/tmp/viborm-g4-lane-4

 ✓ |raptor3| tests/raptor3/g4/generation/write-transport-campaign.test.ts (1 test) 2640ms
   ✓ executes one complete G4 write-envelope transport seed batch  2640ms

 Test Files  1 passed (1)
      Tests  1 passed (1)
   Start at  19:47:00
   Duration  5.98s (transform 1.51s, setup 13ms, collect 2.25s, tests 2.64s, environment 0ms, prepare 29ms)

JSON report written to /private/tmp/viborm-g4-lane-tmp-4/viborm-raptor3-g0-s1DKxP/vitest.json
Vitest resources: 9.40s wall, 946.5 MiB peak sampled process-group RSS (sampled ceiling 1536 MiB). Teardown verified.
Raptor 3 g4-write-transport-seed-batch contract gate verified. Evidence: /private/tmp/viborm-g4-lane-tmp-4/viborm-raptor3-g0-s1DKxP

 RUN  v3.1.4 /private/tmp/viborm-g4-lane-4

 ✓ |raptor3| tests/raptor3/g4/generation/write-transport-campaign.test.ts (1 test) 2640ms
   ✓ executes one complete G4 write-envelope transport seed batch  2640ms

 Test Files  1 passed (1)
      Tests  1 passed (1)
   Start at  19:47:13
   Duration  6.03s (transform 1.41s, setup 12ms, collect 2.10s, tests 2.64s, environment 0ms, prepare 29ms)

JSON report written to /private/tmp/viborm-g4-lane-tmp-4/viborm-raptor3-g0-ZbjSKP/vitest.json
Vitest resources: 9.78s wall, 935.4 MiB peak sampled process-group RSS (sampled ceiling 1536 MiB). Teardown verified.
Raptor 3 g4-write-transport-seed-batch contract gate verified. Evidence: /private/tmp/viborm-g4-lane-tmp-4/viborm-raptor3-g0-ZbjSKP

 RUN  v3.1.4 /private/tmp/viborm-g4-lane-4

 ✓ |raptor3| tests/raptor3/g4/generation/write-transport-campaign.test.ts (1 test) 2872ms
   ✓ executes one complete G4 write-envelope transport seed batch  2872ms

 Test Files  1 passed (1)
      Tests  1 passed (1)
   Start at  19:47:26
   Duration  5.94s (transform 1.60s, setup 10ms, collect 2.39s, tests 2.87s, environment 0ms, prepare 29ms)

JSON report written to /private/tmp/viborm-g4-lane-tmp-4/viborm-raptor3-g0-KjAh1R/vitest.json
Vitest resources: 10.10s wall, 944.9 MiB peak sampled process-group RSS (sampled ceiling 1536 MiB). Teardown verified.
Raptor 3 g4-write-transport-seed-batch contract gate verified. Evidence: /private/tmp/viborm-g4-lane-tmp-4/viborm-raptor3-g0-KjAh1R

 RUN  v3.1.4 /private/tmp/viborm-g4-lane-4

 ✓ |raptor3| tests/raptor3/g4/generation/write-transport-campaign.test.ts (1 test) 3007ms
   ✓ executes one complete G4 write-envelope transport seed batch  3006ms

 Test Files  1 passed (1)
      Tests  1 passed (1)
   Start at  19:47:40
   Duration  6.92s (transform 1.59s, setup 10ms, collect 2.42s, tests 3.01s, environment 0ms, prepare 34ms)

JSON report written to /private/tmp/viborm-g4-lane-tmp-4/viborm-raptor3-g0-etS5O0/vitest.json
Vitest resources: 11.52s wall, 978.0 MiB peak sampled process-group RSS (sampled ceiling 1536 MiB). Teardown verified.
Raptor 3 g4-write-transport-seed-batch contract gate verified. Evidence: /private/tmp/viborm-g4-lane-tmp-4/viborm-raptor3-g0-etS5O0

 RUN  v3.1.4 /private/tmp/viborm-g4-lane-4

 ✓ |raptor3| tests/raptor3/g4/generation/write-transport-campaign.test.ts (1 test) 2883ms
   ✓ executes one complete G4 write-envelope transport seed batch  2883ms

 Test Files  1 passed (1)
      Tests  1 passed (1)
   Start at  19:47:54
   Duration  5.64s (transform 1.54s, setup 9ms, collect 2.32s, tests 2.88s, environment 0ms, prepare 31ms)

JSON report written to /private/tmp/viborm-g4-lane-tmp-4/viborm-raptor3-g0-Y7hF4D/vitest.json
Vitest resources: 10.29s wall, 1005.2 MiB peak sampled process-group RSS (sampled ceiling 1536 MiB). Teardown verified.
Raptor 3 g4-write-transport-seed-batch contract gate verified. Evidence: /private/tmp/viborm-g4-lane-tmp-4/viborm-raptor3-g0-Y7hF4D

 RUN  v3.1.4 /private/tmp/viborm-g4-lane-4

 ✓ |raptor3| tests/raptor3/g4/generation/write-transport-campaign.test.ts (1 test) 2666ms
   ✓ executes one complete G4 write-envelope transport seed batch  2665ms

 Test Files  1 passed (1)
      Tests  1 passed (1)
   Start at  19:48:08
   Duration  6.45s (transform 1.51s, setup 10ms, collect 2.28s, tests 2.67s, environment 0ms, prepare 33ms)

JSON report written to /private/tmp/viborm-g4-lane-tmp-4/viborm-raptor3-g0-KvmqG4/vitest.json
Vitest resources: 10.75s wall, 902.1 MiB peak sampled process-group RSS (sampled ceiling 1536 MiB). Teardown verified.
Raptor 3 g4-write-transport-seed-batch contract gate verified. Evidence: /private/tmp/viborm-g4-lane-tmp-4/viborm-raptor3-g0-KvmqG4

 RUN  v3.1.4 /private/tmp/viborm-g4-lane-4

 ✓ |raptor3| tests/raptor3/g4/generation/write-transport-campaign.test.ts (1 test) 2651ms
   ✓ executes one complete G4 write-envelope transport seed batch  2650ms

 Test Files  1 passed (1)
      Tests  1 passed (1)
   Start at  19:48:22
   Duration  7.01s (transform 1.94s, setup 23ms, collect 2.98s, tests 2.65s, environment 0ms, prepare 42ms)

JSON report written to /private/tmp/viborm-g4-lane-tmp-4/viborm-raptor3-g0-1B8cyx/vitest.json
Vitest resources: 12.70s wall, 726.8 MiB peak sampled process-group RSS (sampled ceiling 1536 MiB). Teardown verified.
Raptor 3 g4-write-transport-seed-batch contract gate verified. Evidence: /private/tmp/viborm-g4-lane-tmp-4/viborm-raptor3-g0-1B8cyx

 RUN  v3.1.4 /private/tmp/viborm-g4-lane-4

 ✓ |raptor3| tests/raptor3/g4/generation/write-transport-campaign.test.ts (1 test) 2382ms
   ✓ executes one complete G4 write-envelope transport seed batch  2381ms

 Test Files  1 passed (1)
      Tests  1 passed (1)
   Start at  19:48:38
   Duration  6.68s (transform 1.68s, setup 13ms, collect 2.52s, tests 2.38s, environment 0ms, prepare 38ms)

JSON report written to /private/tmp/viborm-g4-lane-tmp-4/viborm-raptor3-g0-c4D0jQ/vitest.json
Vitest resources: 11.74s wall, 898.2 MiB peak sampled process-group RSS (sampled ceiling 1536 MiB). Teardown verified.
Raptor 3 g4-write-transport-seed-batch contract gate verified. Evidence: /private/tmp/viborm-g4-lane-tmp-4/viborm-raptor3-g0-c4D0jQ

 RUN  v3.1.4 /private/tmp/viborm-g4-lane-4

 ✓ |raptor3| tests/raptor3/g4/generation/write-transport-campaign.test.ts (1 test) 3198ms
   ✓ executes one complete G4 write-envelope transport seed batch  3198ms

 Test Files  1 passed (1)
      Tests  1 passed (1)
   Start at  19:48:54
   Duration  7.34s (transform 1.69s, setup 12ms, collect 2.51s, tests 3.20s, environment 0ms, prepare 32ms)

JSON report written to /private/tmp/viborm-g4-lane-tmp-4/viborm-raptor3-g0-siWozj/vitest.json
Vitest resources: 13.04s wall, 935.4 MiB peak sampled process-group RSS (sampled ceiling 1536 MiB). Teardown verified.
Raptor 3 g4-write-transport-seed-batch contract gate verified. Evidence: /private/tmp/viborm-g4-lane-tmp-4/viborm-raptor3-g0-siWozj

 RUN  v3.1.4 /private/tmp/viborm-g4-lane-4

 ✓ |raptor3| tests/raptor3/g4/generation/write-transport-campaign.test.ts (1 test) 3985ms
   ✓ executes one complete G4 write-envelope transport seed batch  3985ms

 Test Files  1 passed (1)
      Tests  1 passed (1)
   Start at  19:49:08
   Duration  8.53s (transform 1.76s, setup 22ms, collect 2.68s, tests 3.99s, environment 0ms, prepare 53ms)

JSON report written to /private/tmp/viborm-g4-lane-tmp-4/viborm-raptor3-g0-7W9ZJc/vitest.json
Vitest resources: 12.23s wall, 1058.2 MiB peak sampled process-group RSS (sampled ceiling 1536 MiB). Teardown verified.
Raptor 3 g4-write-transport-seed-batch contract gate verified. Evidence: /private/tmp/viborm-g4-lane-tmp-4/viborm-raptor3-g0-7W9ZJc

 RUN  v3.1.4 /private/tmp/viborm-g4-lane-4

 ✓ |raptor3| tests/raptor3/g4/generation/write-transport-campaign.test.ts (1 test) 3683ms
   ✓ executes one complete G4 write-envelope transport seed batch  3682ms

 Test Files  1 passed (1)
      Tests  1 passed (1)
   Start at  19:49:31
   Duration  11.26s (transform 3.08s, setup 65ms, collect 4.73s, tests 3.68s, environment 0ms, prepare 122ms)

JSON report written to /private/tmp/viborm-g4-lane-tmp-4/viborm-raptor3-g0-a9gouO/vitest.json
Vitest resources: 20.25s wall, 962.8 MiB peak sampled process-group RSS (sampled ceiling 1536 MiB). Teardown verified.
Raptor 3 g4-write-transport-seed-batch contract gate verified. Evidence: /private/tmp/viborm-g4-lane-tmp-4/viborm-raptor3-g0-a9gouO

 RUN  v3.1.4 /private/tmp/viborm-g4-lane-4

 ✓ |raptor3| tests/raptor3/g4/generation/write-transport-campaign.test.ts (1 test) 3375ms
   ✓ executes one complete G4 write-envelope transport seed batch  3374ms

 Test Files  1 passed (1)
      Tests  1 passed (1)
   Start at  19:49:51
   Duration  7.39s (transform 1.80s, setup 10ms, collect 2.68s, tests 3.37s, environment 0ms, prepare 30ms)

JSON report written to /private/tmp/viborm-g4-lane-tmp-4/viborm-raptor3-g0-nRwOgi/vitest.json
Vitest resources: 12.20s wall, 974.2 MiB peak sampled process-group RSS (sampled ceiling 1536 MiB). Teardown verified.
Raptor 3 g4-write-transport-seed-batch contract gate verified. Evidence: /private/tmp/viborm-g4-lane-tmp-4/viborm-raptor3-g0-nRwOgi

 RUN  v3.1.4 /private/tmp/viborm-g4-lane-4

 ✓ |raptor3| tests/raptor3/g4/generation/write-transport-campaign.test.ts (1 test) 3826ms
   ✓ executes one complete G4 write-envelope transport seed batch  3825ms

 Test Files  1 passed (1)
      Tests  1 passed (1)
   Start at  19:50:07
   Duration  8.12s (transform 1.61s, setup 11ms, collect 2.40s, tests 3.83s, environment 0ms, prepare 35ms)

JSON report written to /private/tmp/viborm-g4-lane-tmp-4/viborm-raptor3-g0-oAMN01/vitest.json
Vitest resources: 12.78s wall, 1060.5 MiB peak sampled process-group RSS (sampled ceiling 1536 MiB). Teardown verified.
Raptor 3 g4-write-transport-seed-batch contract gate verified. Evidence: /private/tmp/viborm-g4-lane-tmp-4/viborm-raptor3-g0-oAMN01

 RUN  v3.1.4 /private/tmp/viborm-g4-lane-4

 ✓ |raptor3| tests/raptor3/g4/generation/write-transport-campaign.test.ts (1 test) 2850ms
   ✓ executes one complete G4 write-envelope transport seed batch  2850ms

 Test Files  1 passed (1)
      Tests  1 passed (1)
   Start at  19:50:24
   Duration  6.82s (transform 1.65s, setup 14ms, collect 2.51s, tests 2.85s, environment 0ms, prepare 56ms)

JSON report written to /private/tmp/viborm-g4-lane-tmp-4/viborm-raptor3-g0-r7remB/vitest.json
Vitest resources: 11.43s wall, 926.2 MiB peak sampled process-group RSS (sampled ceiling 1536 MiB). Teardown verified.
Raptor 3 g4-write-transport-seed-batch contract gate verified. Evidence: /private/tmp/viborm-g4-lane-tmp-4/viborm-raptor3-g0-r7remB

 RUN  v3.1.4 /private/tmp/viborm-g4-lane-4

 ✓ |raptor3| tests/raptor3/g4/generation/write-transport-campaign.test.ts (1 test) 2865ms
   ✓ executes one complete G4 write-envelope transport seed batch  2865ms

 Test Files  1 passed (1)
      Tests  1 passed (1)
   Start at  19:50:40
   Duration  6.50s (transform 1.81s, setup 11ms, collect 2.73s, tests 2.87s, environment 0ms, prepare 41ms)

JSON report written to /private/tmp/viborm-g4-lane-tmp-4/viborm-raptor3-g0-QI5f4k/vitest.json
Vitest resources: 12.14s wall, 736.1 MiB peak sampled process-group RSS (sampled ceiling 1536 MiB). Teardown verified.
Raptor 3 g4-write-transport-seed-batch contract gate verified. Evidence: /private/tmp/viborm-g4-lane-tmp-4/viborm-raptor3-g0-QI5f4k

 RUN  v3.1.4 /private/tmp/viborm-g4-lane-4

 ✓ |raptor3| tests/raptor3/g4/generation/write-transport-campaign.test.ts (1 test) 3281ms
   ✓ executes one complete G4 write-envelope transport seed batch  3280ms

 Test Files  1 passed (1)
      Tests  1 passed (1)
   Start at  19:50:56
   Duration  8.35s (transform 2.00s, setup 14ms, collect 2.97s, tests 3.28s, environment 0ms, prepare 53ms)

JSON report written to /private/tmp/viborm-g4-lane-tmp-4/viborm-raptor3-g0-lflgAN/vitest.json
Vitest resources: 15.43s wall, 848.8 MiB peak sampled process-group RSS (sampled ceiling 1536 MiB). Teardown verified.
Raptor 3 g4-write-transport-seed-batch contract gate verified. Evidence: /private/tmp/viborm-g4-lane-tmp-4/viborm-raptor3-g0-lflgAN

 RUN  v3.1.4 /private/tmp/viborm-g4-lane-4

 ✓ |raptor3| tests/raptor3/g4/generation/write-transport-campaign.test.ts (1 test) 2734ms
   ✓ executes one complete G4 write-envelope transport seed batch  2734ms

 Test Files  1 passed (1)
      Tests  1 passed (1)
   Start at  19:51:13
   Duration  6.78s (transform 1.77s, setup 11ms, collect 2.66s, tests 2.73s, environment 0ms, prepare 30ms)

JSON report written to /private/tmp/viborm-g4-lane-tmp-4/viborm-raptor3-g0-YlmGkg/vitest.json
Vitest resources: 11.46s wall, 940.8 MiB peak sampled process-group RSS (sampled ceiling 1536 MiB). Teardown verified.
Raptor 3 g4-write-transport-seed-batch contract gate verified. Evidence: /private/tmp/viborm-g4-lane-tmp-4/viborm-raptor3-g0-YlmGkg

 RUN  v3.1.4 /private/tmp/viborm-g4-lane-4

 ✓ |raptor3| tests/raptor3/g4/generation/write-transport-campaign.test.ts (1 test) 3070ms
   ✓ executes one complete G4 write-envelope transport seed batch  3070ms

 Test Files  1 passed (1)
      Tests  1 passed (1)
   Start at  19:51:27
   Duration  6.73s (transform 1.59s, setup 12ms, collect 2.41s, tests 3.07s, environment 0ms, prepare 39ms)

JSON report written to /private/tmp/viborm-g4-lane-tmp-4/viborm-raptor3-g0-LQVjt4/vitest.json
Vitest resources: 10.65s wall, 914.1 MiB peak sampled process-group RSS (sampled ceiling 1536 MiB). Teardown verified.
Raptor 3 g4-write-transport-seed-batch contract gate verified. Evidence: /private/tmp/viborm-g4-lane-tmp-4/viborm-raptor3-g0-LQVjt4

 RUN  v3.1.4 /private/tmp/viborm-g4-lane-4

 ✓ |raptor3| tests/raptor3/g4/generation/write-transport-campaign.test.ts (1 test) 3694ms
   ✓ executes one complete G4 write-envelope transport seed batch  3693ms

 Test Files  1 passed (1)
      Tests  1 passed (1)
   Start at  19:51:41
   Duration  7.91s (transform 1.69s, setup 12ms, collect 2.57s, tests 3.69s, environment 0ms, prepare 32ms)

JSON report written to /private/tmp/viborm-g4-lane-tmp-4/viborm-raptor3-g0-qxhHL6/vitest.json
Vitest resources: 12.35s wall, 764.5 MiB peak sampled process-group RSS (sampled ceiling 1536 MiB). Teardown verified.
Raptor 3 g4-write-transport-seed-batch contract gate verified. Evidence: /private/tmp/viborm-g4-lane-tmp-4/viborm-raptor3-g0-qxhHL6

 RUN  v3.1.4 /private/tmp/viborm-g4-lane-4

 ✓ |raptor3| tests/raptor3/g4/generation/write-transport-campaign.test.ts (1 test) 3218ms
   ✓ executes one complete G4 write-envelope transport seed batch  3218ms

 Test Files  1 passed (1)
      Tests  1 passed (1)
   Start at  19:51:57
   Duration  7.42s (transform 1.71s, setup 12ms, collect 2.61s, tests 3.22s, environment 0ms, prepare 33ms)

JSON report written to /private/tmp/viborm-g4-lane-tmp-4/viborm-raptor3-g0-crtY44/vitest.json
Vitest resources: 11.92s wall, 742.7 MiB peak sampled process-group RSS (sampled ceiling 1536 MiB). Teardown verified.
Raptor 3 g4-write-transport-seed-batch contract gate verified. Evidence: /private/tmp/viborm-g4-lane-tmp-4/viborm-raptor3-g0-crtY44

 RUN  v3.1.4 /private/tmp/viborm-g4-lane-4

 ✓ |raptor3| tests/raptor3/g4/generation/write-transport-campaign.test.ts (1 test) 3131ms
   ✓ executes one complete G4 write-envelope transport seed batch  3131ms

 Test Files  1 passed (1)
      Tests  1 passed (1)
   Start at  19:52:13
   Duration  8.25s (transform 2.04s, setup 24ms, collect 3.14s, tests 3.13s, environment 0ms, prepare 84ms)

JSON report written to /private/tmp/viborm-g4-lane-tmp-4/viborm-raptor3-g0-HCcdv6/vitest.json
Vitest resources: 13.94s wall, 944.5 MiB peak sampled process-group RSS (sampled ceiling 1536 MiB). Teardown verified.
Raptor 3 g4-write-transport-seed-batch contract gate verified. Evidence: /private/tmp/viborm-g4-lane-tmp-4/viborm-raptor3-g0-HCcdv6

 RUN  v3.1.4 /private/tmp/viborm-g4-lane-4

 ✓ |raptor3| tests/raptor3/g4/generation/write-transport-campaign.test.ts (1 test) 3265ms
   ✓ executes one complete G4 write-envelope transport seed batch  3265ms

 Test Files  1 passed (1)
      Tests  1 passed (1)
   Start at  19:52:30
   Duration  7.88s (transform 2.04s, setup 11ms, collect 3.10s, tests 3.27s, environment 0ms, prepare 34ms)

JSON report written to /private/tmp/viborm-g4-lane-tmp-4/viborm-raptor3-g0-nYMSWQ/vitest.json
Vitest resources: 12.88s wall, 744.1 MiB peak sampled process-group RSS (sampled ceiling 1536 MiB). Teardown verified.
Raptor 3 g4-write-transport-seed-batch contract gate verified. Evidence: /private/tmp/viborm-g4-lane-tmp-4/viborm-raptor3-g0-nYMSWQ

 RUN  v3.1.4 /private/tmp/viborm-g4-lane-4

 ✓ |raptor3| tests/raptor3/g4/generation/write-transport-campaign.test.ts (1 test) 5398ms
   ✓ executes one complete G4 write-envelope transport seed batch  5397ms

 Test Files  1 passed (1)
      Tests  1 passed (1)
   Start at  19:52:48
   Duration  10.57s (transform 2.22s, setup 13ms, collect 3.32s, tests 5.40s, environment 0ms, prepare 50ms)

JSON report written to /private/tmp/viborm-g4-lane-tmp-4/viborm-raptor3-g0-d4ppWy/vitest.json
Vitest resources: 16.35s wall, 931.1 MiB peak sampled process-group RSS (sampled ceiling 1536 MiB). Teardown verified.
Raptor 3 g4-write-transport-seed-batch contract gate verified. Evidence: /private/tmp/viborm-g4-lane-tmp-4/viborm-raptor3-g0-d4ppWy

 RUN  v3.1.4 /private/tmp/viborm-g4-lane-4

 ✓ |raptor3| tests/raptor3/g4/generation/write-transport-campaign.test.ts (1 test) 2745ms
   ✓ executes one complete G4 write-envelope transport seed batch  2744ms

 Test Files  1 passed (1)
      Tests  1 passed (1)
   Start at  19:53:09
   Duration  6.69s (transform 1.65s, setup 14ms, collect 2.50s, tests 2.74s, environment 0ms, prepare 48ms)

JSON report written to /private/tmp/viborm-g4-lane-tmp-4/viborm-raptor3-g0-rXvGFa/vitest.json
Vitest resources: 12.69s wall, 848.1 MiB peak sampled process-group RSS (sampled ceiling 1536 MiB). Teardown verified.
Raptor 3 g4-write-transport-seed-batch contract gate verified. Evidence: /private/tmp/viborm-g4-lane-tmp-4/viborm-raptor3-g0-rXvGFa

 RUN  v3.1.4 /private/tmp/viborm-g4-lane-4

 ✓ |raptor3| tests/raptor3/g4/generation/write-transport-campaign.test.ts (1 test) 3266ms
   ✓ executes one complete G4 write-envelope transport seed batch  3265ms

 Test Files  1 passed (1)
      Tests  1 passed (1)
   Start at  19:53:24
   Duration  8.64s (transform 2.71s, setup 10ms, collect 4.21s, tests 3.27s, environment 0ms, prepare 40ms)

JSON report written to /private/tmp/viborm-g4-lane-tmp-4/viborm-raptor3-g0-g9SJeR/vitest.json
Vitest resources: 13.53s wall, 614.9 MiB peak sampled process-group RSS (sampled ceiling 1536 MiB). Teardown verified.
Raptor 3 g4-write-transport-seed-batch contract gate verified. Evidence: /private/tmp/viborm-g4-lane-tmp-4/viborm-raptor3-g0-g9SJeR

 RUN  v3.1.4 /private/tmp/viborm-g4-lane-4

 ✓ |raptor3| tests/raptor3/g4/generation/write-transport-campaign.test.ts (1 test) 5872ms
   ✓ executes one complete G4 write-envelope transport seed batch  5872ms

 Test Files  1 passed (1)
      Tests  1 passed (1)
   Start at  19:53:42
   Duration  12.75s (transform 2.99s, setup 20ms, collect 4.67s, tests 5.87s, environment 0ms, prepare 63ms)

JSON report written to /private/tmp/viborm-g4-lane-tmp-4/viborm-raptor3-g0-sSJqzm/vitest.json
Vitest resources: 19.96s wall, 816.3 MiB peak sampled process-group RSS (sampled ceiling 1536 MiB). Teardown verified.
Raptor 3 g4-write-transport-seed-batch contract gate verified. Evidence: /private/tmp/viborm-g4-lane-tmp-4/viborm-raptor3-g0-sSJqzm

 RUN  v3.1.4 /private/tmp/viborm-g4-lane-4

 ✓ |raptor3| tests/raptor3/g4/generation/write-transport-campaign.test.ts (1 test) 2529ms
   ✓ executes one complete G4 write-envelope transport seed batch  2529ms

 Test Files  1 passed (1)
      Tests  1 passed (1)
   Start at  19:54:08
   Duration  6.13s (transform 1.49s, setup 9ms, collect 2.24s, tests 2.53s, environment 0ms, prepare 44ms)

JSON report written to /private/tmp/viborm-g4-lane-tmp-4/viborm-raptor3-g0-eCPMu6/vitest.json
Vitest resources: 12.22s wall, 735.5 MiB peak sampled process-group RSS (sampled ceiling 1536 MiB). Teardown verified.
Raptor 3 g4-write-transport-seed-batch contract gate verified. Evidence: /private/tmp/viborm-g4-lane-tmp-4/viborm-raptor3-g0-eCPMu6

 RUN  v3.1.4 /private/tmp/viborm-g4-lane-4

 ✓ |raptor3| tests/raptor3/g4/generation/write-transport-campaign.test.ts (1 test) 3067ms
   ✓ executes one complete G4 write-envelope transport seed batch  3066ms

 Test Files  1 passed (1)
      Tests  1 passed (1)
   Start at  19:54:21
   Duration  7.76s (transform 1.76s, setup 12ms, collect 2.68s, tests 3.07s, environment 0ms, prepare 40ms)

JSON report written to /private/tmp/viborm-g4-lane-tmp-4/viborm-raptor3-g0-LMDreq/vitest.json
Vitest resources: 12.42s wall, 791.8 MiB peak sampled process-group RSS (sampled ceiling 1536 MiB). Teardown verified.
Raptor 3 g4-write-transport-seed-batch contract gate verified. Evidence: /private/tmp/viborm-g4-lane-tmp-4/viborm-raptor3-g0-LMDreq

 RUN  v3.1.4 /private/tmp/viborm-g4-lane-4

 ✓ |raptor3| tests/raptor3/g4/generation/write-transport-campaign.test.ts (1 test) 3236ms
   ✓ executes one complete G4 write-envelope transport seed batch  3235ms

 Test Files  1 passed (1)
      Tests  1 passed (1)
   Start at  19:54:37
   Duration  6.98s (transform 2.15s, setup 14ms, collect 3.21s, tests 3.24s, environment 0ms, prepare 50ms)

JSON report written to /private/tmp/viborm-g4-lane-tmp-4/viborm-raptor3-g0-FqBraB/vitest.json
Vitest resources: 11.06s wall, 825.8 MiB peak sampled process-group RSS (sampled ceiling 1536 MiB). Teardown verified.
Raptor 3 g4-write-transport-seed-batch contract gate verified. Evidence: /private/tmp/viborm-g4-lane-tmp-4/viborm-raptor3-g0-FqBraB

 RUN  v3.1.4 /private/tmp/viborm-g4-lane-4

 ✓ |raptor3| tests/raptor3/g4/generation/write-transport-campaign.test.ts (1 test) 2601ms
   ✓ executes one complete G4 write-envelope transport seed batch  2601ms

 Test Files  1 passed (1)
      Tests  1 passed (1)
   Start at  19:54:49
   Duration  4.68s (transform 1.29s, setup 9ms, collect 1.90s, tests 2.60s, environment 0ms, prepare 27ms)

JSON report written to /private/tmp/viborm-g4-lane-tmp-4/viborm-raptor3-g0-nwUoz5/vitest.json
Vitest resources: 7.58s wall, 718.7 MiB peak sampled process-group RSS (sampled ceiling 1536 MiB). Teardown verified.
Raptor 3 g4-write-transport-seed-batch contract gate verified. Evidence: /private/tmp/viborm-g4-lane-tmp-4/viborm-raptor3-g0-nwUoz5

 RUN  v3.1.4 /private/tmp/viborm-g4-lane-4

 ✓ |raptor3| tests/raptor3/g4/generation/write-transport-campaign.test.ts (1 test) 2780ms
   ✓ executes one complete G4 write-envelope transport seed batch  2780ms

 Test Files  1 passed (1)
      Tests  1 passed (1)
   Start at  19:54:58
   Duration  5.10s (transform 1.36s, setup 11ms, collect 2.03s, tests 2.78s, environment 0ms, prepare 39ms)

JSON report written to /private/tmp/viborm-g4-lane-tmp-4/viborm-raptor3-g0-b4iVVn/vitest.json
Vitest resources: 7.42s wall, 936.8 MiB peak sampled process-group RSS (sampled ceiling 1536 MiB). Teardown verified.
Raptor 3 g4-write-transport-seed-batch contract gate verified. Evidence: /private/tmp/viborm-g4-lane-tmp-4/viborm-raptor3-g0-b4iVVn

 RUN  v3.1.4 /private/tmp/viborm-g4-lane-4

 ✓ |raptor3| tests/raptor3/g4/generation/write-transport-campaign.test.ts (1 test) 2582ms
   ✓ executes one complete G4 write-envelope transport seed batch  2582ms

 Test Files  1 passed (1)
      Tests  1 passed (1)
   Start at  19:55:07
   Duration  4.69s (transform 1.27s, setup 9ms, collect 1.89s, tests 2.58s, environment 0ms, prepare 26ms)

JSON report written to /private/tmp/viborm-g4-lane-tmp-4/viborm-raptor3-g0-LAXRZp/vitest.json
Vitest resources: 6.95s wall, 911.8 MiB peak sampled process-group RSS (sampled ceiling 1536 MiB). Teardown verified.
Raptor 3 g4-write-transport-seed-batch contract gate verified. Evidence: /private/tmp/viborm-g4-lane-tmp-4/viborm-raptor3-g0-LAXRZp

 RUN  v3.1.4 /private/tmp/viborm-g4-lane-4

 ✓ |raptor3| tests/raptor3/g4/generation/write-transport-campaign.test.ts (1 test) 2787ms
   ✓ executes one complete G4 write-envelope transport seed batch  2787ms

 Test Files  1 passed (1)
      Tests  1 passed (1)
   Start at  19:55:16
   Duration  4.98s (transform 1.31s, setup 9ms, collect 1.97s, tests 2.79s, environment 0ms, prepare 27ms)

JSON report written to /private/tmp/viborm-g4-lane-tmp-4/viborm-raptor3-g0-8iFw2T/vitest.json
Vitest resources: 7.20s wall, 1050.7 MiB peak sampled process-group RSS (sampled ceiling 1536 MiB). Teardown verified.
Raptor 3 g4-write-transport-seed-batch contract gate verified. Evidence: /private/tmp/viborm-g4-lane-tmp-4/viborm-raptor3-g0-8iFw2T

 RUN  v3.1.4 /private/tmp/viborm-g4-lane-4

 ✓ |raptor3| tests/raptor3/g4/generation/write-transport-campaign.test.ts (1 test) 2521ms
   ✓ executes one complete G4 write-envelope transport seed batch  2521ms

 Test Files  1 passed (1)
      Tests  1 passed (1)
   Start at  19:55:26
   Duration  4.72s (transform 1.31s, setup 8ms, collect 1.94s, tests 2.52s, environment 0ms, prepare 27ms)

JSON report written to /private/tmp/viborm-g4-lane-tmp-4/viborm-raptor3-g0-HlPW3v/vitest.json
Vitest resources: 7.33s wall, 785.1 MiB peak sampled process-group RSS (sampled ceiling 1536 MiB). Teardown verified.
Raptor 3 g4-write-transport-seed-batch contract gate verified. Evidence: /private/tmp/viborm-g4-lane-tmp-4/viborm-raptor3-g0-HlPW3v

 RUN  v3.1.4 /private/tmp/viborm-g4-lane-4

 ✓ |raptor3| tests/raptor3/g4/generation/write-transport-campaign.test.ts (1 test) 2786ms
   ✓ executes one complete G4 write-envelope transport seed batch  2785ms

 Test Files  1 passed (1)
      Tests  1 passed (1)
   Start at  19:55:35
   Duration  4.96s (transform 1.35s, setup 9ms, collect 2.01s, tests 2.79s, environment 0ms, prepare 29ms)

JSON report written to /private/tmp/viborm-g4-lane-tmp-4/viborm-raptor3-g0-6av97R/vitest.json
Vitest resources: 7.48s wall, 950.1 MiB peak sampled process-group RSS (sampled ceiling 1536 MiB). Teardown verified.
Raptor 3 g4-write-transport-seed-batch contract gate verified. Evidence: /private/tmp/viborm-g4-lane-tmp-4/viborm-raptor3-g0-6av97R

 RUN  v3.1.4 /private/tmp/viborm-g4-lane-4

 ✓ |raptor3| tests/raptor3/g4/generation/write-transport-campaign.test.ts (1 test) 2180ms
   ✓ executes one complete G4 write-envelope transport seed batch  2180ms

 Test Files  1 passed (1)
      Tests  1 passed (1)
   Start at  19:55:44
   Duration  4.57s (transform 1.42s, setup 10ms, collect 2.10s, tests 2.18s, environment 0ms, prepare 26ms)

JSON report written to /private/tmp/viborm-g4-lane-tmp-4/viborm-raptor3-g0-3KBdXE/vitest.json
Vitest resources: 7.08s wall, 755.9 MiB peak sampled process-group RSS (sampled ceiling 1536 MiB). Teardown verified.
Raptor 3 g4-write-transport-seed-batch contract gate verified. Evidence: /private/tmp/viborm-g4-lane-tmp-4/viborm-raptor3-g0-3KBdXE

 RUN  v3.1.4 /private/tmp/viborm-g4-lane-4

 ✓ |raptor3| tests/raptor3/g4/generation/write-transport-campaign.test.ts (1 test) 2322ms
   ✓ executes one complete G4 write-envelope transport seed batch  2322ms

 Test Files  1 passed (1)
      Tests  1 passed (1)
   Start at  19:55:53
   Duration  4.60s (transform 1.41s, setup 12ms, collect 2.09s, tests 2.32s, environment 0ms, prepare 32ms)

JSON report written to /private/tmp/viborm-g4-lane-tmp-4/viborm-raptor3-g0-OiTcay/vitest.json
Vitest resources: 6.94s wall, 848.6 MiB peak sampled process-group RSS (sampled ceiling 1536 MiB). Teardown verified.
Raptor 3 g4-write-transport-seed-batch contract gate verified. Evidence: /private/tmp/viborm-g4-lane-tmp-4/viborm-raptor3-g0-OiTcay

 RUN  v3.1.4 /private/tmp/viborm-g4-lane-4

 ✓ |raptor3| tests/raptor3/g4/generation/write-transport-campaign.test.ts (1 test) 2939ms
   ✓ executes one complete G4 write-envelope transport seed batch  2939ms

 Test Files  1 passed (1)
      Tests  1 passed (1)
   Start at  19:56:02
   Duration  5.60s (transform 1.53s, setup 10ms, collect 2.32s, tests 2.94s, environment 0ms, prepare 31ms)

JSON report written to /private/tmp/viborm-g4-lane-tmp-4/viborm-raptor3-g0-sryv0P/vitest.json
Vitest resources: 7.96s wall, 1025.3 MiB peak sampled process-group RSS (sampled ceiling 1536 MiB). Teardown verified.
Raptor 3 g4-write-transport-seed-batch contract gate verified. Evidence: /private/tmp/viborm-g4-lane-tmp-4/viborm-raptor3-g0-sryv0P

 RUN  v3.1.4 /private/tmp/viborm-g4-lane-4

 ✓ |raptor3| tests/raptor3/g4/generation/write-transport-campaign.test.ts (1 test) 2700ms
   ✓ executes one complete G4 write-envelope transport seed batch  2699ms

 Test Files  1 passed (1)
      Tests  1 passed (1)
   Start at  19:56:12
   Duration  5.14s (transform 1.50s, setup 10ms, collect 2.27s, tests 2.70s, environment 0ms, prepare 32ms)

JSON report written to /private/tmp/viborm-g4-lane-tmp-4/viborm-raptor3-g0-Zc1pFU/vitest.json
Vitest resources: 7.91s wall, 829.8 MiB peak sampled process-group RSS (sampled ceiling 1536 MiB). Teardown verified.
Raptor 3 g4-write-transport-seed-batch contract gate verified. Evidence: /private/tmp/viborm-g4-lane-tmp-4/viborm-raptor3-g0-Zc1pFU

 RUN  v3.1.4 /private/tmp/viborm-g4-lane-4

 ✓ |raptor3| tests/raptor3/g4/generation/write-transport-campaign.test.ts (1 test) 3638ms
   ✓ executes one complete G4 write-envelope transport seed batch  3637ms

 Test Files  1 passed (1)
      Tests  1 passed (1)
   Start at  19:56:22
   Duration  6.10s (transform 1.47s, setup 11ms, collect 2.20s, tests 3.64s, environment 0ms, prepare 34ms)

JSON report written to /private/tmp/viborm-g4-lane-tmp-4/viborm-raptor3-g0-BcEv0r/vitest.json
Vitest resources: 8.93s wall, 999.0 MiB peak sampled process-group RSS (sampled ceiling 1536 MiB). Teardown verified.
Raptor 3 g4-write-transport-seed-batch contract gate verified. Evidence: /private/tmp/viborm-g4-lane-tmp-4/viborm-raptor3-g0-BcEv0r

 RUN  v3.1.4 /private/tmp/viborm-g4-lane-4

 ✓ |raptor3| tests/raptor3/g4/generation/write-transport-campaign.test.ts (1 test) 3977ms
   ✓ executes one complete G4 write-envelope transport seed batch  3977ms

 Test Files  1 passed (1)
      Tests  1 passed (1)
   Start at  19:56:34
   Duration  7.06s (transform 1.67s, setup 13ms, collect 2.50s, tests 3.98s, environment 0ms, prepare 46ms)

JSON report written to /private/tmp/viborm-g4-lane-tmp-4/viborm-raptor3-g0-AhfWvr/vitest.json
Vitest resources: 10.68s wall, 1098.6 MiB peak sampled process-group RSS (sampled ceiling 1536 MiB). Teardown verified.
Raptor 3 g4-write-transport-seed-batch contract gate verified. Evidence: /private/tmp/viborm-g4-lane-tmp-4/viborm-raptor3-g0-AhfWvr

 RUN  v3.1.4 /private/tmp/viborm-g4-lane-4

 ✓ |raptor3| tests/raptor3/g4/generation/write-transport-campaign.test.ts (1 test) 3131ms
   ✓ executes one complete G4 write-envelope transport seed batch  3131ms

 Test Files  1 passed (1)
      Tests  1 passed (1)
   Start at  19:56:47
   Duration  5.59s (transform 1.40s, setup 17ms, collect 2.13s, tests 3.13s, environment 0ms, prepare 34ms)

JSON report written to /private/tmp/viborm-g4-lane-tmp-4/viborm-raptor3-g0-aPpxEM/vitest.json
Vitest resources: 8.25s wall, 1065.4 MiB peak sampled process-group RSS (sampled ceiling 1536 MiB). Teardown verified.
Raptor 3 g4-write-transport-seed-batch contract gate verified. Evidence: /private/tmp/viborm-g4-lane-tmp-4/viborm-raptor3-g0-aPpxEM

 RUN  v3.1.4 /private/tmp/viborm-g4-lane-4

 ✓ |raptor3| tests/raptor3/g4/generation/write-transport-campaign.test.ts (1 test) 3797ms
   ✓ executes one complete G4 write-envelope transport seed batch  3796ms

 Test Files  1 passed (1)
      Tests  1 passed (1)
   Start at  19:56:58
   Duration  6.18s (transform 1.45s, setup 11ms, collect 2.18s, tests 3.80s, environment 0ms, prepare 35ms)

JSON report written to /private/tmp/viborm-g4-lane-tmp-4/viborm-raptor3-g0-dpNV2k/vitest.json
Vitest resources: 8.79s wall, 1028.2 MiB peak sampled process-group RSS (sampled ceiling 1536 MiB). Teardown verified.
Raptor 3 g4-write-transport-seed-batch contract gate verified. Evidence: /private/tmp/viborm-g4-lane-tmp-4/viborm-raptor3-g0-dpNV2k

 RUN  v3.1.4 /private/tmp/viborm-g4-lane-4

 ✓ |raptor3| tests/raptor3/g4/generation/write-transport-campaign.test.ts (1 test) 3147ms
   ✓ executes one complete G4 write-envelope transport seed batch  3147ms

 Test Files  1 passed (1)
      Tests  1 passed (1)
   Start at  19:57:09
   Duration  5.51s (transform 1.42s, setup 12ms, collect 2.12s, tests 3.15s, environment 0ms, prepare 37ms)

JSON report written to /private/tmp/viborm-g4-lane-tmp-4/viborm-raptor3-g0-680AKS/vitest.json
Vitest resources: 8.40s wall, 936.0 MiB peak sampled process-group RSS (sampled ceiling 1536 MiB). Teardown verified.
Raptor 3 g4-write-transport-seed-batch contract gate verified. Evidence: /private/tmp/viborm-g4-lane-tmp-4/viborm-raptor3-g0-680AKS

 RUN  v3.1.4 /private/tmp/viborm-g4-lane-4

 ✓ |raptor3| tests/raptor3/g4/generation/write-transport-campaign.test.ts (1 test) 2243ms
   ✓ executes one complete G4 write-envelope transport seed batch  2242ms

 Test Files  1 passed (1)
      Tests  1 passed (1)
   Start at  19:57:19
   Duration  4.41s (transform 1.26s, setup 9ms, collect 1.87s, tests 2.24s, environment 0ms, prepare 27ms)

JSON report written to /private/tmp/viborm-g4-lane-tmp-4/viborm-raptor3-g0-XeVXy6/vitest.json
Vitest resources: 6.60s wall, 935.8 MiB peak sampled process-group RSS (sampled ceiling 1536 MiB). Teardown verified.
Raptor 3 g4-write-transport-seed-batch contract gate verified. Evidence: /private/tmp/viborm-g4-lane-tmp-4/viborm-raptor3-g0-XeVXy6

 RUN  v3.1.4 /private/tmp/viborm-g4-lane-4

 ✓ |raptor3| tests/raptor3/g4/generation/write-transport-campaign.test.ts (1 test) 1975ms
   ✓ executes one complete G4 write-envelope transport seed batch  1975ms

 Test Files  1 passed (1)
      Tests  1 passed (1)
   Start at  19:57:27
   Duration  4.06s (transform 1.25s, setup 8ms, collect 1.88s, tests 1.98s, environment 0ms, prepare 26ms)

JSON report written to /private/tmp/viborm-g4-lane-tmp-4/viborm-raptor3-g0-UrQtDW/vitest.json
Vitest resources: 6.33s wall, 767.6 MiB peak sampled process-group RSS (sampled ceiling 1536 MiB). Teardown verified.
Raptor 3 g4-write-transport-seed-batch contract gate verified. Evidence: /private/tmp/viborm-g4-lane-tmp-4/viborm-raptor3-g0-UrQtDW

 RUN  v3.1.4 /private/tmp/viborm-g4-lane-4

 ✓ |raptor3| tests/raptor3/g4/generation/write-transport-campaign.test.ts (1 test) 1972ms
   ✓ executes one complete G4 write-envelope transport seed batch  1971ms

 Test Files  1 passed (1)
      Tests  1 passed (1)
   Start at  19:57:35
   Duration  4.21s (transform 1.32s, setup 11ms, collect 1.95s, tests 1.97s, environment 0ms, prepare 70ms)

JSON report written to /private/tmp/viborm-g4-lane-tmp-4/viborm-raptor3-g0-orXNvW/vitest.json
Vitest resources: 6.60s wall, 739.2 MiB peak sampled process-group RSS (sampled ceiling 1536 MiB). Teardown verified.
Raptor 3 g4-write-transport-seed-batch contract gate verified. Evidence: /private/tmp/viborm-g4-lane-tmp-4/viborm-raptor3-g0-orXNvW

 RUN  v3.1.4 /private/tmp/viborm-g4-lane-4

 ✓ |raptor3| tests/raptor3/g4/generation/write-transport-campaign.test.ts (1 test) 2253ms
   ✓ executes one complete G4 write-envelope transport seed batch  2253ms

 Test Files  1 passed (1)
      Tests  1 passed (1)
   Start at  19:57:44
   Duration  4.44s (transform 1.31s, setup 11ms, collect 1.95s, tests 2.25s, environment 0ms, prepare 26ms)

JSON report written to /private/tmp/viborm-g4-lane-tmp-4/viborm-raptor3-g0-3Y9Kay/vitest.json
Vitest resources: 6.90s wall, 1005.8 MiB peak sampled process-group RSS (sampled ceiling 1536 MiB). Teardown verified.
Raptor 3 g4-write-transport-seed-batch contract gate verified. Evidence: /private/tmp/viborm-g4-lane-tmp-4/viborm-raptor3-g0-3Y9Kay

 RUN  v3.1.4 /private/tmp/viborm-g4-lane-4

 ✓ |raptor3| tests/raptor3/g4/generation/write-transport-campaign.test.ts (1 test) 2178ms
   ✓ executes one complete G4 write-envelope transport seed batch  2178ms

 Test Files  1 passed (1)
      Tests  1 passed (1)
   Start at  19:57:52
   Duration  4.36s (transform 1.35s, setup 9ms, collect 2.02s, tests 2.18s, environment 0ms, prepare 30ms)

JSON report written to /private/tmp/viborm-g4-lane-tmp-4/viborm-raptor3-g0-lPJiHe/vitest.json
Vitest resources: 6.68s wall, 838.2 MiB peak sampled process-group RSS (sampled ceiling 1536 MiB). Teardown verified.
Raptor 3 g4-write-transport-seed-batch contract gate verified. Evidence: /private/tmp/viborm-g4-lane-tmp-4/viborm-raptor3-g0-lPJiHe

 RUN  v3.1.4 /private/tmp/viborm-g4-lane-4

 ✓ |raptor3| tests/raptor3/g4/generation/write-transport-campaign.test.ts (1 test) 2736ms
   ✓ executes one complete G4 write-envelope transport seed batch  2736ms

 Test Files  1 passed (1)
      Tests  1 passed (1)
   Start at  19:58:00
   Duration  5.02s (transform 1.40s, setup 18ms, collect 2.09s, tests 2.74s, environment 0ms, prepare 29ms)

JSON report written to /private/tmp/viborm-g4-lane-tmp-4/viborm-raptor3-g0-HdiQgv/vitest.json
Vitest resources: 7.44s wall, 946.9 MiB peak sampled process-group RSS (sampled ceiling 1536 MiB). Teardown verified.
Raptor 3 g4-write-transport-seed-batch contract gate verified. Evidence: /private/tmp/viborm-g4-lane-tmp-4/viborm-raptor3-g0-HdiQgv

 RUN  v3.1.4 /private/tmp/viborm-g4-lane-4

 ✓ |raptor3| tests/raptor3/g4/generation/write-transport-campaign.test.ts (1 test) 2589ms
   ✓ executes one complete G4 write-envelope transport seed batch  2588ms

 Test Files  1 passed (1)
      Tests  1 passed (1)
   Start at  19:58:10
   Duration  4.79s (transform 1.34s, setup 13ms, collect 1.99s, tests 2.59s, environment 0ms, prepare 26ms)

JSON report written to /private/tmp/viborm-g4-lane-tmp-4/viborm-raptor3-g0-WMnfhG/vitest.json
Vitest resources: 7.20s wall, 843.7 MiB peak sampled process-group RSS (sampled ceiling 1536 MiB). Teardown verified.
Raptor 3 g4-write-transport-seed-batch contract gate verified. Evidence: /private/tmp/viborm-g4-lane-tmp-4/viborm-raptor3-g0-WMnfhG

 RUN  v3.1.4 /private/tmp/viborm-g4-lane-4

 ✓ |raptor3| tests/raptor3/g4/generation/write-transport-campaign.test.ts (1 test) 2349ms
   ✓ executes one complete G4 write-envelope transport seed batch  2348ms

 Test Files  1 passed (1)
      Tests  1 passed (1)
   Start at  19:58:19
   Duration  4.37s (transform 1.27s, setup 8ms, collect 1.88s, tests 2.35s, environment 0ms, prepare 26ms)

JSON report written to /private/tmp/viborm-g4-lane-tmp-4/viborm-raptor3-g0-UwXiTY/vitest.json
Vitest resources: 6.70s wall, 847.7 MiB peak sampled process-group RSS (sampled ceiling 1536 MiB). Teardown verified.
Raptor 3 g4-write-transport-seed-batch contract gate verified. Evidence: /private/tmp/viborm-g4-lane-tmp-4/viborm-raptor3-g0-UwXiTY

 RUN  v3.1.4 /private/tmp/viborm-g4-lane-4

 ✓ |raptor3| tests/raptor3/g4/generation/write-transport-campaign.test.ts (1 test) 2368ms
   ✓ executes one complete G4 write-envelope transport seed batch  2367ms

 Test Files  1 passed (1)
      Tests  1 passed (1)
   Start at  19:58:27
   Duration  4.37s (transform 1.25s, setup 8ms, collect 1.85s, tests 2.37s, environment 0ms, prepare 26ms)

JSON report written to /private/tmp/viborm-g4-lane-tmp-4/viborm-raptor3-g0-wsjHmC/vitest.json
Vitest resources: 6.58s wall, 738.0 MiB peak sampled process-group RSS (sampled ceiling 1536 MiB). Teardown verified.
Raptor 3 g4-write-transport-seed-batch contract gate verified. Evidence: /private/tmp/viborm-g4-lane-tmp-4/viborm-raptor3-g0-wsjHmC

 RUN  v3.1.4 /private/tmp/viborm-g4-lane-4

 ✓ |raptor3| tests/raptor3/g4/generation/write-transport-campaign.test.ts (1 test) 2849ms
   ✓ executes one complete G4 write-envelope transport seed batch  2849ms

 Test Files  1 passed (1)
      Tests  1 passed (1)
   Start at  19:58:36
   Duration  4.98s (transform 1.25s, setup 8ms, collect 1.87s, tests 2.85s, environment 0ms, prepare 27ms)

JSON report written to /private/tmp/viborm-g4-lane-tmp-4/viborm-raptor3-g0-JlUPlZ/vitest.json
Vitest resources: 7.17s wall, 1044.1 MiB peak sampled process-group RSS (sampled ceiling 1536 MiB). Teardown verified.
Raptor 3 g4-write-transport-seed-batch contract gate verified. Evidence: /private/tmp/viborm-g4-lane-tmp-4/viborm-raptor3-g0-JlUPlZ

 RUN  v3.1.4 /private/tmp/viborm-g4-lane-4

 ✓ |raptor3| tests/raptor3/g4/generation/write-transport-campaign.test.ts (1 test) 2193ms
   ✓ executes one complete G4 write-envelope transport seed batch  2192ms

 Test Files  1 passed (1)
      Tests  1 passed (1)
   Start at  19:58:45
   Duration  4.30s (transform 1.24s, setup 8ms, collect 1.85s, tests 2.19s, environment 0ms, prepare 26ms)

JSON report written to /private/tmp/viborm-g4-lane-tmp-4/viborm-raptor3-g0-GYxpky/vitest.json
Vitest resources: 6.61s wall, 781.3 MiB peak sampled process-group RSS (sampled ceiling 1536 MiB). Teardown verified.
Raptor 3 g4-write-transport-seed-batch contract gate verified. Evidence: /private/tmp/viborm-g4-lane-tmp-4/viborm-raptor3-g0-GYxpky

 RUN  v3.1.4 /private/tmp/viborm-g4-lane-4

 ✓ |raptor3| tests/raptor3/g4/generation/write-transport-campaign.test.ts (1 test) 1964ms
   ✓ executes one complete G4 write-envelope transport seed batch  1964ms

 Test Files  1 passed (1)
      Tests  1 passed (1)
   Start at  19:58:53
   Duration  4.12s (transform 1.32s, setup 9ms, collect 1.97s, tests 1.96s, environment 0ms, prepare 30ms)

JSON report written to /private/tmp/viborm-g4-lane-tmp-4/viborm-raptor3-g0-7P7N23/vitest.json
Vitest resources: 6.33s wall, 918.8 MiB peak sampled process-group RSS (sampled ceiling 1536 MiB). Teardown verified.
Raptor 3 g4-write-transport-seed-batch contract gate verified. Evidence: /private/tmp/viborm-g4-lane-tmp-4/viborm-raptor3-g0-7P7N23

 RUN  v3.1.4 /private/tmp/viborm-g4-lane-4

 ✓ |raptor3| tests/raptor3/g4/generation/write-transport-campaign.test.ts (1 test) 2122ms
   ✓ executes one complete G4 write-envelope transport seed batch  2121ms

 Test Files  1 passed (1)
      Tests  1 passed (1)
   Start at  19:59:01
   Duration  4.39s (transform 1.35s, setup 10ms, collect 1.98s, tests 2.12s, environment 0ms, prepare 30ms)

JSON report written to /private/tmp/viborm-g4-lane-tmp-4/viborm-raptor3-g0-AkSYaH/vitest.json
Vitest resources: 6.59s wall, 738.3 MiB peak sampled process-group RSS (sampled ceiling 1536 MiB). Teardown verified.
Raptor 3 g4-write-transport-seed-batch contract gate verified. Evidence: /private/tmp/viborm-g4-lane-tmp-4/viborm-raptor3-g0-AkSYaH

 RUN  v3.1.4 /private/tmp/viborm-g4-lane-4

 ✓ |raptor3| tests/raptor3/g4/generation/write-transport-campaign.test.ts (1 test) 1854ms
   ✓ executes one complete G4 write-envelope transport seed batch  1853ms

 Test Files  1 passed (1)
      Tests  1 passed (1)
   Start at  19:59:10
   Duration  3.88s (transform 1.22s, setup 9ms, collect 1.80s, tests 1.85s, environment 0ms, prepare 27ms)

JSON report written to /private/tmp/viborm-g4-lane-tmp-4/viborm-raptor3-g0-PbybbV/vitest.json
Vitest resources: 6.12s wall, 907.4 MiB peak sampled process-group RSS (sampled ceiling 1536 MiB). Teardown verified.
Raptor 3 g4-write-transport-seed-batch contract gate verified. Evidence: /private/tmp/viborm-g4-lane-tmp-4/viborm-raptor3-g0-PbybbV

 RUN  v3.1.4 /private/tmp/viborm-g4-lane-4

 ✓ |raptor3| tests/raptor3/g4/generation/write-transport-campaign.test.ts (1 test) 2119ms
   ✓ executes one complete G4 write-envelope transport seed batch  2119ms

 Test Files  1 passed (1)
      Tests  1 passed (1)
   Start at  19:59:17
   Duration  4.10s (transform 1.19s, setup 9ms, collect 1.76s, tests 2.12s, environment 0ms, prepare 25ms)

JSON report written to /private/tmp/viborm-g4-lane-tmp-4/viborm-raptor3-g0-gjUQyu/vitest.json
Vitest resources: 6.34s wall, 731.4 MiB peak sampled process-group RSS (sampled ceiling 1536 MiB). Teardown verified.
Raptor 3 g4-write-transport-seed-batch contract gate verified. Evidence: /private/tmp/viborm-g4-lane-tmp-4/viborm-raptor3-g0-gjUQyu

 RUN  v3.1.4 /private/tmp/viborm-g4-lane-4

 ✓ |raptor3| tests/raptor3/g4/generation/write-transport-campaign.test.ts (1 test) 2485ms
   ✓ executes one complete G4 write-envelope transport seed batch  2484ms

 Test Files  1 passed (1)
      Tests  1 passed (1)
   Start at  19:59:25
   Duration  4.46s (transform 1.21s, setup 10ms, collect 1.82s, tests 2.48s, environment 0ms, prepare 31ms)

JSON report written to /private/tmp/viborm-g4-lane-tmp-4/viborm-raptor3-g0-omgF9w/vitest.json
Vitest resources: 6.83s wall, 753.8 MiB peak sampled process-group RSS (sampled ceiling 1536 MiB). Teardown verified.
Raptor 3 g4-write-transport-seed-batch contract gate verified. Evidence: /private/tmp/viborm-g4-lane-tmp-4/viborm-raptor3-g0-omgF9w

 RUN  v3.1.4 /private/tmp/viborm-g4-lane-4

 ✓ |raptor3| tests/raptor3/g4/generation/write-transport-campaign.test.ts (1 test) 2298ms
   ✓ executes one complete G4 write-envelope transport seed batch  2298ms

 Test Files  1 passed (1)
      Tests  1 passed (1)
   Start at  19:59:34
   Duration  4.44s (transform 1.26s, setup 8ms, collect 1.88s, tests 2.30s, environment 0ms, prepare 27ms)

JSON report written to /private/tmp/viborm-g4-lane-tmp-4/viborm-raptor3-g0-zS24us/vitest.json
Vitest resources: 6.59s wall, 924.5 MiB peak sampled process-group RSS (sampled ceiling 1536 MiB). Teardown verified.
Raptor 3 g4-write-transport-seed-batch contract gate verified. Evidence: /private/tmp/viborm-g4-lane-tmp-4/viborm-raptor3-g0-zS24us

 RUN  v3.1.4 /private/tmp/viborm-g4-lane-4

 ✓ |raptor3| tests/raptor3/g4/generation/write-transport-campaign.test.ts (1 test) 2399ms
   ✓ executes one complete G4 write-envelope transport seed batch  2398ms

 Test Files  1 passed (1)
      Tests  1 passed (1)
   Start at  19:59:43
   Duration  4.59s (transform 1.29s, setup 9ms, collect 1.96s, tests 2.40s, environment 0ms, prepare 27ms)

JSON report written to /private/tmp/viborm-g4-lane-tmp-4/viborm-raptor3-g0-1Ni9BB/vitest.json
Vitest resources: 6.82s wall, 751.7 MiB peak sampled process-group RSS (sampled ceiling 1536 MiB). Teardown verified.
Raptor 3 g4-write-transport-seed-batch contract gate verified. Evidence: /private/tmp/viborm-g4-lane-tmp-4/viborm-raptor3-g0-1Ni9BB

 RUN  v3.1.4 /private/tmp/viborm-g4-lane-4

 ✓ |raptor3| tests/raptor3/g4/generation/write-transport-campaign.test.ts (1 test) 3201ms
   ✓ executes one complete G4 write-envelope transport seed batch  3201ms

 Test Files  1 passed (1)
      Tests  1 passed (1)
   Start at  19:59:51
   Duration  5.29s (transform 1.30s, setup 11ms, collect 1.94s, tests 3.20s, environment 0ms, prepare 27ms)

JSON report written to /private/tmp/viborm-g4-lane-tmp-4/viborm-raptor3-g0-aU61GI/vitest.json
Vitest resources: 7.59s wall, 728.5 MiB peak sampled process-group RSS (sampled ceiling 1536 MiB). Teardown verified.
Raptor 3 g4-write-transport-seed-batch contract gate verified. Evidence: /private/tmp/viborm-g4-lane-tmp-4/viborm-raptor3-g0-aU61GI

 RUN  v3.1.4 /private/tmp/viborm-g4-lane-4

 ✓ |raptor3| tests/raptor3/g4/generation/write-transport-campaign.test.ts (1 test) 2705ms
   ✓ executes one complete G4 write-envelope transport seed batch  2704ms

 Test Files  1 passed (1)
      Tests  1 passed (1)
   Start at  20:00:01
   Duration  4.96s (transform 1.36s, setup 9ms, collect 2.07s, tests 2.70s, environment 0ms, prepare 30ms)

JSON report written to /private/tmp/viborm-g4-lane-tmp-4/viborm-raptor3-g0-9dbVFp/vitest.json
Vitest resources: 7.31s wall, 838.2 MiB peak sampled process-group RSS (sampled ceiling 1536 MiB). Teardown verified.
Raptor 3 g4-write-transport-seed-batch contract gate verified. Evidence: /private/tmp/viborm-g4-lane-tmp-4/viborm-raptor3-g0-9dbVFp

 RUN  v3.1.4 /private/tmp/viborm-g4-lane-4

 ✓ |raptor3| tests/raptor3/g4/generation/write-transport-campaign.test.ts (1 test) 2256ms
   ✓ executes one complete G4 write-envelope transport seed batch  2255ms

 Test Files  1 passed (1)
      Tests  1 passed (1)
   Start at  20:00:11
   Duration  4.51s (transform 1.34s, setup 11ms, collect 2.00s, tests 2.26s, environment 0ms, prepare 27ms)

JSON report written to /private/tmp/viborm-g4-lane-tmp-4/viborm-raptor3-g0-3w0nUj/vitest.json
Vitest resources: 6.83s wall, 750.0 MiB peak sampled process-group RSS (sampled ceiling 1536 MiB). Teardown verified.
Raptor 3 g4-write-transport-seed-batch contract gate verified. Evidence: /private/tmp/viborm-g4-lane-tmp-4/viborm-raptor3-g0-3w0nUj

 RUN  v3.1.4 /private/tmp/viborm-g4-lane-4

 ✓ |raptor3| tests/raptor3/g4/generation/write-transport-campaign.test.ts (1 test) 2616ms
   ✓ executes one complete G4 write-envelope transport seed batch  2615ms

 Test Files  1 passed (1)
      Tests  1 passed (1)
   Start at  20:00:20
   Duration  5.31s (transform 1.63s, setup 11ms, collect 2.43s, tests 2.62s, environment 0ms, prepare 31ms)

JSON report written to /private/tmp/viborm-g4-lane-tmp-4/viborm-raptor3-g0-V54cqd/vitest.json
Vitest resources: 7.88s wall, 707.7 MiB peak sampled process-group RSS (sampled ceiling 1536 MiB). Teardown verified.
Raptor 3 g4-write-transport-seed-batch contract gate verified. Evidence: /private/tmp/viborm-g4-lane-tmp-4/viborm-raptor3-g0-V54cqd

 RUN  v3.1.4 /private/tmp/viborm-g4-lane-4

 ✓ |raptor3| tests/raptor3/g4/generation/write-transport-campaign.test.ts (1 test) 2551ms
   ✓ executes one complete G4 write-envelope transport seed batch  2550ms

 Test Files  1 passed (1)
      Tests  1 passed (1)
   Start at  20:00:31
   Duration  6.36s (transform 2.15s, setup 15ms, collect 3.25s, tests 2.55s, environment 0ms, prepare 43ms)

JSON report written to /private/tmp/viborm-g4-lane-tmp-4/viborm-raptor3-g0-0hwFGb/vitest.json
Vitest resources: 10.18s wall, 705.8 MiB peak sampled process-group RSS (sampled ceiling 1536 MiB). Teardown verified.
Raptor 3 g4-write-transport-seed-batch contract gate verified. Evidence: /private/tmp/viborm-g4-lane-tmp-4/viborm-raptor3-g0-0hwFGb

 RUN  v3.1.4 /private/tmp/viborm-g4-lane-4

 ✓ |raptor3| tests/raptor3/g4/generation/write-transport-campaign.test.ts (1 test) 2119ms
   ✓ executes one complete G4 write-envelope transport seed batch  2118ms

 Test Files  1 passed (1)
      Tests  1 passed (1)
   Start at  20:00:41
   Duration  4.67s (transform 1.49s, setup 11ms, collect 2.24s, tests 2.12s, environment 0ms, prepare 28ms)

JSON report written to /private/tmp/viborm-g4-lane-tmp-4/viborm-raptor3-g0-D6O4ET/vitest.json
Vitest resources: 7.06s wall, 712.2 MiB peak sampled process-group RSS (sampled ceiling 1536 MiB). Teardown verified.
Raptor 3 g4-write-transport-seed-batch contract gate verified. Evidence: /private/tmp/viborm-g4-lane-tmp-4/viborm-raptor3-g0-D6O4ET

 RUN  v3.1.4 /private/tmp/viborm-g4-lane-4

 ✓ |raptor3| tests/raptor3/g4/generation/write-transport-campaign.test.ts (1 test) 3077ms
   ✓ executes one complete G4 write-envelope transport seed batch  3077ms

 Test Files  1 passed (1)
      Tests  1 passed (1)
   Start at  20:00:50
   Duration  5.74s (transform 1.62s, setup 12ms, collect 2.40s, tests 3.08s, environment 0ms, prepare 35ms)

JSON report written to /private/tmp/viborm-g4-lane-tmp-4/viborm-raptor3-g0-nNQ6qa/vitest.json
Vitest resources: 8.47s wall, 1009.6 MiB peak sampled process-group RSS (sampled ceiling 1536 MiB). Teardown verified.
Raptor 3 g4-write-transport-seed-batch contract gate verified. Evidence: /private/tmp/viborm-g4-lane-tmp-4/viborm-raptor3-g0-nNQ6qa

 RUN  v3.1.4 /private/tmp/viborm-g4-lane-4

 ✓ |raptor3| tests/raptor3/g4/generation/write-transport-campaign.test.ts (1 test) 3357ms
   ✓ executes one complete G4 write-envelope transport seed batch  3357ms

 Test Files  1 passed (1)
      Tests  1 passed (1)
   Start at  20:01:01
   Duration  7.02s (transform 2.17s, setup 13ms, collect 3.26s, tests 3.36s, environment 0ms, prepare 44ms)

JSON report written to /private/tmp/viborm-g4-lane-tmp-4/viborm-raptor3-g0-Twa65q/vitest.json
Vitest resources: 9.94s wall, 984.6 MiB peak sampled process-group RSS (sampled ceiling 1536 MiB). Teardown verified.
Raptor 3 g4-write-transport-seed-batch contract gate verified. Evidence: /private/tmp/viborm-g4-lane-tmp-4/viborm-raptor3-g0-Twa65q

 RUN  v3.1.4 /private/tmp/viborm-g4-lane-4

 ✓ |raptor3| tests/raptor3/g4/generation/write-transport-campaign.test.ts (1 test) 3127ms
   ✓ executes one complete G4 write-envelope transport seed batch  3127ms

 Test Files  1 passed (1)
      Tests  1 passed (1)
   Start at  20:01:12
   Duration  5.57s (transform 1.51s, setup 10ms, collect 2.26s, tests 3.13s, environment 0ms, prepare 29ms)

JSON report written to /private/tmp/viborm-g4-lane-tmp-4/viborm-raptor3-g0-ajjOx6/vitest.json
Vitest resources: 7.92s wall, 926.4 MiB peak sampled process-group RSS (sampled ceiling 1536 MiB). Teardown verified.
Raptor 3 g4-write-transport-seed-batch contract gate verified. Evidence: /private/tmp/viborm-g4-lane-tmp-4/viborm-raptor3-g0-ajjOx6

 RUN  v3.1.4 /private/tmp/viborm-g4-lane-4

 ✓ |raptor3| tests/raptor3/g4/generation/write-transport-campaign.test.ts (1 test) 3548ms
   ✓ executes one complete G4 write-envelope transport seed batch  3547ms

 Test Files  1 passed (1)
      Tests  1 passed (1)
   Start at  20:01:22
   Duration  6.15s (transform 1.52s, setup 10ms, collect 2.28s, tests 3.55s, environment 0ms, prepare 31ms)

JSON report written to /private/tmp/viborm-g4-lane-tmp-4/viborm-raptor3-g0-28tyor/vitest.json
Vitest resources: 8.62s wall, 855.5 MiB peak sampled process-group RSS (sampled ceiling 1536 MiB). Teardown verified.
Raptor 3 g4-write-transport-seed-batch contract gate verified. Evidence: /private/tmp/viborm-g4-lane-tmp-4/viborm-raptor3-g0-28tyor

 RUN  v3.1.4 /private/tmp/viborm-g4-lane-4

 ✓ |raptor3| tests/raptor3/g4/generation/write-transport-campaign.test.ts (1 test) 4116ms
   ✓ executes one complete G4 write-envelope transport seed batch  4115ms

 Test Files  1 passed (1)
      Tests  1 passed (1)
   Start at  20:01:34
   Duration  6.96s (transform 1.65s, setup 10ms, collect 2.45s, tests 4.12s, environment 0ms, prepare 58ms)

JSON report written to /private/tmp/viborm-g4-lane-tmp-4/viborm-raptor3-g0-o1pdUK/vitest.json
Vitest resources: 9.63s wall, 719.8 MiB peak sampled process-group RSS (sampled ceiling 1536 MiB). Teardown verified.
Raptor 3 g4-write-transport-seed-batch contract gate verified. Evidence: /private/tmp/viborm-g4-lane-tmp-4/viborm-raptor3-g0-o1pdUK
Raptor 3 g4-write-transport-seeds campaign verified (not the full milestone). Evidence: /private/tmp/viborm-g4-lane-tmp-4/viborm-raptor3-g4-write-transport-seeds-OwRWe4
