
 RUN  v3.1.4 /private/tmp/viborm-g4-lane-3

 ✓ |raptor3| tests/raptor3/g4/generation/write-campaign.test.ts (1 test) 8718ms
   ✓ executes one complete G4 write-envelope SQLite seed batch  8717ms

 Test Files  1 passed (1)
      Tests  1 passed (1)
   Start at  12:47:59
   Duration  17.35s (transform 3.10s, setup 20ms, collect 4.71s, tests 8.72s, environment 0ms, prepare 81ms)

JSON report written to /private/tmp/viborm-g4-lane-tmp-3/viborm-raptor3-g0-L4qEN1/vitest.json
Vitest resources: 26.27s wall, 617.6 MiB peak sampled process-group RSS (sampled ceiling 1536 MiB). Teardown verified.
Raptor 3 g4-write-seed-batch contract gate verified. Evidence: /private/tmp/viborm-g4-lane-tmp-3/viborm-raptor3-g0-L4qEN1

 RUN  v3.1.4 /private/tmp/viborm-g4-lane-3

 ✓ |raptor3| tests/raptor3/g4/generation/write-campaign.test.ts (1 test) 4227ms
   ✓ executes one complete G4 write-envelope SQLite seed batch  4226ms

 Test Files  1 passed (1)
      Tests  1 passed (1)
   Start at  12:48:30
   Duration  11.19s (transform 2.19s, setup 15ms, collect 3.27s, tests 4.23s, environment 0ms, prepare 50ms)

JSON report written to /private/tmp/viborm-g4-lane-tmp-3/viborm-raptor3-g0-nPXdY5/vitest.json
Vitest resources: 19.18s wall, 726.9 MiB peak sampled process-group RSS (sampled ceiling 1536 MiB). Teardown verified.
Raptor 3 g4-write-seed-batch contract gate verified. Evidence: /private/tmp/viborm-g4-lane-tmp-3/viborm-raptor3-g0-nPXdY5

 RUN  v3.1.4 /private/tmp/viborm-g4-lane-3

 ✓ |raptor3| tests/raptor3/g4/generation/write-campaign.test.ts (1 test) 4294ms
   ✓ executes one complete G4 write-envelope SQLite seed batch  4293ms

 Test Files  1 passed (1)
      Tests  1 passed (1)
   Start at  12:48:52
   Duration  9.74s (transform 2.01s, setup 11ms, collect 3.05s, tests 4.29s, environment 0ms, prepare 32ms)

JSON report written to /private/tmp/viborm-g4-lane-tmp-3/viborm-raptor3-g0-CzTpND/vitest.json
Vitest resources: 16.58s wall, 739.1 MiB peak sampled process-group RSS (sampled ceiling 1536 MiB). Teardown verified.
Raptor 3 g4-write-seed-batch contract gate verified. Evidence: /private/tmp/viborm-g4-lane-tmp-3/viborm-raptor3-g0-CzTpND

 RUN  v3.1.4 /private/tmp/viborm-g4-lane-3

 ✓ |raptor3| tests/raptor3/g4/generation/write-campaign.test.ts (1 test) 3703ms
   ✓ executes one complete G4 write-envelope SQLite seed batch  3702ms

 Test Files  1 passed (1)
      Tests  1 passed (1)
   Start at  12:49:13
   Duration  9.57s (transform 2.05s, setup 13ms, collect 3.10s, tests 3.70s, environment 0ms, prepare 37ms)

JSON report written to /private/tmp/viborm-g4-lane-tmp-3/viborm-raptor3-g0-zyyoZ9/vitest.json
Vitest resources: 15.77s wall, 908.7 MiB peak sampled process-group RSS (sampled ceiling 1536 MiB). Teardown verified.
Raptor 3 g4-write-seed-batch contract gate verified. Evidence: /private/tmp/viborm-g4-lane-tmp-3/viborm-raptor3-g0-zyyoZ9

 RUN  v3.1.4 /private/tmp/viborm-g4-lane-3

 ✓ |raptor3| tests/raptor3/g4/generation/write-campaign.test.ts (1 test) 3132ms
   ✓ executes one complete G4 write-envelope SQLite seed batch  3132ms

 Test Files  1 passed (1)
      Tests  1 passed (1)
   Start at  12:49:33
   Duration  8.95s (transform 1.76s, setup 14ms, collect 2.68s, tests 3.13s, environment 0ms, prepare 38ms)

JSON report written to /private/tmp/viborm-g4-lane-tmp-3/viborm-raptor3-g0-ynaUQo/vitest.json
Vitest resources: 14.83s wall, 740.5 MiB peak sampled process-group RSS (sampled ceiling 1536 MiB). Teardown verified.
Raptor 3 g4-write-seed-batch contract gate verified. Evidence: /private/tmp/viborm-g4-lane-tmp-3/viborm-raptor3-g0-ynaUQo

 RUN  v3.1.4 /private/tmp/viborm-g4-lane-3

 ✓ |raptor3| tests/raptor3/g4/generation/write-campaign.test.ts (1 test) 5216ms
   ✓ executes one complete G4 write-envelope SQLite seed batch  5215ms

 Test Files  1 passed (1)
      Tests  1 passed (1)
   Start at  12:49:54
   Duration  10.87s (transform 1.60s, setup 14ms, collect 2.36s, tests 5.22s, environment 0ms, prepare 31ms)

JSON report written to /private/tmp/viborm-g4-lane-tmp-3/viborm-raptor3-g0-pDZHu6/vitest.json
Vitest resources: 19.74s wall, 949.8 MiB peak sampled process-group RSS (sampled ceiling 1536 MiB). Teardown verified.
Raptor 3 g4-write-seed-batch contract gate verified. Evidence: /private/tmp/viborm-g4-lane-tmp-3/viborm-raptor3-g0-pDZHu6

 RUN  v3.1.4 /private/tmp/viborm-g4-lane-3

 ✓ |raptor3| tests/raptor3/g4/generation/write-campaign.test.ts (1 test) 4747ms
   ✓ executes one complete G4 write-envelope SQLite seed batch  4746ms

 Test Files  1 passed (1)
      Tests  1 passed (1)
   Start at  12:50:17
   Duration  10.45s (transform 1.61s, setup 14ms, collect 2.42s, tests 4.75s, environment 0ms, prepare 36ms)

JSON report written to /private/tmp/viborm-g4-lane-tmp-3/viborm-raptor3-g0-mGbmZp/vitest.json
Vitest resources: 16.97s wall, 766.2 MiB peak sampled process-group RSS (sampled ceiling 1536 MiB). Teardown verified.
Raptor 3 g4-write-seed-batch contract gate verified. Evidence: /private/tmp/viborm-g4-lane-tmp-3/viborm-raptor3-g0-mGbmZp

 RUN  v3.1.4 /private/tmp/viborm-g4-lane-3

 ✓ |raptor3| tests/raptor3/g4/generation/write-campaign.test.ts (1 test) 4323ms
   ✓ executes one complete G4 write-envelope SQLite seed batch  4322ms

 Test Files  1 passed (1)
      Tests  1 passed (1)
   Start at  12:50:42
   Duration  9.41s (transform 1.98s, setup 12ms, collect 3.00s, tests 4.32s, environment 0ms, prepare 43ms)

JSON report written to /private/tmp/viborm-g4-lane-tmp-3/viborm-raptor3-g0-QgSO1D/vitest.json
Vitest resources: 17.66s wall, 737.5 MiB peak sampled process-group RSS (sampled ceiling 1536 MiB). Teardown verified.
Raptor 3 g4-write-seed-batch contract gate verified. Evidence: /private/tmp/viborm-g4-lane-tmp-3/viborm-raptor3-g0-QgSO1D

 RUN  v3.1.4 /private/tmp/viborm-g4-lane-3

 ✓ |raptor3| tests/raptor3/g4/generation/write-campaign.test.ts (1 test) 5577ms
   ✓ executes one complete G4 write-envelope SQLite seed batch  5576ms

 Test Files  1 passed (1)
      Tests  1 passed (1)
   Start at  12:51:04
   Duration  11.25s (transform 1.86s, setup 26ms, collect 2.79s, tests 5.58s, environment 0ms, prepare 60ms)

JSON report written to /private/tmp/viborm-g4-lane-tmp-3/viborm-raptor3-g0-Zh4eLX/vitest.json
Vitest resources: 18.52s wall, 988.9 MiB peak sampled process-group RSS (sampled ceiling 1536 MiB). Teardown verified.
Raptor 3 g4-write-seed-batch contract gate verified. Evidence: /private/tmp/viborm-g4-lane-tmp-3/viborm-raptor3-g0-Zh4eLX

 RUN  v3.1.4 /private/tmp/viborm-g4-lane-3

 ✓ |raptor3| tests/raptor3/g4/generation/write-campaign.test.ts (1 test) 5406ms
   ✓ executes one complete G4 write-envelope SQLite seed batch  5405ms

 Test Files  1 passed (1)
      Tests  1 passed (1)
   Start at  12:51:29
   Duration  12.20s (transform 2.62s, setup 12ms, collect 3.98s, tests 5.41s, environment 0ms, prepare 43ms)

JSON report written to /private/tmp/viborm-g4-lane-tmp-3/viborm-raptor3-g0-rE3Eaq/vitest.json
Vitest resources: 19.60s wall, 729.1 MiB peak sampled process-group RSS (sampled ceiling 1536 MiB). Teardown verified.
Raptor 3 g4-write-seed-batch contract gate verified. Evidence: /private/tmp/viborm-g4-lane-tmp-3/viborm-raptor3-g0-rE3Eaq

 RUN  v3.1.4 /private/tmp/viborm-g4-lane-3

 ✓ |raptor3| tests/raptor3/g4/generation/write-campaign.test.ts (1 test) 4021ms
   ✓ executes one complete G4 write-envelope SQLite seed batch  4020ms

 Test Files  1 passed (1)
      Tests  1 passed (1)
   Start at  12:51:55
   Duration  10.30s (transform 2.50s, setup 9ms, collect 3.89s, tests 4.02s, environment 0ms, prepare 32ms)

JSON report written to /private/tmp/viborm-g4-lane-tmp-3/viborm-raptor3-g0-GyVCL1/vitest.json
Vitest resources: 17.80s wall, 756.4 MiB peak sampled process-group RSS (sampled ceiling 1536 MiB). Teardown verified.
Raptor 3 g4-write-seed-batch contract gate verified. Evidence: /private/tmp/viborm-g4-lane-tmp-3/viborm-raptor3-g0-GyVCL1

 RUN  v3.1.4 /private/tmp/viborm-g4-lane-3

 ✓ |raptor3| tests/raptor3/g4/generation/write-campaign.test.ts (1 test) 4761ms
   ✓ executes one complete G4 write-envelope SQLite seed batch  4759ms

 Test Files  1 passed (1)
      Tests  1 passed (1)
   Start at  12:52:19
   Duration  11.84s (transform 2.82s, setup 17ms, collect 4.36s, tests 4.76s, environment 0ms, prepare 43ms)

JSON report written to /private/tmp/viborm-g4-lane-tmp-3/viborm-raptor3-g0-oNPuhs/vitest.json
Vitest resources: 19.45s wall, 968.7 MiB peak sampled process-group RSS (sampled ceiling 1536 MiB). Teardown verified.
Raptor 3 g4-write-seed-batch contract gate verified. Evidence: /private/tmp/viborm-g4-lane-tmp-3/viborm-raptor3-g0-oNPuhs

 RUN  v3.1.4 /private/tmp/viborm-g4-lane-3

 ✓ |raptor3| tests/raptor3/g4/generation/write-campaign.test.ts (1 test) 4456ms
   ✓ executes one complete G4 write-envelope SQLite seed batch  4456ms

 Test Files  1 passed (1)
      Tests  1 passed (1)
   Start at  12:52:43
   Duration  10.57s (transform 1.57s, setup 11ms, collect 2.33s, tests 4.46s, environment 0ms, prepare 40ms)

JSON report written to /private/tmp/viborm-g4-lane-tmp-3/viborm-raptor3-g0-Eq3pbv/vitest.json
Vitest resources: 16.96s wall, 728.3 MiB peak sampled process-group RSS (sampled ceiling 1536 MiB). Teardown verified.
Raptor 3 g4-write-seed-batch contract gate verified. Evidence: /private/tmp/viborm-g4-lane-tmp-3/viborm-raptor3-g0-Eq3pbv

 RUN  v3.1.4 /private/tmp/viborm-g4-lane-3

 ✓ |raptor3| tests/raptor3/g4/generation/write-campaign.test.ts (1 test) 4881ms
   ✓ executes one complete G4 write-envelope SQLite seed batch  4881ms

 Test Files  1 passed (1)
      Tests  1 passed (1)
   Start at  12:53:05
   Duration  10.87s (transform 2.05s, setup 15ms, collect 3.05s, tests 4.88s, environment 0ms, prepare 40ms)

JSON report written to /private/tmp/viborm-g4-lane-tmp-3/viborm-raptor3-g0-7WficN/vitest.json
Vitest resources: 17.71s wall, 916.0 MiB peak sampled process-group RSS (sampled ceiling 1536 MiB). Teardown verified.
Raptor 3 g4-write-seed-batch contract gate verified. Evidence: /private/tmp/viborm-g4-lane-tmp-3/viborm-raptor3-g0-7WficN

 RUN  v3.1.4 /private/tmp/viborm-g4-lane-3

 ✓ |raptor3| tests/raptor3/g4/generation/write-campaign.test.ts (1 test) 3648ms
   ✓ executes one complete G4 write-envelope SQLite seed batch  3647ms

 Test Files  1 passed (1)
      Tests  1 passed (1)
   Start at  12:53:29
   Duration  11.39s (transform 2.88s, setup 20ms, collect 4.32s, tests 3.65s, environment 0ms, prepare 55ms)

JSON report written to /private/tmp/viborm-g4-lane-tmp-3/viborm-raptor3-g0-rMO7qO/vitest.json
Vitest resources: 18.77s wall, 856.0 MiB peak sampled process-group RSS (sampled ceiling 1536 MiB). Teardown verified.
Raptor 3 g4-write-seed-batch contract gate verified. Evidence: /private/tmp/viborm-g4-lane-tmp-3/viborm-raptor3-g0-rMO7qO

 RUN  v3.1.4 /private/tmp/viborm-g4-lane-3

 ✓ |raptor3| tests/raptor3/g4/generation/write-campaign.test.ts (1 test) 3841ms
   ✓ executes one complete G4 write-envelope SQLite seed batch  3840ms

 Test Files  1 passed (1)
      Tests  1 passed (1)
   Start at  12:53:54
   Duration  8.90s (transform 1.73s, setup 10ms, collect 2.62s, tests 3.84s, environment 0ms, prepare 38ms)

JSON report written to /private/tmp/viborm-g4-lane-tmp-3/viborm-raptor3-g0-YUc7Lw/vitest.json
Vitest resources: 16.51s wall, 725.4 MiB peak sampled process-group RSS (sampled ceiling 1536 MiB). Teardown verified.
Raptor 3 g4-write-seed-batch contract gate verified. Evidence: /private/tmp/viborm-g4-lane-tmp-3/viborm-raptor3-g0-YUc7Lw

 RUN  v3.1.4 /private/tmp/viborm-g4-lane-3

 ✓ |raptor3| tests/raptor3/g4/generation/write-campaign.test.ts (1 test) 6094ms
   ✓ executes one complete G4 write-envelope SQLite seed batch  6093ms

 Test Files  1 passed (1)
      Tests  1 passed (1)
   Start at  12:54:15
   Duration  12.01s (transform 2.40s, setup 14ms, collect 3.58s, tests 6.09s, environment 0ms, prepare 36ms)

JSON report written to /private/tmp/viborm-g4-lane-tmp-3/viborm-raptor3-g0-zSZ8mI/vitest.json
Vitest resources: 17.97s wall, 847.3 MiB peak sampled process-group RSS (sampled ceiling 1536 MiB). Teardown verified.
Raptor 3 g4-write-seed-batch contract gate verified. Evidence: /private/tmp/viborm-g4-lane-tmp-3/viborm-raptor3-g0-zSZ8mI

 RUN  v3.1.4 /private/tmp/viborm-g4-lane-3

 ✓ |raptor3| tests/raptor3/g4/generation/write-campaign.test.ts (1 test) 6875ms
   ✓ executes one complete G4 write-envelope SQLite seed batch  6874ms

 Test Files  1 passed (1)
      Tests  1 passed (1)
   Start at  12:54:41
   Duration  13.86s (transform 2.52s, setup 17ms, collect 3.87s, tests 6.87s, environment 0ms, prepare 76ms)

JSON report written to /private/tmp/viborm-g4-lane-tmp-3/viborm-raptor3-g0-BSGfbp/vitest.json
Vitest resources: 21.50s wall, 1045.7 MiB peak sampled process-group RSS (sampled ceiling 1536 MiB). Teardown verified.
Raptor 3 g4-write-seed-batch contract gate verified. Evidence: /private/tmp/viborm-g4-lane-tmp-3/viborm-raptor3-g0-BSGfbp

 RUN  v3.1.4 /private/tmp/viborm-g4-lane-3

 ✓ |raptor3| tests/raptor3/g4/generation/write-campaign.test.ts (1 test) 5780ms
   ✓ executes one complete G4 write-envelope SQLite seed batch  5779ms

 Test Files  1 passed (1)
      Tests  1 passed (1)
   Start at  12:55:08
   Duration  13.79s (transform 2.71s, setup 29ms, collect 4.13s, tests 5.78s, environment 0ms, prepare 82ms)

JSON report written to /private/tmp/viborm-g4-lane-tmp-3/viborm-raptor3-g0-GGXake/vitest.json
Vitest resources: 21.86s wall, 738.4 MiB peak sampled process-group RSS (sampled ceiling 1536 MiB). Teardown verified.
Raptor 3 g4-write-seed-batch contract gate verified. Evidence: /private/tmp/viborm-g4-lane-tmp-3/viborm-raptor3-g0-GGXake

 RUN  v3.1.4 /private/tmp/viborm-g4-lane-3

 ✓ |raptor3| tests/raptor3/g4/generation/write-campaign.test.ts (1 test) 5984ms
   ✓ executes one complete G4 write-envelope SQLite seed batch  5984ms

 Test Files  1 passed (1)
      Tests  1 passed (1)
   Start at  12:55:34
   Duration  12.27s (transform 2.29s, setup 12ms, collect 3.47s, tests 5.98s, environment 0ms, prepare 45ms)

JSON report written to /private/tmp/viborm-g4-lane-tmp-3/viborm-raptor3-g0-jD4Vhb/vitest.json
Vitest resources: 20.26s wall, 938.9 MiB peak sampled process-group RSS (sampled ceiling 1536 MiB). Teardown verified.
Raptor 3 g4-write-seed-batch contract gate verified. Evidence: /private/tmp/viborm-g4-lane-tmp-3/viborm-raptor3-g0-jD4Vhb

 RUN  v3.1.4 /private/tmp/viborm-g4-lane-3

 ✓ |raptor3| tests/raptor3/g4/generation/write-campaign.test.ts (1 test) 5613ms
   ✓ executes one complete G4 write-envelope SQLite seed batch  5612ms

 Test Files  1 passed (1)
      Tests  1 passed (1)
   Start at  12:56:06
   Duration  11.75s (transform 2.05s, setup 16ms, collect 3.08s, tests 5.61s, environment 0ms, prepare 53ms)

JSON report written to /private/tmp/viborm-g4-lane-tmp-3/viborm-raptor3-g0-r94s1p/vitest.json
Vitest resources: 19.51s wall, 741.7 MiB peak sampled process-group RSS (sampled ceiling 1536 MiB). Teardown verified.
Raptor 3 g4-write-seed-batch contract gate verified. Evidence: /private/tmp/viborm-g4-lane-tmp-3/viborm-raptor3-g0-r94s1p

 RUN  v3.1.4 /private/tmp/viborm-g4-lane-3

 ✓ |raptor3| tests/raptor3/g4/generation/write-campaign.test.ts (1 test) 5126ms
   ✓ executes one complete G4 write-envelope SQLite seed batch  5125ms

 Test Files  1 passed (1)
      Tests  1 passed (1)
   Start at  12:56:32
   Duration  12.24s (transform 2.28s, setup 21ms, collect 3.45s, tests 5.13s, environment 0ms, prepare 61ms)

JSON report written to /private/tmp/viborm-g4-lane-tmp-3/viborm-raptor3-g0-p1PjxU/vitest.json
Vitest resources: 20.74s wall, 738.1 MiB peak sampled process-group RSS (sampled ceiling 1536 MiB). Teardown verified.
Raptor 3 g4-write-seed-batch contract gate verified. Evidence: /private/tmp/viborm-g4-lane-tmp-3/viborm-raptor3-g0-p1PjxU

 RUN  v3.1.4 /private/tmp/viborm-g4-lane-3

 ✓ |raptor3| tests/raptor3/g4/generation/write-campaign.test.ts (1 test) 4950ms
   ✓ executes one complete G4 write-envelope SQLite seed batch  4949ms

 Test Files  1 passed (1)
      Tests  1 passed (1)
   Start at  12:56:58
   Duration  11.97s (transform 2.41s, setup 20ms, collect 3.61s, tests 4.95s, environment 0ms, prepare 56ms)

JSON report written to /private/tmp/viborm-g4-lane-tmp-3/viborm-raptor3-g0-iLXQir/vitest.json
Vitest resources: 21.66s wall, 831.1 MiB peak sampled process-group RSS (sampled ceiling 1536 MiB). Teardown verified.
Raptor 3 g4-write-seed-batch contract gate verified. Evidence: /private/tmp/viborm-g4-lane-tmp-3/viborm-raptor3-g0-iLXQir

 RUN  v3.1.4 /private/tmp/viborm-g4-lane-3

 ✓ |raptor3| tests/raptor3/g4/generation/write-campaign.test.ts (1 test) 4826ms
   ✓ executes one complete G4 write-envelope SQLite seed batch  4821ms

 Test Files  1 passed (1)
      Tests  1 passed (1)
   Start at  12:57:35
   Duration  12.79s (transform 2.82s, setup 16ms, collect 4.29s, tests 4.83s, environment 0ms, prepare 59ms)

JSON report written to /private/tmp/viborm-g4-lane-tmp-3/viborm-raptor3-g0-b3Slyy/vitest.json
Vitest resources: 25.49s wall, 696.0 MiB peak sampled process-group RSS (sampled ceiling 1536 MiB). Teardown verified.
Raptor 3 g4-write-seed-batch contract gate verified. Evidence: /private/tmp/viborm-g4-lane-tmp-3/viborm-raptor3-g0-b3Slyy

 RUN  v3.1.4 /private/tmp/viborm-g4-lane-3

 ✓ |raptor3| tests/raptor3/g4/generation/write-campaign.test.ts (1 test) 4688ms
   ✓ executes one complete G4 write-envelope SQLite seed batch  4688ms

 Test Files  1 passed (1)
      Tests  1 passed (1)
   Start at  12:58:03
   Duration  10.42s (transform 2.10s, setup 13ms, collect 3.18s, tests 4.69s, environment 0ms, prepare 42ms)

JSON report written to /private/tmp/viborm-g4-lane-tmp-3/viborm-raptor3-g0-joZ3cN/vitest.json
Vitest resources: 20.56s wall, 777.7 MiB peak sampled process-group RSS (sampled ceiling 1536 MiB). Teardown verified.
Raptor 3 g4-write-seed-batch contract gate verified. Evidence: /private/tmp/viborm-g4-lane-tmp-3/viborm-raptor3-g0-joZ3cN

 RUN  v3.1.4 /private/tmp/viborm-g4-lane-3

 ✓ |raptor3| tests/raptor3/g4/generation/write-campaign.test.ts (1 test) 13190ms
   ✓ executes one complete G4 write-envelope SQLite seed batch  13189ms

 Test Files  1 passed (1)
      Tests  1 passed (1)
   Start at  12:58:33
   Duration  28.93s (transform 5.22s, setup 146ms, collect 7.93s, tests 13.19s, environment 0ms, prepare 661ms)

JSON report written to /private/tmp/viborm-g4-lane-tmp-3/viborm-raptor3-g0-25aJAh/vitest.json
Vitest resources: 41.92s wall, 643.2 MiB peak sampled process-group RSS (sampled ceiling 1536 MiB). Teardown verified.
Raptor 3 g4-write-seed-batch contract gate verified. Evidence: /private/tmp/viborm-g4-lane-tmp-3/viborm-raptor3-g0-25aJAh

 RUN  v3.1.4 /private/tmp/viborm-g4-lane-3

 ✓ |raptor3| tests/raptor3/g4/generation/write-campaign.test.ts (1 test) 6512ms
   ✓ executes one complete G4 write-envelope SQLite seed batch  6512ms

 Test Files  1 passed (1)
      Tests  1 passed (1)
   Start at  12:59:26
   Duration  13.16s (transform 2.11s, setup 12ms, collect 3.15s, tests 6.51s, environment 0ms, prepare 46ms)

JSON report written to /private/tmp/viborm-g4-lane-tmp-3/viborm-raptor3-g0-TPVAfK/vitest.json
Vitest resources: 26.90s wall, 782.8 MiB peak sampled process-group RSS (sampled ceiling 1536 MiB). Teardown verified.
Raptor 3 g4-write-seed-batch contract gate verified. Evidence: /private/tmp/viborm-g4-lane-tmp-3/viborm-raptor3-g0-TPVAfK

 RUN  v3.1.4 /private/tmp/viborm-g4-lane-3

 ✓ |raptor3| tests/raptor3/g4/generation/write-campaign.test.ts (1 test) 5155ms
   ✓ executes one complete G4 write-envelope SQLite seed batch  5154ms

 Test Files  1 passed (1)
      Tests  1 passed (1)
   Start at  12:59:53
   Duration  11.15s (transform 1.97s, setup 19ms, collect 2.96s, tests 5.15s, environment 0ms, prepare 60ms)

JSON report written to /private/tmp/viborm-g4-lane-tmp-3/viborm-raptor3-g0-42htwe/vitest.json
Vitest resources: 18.20s wall, 850.3 MiB peak sampled process-group RSS (sampled ceiling 1536 MiB). Teardown verified.
Raptor 3 g4-write-seed-batch contract gate verified. Evidence: /private/tmp/viborm-g4-lane-tmp-3/viborm-raptor3-g0-42htwe

 RUN  v3.1.4 /private/tmp/viborm-g4-lane-3

 ✓ |raptor3| tests/raptor3/g4/generation/write-campaign.test.ts (1 test) 4099ms
   ✓ executes one complete G4 write-envelope SQLite seed batch  4099ms

 Test Files  1 passed (1)
      Tests  1 passed (1)
   Start at  13:00:17
   Duration  8.87s (transform 1.82s, setup 11ms, collect 2.76s, tests 4.10s, environment 0ms, prepare 36ms)

JSON report written to /private/tmp/viborm-g4-lane-tmp-3/viborm-raptor3-g0-2fdHZr/vitest.json
Vitest resources: 16.19s wall, 793.4 MiB peak sampled process-group RSS (sampled ceiling 1536 MiB). Teardown verified.
Raptor 3 g4-write-seed-batch contract gate verified. Evidence: /private/tmp/viborm-g4-lane-tmp-3/viborm-raptor3-g0-2fdHZr

 RUN  v3.1.4 /private/tmp/viborm-g4-lane-3

 ✓ |raptor3| tests/raptor3/g4/generation/write-campaign.test.ts (1 test) 3937ms
   ✓ executes one complete G4 write-envelope SQLite seed batch  3936ms

 Test Files  1 passed (1)
      Tests  1 passed (1)
   Start at  13:00:36
   Duration  8.90s (transform 1.64s, setup 11ms, collect 2.47s, tests 3.94s, environment 0ms, prepare 48ms)

JSON report written to /private/tmp/viborm-g4-lane-tmp-3/viborm-raptor3-g0-d0Kn5Q/vitest.json
Vitest resources: 14.76s wall, 736.1 MiB peak sampled process-group RSS (sampled ceiling 1536 MiB). Teardown verified.
Raptor 3 g4-write-seed-batch contract gate verified. Evidence: /private/tmp/viborm-g4-lane-tmp-3/viborm-raptor3-g0-d0Kn5Q

 RUN  v3.1.4 /private/tmp/viborm-g4-lane-3

 ✓ |raptor3| tests/raptor3/g4/generation/write-campaign.test.ts (1 test) 4430ms
   ✓ executes one complete G4 write-envelope SQLite seed batch  4430ms

 Test Files  1 passed (1)
      Tests  1 passed (1)
   Start at  13:00:56
   Duration  9.73s (transform 1.85s, setup 12ms, collect 2.73s, tests 4.43s, environment 0ms, prepare 46ms)

JSON report written to /private/tmp/viborm-g4-lane-tmp-3/viborm-raptor3-g0-KyKkmJ/vitest.json
Vitest resources: 16.10s wall, 740.3 MiB peak sampled process-group RSS (sampled ceiling 1536 MiB). Teardown verified.
Raptor 3 g4-write-seed-batch contract gate verified. Evidence: /private/tmp/viborm-g4-lane-tmp-3/viborm-raptor3-g0-KyKkmJ

 RUN  v3.1.4 /private/tmp/viborm-g4-lane-3

 ✓ |raptor3| tests/raptor3/g4/generation/write-campaign.test.ts (1 test) 3058ms
   ✓ executes one complete G4 write-envelope SQLite seed batch  3057ms

 Test Files  1 passed (1)
      Tests  1 passed (1)
   Start at  13:01:18
   Duration  7.35s (transform 1.55s, setup 10ms, collect 2.34s, tests 3.06s, environment 0ms, prepare 40ms)

JSON report written to /private/tmp/viborm-g4-lane-tmp-3/viborm-raptor3-g0-6vfUyA/vitest.json
Vitest resources: 14.58s wall, 717.2 MiB peak sampled process-group RSS (sampled ceiling 1536 MiB). Teardown verified.
Raptor 3 g4-write-seed-batch contract gate verified. Evidence: /private/tmp/viborm-g4-lane-tmp-3/viborm-raptor3-g0-6vfUyA

 RUN  v3.1.4 /private/tmp/viborm-g4-lane-3

 ✓ |raptor3| tests/raptor3/g4/generation/write-campaign.test.ts (1 test) 3874ms
   ✓ executes one complete G4 write-envelope SQLite seed batch  3873ms

 Test Files  1 passed (1)
      Tests  1 passed (1)
   Start at  13:01:37
   Duration  8.18s (transform 1.50s, setup 11ms, collect 2.26s, tests 3.87s, environment 0ms, prepare 43ms)

JSON report written to /private/tmp/viborm-g4-lane-tmp-3/viborm-raptor3-g0-1EF1TZ/vitest.json
Vitest resources: 15.35s wall, 928.3 MiB peak sampled process-group RSS (sampled ceiling 1536 MiB). Teardown verified.
Raptor 3 g4-write-seed-batch contract gate verified. Evidence: /private/tmp/viborm-g4-lane-tmp-3/viborm-raptor3-g0-1EF1TZ

 RUN  v3.1.4 /private/tmp/viborm-g4-lane-3

 ✓ |raptor3| tests/raptor3/g4/generation/write-campaign.test.ts (1 test) 3316ms
   ✓ executes one complete G4 write-envelope SQLite seed batch  3316ms

 Test Files  1 passed (1)
      Tests  1 passed (1)
   Start at  13:01:57
   Duration  7.60s (transform 1.45s, setup 12ms, collect 2.15s, tests 3.32s, environment 0ms, prepare 44ms)

JSON report written to /private/tmp/viborm-g4-lane-tmp-3/viborm-raptor3-g0-8vycSQ/vitest.json
Vitest resources: 13.61s wall, 736.8 MiB peak sampled process-group RSS (sampled ceiling 1536 MiB). Teardown verified.
Raptor 3 g4-write-seed-batch contract gate verified. Evidence: /private/tmp/viborm-g4-lane-tmp-3/viborm-raptor3-g0-8vycSQ

 RUN  v3.1.4 /private/tmp/viborm-g4-lane-3

 ✓ |raptor3| tests/raptor3/g4/generation/write-campaign.test.ts (1 test) 3894ms
   ✓ executes one complete G4 write-envelope SQLite seed batch  3894ms

 Test Files  1 passed (1)
      Tests  1 passed (1)
   Start at  13:02:15
   Duration  10.21s (transform 2.13s, setup 10ms, collect 3.26s, tests 3.89s, environment 0ms, prepare 42ms)

JSON report written to /private/tmp/viborm-g4-lane-tmp-3/viborm-raptor3-g0-Der1wa/vitest.json
Vitest resources: 16.00s wall, 749.4 MiB peak sampled process-group RSS (sampled ceiling 1536 MiB). Teardown verified.
Raptor 3 g4-write-seed-batch contract gate verified. Evidence: /private/tmp/viborm-g4-lane-tmp-3/viborm-raptor3-g0-Der1wa

 RUN  v3.1.4 /private/tmp/viborm-g4-lane-3

 ✓ |raptor3| tests/raptor3/g4/generation/write-campaign.test.ts (1 test) 4073ms
   ✓ executes one complete G4 write-envelope SQLite seed batch  4073ms

 Test Files  1 passed (1)
      Tests  1 passed (1)
   Start at  13:02:37
   Duration  10.84s (transform 2.18s, setup 18ms, collect 3.39s, tests 4.07s, environment 0ms, prepare 63ms)

JSON report written to /private/tmp/viborm-g4-lane-tmp-3/viborm-raptor3-g0-7DZEzs/vitest.json
Vitest resources: 17.46s wall, 725.8 MiB peak sampled process-group RSS (sampled ceiling 1536 MiB). Teardown verified.
Raptor 3 g4-write-seed-batch contract gate verified. Evidence: /private/tmp/viborm-g4-lane-tmp-3/viborm-raptor3-g0-7DZEzs

 RUN  v3.1.4 /private/tmp/viborm-g4-lane-3

 ✓ |raptor3| tests/raptor3/g4/generation/write-campaign.test.ts (1 test) 4453ms
   ✓ executes one complete G4 write-envelope SQLite seed batch  4453ms

 Test Files  1 passed (1)
      Tests  1 passed (1)
   Start at  13:02:58
   Duration  10.04s (transform 1.80s, setup 10ms, collect 2.68s, tests 4.45s, environment 0ms, prepare 31ms)

JSON report written to /private/tmp/viborm-g4-lane-tmp-3/viborm-raptor3-g0-s20P3l/vitest.json
Vitest resources: 16.58s wall, 1011.7 MiB peak sampled process-group RSS (sampled ceiling 1536 MiB). Teardown verified.
Raptor 3 g4-write-seed-batch contract gate verified. Evidence: /private/tmp/viborm-g4-lane-tmp-3/viborm-raptor3-g0-s20P3l

 RUN  v3.1.4 /private/tmp/viborm-g4-lane-3

 ✓ |raptor3| tests/raptor3/g4/generation/write-campaign.test.ts (1 test) 5386ms
   ✓ executes one complete G4 write-envelope SQLite seed batch  5386ms

 Test Files  1 passed (1)
      Tests  1 passed (1)
   Start at  13:03:23
   Duration  10.23s (transform 1.70s, setup 12ms, collect 2.56s, tests 5.39s, environment 0ms, prepare 44ms)

JSON report written to /private/tmp/viborm-g4-lane-tmp-3/viborm-raptor3-g0-8vaNyy/vitest.json
Vitest resources: 17.45s wall, 975.1 MiB peak sampled process-group RSS (sampled ceiling 1536 MiB). Teardown verified.
Raptor 3 g4-write-seed-batch contract gate verified. Evidence: /private/tmp/viborm-g4-lane-tmp-3/viborm-raptor3-g0-8vaNyy

 RUN  v3.1.4 /private/tmp/viborm-g4-lane-3

 ✓ |raptor3| tests/raptor3/g4/generation/write-campaign.test.ts (1 test) 4940ms
   ✓ executes one complete G4 write-envelope SQLite seed batch  4940ms

 Test Files  1 passed (1)
      Tests  1 passed (1)
   Start at  13:03:46
   Duration  10.29s (transform 1.72s, setup 16ms, collect 2.61s, tests 4.94s, environment 0ms, prepare 55ms)

JSON report written to /private/tmp/viborm-g4-lane-tmp-3/viborm-raptor3-g0-Z3Zbrg/vitest.json
Vitest resources: 17.79s wall, 728.8 MiB peak sampled process-group RSS (sampled ceiling 1536 MiB). Teardown verified.
Raptor 3 g4-write-seed-batch contract gate verified. Evidence: /private/tmp/viborm-g4-lane-tmp-3/viborm-raptor3-g0-Z3Zbrg

 RUN  v3.1.4 /private/tmp/viborm-g4-lane-3

 ✓ |raptor3| tests/raptor3/g4/generation/write-campaign.test.ts (1 test) 4505ms
   ✓ executes one complete G4 write-envelope SQLite seed batch  4504ms

 Test Files  1 passed (1)
      Tests  1 passed (1)
   Start at  13:04:09
   Duration  9.52s (transform 1.62s, setup 11ms, collect 2.40s, tests 4.50s, environment 0ms, prepare 36ms)

JSON report written to /private/tmp/viborm-g4-lane-tmp-3/viborm-raptor3-g0-wZlWvT/vitest.json
Vitest resources: 16.01s wall, 742.6 MiB peak sampled process-group RSS (sampled ceiling 1536 MiB). Teardown verified.
Raptor 3 g4-write-seed-batch contract gate verified. Evidence: /private/tmp/viborm-g4-lane-tmp-3/viborm-raptor3-g0-wZlWvT

 RUN  v3.1.4 /private/tmp/viborm-g4-lane-3

 ✓ |raptor3| tests/raptor3/g4/generation/write-campaign.test.ts (1 test) 3841ms
   ✓ executes one complete G4 write-envelope SQLite seed batch  3840ms

 Test Files  1 passed (1)
      Tests  1 passed (1)
   Start at  13:04:30
   Duration  7.87s (transform 1.37s, setup 26ms, collect 1.97s, tests 3.84s, environment 0ms, prepare 79ms)

JSON report written to /private/tmp/viborm-g4-lane-tmp-3/viborm-raptor3-g0-86EHc9/vitest.json
Vitest resources: 13.05s wall, 860.2 MiB peak sampled process-group RSS (sampled ceiling 1536 MiB). Teardown verified.
Raptor 3 g4-write-seed-batch contract gate verified. Evidence: /private/tmp/viborm-g4-lane-tmp-3/viborm-raptor3-g0-86EHc9

 RUN  v3.1.4 /private/tmp/viborm-g4-lane-3

 ✓ |raptor3| tests/raptor3/g4/generation/write-campaign.test.ts (1 test) 2848ms
   ✓ executes one complete G4 write-envelope SQLite seed batch  2848ms

 Test Files  1 passed (1)
      Tests  1 passed (1)
   Start at  13:04:49
   Duration  7.70s (transform 1.77s, setup 8ms, collect 2.67s, tests 2.85s, environment 0ms, prepare 29ms)

JSON report written to /private/tmp/viborm-g4-lane-tmp-3/viborm-raptor3-g0-YObKCN/vitest.json
Vitest resources: 12.24s wall, 735.1 MiB peak sampled process-group RSS (sampled ceiling 1536 MiB). Teardown verified.
Raptor 3 g4-write-seed-batch contract gate verified. Evidence: /private/tmp/viborm-g4-lane-tmp-3/viborm-raptor3-g0-YObKCN

 RUN  v3.1.4 /private/tmp/viborm-g4-lane-3

 ✓ |raptor3| tests/raptor3/g4/generation/write-campaign.test.ts (1 test) 3235ms
   ✓ executes one complete G4 write-envelope SQLite seed batch  3234ms

 Test Files  1 passed (1)
      Tests  1 passed (1)
   Start at  13:05:07
   Duration  8.03s (transform 1.49s, setup 8ms, collect 2.25s, tests 3.23s, environment 0ms, prepare 26ms)

JSON report written to /private/tmp/viborm-g4-lane-tmp-3/viborm-raptor3-g0-UBokRQ/vitest.json
Vitest resources: 13.12s wall, 725.9 MiB peak sampled process-group RSS (sampled ceiling 1536 MiB). Teardown verified.
Raptor 3 g4-write-seed-batch contract gate verified. Evidence: /private/tmp/viborm-g4-lane-tmp-3/viborm-raptor3-g0-UBokRQ

 RUN  v3.1.4 /private/tmp/viborm-g4-lane-3

 ✓ |raptor3| tests/raptor3/g4/generation/write-campaign.test.ts (1 test) 2668ms
   ✓ executes one complete G4 write-envelope SQLite seed batch  2668ms

 Test Files  1 passed (1)
      Tests  1 passed (1)
   Start at  13:05:25
   Duration  6.21s (transform 1.37s, setup 9ms, collect 2.01s, tests 2.67s, environment 0ms, prepare 28ms)

JSON report written to /private/tmp/viborm-g4-lane-tmp-3/viborm-raptor3-g0-9wxzp7/vitest.json
Vitest resources: 11.79s wall, 733.9 MiB peak sampled process-group RSS (sampled ceiling 1536 MiB). Teardown verified.
Raptor 3 g4-write-seed-batch contract gate verified. Evidence: /private/tmp/viborm-g4-lane-tmp-3/viborm-raptor3-g0-9wxzp7

 RUN  v3.1.4 /private/tmp/viborm-g4-lane-3

 ✓ |raptor3| tests/raptor3/g4/generation/write-campaign.test.ts (1 test) 2757ms
   ✓ executes one complete G4 write-envelope SQLite seed batch  2756ms

 Test Files  1 passed (1)
      Tests  1 passed (1)
   Start at  13:05:42
   Duration  7.35s (transform 1.84s, setup 9ms, collect 2.78s, tests 2.76s, environment 0ms, prepare 29ms)

JSON report written to /private/tmp/viborm-g4-lane-tmp-3/viborm-raptor3-g0-1VAR63/vitest.json
Vitest resources: 13.46s wall, 745.2 MiB peak sampled process-group RSS (sampled ceiling 1536 MiB). Teardown verified.
Raptor 3 g4-write-seed-batch contract gate verified. Evidence: /private/tmp/viborm-g4-lane-tmp-3/viborm-raptor3-g0-1VAR63

 RUN  v3.1.4 /private/tmp/viborm-g4-lane-3

 ✓ |raptor3| tests/raptor3/g4/generation/write-campaign.test.ts (1 test) 3003ms
   ✓ executes one complete G4 write-envelope SQLite seed batch  3003ms

 Test Files  1 passed (1)
      Tests  1 passed (1)
   Start at  13:05:59
   Duration  7.81s (transform 1.48s, setup 10ms, collect 2.18s, tests 3.00s, environment 0ms, prepare 29ms)

JSON report written to /private/tmp/viborm-g4-lane-tmp-3/viborm-raptor3-g0-2uYEQH/vitest.json
Vitest resources: 14.01s wall, 908.2 MiB peak sampled process-group RSS (sampled ceiling 1536 MiB). Teardown verified.
Raptor 3 g4-write-seed-batch contract gate verified. Evidence: /private/tmp/viborm-g4-lane-tmp-3/viborm-raptor3-g0-2uYEQH

 RUN  v3.1.4 /private/tmp/viborm-g4-lane-3

 ✓ |raptor3| tests/raptor3/g4/generation/write-campaign.test.ts (1 test) 5974ms
   ✓ executes one complete G4 write-envelope SQLite seed batch  5974ms

 Test Files  1 passed (1)
      Tests  1 passed (1)
   Start at  13:06:17
   Duration  12.15s (transform 2.28s, setup 16ms, collect 3.40s, tests 5.97s, environment 0ms, prepare 37ms)

JSON report written to /private/tmp/viborm-g4-lane-tmp-3/viborm-raptor3-g0-t2VNGl/vitest.json
Vitest resources: 18.54s wall, 1029.5 MiB peak sampled process-group RSS (sampled ceiling 1536 MiB). Teardown verified.
Raptor 3 g4-write-seed-batch contract gate verified. Evidence: /private/tmp/viborm-g4-lane-tmp-3/viborm-raptor3-g0-t2VNGl

 RUN  v3.1.4 /private/tmp/viborm-g4-lane-3

 ✓ |raptor3| tests/raptor3/g4/generation/write-campaign.test.ts (1 test) 4101ms
   ✓ executes one complete G4 write-envelope SQLite seed batch  4101ms

 Test Files  1 passed (1)
      Tests  1 passed (1)
   Start at  13:06:42
   Duration  9.64s (transform 2.03s, setup 11ms, collect 3.07s, tests 4.10s, environment 0ms, prepare 47ms)

JSON report written to /private/tmp/viborm-g4-lane-tmp-3/viborm-raptor3-g0-7uDH8L/vitest.json
Vitest resources: 16.22s wall, 850.6 MiB peak sampled process-group RSS (sampled ceiling 1536 MiB). Teardown verified.
Raptor 3 g4-write-seed-batch contract gate verified. Evidence: /private/tmp/viborm-g4-lane-tmp-3/viborm-raptor3-g0-7uDH8L

 RUN  v3.1.4 /private/tmp/viborm-g4-lane-3

 ✓ |raptor3| tests/raptor3/g4/generation/write-campaign.test.ts (1 test) 3829ms
   ✓ executes one complete G4 write-envelope SQLite seed batch  3828ms

 Test Files  1 passed (1)
      Tests  1 passed (1)
   Start at  13:07:04
   Duration  8.73s (transform 1.90s, setup 14ms, collect 2.90s, tests 3.83s, environment 0ms, prepare 45ms)

JSON report written to /private/tmp/viborm-g4-lane-tmp-3/viborm-raptor3-g0-HK7xuD/vitest.json
Vitest resources: 15.36s wall, 773.8 MiB peak sampled process-group RSS (sampled ceiling 1536 MiB). Teardown verified.
Raptor 3 g4-write-seed-batch contract gate verified. Evidence: /private/tmp/viborm-g4-lane-tmp-3/viborm-raptor3-g0-HK7xuD

 RUN  v3.1.4 /private/tmp/viborm-g4-lane-3

 ✓ |raptor3| tests/raptor3/g4/generation/write-campaign.test.ts (1 test) 4183ms
   ✓ executes one complete G4 write-envelope SQLite seed batch  4183ms

 Test Files  1 passed (1)
      Tests  1 passed (1)
   Start at  13:07:24
   Duration  9.10s (transform 1.47s, setup 10ms, collect 2.16s, tests 4.18s, environment 0ms, prepare 32ms)

JSON report written to /private/tmp/viborm-g4-lane-tmp-3/viborm-raptor3-g0-BuLt9F/vitest.json
Vitest resources: 15.37s wall, 745.3 MiB peak sampled process-group RSS (sampled ceiling 1536 MiB). Teardown verified.
Raptor 3 g4-write-seed-batch contract gate verified. Evidence: /private/tmp/viborm-g4-lane-tmp-3/viborm-raptor3-g0-BuLt9F

 RUN  v3.1.4 /private/tmp/viborm-g4-lane-3

 ✓ |raptor3| tests/raptor3/g4/generation/write-campaign.test.ts (1 test) 4563ms
   ✓ executes one complete G4 write-envelope SQLite seed batch  4563ms

 Test Files  1 passed (1)
      Tests  1 passed (1)
   Start at  13:07:45
   Duration  9.01s (transform 1.30s, setup 9ms, collect 1.93s, tests 4.56s, environment 0ms, prepare 34ms)

JSON report written to /private/tmp/viborm-g4-lane-tmp-3/viborm-raptor3-g0-LSEsmu/vitest.json
Vitest resources: 14.64s wall, 741.1 MiB peak sampled process-group RSS (sampled ceiling 1536 MiB). Teardown verified.
Raptor 3 g4-write-seed-batch contract gate verified. Evidence: /private/tmp/viborm-g4-lane-tmp-3/viborm-raptor3-g0-LSEsmu

 RUN  v3.1.4 /private/tmp/viborm-g4-lane-3

 ✓ |raptor3| tests/raptor3/g4/generation/write-campaign.test.ts (1 test) 3922ms
   ✓ executes one complete G4 write-envelope SQLite seed batch  3922ms

 Test Files  1 passed (1)
      Tests  1 passed (1)
   Start at  13:08:09
   Duration  12.43s (transform 3.41s, setup 19ms, collect 5.30s, tests 3.92s, environment 0ms, prepare 110ms)

JSON report written to /private/tmp/viborm-g4-lane-tmp-3/viborm-raptor3-g0-3hjOZI/vitest.json
Vitest resources: 21.72s wall, 744.1 MiB peak sampled process-group RSS (sampled ceiling 1536 MiB). Teardown verified.
Raptor 3 g4-write-seed-batch contract gate verified. Evidence: /private/tmp/viborm-g4-lane-tmp-3/viborm-raptor3-g0-3hjOZI

 RUN  v3.1.4 /private/tmp/viborm-g4-lane-3

 ✓ |raptor3| tests/raptor3/g4/generation/write-campaign.test.ts (1 test) 3478ms
   ✓ executes one complete G4 write-envelope SQLite seed batch  3478ms

 Test Files  1 passed (1)
      Tests  1 passed (1)
   Start at  13:08:31
   Duration  8.61s (transform 1.53s, setup 12ms, collect 2.28s, tests 3.48s, environment 0ms, prepare 34ms)

JSON report written to /private/tmp/viborm-g4-lane-tmp-3/viborm-raptor3-g0-fUfPKU/vitest.json
Vitest resources: 13.82s wall, 743.9 MiB peak sampled process-group RSS (sampled ceiling 1536 MiB). Teardown verified.
Raptor 3 g4-write-seed-batch contract gate verified. Evidence: /private/tmp/viborm-g4-lane-tmp-3/viborm-raptor3-g0-fUfPKU

 RUN  v3.1.4 /private/tmp/viborm-g4-lane-3

 ✓ |raptor3| tests/raptor3/g4/generation/write-campaign.test.ts (1 test) 4091ms
   ✓ executes one complete G4 write-envelope SQLite seed batch  4090ms

 Test Files  1 passed (1)
      Tests  1 passed (1)
   Start at  13:08:50
   Duration  9.66s (transform 1.83s, setup 13ms, collect 2.74s, tests 4.09s, environment 0ms, prepare 36ms)

JSON report written to /private/tmp/viborm-g4-lane-tmp-3/viborm-raptor3-g0-cOxvTx/vitest.json
Vitest resources: 16.08s wall, 788.1 MiB peak sampled process-group RSS (sampled ceiling 1536 MiB). Teardown verified.
Raptor 3 g4-write-seed-batch contract gate verified. Evidence: /private/tmp/viborm-g4-lane-tmp-3/viborm-raptor3-g0-cOxvTx

 RUN  v3.1.4 /private/tmp/viborm-g4-lane-3

 ✓ |raptor3| tests/raptor3/g4/generation/write-campaign.test.ts (1 test) 3070ms
   ✓ executes one complete G4 write-envelope SQLite seed batch  3069ms

 Test Files  1 passed (1)
      Tests  1 passed (1)
   Start at  13:09:11
   Duration  8.79s (transform 1.93s, setup 13ms, collect 2.91s, tests 3.07s, environment 0ms, prepare 34ms)

JSON report written to /private/tmp/viborm-g4-lane-tmp-3/viborm-raptor3-g0-OVHBhS/vitest.json
Vitest resources: 15.30s wall, 756.2 MiB peak sampled process-group RSS (sampled ceiling 1536 MiB). Teardown verified.
Raptor 3 g4-write-seed-batch contract gate verified. Evidence: /private/tmp/viborm-g4-lane-tmp-3/viborm-raptor3-g0-OVHBhS

 RUN  v3.1.4 /private/tmp/viborm-g4-lane-3

 ✓ |raptor3| tests/raptor3/g4/generation/write-campaign.test.ts (1 test) 4678ms
   ✓ executes one complete G4 write-envelope SQLite seed batch  4678ms

 Test Files  1 passed (1)
      Tests  1 passed (1)
   Start at  13:09:30
   Duration  10.36s (transform 1.99s, setup 11ms, collect 3.00s, tests 4.68s, environment 0ms, prepare 41ms)

JSON report written to /private/tmp/viborm-g4-lane-tmp-3/viborm-raptor3-g0-7kH03Q/vitest.json
Vitest resources: 16.86s wall, 898.3 MiB peak sampled process-group RSS (sampled ceiling 1536 MiB). Teardown verified.
Raptor 3 g4-write-seed-batch contract gate verified. Evidence: /private/tmp/viborm-g4-lane-tmp-3/viborm-raptor3-g0-7kH03Q

 RUN  v3.1.4 /private/tmp/viborm-g4-lane-3

 ✓ |raptor3| tests/raptor3/g4/generation/write-campaign.test.ts (1 test) 4184ms
   ✓ executes one complete G4 write-envelope SQLite seed batch  4183ms

 Test Files  1 passed (1)
      Tests  1 passed (1)
   Start at  13:09:52
   Duration  9.14s (transform 1.93s, setup 10ms, collect 2.87s, tests 4.18s, environment 0ms, prepare 28ms)

JSON report written to /private/tmp/viborm-g4-lane-tmp-3/viborm-raptor3-g0-BSAklM/vitest.json
Vitest resources: 15.27s wall, 733.1 MiB peak sampled process-group RSS (sampled ceiling 1536 MiB). Teardown verified.
Raptor 3 g4-write-seed-batch contract gate verified. Evidence: /private/tmp/viborm-g4-lane-tmp-3/viborm-raptor3-g0-BSAklM

 RUN  v3.1.4 /private/tmp/viborm-g4-lane-3

 ✓ |raptor3| tests/raptor3/g4/generation/write-campaign.test.ts (1 test) 5043ms
   ✓ executes one complete G4 write-envelope SQLite seed batch  5042ms

 Test Files  1 passed (1)
      Tests  1 passed (1)
   Start at  13:10:12
   Duration  10.67s (transform 2.09s, setup 13ms, collect 3.13s, tests 5.04s, environment 0ms, prepare 47ms)

JSON report written to /private/tmp/viborm-g4-lane-tmp-3/viborm-raptor3-g0-gPzCev/vitest.json
Vitest resources: 17.64s wall, 1032.5 MiB peak sampled process-group RSS (sampled ceiling 1536 MiB). Teardown verified.
Raptor 3 g4-write-seed-batch contract gate verified. Evidence: /private/tmp/viborm-g4-lane-tmp-3/viborm-raptor3-g0-gPzCev

 RUN  v3.1.4 /private/tmp/viborm-g4-lane-3

 ✓ |raptor3| tests/raptor3/g4/generation/write-campaign.test.ts (1 test) 5051ms
   ✓ executes one complete G4 write-envelope SQLite seed batch  5051ms

 Test Files  1 passed (1)
      Tests  1 passed (1)
   Start at  13:10:34
   Duration  9.00s (transform 1.41s, setup 10ms, collect 2.11s, tests 5.05s, environment 0ms, prepare 42ms)

JSON report written to /private/tmp/viborm-g4-lane-tmp-3/viborm-raptor3-g0-KQCazo/vitest.json
Vitest resources: 15.77s wall, 762.3 MiB peak sampled process-group RSS (sampled ceiling 1536 MiB). Teardown verified.
Raptor 3 g4-write-seed-batch contract gate verified. Evidence: /private/tmp/viborm-g4-lane-tmp-3/viborm-raptor3-g0-KQCazo

 RUN  v3.1.4 /private/tmp/viborm-g4-lane-3

 ✓ |raptor3| tests/raptor3/g4/generation/write-campaign.test.ts (1 test) 3857ms
   ✓ executes one complete G4 write-envelope SQLite seed batch  3857ms

 Test Files  1 passed (1)
      Tests  1 passed (1)
   Start at  13:10:55
   Duration  7.85s (transform 1.57s, setup 11ms, collect 2.32s, tests 3.86s, environment 0ms, prepare 29ms)

JSON report written to /private/tmp/viborm-g4-lane-tmp-3/viborm-raptor3-g0-4MuGdb/vitest.json
Vitest resources: 13.74s wall, 961.2 MiB peak sampled process-group RSS (sampled ceiling 1536 MiB). Teardown verified.
Raptor 3 g4-write-seed-batch contract gate verified. Evidence: /private/tmp/viborm-g4-lane-tmp-3/viborm-raptor3-g0-4MuGdb

 RUN  v3.1.4 /private/tmp/viborm-g4-lane-3

 ✓ |raptor3| tests/raptor3/g4/generation/write-campaign.test.ts (1 test) 4289ms
   ✓ executes one complete G4 write-envelope SQLite seed batch  4288ms

 Test Files  1 passed (1)
      Tests  1 passed (1)
   Start at  13:11:14
   Duration  8.68s (transform 1.60s, setup 9ms, collect 2.38s, tests 4.29s, environment 0ms, prepare 29ms)

JSON report written to /private/tmp/viborm-g4-lane-tmp-3/viborm-raptor3-g0-Zw8E8i/vitest.json
Vitest resources: 14.95s wall, 738.5 MiB peak sampled process-group RSS (sampled ceiling 1536 MiB). Teardown verified.
Raptor 3 g4-write-seed-batch contract gate verified. Evidence: /private/tmp/viborm-g4-lane-tmp-3/viborm-raptor3-g0-Zw8E8i

 RUN  v3.1.4 /private/tmp/viborm-g4-lane-3

 ✓ |raptor3| tests/raptor3/g4/generation/write-campaign.test.ts (1 test) 3553ms
   ✓ executes one complete G4 write-envelope SQLite seed batch  3553ms

 Test Files  1 passed (1)
      Tests  1 passed (1)
   Start at  13:11:33
   Duration  7.97s (transform 1.51s, setup 11ms, collect 2.24s, tests 3.55s, environment 0ms, prepare 27ms)

JSON report written to /private/tmp/viborm-g4-lane-tmp-3/viborm-raptor3-g0-9Soyvc/vitest.json
Vitest resources: 13.37s wall, 769.1 MiB peak sampled process-group RSS (sampled ceiling 1536 MiB). Teardown verified.
Raptor 3 g4-write-seed-batch contract gate verified. Evidence: /private/tmp/viborm-g4-lane-tmp-3/viborm-raptor3-g0-9Soyvc

 RUN  v3.1.4 /private/tmp/viborm-g4-lane-3

 ✓ |raptor3| tests/raptor3/g4/generation/write-campaign.test.ts (1 test) 2879ms
   ✓ executes one complete G4 write-envelope SQLite seed batch  2879ms

 Test Files  1 passed (1)
      Tests  1 passed (1)
   Start at  13:11:53
   Duration  6.85s (transform 1.34s, setup 8ms, collect 1.97s, tests 2.88s, environment 0ms, prepare 26ms)

JSON report written to /private/tmp/viborm-g4-lane-tmp-3/viborm-raptor3-g0-GAj82i/vitest.json
Vitest resources: 13.90s wall, 746.9 MiB peak sampled process-group RSS (sampled ceiling 1536 MiB). Teardown verified.
Raptor 3 g4-write-seed-batch contract gate verified. Evidence: /private/tmp/viborm-g4-lane-tmp-3/viborm-raptor3-g0-GAj82i

 RUN  v3.1.4 /private/tmp/viborm-g4-lane-3

 ✓ |raptor3| tests/raptor3/g4/generation/write-campaign.test.ts (1 test) 2826ms
   ✓ executes one complete G4 write-envelope SQLite seed batch  2826ms

 Test Files  1 passed (1)
      Tests  1 passed (1)
   Start at  13:12:10
   Duration  6.96s (transform 1.60s, setup 18ms, collect 2.39s, tests 2.83s, environment 0ms, prepare 42ms)

JSON report written to /private/tmp/viborm-g4-lane-tmp-3/viborm-raptor3-g0-rVqmpH/vitest.json
Vitest resources: 13.35s wall, 720.9 MiB peak sampled process-group RSS (sampled ceiling 1536 MiB). Teardown verified.
Raptor 3 g4-write-seed-batch contract gate verified. Evidence: /private/tmp/viborm-g4-lane-tmp-3/viborm-raptor3-g0-rVqmpH

 RUN  v3.1.4 /private/tmp/viborm-g4-lane-3

 ✓ |raptor3| tests/raptor3/g4/generation/write-campaign.test.ts (1 test) 3098ms
   ✓ executes one complete G4 write-envelope SQLite seed batch  3097ms

 Test Files  1 passed (1)
      Tests  1 passed (1)
   Start at  13:12:27
   Duration  8.35s (transform 1.84s, setup 18ms, collect 2.73s, tests 3.10s, environment 0ms, prepare 40ms)

JSON report written to /private/tmp/viborm-g4-lane-tmp-3/viborm-raptor3-g0-N121fP/vitest.json
Vitest resources: 14.26s wall, 779.8 MiB peak sampled process-group RSS (sampled ceiling 1536 MiB). Teardown verified.
Raptor 3 g4-write-seed-batch contract gate verified. Evidence: /private/tmp/viborm-g4-lane-tmp-3/viborm-raptor3-g0-N121fP

 RUN  v3.1.4 /private/tmp/viborm-g4-lane-3

 ✓ |raptor3| tests/raptor3/g4/generation/write-campaign.test.ts (1 test) 3413ms
   ✓ executes one complete G4 write-envelope SQLite seed batch  3412ms

 Test Files  1 passed (1)
      Tests  1 passed (1)
   Start at  13:12:46
   Duration  8.45s (transform 1.56s, setup 9ms, collect 2.31s, tests 3.41s, environment 0ms, prepare 36ms)

JSON report written to /private/tmp/viborm-g4-lane-tmp-3/viborm-raptor3-g0-GNQZsY/vitest.json
Vitest resources: 13.51s wall, 732.0 MiB peak sampled process-group RSS (sampled ceiling 1536 MiB). Teardown verified.
Raptor 3 g4-write-seed-batch contract gate verified. Evidence: /private/tmp/viborm-g4-lane-tmp-3/viborm-raptor3-g0-GNQZsY

 RUN  v3.1.4 /private/tmp/viborm-g4-lane-3

 ✓ |raptor3| tests/raptor3/g4/generation/write-campaign.test.ts (1 test) 3534ms
   ✓ executes one complete G4 write-envelope SQLite seed batch  3533ms

 Test Files  1 passed (1)
      Tests  1 passed (1)
   Start at  13:13:05
   Duration  9.02s (transform 1.80s, setup 12ms, collect 2.71s, tests 3.53s, environment 0ms, prepare 35ms)

JSON report written to /private/tmp/viborm-g4-lane-tmp-3/viborm-raptor3-g0-CrZZg9/vitest.json
Vitest resources: 14.52s wall, 870.7 MiB peak sampled process-group RSS (sampled ceiling 1536 MiB). Teardown verified.
Raptor 3 g4-write-seed-batch contract gate verified. Evidence: /private/tmp/viborm-g4-lane-tmp-3/viborm-raptor3-g0-CrZZg9

 RUN  v3.1.4 /private/tmp/viborm-g4-lane-3

 ✓ |raptor3| tests/raptor3/g4/generation/write-campaign.test.ts (1 test) 3931ms
   ✓ executes one complete G4 write-envelope SQLite seed batch  3931ms

 Test Files  1 passed (1)
      Tests  1 passed (1)
   Start at  13:13:24
   Duration  7.80s (transform 1.40s, setup 10ms, collect 2.07s, tests 3.93s, environment 0ms, prepare 29ms)

JSON report written to /private/tmp/viborm-g4-lane-tmp-3/viborm-raptor3-g0-lneZVq/vitest.json
Vitest resources: 14.50s wall, 751.2 MiB peak sampled process-group RSS (sampled ceiling 1536 MiB). Teardown verified.
Raptor 3 g4-write-seed-batch contract gate verified. Evidence: /private/tmp/viborm-g4-lane-tmp-3/viborm-raptor3-g0-lneZVq

 RUN  v3.1.4 /private/tmp/viborm-g4-lane-3

 ✓ |raptor3| tests/raptor3/g4/generation/write-campaign.test.ts (1 test) 3980ms
   ✓ executes one complete G4 write-envelope SQLite seed batch  3979ms

 Test Files  1 passed (1)
      Tests  1 passed (1)
   Start at  13:13:43
   Duration  7.47s (transform 1.28s, setup 9ms, collect 1.92s, tests 3.98s, environment 0ms, prepare 27ms)

JSON report written to /private/tmp/viborm-g4-lane-tmp-3/viborm-raptor3-g0-X9Xrcs/vitest.json
Vitest resources: 13.57s wall, 743.5 MiB peak sampled process-group RSS (sampled ceiling 1536 MiB). Teardown verified.
Raptor 3 g4-write-seed-batch contract gate verified. Evidence: /private/tmp/viborm-g4-lane-tmp-3/viborm-raptor3-g0-X9Xrcs

 RUN  v3.1.4 /private/tmp/viborm-g4-lane-3

 ✓ |raptor3| tests/raptor3/g4/generation/write-campaign.test.ts (1 test) 3842ms
   ✓ executes one complete G4 write-envelope SQLite seed batch  3842ms

 Test Files  1 passed (1)
      Tests  1 passed (1)
   Start at  13:14:01
   Duration  8.69s (transform 1.89s, setup 14ms, collect 2.81s, tests 3.84s, environment 0ms, prepare 32ms)

JSON report written to /private/tmp/viborm-g4-lane-tmp-3/viborm-raptor3-g0-sQieUa/vitest.json
Vitest resources: 13.81s wall, 733.2 MiB peak sampled process-group RSS (sampled ceiling 1536 MiB). Teardown verified.
Raptor 3 g4-write-seed-batch contract gate verified. Evidence: /private/tmp/viborm-g4-lane-tmp-3/viborm-raptor3-g0-sQieUa

 RUN  v3.1.4 /private/tmp/viborm-g4-lane-3

 ✓ |raptor3| tests/raptor3/g4/generation/write-campaign.test.ts (1 test) 4179ms
   ✓ executes one complete G4 write-envelope SQLite seed batch  4179ms

 Test Files  1 passed (1)
      Tests  1 passed (1)
   Start at  13:14:19
   Duration  8.67s (transform 1.67s, setup 10ms, collect 2.48s, tests 4.18s, environment 0ms, prepare 32ms)

JSON report written to /private/tmp/viborm-g4-lane-tmp-3/viborm-raptor3-g0-I5c9F4/vitest.json
Vitest resources: 13.90s wall, 752.8 MiB peak sampled process-group RSS (sampled ceiling 1536 MiB). Teardown verified.
Raptor 3 g4-write-seed-batch contract gate verified. Evidence: /private/tmp/viborm-g4-lane-tmp-3/viborm-raptor3-g0-I5c9F4

 RUN  v3.1.4 /private/tmp/viborm-g4-lane-3

 ✓ |raptor3| tests/raptor3/g4/generation/write-campaign.test.ts (1 test) 4184ms
   ✓ executes one complete G4 write-envelope SQLite seed batch  4183ms

 Test Files  1 passed (1)
      Tests  1 passed (1)
   Start at  13:14:38
   Duration  8.17s (transform 1.56s, setup 11ms, collect 2.34s, tests 4.18s, environment 0ms, prepare 31ms)

JSON report written to /private/tmp/viborm-g4-lane-tmp-3/viborm-raptor3-g0-q3tCn8/vitest.json
Vitest resources: 14.30s wall, 870.7 MiB peak sampled process-group RSS (sampled ceiling 1536 MiB). Teardown verified.
Raptor 3 g4-write-seed-batch contract gate verified. Evidence: /private/tmp/viborm-g4-lane-tmp-3/viborm-raptor3-g0-q3tCn8

 RUN  v3.1.4 /private/tmp/viborm-g4-lane-3

 ✓ |raptor3| tests/raptor3/g4/generation/write-campaign.test.ts (1 test) 3103ms
   ✓ executes one complete G4 write-envelope SQLite seed batch  3102ms

 Test Files  1 passed (1)
      Tests  1 passed (1)
   Start at  13:14:56
   Duration  7.06s (transform 1.61s, setup 9ms, collect 2.40s, tests 3.10s, environment 0ms, prepare 29ms)

JSON report written to /private/tmp/viborm-g4-lane-tmp-3/viborm-raptor3-g0-01l2dk/vitest.json
Vitest resources: 12.27s wall, 733.6 MiB peak sampled process-group RSS (sampled ceiling 1536 MiB). Teardown verified.
Raptor 3 g4-write-seed-batch contract gate verified. Evidence: /private/tmp/viborm-g4-lane-tmp-3/viborm-raptor3-g0-01l2dk

 RUN  v3.1.4 /private/tmp/viborm-g4-lane-3

 ✓ |raptor3| tests/raptor3/g4/generation/write-campaign.test.ts (1 test) 3709ms
   ✓ executes one complete G4 write-envelope SQLite seed batch  3708ms

 Test Files  1 passed (1)
      Tests  1 passed (1)
   Start at  13:15:13
   Duration  8.80s (transform 1.63s, setup 10ms, collect 2.46s, tests 3.71s, environment 0ms, prepare 32ms)

JSON report written to /private/tmp/viborm-g4-lane-tmp-3/viborm-raptor3-g0-Z38ROv/vitest.json
Vitest resources: 14.44s wall, 732.9 MiB peak sampled process-group RSS (sampled ceiling 1536 MiB). Teardown verified.
Raptor 3 g4-write-seed-batch contract gate verified. Evidence: /private/tmp/viborm-g4-lane-tmp-3/viborm-raptor3-g0-Z38ROv

 RUN  v3.1.4 /private/tmp/viborm-g4-lane-3

 ✓ |raptor3| tests/raptor3/g4/generation/write-campaign.test.ts (1 test) 3215ms
   ✓ executes one complete G4 write-envelope SQLite seed batch  3215ms

 Test Files  1 passed (1)
      Tests  1 passed (1)
   Start at  13:15:32
   Duration  8.40s (transform 1.56s, setup 11ms, collect 2.30s, tests 3.22s, environment 0ms, prepare 28ms)

JSON report written to /private/tmp/viborm-g4-lane-tmp-3/viborm-raptor3-g0-PuBrGA/vitest.json
Vitest resources: 14.97s wall, 727.5 MiB peak sampled process-group RSS (sampled ceiling 1536 MiB). Teardown verified.
Raptor 3 g4-write-seed-batch contract gate verified. Evidence: /private/tmp/viborm-g4-lane-tmp-3/viborm-raptor3-g0-PuBrGA

 RUN  v3.1.4 /private/tmp/viborm-g4-lane-3

 ✓ |raptor3| tests/raptor3/g4/generation/write-campaign.test.ts (1 test) 3396ms
   ✓ executes one complete G4 write-envelope SQLite seed batch  3396ms

 Test Files  1 passed (1)
      Tests  1 passed (1)
   Start at  13:15:51
   Duration  8.28s (transform 1.58s, setup 11ms, collect 2.32s, tests 3.40s, environment 0ms, prepare 33ms)

JSON report written to /private/tmp/viborm-g4-lane-tmp-3/viborm-raptor3-g0-VV4YdQ/vitest.json
Vitest resources: 15.26s wall, 921.0 MiB peak sampled process-group RSS (sampled ceiling 1536 MiB). Teardown verified.
Raptor 3 g4-write-seed-batch contract gate verified. Evidence: /private/tmp/viborm-g4-lane-tmp-3/viborm-raptor3-g0-VV4YdQ

 RUN  v3.1.4 /private/tmp/viborm-g4-lane-3

 ✓ |raptor3| tests/raptor3/g4/generation/write-campaign.test.ts (1 test) 3078ms
   ✓ executes one complete G4 write-envelope SQLite seed batch  3077ms

 Test Files  1 passed (1)
      Tests  1 passed (1)
   Start at  13:16:10
   Duration  7.66s (transform 1.57s, setup 9ms, collect 2.31s, tests 3.08s, environment 0ms, prepare 28ms)

JSON report written to /private/tmp/viborm-g4-lane-tmp-3/viborm-raptor3-g0-xKVytt/vitest.json
Vitest resources: 14.18s wall, 724.1 MiB peak sampled process-group RSS (sampled ceiling 1536 MiB). Teardown verified.
Raptor 3 g4-write-seed-batch contract gate verified. Evidence: /private/tmp/viborm-g4-lane-tmp-3/viborm-raptor3-g0-xKVytt

 RUN  v3.1.4 /private/tmp/viborm-g4-lane-3

 ✓ |raptor3| tests/raptor3/g4/generation/write-campaign.test.ts (1 test) 4631ms
   ✓ executes one complete G4 write-envelope SQLite seed batch  4631ms

 Test Files  1 passed (1)
      Tests  1 passed (1)
   Start at  13:16:30
   Duration  8.79s (transform 1.52s, setup 10ms, collect 2.26s, tests 4.63s, environment 0ms, prepare 27ms)

JSON report written to /private/tmp/viborm-g4-lane-tmp-3/viborm-raptor3-g0-NJdAyJ/vitest.json
Vitest resources: 15.52s wall, 961.7 MiB peak sampled process-group RSS (sampled ceiling 1536 MiB). Teardown verified.
Raptor 3 g4-write-seed-batch contract gate verified. Evidence: /private/tmp/viborm-g4-lane-tmp-3/viborm-raptor3-g0-NJdAyJ

 RUN  v3.1.4 /private/tmp/viborm-g4-lane-3

 ✓ |raptor3| tests/raptor3/g4/generation/write-campaign.test.ts (1 test) 4472ms
   ✓ executes one complete G4 write-envelope SQLite seed batch  4471ms

 Test Files  1 passed (1)
      Tests  1 passed (1)
   Start at  13:16:48
   Duration  9.38s (transform 1.73s, setup 9ms, collect 2.56s, tests 4.47s, environment 0ms, prepare 29ms)

JSON report written to /private/tmp/viborm-g4-lane-tmp-3/viborm-raptor3-g0-QORGiH/vitest.json
Vitest resources: 14.36s wall, 1012.5 MiB peak sampled process-group RSS (sampled ceiling 1536 MiB). Teardown verified.
Raptor 3 g4-write-seed-batch contract gate verified. Evidence: /private/tmp/viborm-g4-lane-tmp-3/viborm-raptor3-g0-QORGiH

 RUN  v3.1.4 /private/tmp/viborm-g4-lane-3

 ✓ |raptor3| tests/raptor3/g4/generation/write-campaign.test.ts (1 test) 3930ms
   ✓ executes one complete G4 write-envelope SQLite seed batch  3930ms

 Test Files  1 passed (1)
      Tests  1 passed (1)
   Start at  13:17:08
   Duration  8.82s (transform 1.69s, setup 10ms, collect 2.56s, tests 3.93s, environment 0ms, prepare 34ms)

JSON report written to /private/tmp/viborm-g4-lane-tmp-3/viborm-raptor3-g0-Z7lP3k/vitest.json
Vitest resources: 14.97s wall, 742.2 MiB peak sampled process-group RSS (sampled ceiling 1536 MiB). Teardown verified.
Raptor 3 g4-write-seed-batch contract gate verified. Evidence: /private/tmp/viborm-g4-lane-tmp-3/viborm-raptor3-g0-Z7lP3k

 RUN  v3.1.4 /private/tmp/viborm-g4-lane-3

 ✓ |raptor3| tests/raptor3/g4/generation/write-campaign.test.ts (1 test) 4778ms
   ✓ executes one complete G4 write-envelope SQLite seed batch  4778ms

 Test Files  1 passed (1)
      Tests  1 passed (1)
   Start at  13:17:28
   Duration  9.25s (transform 1.44s, setup 9ms, collect 2.13s, tests 4.78s, environment 0ms, prepare 28ms)

JSON report written to /private/tmp/viborm-g4-lane-tmp-3/viborm-raptor3-g0-beeYJE/vitest.json
Vitest resources: 15.58s wall, 750.5 MiB peak sampled process-group RSS (sampled ceiling 1536 MiB). Teardown verified.
Raptor 3 g4-write-seed-batch contract gate verified. Evidence: /private/tmp/viborm-g4-lane-tmp-3/viborm-raptor3-g0-beeYJE

 RUN  v3.1.4 /private/tmp/viborm-g4-lane-3

 ✓ |raptor3| tests/raptor3/g4/generation/write-campaign.test.ts (1 test) 4026ms
   ✓ executes one complete G4 write-envelope SQLite seed batch  4026ms

 Test Files  1 passed (1)
      Tests  1 passed (1)
   Start at  13:17:48
   Duration  9.12s (transform 1.66s, setup 8ms, collect 2.47s, tests 4.03s, environment 0ms, prepare 26ms)

JSON report written to /private/tmp/viborm-g4-lane-tmp-3/viborm-raptor3-g0-2Tg7q3/vitest.json
Vitest resources: 15.45s wall, 724.8 MiB peak sampled process-group RSS (sampled ceiling 1536 MiB). Teardown verified.
Raptor 3 g4-write-seed-batch contract gate verified. Evidence: /private/tmp/viborm-g4-lane-tmp-3/viborm-raptor3-g0-2Tg7q3

 RUN  v3.1.4 /private/tmp/viborm-g4-lane-3

 ✓ |raptor3| tests/raptor3/g4/generation/write-campaign.test.ts (1 test) 3390ms
   ✓ executes one complete G4 write-envelope SQLite seed batch  3390ms

 Test Files  1 passed (1)
      Tests  1 passed (1)
   Start at  13:18:08
   Duration  8.86s (transform 1.73s, setup 13ms, collect 2.56s, tests 3.39s, environment 0ms, prepare 36ms)

JSON report written to /private/tmp/viborm-g4-lane-tmp-3/viborm-raptor3-g0-YlY8gq/vitest.json
Vitest resources: 15.52s wall, 724.1 MiB peak sampled process-group RSS (sampled ceiling 1536 MiB). Teardown verified.
Raptor 3 g4-write-seed-batch contract gate verified. Evidence: /private/tmp/viborm-g4-lane-tmp-3/viborm-raptor3-g0-YlY8gq

 RUN  v3.1.4 /private/tmp/viborm-g4-lane-3

 ✓ |raptor3| tests/raptor3/g4/generation/write-campaign.test.ts (1 test) 3525ms
   ✓ executes one complete G4 write-envelope SQLite seed batch  3524ms

 Test Files  1 passed (1)
      Tests  1 passed (1)
   Start at  13:18:28
   Duration  8.72s (transform 1.71s, setup 11ms, collect 2.55s, tests 3.52s, environment 0ms, prepare 44ms)

JSON report written to /private/tmp/viborm-g4-lane-tmp-3/viborm-raptor3-g0-JvLwQp/vitest.json
Vitest resources: 15.35s wall, 725.1 MiB peak sampled process-group RSS (sampled ceiling 1536 MiB). Teardown verified.
Raptor 3 g4-write-seed-batch contract gate verified. Evidence: /private/tmp/viborm-g4-lane-tmp-3/viborm-raptor3-g0-JvLwQp

 RUN  v3.1.4 /private/tmp/viborm-g4-lane-3

 ✓ |raptor3| tests/raptor3/g4/generation/write-campaign.test.ts (1 test) 3344ms
   ✓ executes one complete G4 write-envelope SQLite seed batch  3343ms

 Test Files  1 passed (1)
      Tests  1 passed (1)
   Start at  13:18:49
   Duration  9.31s (transform 1.66s, setup 10ms, collect 2.44s, tests 3.34s, environment 0ms, prepare 40ms)

JSON report written to /private/tmp/viborm-g4-lane-tmp-3/viborm-raptor3-g0-bngoQX/vitest.json
Vitest resources: 17.04s wall, 729.7 MiB peak sampled process-group RSS (sampled ceiling 1536 MiB). Teardown verified.
Raptor 3 g4-write-seed-batch contract gate verified. Evidence: /private/tmp/viborm-g4-lane-tmp-3/viborm-raptor3-g0-bngoQX

 RUN  v3.1.4 /private/tmp/viborm-g4-lane-3

 ✓ |raptor3| tests/raptor3/g4/generation/write-campaign.test.ts (1 test) 2486ms
   ✓ executes one complete G4 write-envelope SQLite seed batch  2485ms

 Test Files  1 passed (1)
      Tests  1 passed (1)
   Start at  13:19:09
   Duration  8.67s (transform 2.06s, setup 18ms, collect 3.12s, tests 2.49s, environment 0ms, prepare 78ms)

JSON report written to /private/tmp/viborm-g4-lane-tmp-3/viborm-raptor3-g0-XtL1RC/vitest.json
Vitest resources: 14.53s wall, 739.6 MiB peak sampled process-group RSS (sampled ceiling 1536 MiB). Teardown verified.
Raptor 3 g4-write-seed-batch contract gate verified. Evidence: /private/tmp/viborm-g4-lane-tmp-3/viborm-raptor3-g0-XtL1RC

 RUN  v3.1.4 /private/tmp/viborm-g4-lane-3

 ✓ |raptor3| tests/raptor3/g4/generation/write-campaign.test.ts (1 test) 2886ms
   ✓ executes one complete G4 write-envelope SQLite seed batch  2886ms

 Test Files  1 passed (1)
      Tests  1 passed (1)
   Start at  13:19:28
   Duration  8.47s (transform 1.55s, setup 9ms, collect 2.32s, tests 2.89s, environment 0ms, prepare 31ms)

JSON report written to /private/tmp/viborm-g4-lane-tmp-3/viborm-raptor3-g0-2ia6ZK/vitest.json
Vitest resources: 14.14s wall, 713.9 MiB peak sampled process-group RSS (sampled ceiling 1536 MiB). Teardown verified.
Raptor 3 g4-write-seed-batch contract gate verified. Evidence: /private/tmp/viborm-g4-lane-tmp-3/viborm-raptor3-g0-2ia6ZK

 RUN  v3.1.4 /private/tmp/viborm-g4-lane-3

 ✓ |raptor3| tests/raptor3/g4/generation/write-campaign.test.ts (1 test) 4602ms
   ✓ executes one complete G4 write-envelope SQLite seed batch  4601ms

 Test Files  1 passed (1)
      Tests  1 passed (1)
   Start at  13:19:47
   Duration  10.32s (transform 1.81s, setup 10ms, collect 2.69s, tests 4.60s, environment 0ms, prepare 35ms)

JSON report written to /private/tmp/viborm-g4-lane-tmp-3/viborm-raptor3-g0-hR2yxv/vitest.json
Vitest resources: 16.27s wall, 747.6 MiB peak sampled process-group RSS (sampled ceiling 1536 MiB). Teardown verified.
Raptor 3 g4-write-seed-batch contract gate verified. Evidence: /private/tmp/viborm-g4-lane-tmp-3/viborm-raptor3-g0-hR2yxv

 RUN  v3.1.4 /private/tmp/viborm-g4-lane-3

 ✓ |raptor3| tests/raptor3/g4/generation/write-campaign.test.ts (1 test) 3882ms
   ✓ executes one complete G4 write-envelope SQLite seed batch  3881ms

 Test Files  1 passed (1)
      Tests  1 passed (1)
   Start at  13:20:09
   Duration  10.16s (transform 1.83s, setup 10ms, collect 2.74s, tests 3.88s, environment 0ms, prepare 35ms)

JSON report written to /private/tmp/viborm-g4-lane-tmp-3/viborm-raptor3-g0-RZ4S8N/vitest.json
Vitest resources: 17.04s wall, 945.5 MiB peak sampled process-group RSS (sampled ceiling 1536 MiB). Teardown verified.
Raptor 3 g4-write-seed-batch contract gate verified. Evidence: /private/tmp/viborm-g4-lane-tmp-3/viborm-raptor3-g0-RZ4S8N

 RUN  v3.1.4 /private/tmp/viborm-g4-lane-3

 ✓ |raptor3| tests/raptor3/g4/generation/write-campaign.test.ts (1 test) 5871ms
   ✓ executes one complete G4 write-envelope SQLite seed batch  5870ms

 Test Files  1 passed (1)
      Tests  1 passed (1)
   Start at  13:20:38
   Duration  13.03s (transform 2.14s, setup 17ms, collect 3.54s, tests 5.87s, environment 0ms, prepare 59ms)

JSON report written to /private/tmp/viborm-g4-lane-tmp-3/viborm-raptor3-g0-HdKKrI/vitest.json
Vitest resources: 23.92s wall, 795.4 MiB peak sampled process-group RSS (sampled ceiling 1536 MiB). Teardown verified.
Raptor 3 g4-write-seed-batch contract gate verified. Evidence: /private/tmp/viborm-g4-lane-tmp-3/viborm-raptor3-g0-HdKKrI

 RUN  v3.1.4 /private/tmp/viborm-g4-lane-3

 ✓ |raptor3| tests/raptor3/g4/generation/write-campaign.test.ts (1 test) 6437ms
   ✓ executes one complete G4 write-envelope SQLite seed batch  6437ms

 Test Files  1 passed (1)
      Tests  1 passed (1)
   Start at  13:21:07
   Duration  12.24s (transform 2.06s, setup 20ms, collect 3.15s, tests 6.44s, environment 0ms, prepare 61ms)

JSON report written to /private/tmp/viborm-g4-lane-tmp-3/viborm-raptor3-g0-YegQK5/vitest.json
Vitest resources: 21.10s wall, 726.8 MiB peak sampled process-group RSS (sampled ceiling 1536 MiB). Teardown verified.
Raptor 3 g4-write-seed-batch contract gate verified. Evidence: /private/tmp/viborm-g4-lane-tmp-3/viborm-raptor3-g0-YegQK5

 RUN  v3.1.4 /private/tmp/viborm-g4-lane-3

 ✓ |raptor3| tests/raptor3/g4/generation/write-campaign.test.ts (1 test) 5815ms
   ✓ executes one complete G4 write-envelope SQLite seed batch  5815ms

 Test Files  1 passed (1)
      Tests  1 passed (1)
   Start at  13:21:35
   Duration  12.59s (transform 2.28s, setup 19ms, collect 3.64s, tests 5.82s, environment 0ms, prepare 71ms)

JSON report written to /private/tmp/viborm-g4-lane-tmp-3/viborm-raptor3-g0-vl2j3d/vitest.json
Vitest resources: 22.91s wall, 741.7 MiB peak sampled process-group RSS (sampled ceiling 1536 MiB). Teardown verified.
Raptor 3 g4-write-seed-batch contract gate verified. Evidence: /private/tmp/viborm-g4-lane-tmp-3/viborm-raptor3-g0-vl2j3d

 RUN  v3.1.4 /private/tmp/viborm-g4-lane-3

 ✓ |raptor3| tests/raptor3/g4/generation/write-campaign.test.ts (1 test) 3779ms
   ✓ executes one complete G4 write-envelope SQLite seed batch  3778ms

 Test Files  1 passed (1)
      Tests  1 passed (1)
   Start at  13:22:04
   Duration  8.75s (transform 1.52s, setup 14ms, collect 2.28s, tests 3.78s, environment 0ms, prepare 32ms)

JSON report written to /private/tmp/viborm-g4-lane-tmp-3/viborm-raptor3-g0-ek583i/vitest.json
Vitest resources: 17.62s wall, 867.6 MiB peak sampled process-group RSS (sampled ceiling 1536 MiB). Teardown verified.
Raptor 3 g4-write-seed-batch contract gate verified. Evidence: /private/tmp/viborm-g4-lane-tmp-3/viborm-raptor3-g0-ek583i

 RUN  v3.1.4 /private/tmp/viborm-g4-lane-3

 ✓ |raptor3| tests/raptor3/g4/generation/write-campaign.test.ts (1 test) 2702ms
   ✓ executes one complete G4 write-envelope SQLite seed batch  2702ms

 Test Files  1 passed (1)
      Tests  1 passed (1)
   Start at  13:22:25
   Duration  7.49s (transform 1.34s, setup 10ms, collect 1.98s, tests 2.70s, environment 0ms, prepare 33ms)

JSON report written to /private/tmp/viborm-g4-lane-tmp-3/viborm-raptor3-g0-0ee5Mo/vitest.json
Vitest resources: 14.70s wall, 726.4 MiB peak sampled process-group RSS (sampled ceiling 1536 MiB). Teardown verified.
Raptor 3 g4-write-seed-batch contract gate verified. Evidence: /private/tmp/viborm-g4-lane-tmp-3/viborm-raptor3-g0-0ee5Mo

 RUN  v3.1.4 /private/tmp/viborm-g4-lane-3

 ✓ |raptor3| tests/raptor3/g4/generation/write-campaign.test.ts (1 test) 2965ms
   ✓ executes one complete G4 write-envelope SQLite seed batch  2965ms

 Test Files  1 passed (1)
      Tests  1 passed (1)
   Start at  13:22:45
   Duration  7.62s (transform 1.42s, setup 10ms, collect 2.09s, tests 2.97s, environment 0ms, prepare 31ms)

JSON report written to /private/tmp/viborm-g4-lane-tmp-3/viborm-raptor3-g0-ZEuZ3I/vitest.json
Vitest resources: 15.39s wall, 758.3 MiB peak sampled process-group RSS (sampled ceiling 1536 MiB). Teardown verified.
Raptor 3 g4-write-seed-batch contract gate verified. Evidence: /private/tmp/viborm-g4-lane-tmp-3/viborm-raptor3-g0-ZEuZ3I

 RUN  v3.1.4 /private/tmp/viborm-g4-lane-3

 ✓ |raptor3| tests/raptor3/g4/generation/write-campaign.test.ts (1 test) 2913ms
   ✓ executes one complete G4 write-envelope SQLite seed batch  2913ms

 Test Files  1 passed (1)
      Tests  1 passed (1)
   Start at  13:23:06
   Duration  8.23s (transform 1.85s, setup 12ms, collect 2.77s, tests 2.91s, environment 0ms, prepare 32ms)

JSON report written to /private/tmp/viborm-g4-lane-tmp-3/viborm-raptor3-g0-2Tz11h/vitest.json
Vitest resources: 16.01s wall, 719.7 MiB peak sampled process-group RSS (sampled ceiling 1536 MiB). Teardown verified.
Raptor 3 g4-write-seed-batch contract gate verified. Evidence: /private/tmp/viborm-g4-lane-tmp-3/viborm-raptor3-g0-2Tz11h

 RUN  v3.1.4 /private/tmp/viborm-g4-lane-3

 ✓ |raptor3| tests/raptor3/g4/generation/write-campaign.test.ts (1 test) 3082ms
   ✓ executes one complete G4 write-envelope SQLite seed batch  3082ms

 Test Files  1 passed (1)
      Tests  1 passed (1)
   Start at  13:23:27
   Duration  8.80s (transform 1.86s, setup 14ms, collect 2.71s, tests 3.08s, environment 0ms, prepare 60ms)

JSON report written to /private/tmp/viborm-g4-lane-tmp-3/viborm-raptor3-g0-blLQyh/vitest.json
Vitest resources: 16.72s wall, 845.0 MiB peak sampled process-group RSS (sampled ceiling 1536 MiB). Teardown verified.
Raptor 3 g4-write-seed-batch contract gate verified. Evidence: /private/tmp/viborm-g4-lane-tmp-3/viborm-raptor3-g0-blLQyh

 RUN  v3.1.4 /private/tmp/viborm-g4-lane-3

 ✓ |raptor3| tests/raptor3/g4/generation/write-campaign.test.ts (1 test) 4749ms
   ✓ executes one complete G4 write-envelope SQLite seed batch  4748ms

 Test Files  1 passed (1)
      Tests  1 passed (1)
   Start at  13:23:49
   Duration  10.21s (transform 1.93s, setup 10ms, collect 2.86s, tests 4.75s, environment 0ms, prepare 44ms)

JSON report written to /private/tmp/viborm-g4-lane-tmp-3/viborm-raptor3-g0-4Lt3rs/vitest.json
Vitest resources: 17.62s wall, 729.8 MiB peak sampled process-group RSS (sampled ceiling 1536 MiB). Teardown verified.
Raptor 3 g4-write-seed-batch contract gate verified. Evidence: /private/tmp/viborm-g4-lane-tmp-3/viborm-raptor3-g0-4Lt3rs

 RUN  v3.1.4 /private/tmp/viborm-g4-lane-3

 ✓ |raptor3| tests/raptor3/g4/generation/write-campaign.test.ts (1 test) 4213ms
   ✓ executes one complete G4 write-envelope SQLite seed batch  4213ms

 Test Files  1 passed (1)
      Tests  1 passed (1)
   Start at  13:24:14
   Duration  8.97s (transform 1.52s, setup 10ms, collect 2.26s, tests 4.21s, environment 0ms, prepare 40ms)

JSON report written to /private/tmp/viborm-g4-lane-tmp-3/viborm-raptor3-g0-5gS8tN/vitest.json
Vitest resources: 17.47s wall, 952.3 MiB peak sampled process-group RSS (sampled ceiling 1536 MiB). Teardown verified.
Raptor 3 g4-write-seed-batch contract gate verified. Evidence: /private/tmp/viborm-g4-lane-tmp-3/viborm-raptor3-g0-5gS8tN

 RUN  v3.1.4 /private/tmp/viborm-g4-lane-3

 ✓ |raptor3| tests/raptor3/g4/generation/write-campaign.test.ts (1 test) 3119ms
   ✓ executes one complete G4 write-envelope SQLite seed batch  3118ms

 Test Files  1 passed (1)
      Tests  1 passed (1)
   Start at  13:24:35
   Duration  7.67s (transform 1.37s, setup 13ms, collect 2.04s, tests 3.12s, environment 0ms, prepare 48ms)

JSON report written to /private/tmp/viborm-g4-lane-tmp-3/viborm-raptor3-g0-MGHYvI/vitest.json
Vitest resources: 13.60s wall, 1011.8 MiB peak sampled process-group RSS (sampled ceiling 1536 MiB). Teardown verified.
Raptor 3 g4-write-seed-batch contract gate verified. Evidence: /private/tmp/viborm-g4-lane-tmp-3/viborm-raptor3-g0-MGHYvI

 RUN  v3.1.4 /private/tmp/viborm-g4-lane-3

 ✓ |raptor3| tests/raptor3/g4/generation/write-campaign.test.ts (1 test) 4718ms
   ✓ executes one complete G4 write-envelope SQLite seed batch  4718ms

 Test Files  1 passed (1)
      Tests  1 passed (1)
   Start at  13:24:56
   Duration  10.00s (transform 1.81s, setup 11ms, collect 2.65s, tests 4.72s, environment 0ms, prepare 44ms)

JSON report written to /private/tmp/viborm-g4-lane-tmp-3/viborm-raptor3-g0-1XAUrg/vitest.json
Vitest resources: 18.13s wall, 715.6 MiB peak sampled process-group RSS (sampled ceiling 1536 MiB). Teardown verified.
Raptor 3 g4-write-seed-batch contract gate verified. Evidence: /private/tmp/viborm-g4-lane-tmp-3/viborm-raptor3-g0-1XAUrg

 RUN  v3.1.4 /private/tmp/viborm-g4-lane-3

 ✓ |raptor3| tests/raptor3/g4/generation/write-campaign.test.ts (1 test) 4139ms
   ✓ executes one complete G4 write-envelope SQLite seed batch  4138ms

 Test Files  1 passed (1)
      Tests  1 passed (1)
   Start at  13:25:20
   Duration  9.37s (transform 1.86s, setup 19ms, collect 2.84s, tests 4.14s, environment 0ms, prepare 45ms)

JSON report written to /private/tmp/viborm-g4-lane-tmp-3/viborm-raptor3-g0-IDZeY6/vitest.json
Vitest resources: 17.34s wall, 784.9 MiB peak sampled process-group RSS (sampled ceiling 1536 MiB). Teardown verified.
Raptor 3 g4-write-seed-batch contract gate verified. Evidence: /private/tmp/viborm-g4-lane-tmp-3/viborm-raptor3-g0-IDZeY6

 RUN  v3.1.4 /private/tmp/viborm-g4-lane-3

 ✓ |raptor3| tests/raptor3/g4/generation/write-campaign.test.ts (1 test) 4350ms
   ✓ executes one complete G4 write-envelope SQLite seed batch  4349ms

 Test Files  1 passed (1)
      Tests  1 passed (1)
   Start at  13:25:48
   Duration  10.48s (transform 1.75s, setup 11ms, collect 2.55s, tests 4.35s, environment 0ms, prepare 52ms)

JSON report written to /private/tmp/viborm-g4-lane-tmp-3/viborm-raptor3-g0-0oIoDJ/vitest.json
Vitest resources: 20.41s wall, 922.7 MiB peak sampled process-group RSS (sampled ceiling 1536 MiB). Teardown verified.
Raptor 3 g4-write-seed-batch contract gate verified. Evidence: /private/tmp/viborm-g4-lane-tmp-3/viborm-raptor3-g0-0oIoDJ

 RUN  v3.1.4 /private/tmp/viborm-g4-lane-3

 ✓ |raptor3| tests/raptor3/g4/generation/write-campaign.test.ts (1 test) 4605ms
   ✓ executes one complete G4 write-envelope SQLite seed batch  4604ms

 Test Files  1 passed (1)
      Tests  1 passed (1)
   Start at  13:26:13
   Duration  12.92s (transform 3.36s, setup 32ms, collect 5.22s, tests 4.60s, environment 0ms, prepare 98ms)

JSON report written to /private/tmp/viborm-g4-lane-tmp-3/viborm-raptor3-g0-1caVhD/vitest.json
Vitest resources: 20.53s wall, 668.8 MiB peak sampled process-group RSS (sampled ceiling 1536 MiB). Teardown verified.
Raptor 3 g4-write-seed-batch contract gate verified. Evidence: /private/tmp/viborm-g4-lane-tmp-3/viborm-raptor3-g0-1caVhD

 RUN  v3.1.4 /private/tmp/viborm-g4-lane-3

 ✓ |raptor3| tests/raptor3/g4/generation/write-campaign.test.ts (1 test) 2918ms
   ✓ executes one complete G4 write-envelope SQLite seed batch  2917ms

 Test Files  1 passed (1)
      Tests  1 passed (1)
   Start at  13:26:36
   Duration  7.98s (transform 1.79s, setup 14ms, collect 2.70s, tests 2.92s, environment 0ms, prepare 40ms)

JSON report written to /private/tmp/viborm-g4-lane-tmp-3/viborm-raptor3-g0-IhKCjm/vitest.json
Vitest resources: 13.88s wall, 720.6 MiB peak sampled process-group RSS (sampled ceiling 1536 MiB). Teardown verified.
Raptor 3 g4-write-seed-batch contract gate verified. Evidence: /private/tmp/viborm-g4-lane-tmp-3/viborm-raptor3-g0-IhKCjm

 RUN  v3.1.4 /private/tmp/viborm-g4-lane-3

 ✓ |raptor3| tests/raptor3/g4/generation/write-campaign.test.ts (1 test) 2776ms
   ✓ executes one complete G4 write-envelope SQLite seed batch  2775ms

 Test Files  1 passed (1)
      Tests  1 passed (1)
   Start at  13:26:55
   Duration  7.47s (transform 1.37s, setup 9ms, collect 2.01s, tests 2.78s, environment 0ms, prepare 31ms)

JSON report written to /private/tmp/viborm-g4-lane-tmp-3/viborm-raptor3-g0-NPnlEZ/vitest.json
Vitest resources: 14.31s wall, 752.6 MiB peak sampled process-group RSS (sampled ceiling 1536 MiB). Teardown verified.
Raptor 3 g4-write-seed-batch contract gate verified. Evidence: /private/tmp/viborm-g4-lane-tmp-3/viborm-raptor3-g0-NPnlEZ

 RUN  v3.1.4 /private/tmp/viborm-g4-lane-3

 ✓ |raptor3| tests/raptor3/g4/generation/write-campaign.test.ts (1 test) 3172ms
   ✓ executes one complete G4 write-envelope SQLite seed batch  3172ms

 Test Files  1 passed (1)
      Tests  1 passed (1)
   Start at  13:27:16
   Duration  7.95s (transform 1.53s, setup 10ms, collect 2.26s, tests 3.17s, environment 0ms, prepare 30ms)

JSON report written to /private/tmp/viborm-g4-lane-tmp-3/viborm-raptor3-g0-ClyQGW/vitest.json
Vitest resources: 15.94s wall, 732.5 MiB peak sampled process-group RSS (sampled ceiling 1536 MiB). Teardown verified.
Raptor 3 g4-write-seed-batch contract gate verified. Evidence: /private/tmp/viborm-g4-lane-tmp-3/viborm-raptor3-g0-ClyQGW

 RUN  v3.1.4 /private/tmp/viborm-g4-lane-3

 ✓ |raptor3| tests/raptor3/g4/generation/write-campaign.test.ts (1 test) 2933ms
   ✓ executes one complete G4 write-envelope SQLite seed batch  2932ms

 Test Files  1 passed (1)
      Tests  1 passed (1)
   Start at  13:27:34
   Duration  8.20s (transform 1.69s, setup 11ms, collect 2.53s, tests 2.93s, environment 0ms, prepare 31ms)

JSON report written to /private/tmp/viborm-g4-lane-tmp-3/viborm-raptor3-g0-xupC5E/vitest.json
Vitest resources: 14.87s wall, 914.9 MiB peak sampled process-group RSS (sampled ceiling 1536 MiB). Teardown verified.
Raptor 3 g4-write-seed-batch contract gate verified. Evidence: /private/tmp/viborm-g4-lane-tmp-3/viborm-raptor3-g0-xupC5E

 RUN  v3.1.4 /private/tmp/viborm-g4-lane-3

 ✓ |raptor3| tests/raptor3/g4/generation/write-campaign.test.ts (1 test) 4664ms
   ✓ executes one complete G4 write-envelope SQLite seed batch  4663ms

 Test Files  1 passed (1)
      Tests  1 passed (1)
   Start at  13:27:57
   Duration  9.11s (transform 1.43s, setup 12ms, collect 2.08s, tests 4.66s, environment 0ms, prepare 37ms)

JSON report written to /private/tmp/viborm-g4-lane-tmp-3/viborm-raptor3-g0-PhzCg2/vitest.json
Vitest resources: 16.60s wall, 1032.4 MiB peak sampled process-group RSS (sampled ceiling 1536 MiB). Teardown verified.
Raptor 3 g4-write-seed-batch contract gate verified. Evidence: /private/tmp/viborm-g4-lane-tmp-3/viborm-raptor3-g0-PhzCg2

 RUN  v3.1.4 /private/tmp/viborm-g4-lane-3

 ✓ |raptor3| tests/raptor3/g4/generation/write-campaign.test.ts (1 test) 3958ms
   ✓ executes one complete G4 write-envelope SQLite seed batch  3957ms

 Test Files  1 passed (1)
      Tests  1 passed (1)
   Start at  13:28:20
   Duration  9.77s (transform 2.04s, setup 16ms, collect 3.05s, tests 3.96s, environment 0ms, prepare 50ms)

JSON report written to /private/tmp/viborm-g4-lane-tmp-3/viborm-raptor3-g0-C3GK8g/vitest.json
Vitest resources: 17.92s wall, 719.4 MiB peak sampled process-group RSS (sampled ceiling 1536 MiB). Teardown verified.
Raptor 3 g4-write-seed-batch contract gate verified. Evidence: /private/tmp/viborm-g4-lane-tmp-3/viborm-raptor3-g0-C3GK8g

 RUN  v3.1.4 /private/tmp/viborm-g4-lane-3

 ✓ |raptor3| tests/raptor3/g4/generation/write-campaign.test.ts (1 test) 5675ms
   ✓ executes one complete G4 write-envelope SQLite seed batch  5674ms

 Test Files  1 passed (1)
      Tests  1 passed (1)
   Start at  13:28:43
   Duration  9.70s (transform 1.35s, setup 9ms, collect 2.00s, tests 5.68s, environment 0ms, prepare 38ms)

JSON report written to /private/tmp/viborm-g4-lane-tmp-3/viborm-raptor3-g0-4WOOBR/vitest.json
Vitest resources: 17.50s wall, 786.2 MiB peak sampled process-group RSS (sampled ceiling 1536 MiB). Teardown verified.
Raptor 3 g4-write-seed-batch contract gate verified. Evidence: /private/tmp/viborm-g4-lane-tmp-3/viborm-raptor3-g0-4WOOBR

 RUN  v3.1.4 /private/tmp/viborm-g4-lane-3

 ✓ |raptor3| tests/raptor3/g4/generation/write-campaign.test.ts (1 test) 4328ms
   ✓ executes one complete G4 write-envelope SQLite seed batch  4327ms

 Test Files  1 passed (1)
      Tests  1 passed (1)
   Start at  13:29:07
   Duration  10.53s (transform 2.36s, setup 15ms, collect 3.47s, tests 4.33s, environment 0ms, prepare 68ms)

JSON report written to /private/tmp/viborm-g4-lane-tmp-3/viborm-raptor3-g0-4l04BU/vitest.json
Vitest resources: 17.96s wall, 753.2 MiB peak sampled process-group RSS (sampled ceiling 1536 MiB). Teardown verified.
Raptor 3 g4-write-seed-batch contract gate verified. Evidence: /private/tmp/viborm-g4-lane-tmp-3/viborm-raptor3-g0-4l04BU

 RUN  v3.1.4 /private/tmp/viborm-g4-lane-3

 ✓ |raptor3| tests/raptor3/g4/generation/write-campaign.test.ts (1 test) 4546ms
   ✓ executes one complete G4 write-envelope SQLite seed batch  4545ms

 Test Files  1 passed (1)
      Tests  1 passed (1)
   Start at  13:29:30
   Duration  9.92s (transform 1.70s, setup 12ms, collect 2.47s, tests 4.55s, environment 0ms, prepare 46ms)

JSON report written to /private/tmp/viborm-g4-lane-tmp-3/viborm-raptor3-g0-jEDIX2/vitest.json
Vitest resources: 17.21s wall, 752.6 MiB peak sampled process-group RSS (sampled ceiling 1536 MiB). Teardown verified.
Raptor 3 g4-write-seed-batch contract gate verified. Evidence: /private/tmp/viborm-g4-lane-tmp-3/viborm-raptor3-g0-jEDIX2

 RUN  v3.1.4 /private/tmp/viborm-g4-lane-3

 ✓ |raptor3| tests/raptor3/g4/generation/write-campaign.test.ts (1 test) 3093ms
   ✓ executes one complete G4 write-envelope SQLite seed batch  3092ms

 Test Files  1 passed (1)
      Tests  1 passed (1)
   Start at  13:29:53
   Duration  7.38s (transform 1.27s, setup 8ms, collect 1.85s, tests 3.09s, environment 0ms, prepare 26ms)

JSON report written to /private/tmp/viborm-g4-lane-tmp-3/viborm-raptor3-g0-DAqEff/vitest.json
Vitest resources: 14.19s wall, 721.4 MiB peak sampled process-group RSS (sampled ceiling 1536 MiB). Teardown verified.
Raptor 3 g4-write-seed-batch contract gate verified. Evidence: /private/tmp/viborm-g4-lane-tmp-3/viborm-raptor3-g0-DAqEff

 RUN  v3.1.4 /private/tmp/viborm-g4-lane-3

 ✓ |raptor3| tests/raptor3/g4/generation/write-campaign.test.ts (1 test) 3097ms
   ✓ executes one complete G4 write-envelope SQLite seed batch  3096ms

 Test Files  1 passed (1)
      Tests  1 passed (1)
   Start at  13:30:11
   Duration  6.22s (transform 1.35s, setup 12ms, collect 1.94s, tests 3.10s, environment 0ms, prepare 27ms)

JSON report written to /private/tmp/viborm-g4-lane-tmp-3/viborm-raptor3-g0-77b0zM/vitest.json
Vitest resources: 12.18s wall, 897.9 MiB peak sampled process-group RSS (sampled ceiling 1536 MiB). Teardown verified.
Raptor 3 g4-write-seed-batch contract gate verified. Evidence: /private/tmp/viborm-g4-lane-tmp-3/viborm-raptor3-g0-77b0zM

 RUN  v3.1.4 /private/tmp/viborm-g4-lane-3

 ✓ |raptor3| tests/raptor3/g4/generation/write-campaign.test.ts (1 test) 3230ms
   ✓ executes one complete G4 write-envelope SQLite seed batch  3230ms

 Test Files  1 passed (1)
      Tests  1 passed (1)
   Start at  13:30:27
   Duration  7.19s (transform 1.62s, setup 12ms, collect 2.41s, tests 3.23s, environment 0ms, prepare 42ms)

JSON report written to /private/tmp/viborm-g4-lane-tmp-3/viborm-raptor3-g0-grChD9/vitest.json
Vitest resources: 12.18s wall, 654.0 MiB peak sampled process-group RSS (sampled ceiling 1536 MiB). Teardown verified.
Raptor 3 g4-write-seed-batch contract gate verified. Evidence: /private/tmp/viborm-g4-lane-tmp-3/viborm-raptor3-g0-grChD9

 RUN  v3.1.4 /private/tmp/viborm-g4-lane-3

 ✓ |raptor3| tests/raptor3/g4/generation/write-campaign.test.ts (1 test) 2881ms
   ✓ executes one complete G4 write-envelope SQLite seed batch  2880ms

 Test Files  1 passed (1)
      Tests  1 passed (1)
   Start at  13:30:43
   Duration  7.07s (transform 1.47s, setup 13ms, collect 2.16s, tests 2.88s, environment 0ms, prepare 40ms)

JSON report written to /private/tmp/viborm-g4-lane-tmp-3/viborm-raptor3-g0-SOP0h2/vitest.json
Vitest resources: 12.11s wall, 744.4 MiB peak sampled process-group RSS (sampled ceiling 1536 MiB). Teardown verified.
Raptor 3 g4-write-seed-batch contract gate verified. Evidence: /private/tmp/viborm-g4-lane-tmp-3/viborm-raptor3-g0-SOP0h2

 RUN  v3.1.4 /private/tmp/viborm-g4-lane-3

 ✓ |raptor3| tests/raptor3/g4/generation/write-campaign.test.ts (1 test) 3209ms
   ✓ executes one complete G4 write-envelope SQLite seed batch  3209ms

 Test Files  1 passed (1)
      Tests  1 passed (1)
   Start at  13:30:59
   Duration  7.19s (transform 1.42s, setup 9ms, collect 2.08s, tests 3.21s, environment 0ms, prepare 30ms)

JSON report written to /private/tmp/viborm-g4-lane-tmp-3/viborm-raptor3-g0-4guW9j/vitest.json
Vitest resources: 12.52s wall, 720.1 MiB peak sampled process-group RSS (sampled ceiling 1536 MiB). Teardown verified.
Raptor 3 g4-write-seed-batch contract gate verified. Evidence: /private/tmp/viborm-g4-lane-tmp-3/viborm-raptor3-g0-4guW9j

 RUN  v3.1.4 /private/tmp/viborm-g4-lane-3

 ✓ |raptor3| tests/raptor3/g4/generation/write-campaign.test.ts (1 test) 3157ms
   ✓ executes one complete G4 write-envelope SQLite seed batch  3157ms

 Test Files  1 passed (1)
      Tests  1 passed (1)
   Start at  13:31:15
   Duration  7.28s (transform 1.58s, setup 16ms, collect 2.36s, tests 3.16s, environment 0ms, prepare 30ms)

JSON report written to /private/tmp/viborm-g4-lane-tmp-3/viborm-raptor3-g0-y4cjHZ/vitest.json
Vitest resources: 12.86s wall, 742.2 MiB peak sampled process-group RSS (sampled ceiling 1536 MiB). Teardown verified.
Raptor 3 g4-write-seed-batch contract gate verified. Evidence: /private/tmp/viborm-g4-lane-tmp-3/viborm-raptor3-g0-y4cjHZ

 RUN  v3.1.4 /private/tmp/viborm-g4-lane-3

 ✓ |raptor3| tests/raptor3/g4/generation/write-campaign.test.ts (1 test) 4159ms
   ✓ executes one complete G4 write-envelope SQLite seed batch  4158ms

 Test Files  1 passed (1)
      Tests  1 passed (1)
   Start at  13:31:32
   Duration  8.67s (transform 1.55s, setup 18ms, collect 2.56s, tests 4.16s, environment 0ms, prepare 36ms)

JSON report written to /private/tmp/viborm-g4-lane-tmp-3/viborm-raptor3-g0-GOiuwH/vitest.json
Vitest resources: 14.16s wall, 970.2 MiB peak sampled process-group RSS (sampled ceiling 1536 MiB). Teardown verified.
Raptor 3 g4-write-seed-batch contract gate verified. Evidence: /private/tmp/viborm-g4-lane-tmp-3/viborm-raptor3-g0-GOiuwH

 RUN  v3.1.4 /private/tmp/viborm-g4-lane-3

 ✓ |raptor3| tests/raptor3/g4/generation/write-campaign.test.ts (1 test) 3338ms
   ✓ executes one complete G4 write-envelope SQLite seed batch  3338ms

 Test Files  1 passed (1)
      Tests  1 passed (1)
   Start at  13:31:50
   Duration  7.17s (transform 1.38s, setup 10ms, collect 2.00s, tests 3.34s, environment 0ms, prepare 30ms)

JSON report written to /private/tmp/viborm-g4-lane-tmp-3/viborm-raptor3-g0-Pcijxf/vitest.json
Vitest resources: 12.20s wall, 748.0 MiB peak sampled process-group RSS (sampled ceiling 1536 MiB). Teardown verified.
Raptor 3 g4-write-seed-batch contract gate verified. Evidence: /private/tmp/viborm-g4-lane-tmp-3/viborm-raptor3-g0-Pcijxf

 RUN  v3.1.4 /private/tmp/viborm-g4-lane-3

 ✓ |raptor3| tests/raptor3/g4/generation/write-campaign.test.ts (1 test) 4010ms
   ✓ executes one complete G4 write-envelope SQLite seed batch  4009ms

 Test Files  1 passed (1)
      Tests  1 passed (1)
   Start at  13:32:07
   Duration  7.27s (transform 1.25s, setup 9ms, collect 1.84s, tests 4.01s, environment 0ms, prepare 26ms)

JSON report written to /private/tmp/viborm-g4-lane-tmp-3/viborm-raptor3-g0-Pem6vV/vitest.json
Vitest resources: 12.35s wall, 732.0 MiB peak sampled process-group RSS (sampled ceiling 1536 MiB). Teardown verified.
Raptor 3 g4-write-seed-batch contract gate verified. Evidence: /private/tmp/viborm-g4-lane-tmp-3/viborm-raptor3-g0-Pem6vV

 RUN  v3.1.4 /private/tmp/viborm-g4-lane-3

 ✓ |raptor3| tests/raptor3/g4/generation/write-campaign.test.ts (1 test) 4084ms
   ✓ executes one complete G4 write-envelope SQLite seed batch  4083ms

 Test Files  1 passed (1)
      Tests  1 passed (1)
   Start at  13:32:22
   Duration  7.86s (transform 1.33s, setup 9ms, collect 1.93s, tests 4.08s, environment 0ms, prepare 30ms)

JSON report written to /private/tmp/viborm-g4-lane-tmp-3/viborm-raptor3-g0-aRziQo/vitest.json
Vitest resources: 12.16s wall, 793.0 MiB peak sampled process-group RSS (sampled ceiling 1536 MiB). Teardown verified.
Raptor 3 g4-write-seed-batch contract gate verified. Evidence: /private/tmp/viborm-g4-lane-tmp-3/viborm-raptor3-g0-aRziQo

 RUN  v3.1.4 /private/tmp/viborm-g4-lane-3

 ✓ |raptor3| tests/raptor3/g4/generation/write-campaign.test.ts (1 test) 3265ms
   ✓ executes one complete G4 write-envelope SQLite seed batch  3265ms

 Test Files  1 passed (1)
      Tests  1 passed (1)
   Start at  13:32:39
   Duration  7.12s (transform 1.27s, setup 9ms, collect 1.85s, tests 3.27s, environment 0ms, prepare 32ms)

JSON report written to /private/tmp/viborm-g4-lane-tmp-3/viborm-raptor3-g0-ht0uFk/vitest.json
Vitest resources: 11.61s wall, 724.3 MiB peak sampled process-group RSS (sampled ceiling 1536 MiB). Teardown verified.
Raptor 3 g4-write-seed-batch contract gate verified. Evidence: /private/tmp/viborm-g4-lane-tmp-3/viborm-raptor3-g0-ht0uFk

 RUN  v3.1.4 /private/tmp/viborm-g4-lane-3

 ✓ |raptor3| tests/raptor3/g4/generation/write-campaign.test.ts (1 test) 2556ms
   ✓ executes one complete G4 write-envelope SQLite seed batch  2555ms

 Test Files  1 passed (1)
      Tests  1 passed (1)
   Start at  13:32:58
   Duration  6.11s (transform 1.19s, setup 8ms, collect 1.73s, tests 2.56s, environment 0ms, prepare 25ms)

JSON report written to /private/tmp/viborm-g4-lane-tmp-3/viborm-raptor3-g0-AR0a1G/vitest.json
Vitest resources: 13.39s wall, 731.9 MiB peak sampled process-group RSS (sampled ceiling 1536 MiB). Teardown verified.
Raptor 3 g4-write-seed-batch contract gate verified. Evidence: /private/tmp/viborm-g4-lane-tmp-3/viborm-raptor3-g0-AR0a1G

 RUN  v3.1.4 /private/tmp/viborm-g4-lane-3

 ✓ |raptor3| tests/raptor3/g4/generation/write-campaign.test.ts (1 test) 3061ms
   ✓ executes one complete G4 write-envelope SQLite seed batch  3061ms

 Test Files  1 passed (1)
      Tests  1 passed (1)
   Start at  13:33:13
   Duration  6.54s (transform 1.34s, setup 9ms, collect 1.97s, tests 3.06s, environment 0ms, prepare 28ms)

JSON report written to /private/tmp/viborm-g4-lane-tmp-3/viborm-raptor3-g0-0FHjUk/vitest.json
Vitest resources: 11.77s wall, 725.1 MiB peak sampled process-group RSS (sampled ceiling 1536 MiB). Teardown verified.
Raptor 3 g4-write-seed-batch contract gate verified. Evidence: /private/tmp/viborm-g4-lane-tmp-3/viborm-raptor3-g0-0FHjUk

 RUN  v3.1.4 /private/tmp/viborm-g4-lane-3

 ✓ |raptor3| tests/raptor3/g4/generation/write-campaign.test.ts (1 test) 2602ms
   ✓ executes one complete G4 write-envelope SQLite seed batch  2601ms

 Test Files  1 passed (1)
      Tests  1 passed (1)
   Start at  13:33:29
   Duration  5.95s (transform 1.29s, setup 8ms, collect 1.87s, tests 2.60s, environment 0ms, prepare 27ms)

JSON report written to /private/tmp/viborm-g4-lane-tmp-3/viborm-raptor3-g0-vCIcf5/vitest.json
Vitest resources: 11.28s wall, 913.4 MiB peak sampled process-group RSS (sampled ceiling 1536 MiB). Teardown verified.
Raptor 3 g4-write-seed-batch contract gate verified. Evidence: /private/tmp/viborm-g4-lane-tmp-3/viborm-raptor3-g0-vCIcf5

 RUN  v3.1.4 /private/tmp/viborm-g4-lane-3

 ✓ |raptor3| tests/raptor3/g4/generation/write-campaign.test.ts (1 test) 2690ms
   ✓ executes one complete G4 write-envelope SQLite seed batch  2690ms

 Test Files  1 passed (1)
      Tests  1 passed (1)
   Start at  13:33:43
   Duration  6.05s (transform 1.17s, setup 8ms, collect 1.69s, tests 2.69s, environment 0ms, prepare 27ms)

JSON report written to /private/tmp/viborm-g4-lane-tmp-3/viborm-raptor3-g0-ltu4Mh/vitest.json
Vitest resources: 10.60s wall, 739.3 MiB peak sampled process-group RSS (sampled ceiling 1536 MiB). Teardown verified.
Raptor 3 g4-write-seed-batch contract gate verified. Evidence: /private/tmp/viborm-g4-lane-tmp-3/viborm-raptor3-g0-ltu4Mh

 RUN  v3.1.4 /private/tmp/viborm-g4-lane-3

 ✓ |raptor3| tests/raptor3/g4/generation/write-campaign.test.ts (1 test) 3275ms
   ✓ executes one complete G4 write-envelope SQLite seed batch  3274ms

 Test Files  1 passed (1)
      Tests  1 passed (1)
   Start at  13:33:57
   Duration  8.90s (transform 1.58s, setup 13ms, collect 2.29s, tests 3.27s, environment 0ms, prepare 40ms)

JSON report written to /private/tmp/viborm-g4-lane-tmp-3/viborm-raptor3-g0-Lmku6e/vitest.json
Vitest resources: 13.55s wall, 705.8 MiB peak sampled process-group RSS (sampled ceiling 1536 MiB). Teardown verified.
Raptor 3 g4-write-seed-batch contract gate verified. Evidence: /private/tmp/viborm-g4-lane-tmp-3/viborm-raptor3-g0-Lmku6e

 RUN  v3.1.4 /private/tmp/viborm-g4-lane-3

 ✓ |raptor3| tests/raptor3/g4/generation/write-campaign.test.ts (1 test) 3699ms
   ✓ executes one complete G4 write-envelope SQLite seed batch  3699ms

 Test Files  1 passed (1)
      Tests  1 passed (1)
   Start at  13:34:14
   Duration  8.79s (transform 1.95s, setup 41ms, collect 3.12s, tests 3.70s, environment 0ms, prepare 39ms)

JSON report written to /private/tmp/viborm-g4-lane-tmp-3/viborm-raptor3-g0-kEGbrD/vitest.json
Vitest resources: 13.59s wall, 755.1 MiB peak sampled process-group RSS (sampled ceiling 1536 MiB). Teardown verified.
Raptor 3 g4-write-seed-batch contract gate verified. Evidence: /private/tmp/viborm-g4-lane-tmp-3/viborm-raptor3-g0-kEGbrD

 RUN  v3.1.4 /private/tmp/viborm-g4-lane-3

 ✓ |raptor3| tests/raptor3/g4/generation/write-campaign.test.ts (1 test) 3430ms
   ✓ executes one complete G4 write-envelope SQLite seed batch  3430ms

 Test Files  1 passed (1)
      Tests  1 passed (1)
   Start at  13:34:32
   Duration  7.11s (transform 1.18s, setup 10ms, collect 1.73s, tests 3.43s, environment 0ms, prepare 36ms)

JSON report written to /private/tmp/viborm-g4-lane-tmp-3/viborm-raptor3-g0-EsRt7x/vitest.json
Vitest resources: 12.31s wall, 972.8 MiB peak sampled process-group RSS (sampled ceiling 1536 MiB). Teardown verified.
Raptor 3 g4-write-seed-batch contract gate verified. Evidence: /private/tmp/viborm-g4-lane-tmp-3/viborm-raptor3-g0-EsRt7x

 RUN  v3.1.4 /private/tmp/viborm-g4-lane-3

 ✓ |raptor3| tests/raptor3/g4/generation/write-campaign.test.ts (1 test) 3767ms
   ✓ executes one complete G4 write-envelope SQLite seed batch  3766ms

 Test Files  1 passed (1)
      Tests  1 passed (1)
   Start at  13:34:48
   Duration  7.44s (transform 1.27s, setup 9ms, collect 1.88s, tests 3.77s, environment 0ms, prepare 28ms)

JSON report written to /private/tmp/viborm-g4-lane-tmp-3/viborm-raptor3-g0-nh5869/vitest.json
Vitest resources: 12.15s wall, 747.2 MiB peak sampled process-group RSS (sampled ceiling 1536 MiB). Teardown verified.
Raptor 3 g4-write-seed-batch contract gate verified. Evidence: /private/tmp/viborm-g4-lane-tmp-3/viborm-raptor3-g0-nh5869

 RUN  v3.1.4 /private/tmp/viborm-g4-lane-3

 ✓ |raptor3| tests/raptor3/g4/generation/write-campaign.test.ts (1 test) 4146ms
   ✓ executes one complete G4 write-envelope SQLite seed batch  4146ms

 Test Files  1 passed (1)
      Tests  1 passed (1)
   Start at  13:35:03
   Duration  7.91s (transform 1.38s, setup 8ms, collect 2.02s, tests 4.15s, environment 0ms, prepare 26ms)

JSON report written to /private/tmp/viborm-g4-lane-tmp-3/viborm-raptor3-g0-PrMGOP/vitest.json
Vitest resources: 11.59s wall, 755.1 MiB peak sampled process-group RSS (sampled ceiling 1536 MiB). Teardown verified.
Raptor 3 g4-write-seed-batch contract gate verified. Evidence: /private/tmp/viborm-g4-lane-tmp-3/viborm-raptor3-g0-PrMGOP

 RUN  v3.1.4 /private/tmp/viborm-g4-lane-3

 ✓ |raptor3| tests/raptor3/g4/generation/write-campaign.test.ts (1 test) 2887ms
   ✓ executes one complete G4 write-envelope SQLite seed batch  2887ms

 Test Files  1 passed (1)
      Tests  1 passed (1)
   Start at  13:35:20
   Duration  6.41s (transform 1.19s, setup 10ms, collect 1.73s, tests 2.89s, environment 0ms, prepare 27ms)

JSON report written to /private/tmp/viborm-g4-lane-tmp-3/viborm-raptor3-g0-cgPOo8/vitest.json
Vitest resources: 11.09s wall, 878.9 MiB peak sampled process-group RSS (sampled ceiling 1536 MiB). Teardown verified.
Raptor 3 g4-write-seed-batch contract gate verified. Evidence: /private/tmp/viborm-g4-lane-tmp-3/viborm-raptor3-g0-cgPOo8

 RUN  v3.1.4 /private/tmp/viborm-g4-lane-3

 ✓ |raptor3| tests/raptor3/g4/generation/write-campaign.test.ts (1 test) 2750ms
   ✓ executes one complete G4 write-envelope SQLite seed batch  2750ms

 Test Files  1 passed (1)
      Tests  1 passed (1)
   Start at  13:35:35
   Duration  6.00s (transform 1.25s, setup 8ms, collect 1.83s, tests 2.75s, environment 0ms, prepare 26ms)

JSON report written to /private/tmp/viborm-g4-lane-tmp-3/viborm-raptor3-g0-scojev/vitest.json
Vitest resources: 10.87s wall, 844.1 MiB peak sampled process-group RSS (sampled ceiling 1536 MiB). Teardown verified.
Raptor 3 g4-write-seed-batch contract gate verified. Evidence: /private/tmp/viborm-g4-lane-tmp-3/viborm-raptor3-g0-scojev

 RUN  v3.1.4 /private/tmp/viborm-g4-lane-3

 ✓ |raptor3| tests/raptor3/g4/generation/write-campaign.test.ts (1 test) 3066ms
   ✓ executes one complete G4 write-envelope SQLite seed batch  3065ms

 Test Files  1 passed (1)
      Tests  1 passed (1)
   Start at  13:35:50
   Duration  6.52s (transform 1.21s, setup 8ms, collect 1.75s, tests 3.07s, environment 0ms, prepare 26ms)

JSON report written to /private/tmp/viborm-g4-lane-tmp-3/viborm-raptor3-g0-zWgYro/vitest.json
Vitest resources: 11.22s wall, 734.2 MiB peak sampled process-group RSS (sampled ceiling 1536 MiB). Teardown verified.
Raptor 3 g4-write-seed-batch contract gate verified. Evidence: /private/tmp/viborm-g4-lane-tmp-3/viborm-raptor3-g0-zWgYro

 RUN  v3.1.4 /private/tmp/viborm-g4-lane-3

 ✓ |raptor3| tests/raptor3/g4/generation/write-campaign.test.ts (1 test) 2473ms
   ✓ executes one complete G4 write-envelope SQLite seed batch  2473ms

 Test Files  1 passed (1)
      Tests  1 passed (1)
   Start at  13:36:05
   Duration  5.91s (transform 1.34s, setup 9ms, collect 1.95s, tests 2.47s, environment 0ms, prepare 27ms)

JSON report written to /private/tmp/viborm-g4-lane-tmp-3/viborm-raptor3-g0-5Ub7Zw/vitest.json
Vitest resources: 11.07s wall, 725.7 MiB peak sampled process-group RSS (sampled ceiling 1536 MiB). Teardown verified.
Raptor 3 g4-write-seed-batch contract gate verified. Evidence: /private/tmp/viborm-g4-lane-tmp-3/viborm-raptor3-g0-5Ub7Zw

 RUN  v3.1.4 /private/tmp/viborm-g4-lane-3

 ✓ |raptor3| tests/raptor3/g4/generation/write-campaign.test.ts (1 test) 2941ms
   ✓ executes one complete G4 write-envelope SQLite seed batch  2941ms

 Test Files  1 passed (1)
      Tests  1 passed (1)
   Start at  13:36:20
   Duration  6.20s (transform 1.27s, setup 9ms, collect 1.85s, tests 2.94s, environment 0ms, prepare 27ms)

JSON report written to /private/tmp/viborm-g4-lane-tmp-3/viborm-raptor3-g0-D8P7h6/vitest.json
Vitest resources: 11.05s wall, 790.8 MiB peak sampled process-group RSS (sampled ceiling 1536 MiB). Teardown verified.
Raptor 3 g4-write-seed-batch contract gate verified. Evidence: /private/tmp/viborm-g4-lane-tmp-3/viborm-raptor3-g0-D8P7h6

 RUN  v3.1.4 /private/tmp/viborm-g4-lane-3

 ✓ |raptor3| tests/raptor3/g4/generation/write-campaign.test.ts (1 test) 4069ms
   ✓ executes one complete G4 write-envelope SQLite seed batch  4068ms

 Test Files  1 passed (1)
      Tests  1 passed (1)
   Start at  13:36:35
   Duration  7.16s (transform 1.22s, setup 9ms, collect 1.78s, tests 4.07s, environment 0ms, prepare 25ms)

JSON report written to /private/tmp/viborm-g4-lane-tmp-3/viborm-raptor3-g0-ttM7Fu/vitest.json
Vitest resources: 12.08s wall, 972.7 MiB peak sampled process-group RSS (sampled ceiling 1536 MiB). Teardown verified.
Raptor 3 g4-write-seed-batch contract gate verified. Evidence: /private/tmp/viborm-g4-lane-tmp-3/viborm-raptor3-g0-ttM7Fu

 RUN  v3.1.4 /private/tmp/viborm-g4-lane-3

 ✓ |raptor3| tests/raptor3/g4/generation/write-campaign.test.ts (1 test) 3543ms
   ✓ executes one complete G4 write-envelope SQLite seed batch  3543ms

 Test Files  1 passed (1)
      Tests  1 passed (1)
   Start at  13:36:50
   Duration  7.51s (transform 1.31s, setup 10ms, collect 1.92s, tests 3.54s, environment 0ms, prepare 32ms)

JSON report written to /private/tmp/viborm-g4-lane-tmp-3/viborm-raptor3-g0-D3cw8O/vitest.json
Vitest resources: 11.91s wall, 1090.2 MiB peak sampled process-group RSS (sampled ceiling 1536 MiB). Teardown verified.
Raptor 3 g4-write-seed-batch contract gate verified. Evidence: /private/tmp/viborm-g4-lane-tmp-3/viborm-raptor3-g0-D3cw8O

 RUN  v3.1.4 /private/tmp/viborm-g4-lane-3

 ✓ |raptor3| tests/raptor3/g4/generation/write-campaign.test.ts (1 test) 3429ms
   ✓ executes one complete G4 write-envelope SQLite seed batch  3429ms

 Test Files  1 passed (1)
      Tests  1 passed (1)
   Start at  13:37:07
   Duration  6.55s (transform 1.12s, setup 8ms, collect 1.62s, tests 3.43s, environment 0ms, prepare 26ms)

JSON report written to /private/tmp/viborm-g4-lane-tmp-3/viborm-raptor3-g0-f0ks2X/vitest.json
Vitest resources: 11.93s wall, 753.3 MiB peak sampled process-group RSS (sampled ceiling 1536 MiB). Teardown verified.
Raptor 3 g4-write-seed-batch contract gate verified. Evidence: /private/tmp/viborm-g4-lane-tmp-3/viborm-raptor3-g0-f0ks2X

 RUN  v3.1.4 /private/tmp/viborm-g4-lane-3

 ✓ |raptor3| tests/raptor3/g4/generation/write-campaign.test.ts (1 test) 3980ms
   ✓ executes one complete G4 write-envelope SQLite seed batch  3980ms

 Test Files  1 passed (1)
      Tests  1 passed (1)
   Start at  13:37:22
   Duration  7.48s (transform 1.21s, setup 11ms, collect 1.77s, tests 3.98s, environment 0ms, prepare 26ms)

JSON report written to /private/tmp/viborm-g4-lane-tmp-3/viborm-raptor3-g0-fpaLWl/vitest.json
Vitest resources: 11.61s wall, 1075.3 MiB peak sampled process-group RSS (sampled ceiling 1536 MiB). Teardown verified.
Raptor 3 g4-write-seed-batch contract gate verified. Evidence: /private/tmp/viborm-g4-lane-tmp-3/viborm-raptor3-g0-fpaLWl

 RUN  v3.1.4 /private/tmp/viborm-g4-lane-3

 ✓ |raptor3| tests/raptor3/g4/generation/write-campaign.test.ts (1 test) 4233ms
   ✓ executes one complete G4 write-envelope SQLite seed batch  4232ms

 Test Files  1 passed (1)
      Tests  1 passed (1)
   Start at  13:37:37
   Duration  8.78s (transform 1.70s, setup 11ms, collect 2.50s, tests 4.23s, environment 0ms, prepare 30ms)

JSON report written to /private/tmp/viborm-g4-lane-tmp-3/viborm-raptor3-g0-Hsuha3/vitest.json
Vitest resources: 12.85s wall, 878.9 MiB peak sampled process-group RSS (sampled ceiling 1536 MiB). Teardown verified.
Raptor 3 g4-write-seed-batch contract gate verified. Evidence: /private/tmp/viborm-g4-lane-tmp-3/viborm-raptor3-g0-Hsuha3

 RUN  v3.1.4 /private/tmp/viborm-g4-lane-3

 ✓ |raptor3| tests/raptor3/g4/generation/write-campaign.test.ts (1 test) 3177ms
   ✓ executes one complete G4 write-envelope SQLite seed batch  3176ms

 Test Files  1 passed (1)
      Tests  1 passed (1)
   Start at  13:37:55
   Duration  8.48s (transform 1.46s, setup 10ms, collect 2.19s, tests 3.18s, environment 0ms, prepare 42ms)

JSON report written to /private/tmp/viborm-g4-lane-tmp-3/viborm-raptor3-g0-uR77Jt/vitest.json
Vitest resources: 13.77s wall, 879.8 MiB peak sampled process-group RSS (sampled ceiling 1536 MiB). Teardown verified.
Raptor 3 g4-write-seed-batch contract gate verified. Evidence: /private/tmp/viborm-g4-lane-tmp-3/viborm-raptor3-g0-uR77Jt

 RUN  v3.1.4 /private/tmp/viborm-g4-lane-3

 ✓ |raptor3| tests/raptor3/g4/generation/write-campaign.test.ts (1 test) 2608ms
   ✓ executes one complete G4 write-envelope SQLite seed batch  2607ms

 Test Files  1 passed (1)
      Tests  1 passed (1)
   Start at  13:38:13
   Duration  6.41s (transform 1.32s, setup 9ms, collect 1.99s, tests 2.61s, environment 0ms, prepare 35ms)

JSON report written to /private/tmp/viborm-g4-lane-tmp-3/viborm-raptor3-g0-jJHKeU/vitest.json
Vitest resources: 10.96s wall, 725.0 MiB peak sampled process-group RSS (sampled ceiling 1536 MiB). Teardown verified.
Raptor 3 g4-write-seed-batch contract gate verified. Evidence: /private/tmp/viborm-g4-lane-tmp-3/viborm-raptor3-g0-jJHKeU

 RUN  v3.1.4 /private/tmp/viborm-g4-lane-3

 ✓ |raptor3| tests/raptor3/g4/generation/write-campaign.test.ts (1 test) 3013ms
   ✓ executes one complete G4 write-envelope SQLite seed batch  3012ms

 Test Files  1 passed (1)
      Tests  1 passed (1)
   Start at  13:38:29
   Duration  7.44s (transform 1.71s, setup 13ms, collect 2.56s, tests 3.01s, environment 0ms, prepare 34ms)

JSON report written to /private/tmp/viborm-g4-lane-tmp-3/viborm-raptor3-g0-agUBuT/vitest.json
Vitest resources: 13.03s wall, 798.2 MiB peak sampled process-group RSS (sampled ceiling 1536 MiB). Teardown verified.
Raptor 3 g4-write-seed-batch contract gate verified. Evidence: /private/tmp/viborm-g4-lane-tmp-3/viborm-raptor3-g0-agUBuT

 RUN  v3.1.4 /private/tmp/viborm-g4-lane-3

 ✓ |raptor3| tests/raptor3/g4/generation/write-campaign.test.ts (1 test) 2610ms
   ✓ executes one complete G4 write-envelope SQLite seed batch  2610ms

 Test Files  1 passed (1)
      Tests  1 passed (1)
   Start at  13:38:46
   Duration  6.51s (transform 1.50s, setup 11ms, collect 2.23s, tests 2.61s, environment 0ms, prepare 39ms)

JSON report written to /private/tmp/viborm-g4-lane-tmp-3/viborm-raptor3-g0-bJwCK5/vitest.json
Vitest resources: 11.52s wall, 725.5 MiB peak sampled process-group RSS (sampled ceiling 1536 MiB). Teardown verified.
Raptor 3 g4-write-seed-batch contract gate verified. Evidence: /private/tmp/viborm-g4-lane-tmp-3/viborm-raptor3-g0-bJwCK5

 RUN  v3.1.4 /private/tmp/viborm-g4-lane-3

 ✓ |raptor3| tests/raptor3/g4/generation/write-campaign.test.ts (1 test) 2914ms
   ✓ executes one complete G4 write-envelope SQLite seed batch  2913ms

 Test Files  1 passed (1)
      Tests  1 passed (1)
   Start at  13:39:02
   Duration  6.56s (transform 1.49s, setup 9ms, collect 2.22s, tests 2.91s, environment 0ms, prepare 36ms)

JSON report written to /private/tmp/viborm-g4-lane-tmp-3/viborm-raptor3-g0-9rtiI5/vitest.json
Vitest resources: 12.08s wall, 715.3 MiB peak sampled process-group RSS (sampled ceiling 1536 MiB). Teardown verified.
Raptor 3 g4-write-seed-batch contract gate verified. Evidence: /private/tmp/viborm-g4-lane-tmp-3/viborm-raptor3-g0-9rtiI5

 RUN  v3.1.4 /private/tmp/viborm-g4-lane-3

 ✓ |raptor3| tests/raptor3/g4/generation/write-campaign.test.ts (1 test) 3692ms
   ✓ executes one complete G4 write-envelope SQLite seed batch  3691ms

 Test Files  1 passed (1)
      Tests  1 passed (1)
   Start at  13:39:17
   Duration  7.19s (transform 1.42s, setup 13ms, collect 2.12s, tests 3.69s, environment 0ms, prepare 39ms)

JSON report written to /private/tmp/viborm-g4-lane-tmp-3/viborm-raptor3-g0-qgOhdd/vitest.json
Vitest resources: 12.43s wall, 925.7 MiB peak sampled process-group RSS (sampled ceiling 1536 MiB). Teardown verified.
Raptor 3 g4-write-seed-batch contract gate verified. Evidence: /private/tmp/viborm-g4-lane-tmp-3/viborm-raptor3-g0-qgOhdd

 RUN  v3.1.4 /private/tmp/viborm-g4-lane-3

 ✓ |raptor3| tests/raptor3/g4/generation/write-campaign.test.ts (1 test) 3677ms
   ✓ executes one complete G4 write-envelope SQLite seed batch  3676ms

 Test Files  1 passed (1)
      Tests  1 passed (1)
   Start at  13:39:33
   Duration  7.29s (transform 1.37s, setup 11ms, collect 2.04s, tests 3.68s, environment 0ms, prepare 36ms)

JSON report written to /private/tmp/viborm-g4-lane-tmp-3/viborm-raptor3-g0-q2SUzq/vitest.json
Vitest resources: 12.22s wall, 774.5 MiB peak sampled process-group RSS (sampled ceiling 1536 MiB). Teardown verified.
Raptor 3 g4-write-seed-batch contract gate verified. Evidence: /private/tmp/viborm-g4-lane-tmp-3/viborm-raptor3-g0-q2SUzq

 RUN  v3.1.4 /private/tmp/viborm-g4-lane-3

 ✓ |raptor3| tests/raptor3/g4/generation/write-campaign.test.ts (1 test) 3512ms
   ✓ executes one complete G4 write-envelope SQLite seed batch  3512ms

 Test Files  1 passed (1)
      Tests  1 passed (1)
   Start at  13:39:49
   Duration  7.32s (transform 1.55s, setup 9ms, collect 2.29s, tests 3.51s, environment 0ms, prepare 34ms)

JSON report written to /private/tmp/viborm-g4-lane-tmp-3/viborm-raptor3-g0-POs3iN/vitest.json
Vitest resources: 11.59s wall, 754.8 MiB peak sampled process-group RSS (sampled ceiling 1536 MiB). Teardown verified.
Raptor 3 g4-write-seed-batch contract gate verified. Evidence: /private/tmp/viborm-g4-lane-tmp-3/viborm-raptor3-g0-POs3iN

 RUN  v3.1.4 /private/tmp/viborm-g4-lane-3

 ✓ |raptor3| tests/raptor3/g4/generation/write-campaign.test.ts (1 test) 3251ms
   ✓ executes one complete G4 write-envelope SQLite seed batch  3250ms

 Test Files  1 passed (1)
      Tests  1 passed (1)
   Start at  13:40:04
   Duration  6.60s (transform 1.27s, setup 9ms, collect 1.86s, tests 3.25s, environment 0ms, prepare 30ms)

JSON report written to /private/tmp/viborm-g4-lane-tmp-3/viborm-raptor3-g0-NDbQEf/vitest.json
Vitest resources: 11.00s wall, 850.5 MiB peak sampled process-group RSS (sampled ceiling 1536 MiB). Teardown verified.
Raptor 3 g4-write-seed-batch contract gate verified. Evidence: /private/tmp/viborm-g4-lane-tmp-3/viborm-raptor3-g0-NDbQEf

 RUN  v3.1.4 /private/tmp/viborm-g4-lane-3

 ✓ |raptor3| tests/raptor3/g4/generation/write-campaign.test.ts (1 test) 3676ms
   ✓ executes one complete G4 write-envelope SQLite seed batch  3676ms

 Test Files  1 passed (1)
      Tests  1 passed (1)
   Start at  13:40:18
   Duration  6.60s (transform 1.25s, setup 10ms, collect 1.84s, tests 3.68s, environment 0ms, prepare 27ms)

JSON report written to /private/tmp/viborm-g4-lane-tmp-3/viborm-raptor3-g0-yy67p7/vitest.json
Vitest resources: 10.53s wall, 755.2 MiB peak sampled process-group RSS (sampled ceiling 1536 MiB). Teardown verified.
Raptor 3 g4-write-seed-batch contract gate verified. Evidence: /private/tmp/viborm-g4-lane-tmp-3/viborm-raptor3-g0-yy67p7

 RUN  v3.1.4 /private/tmp/viborm-g4-lane-3

 ✓ |raptor3| tests/raptor3/g4/generation/write-campaign.test.ts (1 test) 3721ms
   ✓ executes one complete G4 write-envelope SQLite seed batch  3720ms

 Test Files  1 passed (1)
      Tests  1 passed (1)
   Start at  13:40:31
   Duration  6.05s (transform 1.26s, setup 8ms, collect 1.84s, tests 3.72s, environment 0ms, prepare 27ms)

JSON report written to /private/tmp/viborm-g4-lane-tmp-3/viborm-raptor3-g0-BDh3P3/vitest.json
Vitest resources: 9.86s wall, 986.5 MiB peak sampled process-group RSS (sampled ceiling 1536 MiB). Teardown verified.
Raptor 3 g4-write-seed-batch contract gate verified. Evidence: /private/tmp/viborm-g4-lane-tmp-3/viborm-raptor3-g0-BDh3P3

 RUN  v3.1.4 /private/tmp/viborm-g4-lane-3

 ✓ |raptor3| tests/raptor3/g4/generation/write-campaign.test.ts (1 test) 2296ms
   ✓ executes one complete G4 write-envelope SQLite seed batch  2296ms

 Test Files  1 passed (1)
      Tests  1 passed (1)
   Start at  13:40:43
   Duration  4.55s (transform 1.31s, setup 10ms, collect 1.93s, tests 2.30s, environment 0ms, prepare 30ms)

JSON report written to /private/tmp/viborm-g4-lane-tmp-3/viborm-raptor3-g0-aWvFmB/vitest.json
Vitest resources: 7.57s wall, 730.9 MiB peak sampled process-group RSS (sampled ceiling 1536 MiB). Teardown verified.
Raptor 3 g4-write-seed-batch contract gate verified. Evidence: /private/tmp/viborm-g4-lane-tmp-3/viborm-raptor3-g0-aWvFmB

 RUN  v3.1.4 /private/tmp/viborm-g4-lane-3

 ✓ |raptor3| tests/raptor3/g4/generation/write-campaign.test.ts (1 test) 3043ms
   ✓ executes one complete G4 write-envelope SQLite seed batch  3043ms

 Test Files  1 passed (1)
      Tests  1 passed (1)
   Start at  13:40:53
   Duration  6.11s (transform 1.47s, setup 8ms, collect 2.15s, tests 3.04s, environment 0ms, prepare 26ms)

JSON report written to /private/tmp/viborm-g4-lane-tmp-3/viborm-raptor3-g0-h7D1qR/vitest.json
Vitest resources: 9.91s wall, 861.4 MiB peak sampled process-group RSS (sampled ceiling 1536 MiB). Teardown verified.
Raptor 3 g4-write-seed-batch contract gate verified. Evidence: /private/tmp/viborm-g4-lane-tmp-3/viborm-raptor3-g0-h7D1qR

 RUN  v3.1.4 /private/tmp/viborm-g4-lane-3

 ✓ |raptor3| tests/raptor3/g4/generation/write-campaign.test.ts (1 test) 3299ms
   ✓ executes one complete G4 write-envelope SQLite seed batch  3298ms

 Test Files  1 passed (1)
      Tests  1 passed (1)
   Start at  13:41:05
   Duration  6.70s (transform 1.42s, setup 12ms, collect 2.11s, tests 3.30s, environment 0ms, prepare 45ms)

JSON report written to /private/tmp/viborm-g4-lane-tmp-3/viborm-raptor3-g0-3oqKQv/vitest.json
Vitest resources: 10.44s wall, 804.4 MiB peak sampled process-group RSS (sampled ceiling 1536 MiB). Teardown verified.
Raptor 3 g4-write-seed-batch contract gate verified. Evidence: /private/tmp/viborm-g4-lane-tmp-3/viborm-raptor3-g0-3oqKQv

 RUN  v3.1.4 /private/tmp/viborm-g4-lane-3

 ✓ |raptor3| tests/raptor3/g4/generation/write-campaign.test.ts (1 test) 3516ms
   ✓ executes one complete G4 write-envelope SQLite seed batch  3515ms

 Test Files  1 passed (1)
      Tests  1 passed (1)
   Start at  13:41:18
   Duration  6.88s (transform 1.45s, setup 12ms, collect 2.18s, tests 3.52s, environment 0ms, prepare 39ms)

JSON report written to /private/tmp/viborm-g4-lane-tmp-3/viborm-raptor3-g0-04zZzo/vitest.json
Vitest resources: 10.95s wall, 801.4 MiB peak sampled process-group RSS (sampled ceiling 1536 MiB). Teardown verified.
Raptor 3 g4-write-seed-batch contract gate verified. Evidence: /private/tmp/viborm-g4-lane-tmp-3/viborm-raptor3-g0-04zZzo

 RUN  v3.1.4 /private/tmp/viborm-g4-lane-3

 ✓ |raptor3| tests/raptor3/g4/generation/write-campaign.test.ts (1 test) 2996ms
   ✓ executes one complete G4 write-envelope SQLite seed batch  2996ms

 Test Files  1 passed (1)
      Tests  1 passed (1)
   Start at  13:41:32
   Duration  5.93s (transform 1.61s, setup 10ms, collect 2.44s, tests 3.00s, environment 0ms, prepare 45ms)

JSON report written to /private/tmp/viborm-g4-lane-tmp-3/viborm-raptor3-g0-iHmH7N/vitest.json
Vitest resources: 10.32s wall, 827.6 MiB peak sampled process-group RSS (sampled ceiling 1536 MiB). Teardown verified.
Raptor 3 g4-write-seed-batch contract gate verified. Evidence: /private/tmp/viborm-g4-lane-tmp-3/viborm-raptor3-g0-iHmH7N

 RUN  v3.1.4 /private/tmp/viborm-g4-lane-3

 ✓ |raptor3| tests/raptor3/g4/generation/write-campaign.test.ts (1 test) 3666ms
   ✓ executes one complete G4 write-envelope SQLite seed batch  3666ms

 Test Files  1 passed (1)
      Tests  1 passed (1)
   Start at  13:41:44
   Duration  6.04s (transform 1.26s, setup 10ms, collect 1.83s, tests 3.67s, environment 0ms, prepare 33ms)

JSON report written to /private/tmp/viborm-g4-lane-tmp-3/viborm-raptor3-g0-6QBiF7/vitest.json
Vitest resources: 10.03s wall, 748.9 MiB peak sampled process-group RSS (sampled ceiling 1536 MiB). Teardown verified.
Raptor 3 g4-write-seed-batch contract gate verified. Evidence: /private/tmp/viborm-g4-lane-tmp-3/viborm-raptor3-g0-6QBiF7

 RUN  v3.1.4 /private/tmp/viborm-g4-lane-3

 ✓ |raptor3| tests/raptor3/g4/generation/write-campaign.test.ts (1 test) 3528ms
   ✓ executes one complete G4 write-envelope SQLite seed batch  3527ms

 Test Files  1 passed (1)
      Tests  1 passed (1)
   Start at  13:41:56
   Duration  6.09s (transform 1.27s, setup 8ms, collect 1.84s, tests 3.53s, environment 0ms, prepare 27ms)

JSON report written to /private/tmp/viborm-g4-lane-tmp-3/viborm-raptor3-g0-z1tF4z/vitest.json
Vitest resources: 8.78s wall, 977.2 MiB peak sampled process-group RSS (sampled ceiling 1536 MiB). Teardown verified.
Raptor 3 g4-write-seed-batch contract gate verified. Evidence: /private/tmp/viborm-g4-lane-tmp-3/viborm-raptor3-g0-z1tF4z

 RUN  v3.1.4 /private/tmp/viborm-g4-lane-3

 ✓ |raptor3| tests/raptor3/g4/generation/write-campaign.test.ts (1 test) 3450ms
   ✓ executes one complete G4 write-envelope SQLite seed batch  3449ms

 Test Files  1 passed (1)
      Tests  1 passed (1)
   Start at  13:42:07
   Duration  6.06s (transform 1.24s, setup 10ms, collect 1.82s, tests 3.45s, environment 0ms, prepare 29ms)

JSON report written to /private/tmp/viborm-g4-lane-tmp-3/viborm-raptor3-g0-DfuGWk/vitest.json
Vitest resources: 8.67s wall, 731.2 MiB peak sampled process-group RSS (sampled ceiling 1536 MiB). Teardown verified.
Raptor 3 g4-write-seed-batch contract gate verified. Evidence: /private/tmp/viborm-g4-lane-tmp-3/viborm-raptor3-g0-DfuGWk

 RUN  v3.1.4 /private/tmp/viborm-g4-lane-3

 ✓ |raptor3| tests/raptor3/g4/generation/write-campaign.test.ts (1 test) 3689ms
   ✓ executes one complete G4 write-envelope SQLite seed batch  3688ms

 Test Files  1 passed (1)
      Tests  1 passed (1)
   Start at  13:42:18
   Duration  6.39s (transform 1.34s, setup 8ms, collect 1.97s, tests 3.69s, environment 0ms, prepare 26ms)

JSON report written to /private/tmp/viborm-g4-lane-tmp-3/viborm-raptor3-g0-rbQTT8/vitest.json
Vitest resources: 9.89s wall, 979.8 MiB peak sampled process-group RSS (sampled ceiling 1536 MiB). Teardown verified.
Raptor 3 g4-write-seed-batch contract gate verified. Evidence: /private/tmp/viborm-g4-lane-tmp-3/viborm-raptor3-g0-rbQTT8

 RUN  v3.1.4 /private/tmp/viborm-g4-lane-3

 ✓ |raptor3| tests/raptor3/g4/generation/write-campaign.test.ts (1 test) 3214ms
   ✓ executes one complete G4 write-envelope SQLite seed batch  3213ms

 Test Files  1 passed (1)
      Tests  1 passed (1)
   Start at  13:42:32
   Duration  6.60s (transform 1.39s, setup 10ms, collect 2.04s, tests 3.21s, environment 0ms, prepare 38ms)

JSON report written to /private/tmp/viborm-g4-lane-tmp-3/viborm-raptor3-g0-LMRrad/vitest.json
Vitest resources: 10.62s wall, 759.8 MiB peak sampled process-group RSS (sampled ceiling 1536 MiB). Teardown verified.
Raptor 3 g4-write-seed-batch contract gate verified. Evidence: /private/tmp/viborm-g4-lane-tmp-3/viborm-raptor3-g0-LMRrad

 RUN  v3.1.4 /private/tmp/viborm-g4-lane-3

 ✓ |raptor3| tests/raptor3/g4/generation/write-campaign.test.ts (1 test) 2570ms
   ✓ executes one complete G4 write-envelope SQLite seed batch  2570ms

 Test Files  1 passed (1)
      Tests  1 passed (1)
   Start at  13:42:43
   Duration  5.21s (transform 1.33s, setup 10ms, collect 1.93s, tests 2.57s, environment 0ms, prepare 27ms)

JSON report written to /private/tmp/viborm-g4-lane-tmp-3/viborm-raptor3-g0-A2f0Ne/vitest.json
Vitest resources: 7.76s wall, 766.0 MiB peak sampled process-group RSS (sampled ceiling 1536 MiB). Teardown verified.
Raptor 3 g4-write-seed-batch contract gate verified. Evidence: /private/tmp/viborm-g4-lane-tmp-3/viborm-raptor3-g0-A2f0Ne

 RUN  v3.1.4 /private/tmp/viborm-g4-lane-3

 ✓ |raptor3| tests/raptor3/g4/generation/write-campaign.test.ts (1 test) 2827ms
   ✓ executes one complete G4 write-envelope SQLite seed batch  2826ms

 Test Files  1 passed (1)
      Tests  1 passed (1)
   Start at  13:42:53
   Duration  5.28s (transform 1.26s, setup 8ms, collect 1.87s, tests 2.83s, environment 0ms, prepare 27ms)

JSON report written to /private/tmp/viborm-g4-lane-tmp-3/viborm-raptor3-g0-bjnsSH/vitest.json
Vitest resources: 7.97s wall, 870.4 MiB peak sampled process-group RSS (sampled ceiling 1536 MiB). Teardown verified.
Raptor 3 g4-write-seed-batch contract gate verified. Evidence: /private/tmp/viborm-g4-lane-tmp-3/viborm-raptor3-g0-bjnsSH

 RUN  v3.1.4 /private/tmp/viborm-g4-lane-3

 ✓ |raptor3| tests/raptor3/g4/generation/write-campaign.test.ts (1 test) 2642ms
   ✓ executes one complete G4 write-envelope SQLite seed batch  2641ms

 Test Files  1 passed (1)
      Tests  1 passed (1)
   Start at  13:43:03
   Duration  4.82s (transform 1.19s, setup 8ms, collect 1.74s, tests 2.64s, environment 0ms, prepare 26ms)

JSON report written to /private/tmp/viborm-g4-lane-tmp-3/viborm-raptor3-g0-JHIhEe/vitest.json
Vitest resources: 7.73s wall, 927.5 MiB peak sampled process-group RSS (sampled ceiling 1536 MiB). Teardown verified.
Raptor 3 g4-write-seed-batch contract gate verified. Evidence: /private/tmp/viborm-g4-lane-tmp-3/viborm-raptor3-g0-JHIhEe

 RUN  v3.1.4 /private/tmp/viborm-g4-lane-3

 ✓ |raptor3| tests/raptor3/g4/generation/write-campaign.test.ts (1 test) 2859ms
   ✓ executes one complete G4 write-envelope SQLite seed batch  2859ms

 Test Files  1 passed (1)
      Tests  1 passed (1)
   Start at  13:43:13
   Duration  5.51s (transform 1.35s, setup 10ms, collect 1.99s, tests 2.86s, environment 0ms, prepare 28ms)

JSON report written to /private/tmp/viborm-g4-lane-tmp-3/viborm-raptor3-g0-7beoou/vitest.json
Vitest resources: 8.09s wall, 758.6 MiB peak sampled process-group RSS (sampled ceiling 1536 MiB). Teardown verified.
Raptor 3 g4-write-seed-batch contract gate verified. Evidence: /private/tmp/viborm-g4-lane-tmp-3/viborm-raptor3-g0-7beoou

 RUN  v3.1.4 /private/tmp/viborm-g4-lane-3

 ✓ |raptor3| tests/raptor3/g4/generation/write-campaign.test.ts (1 test) 2171ms
   ✓ executes one complete G4 write-envelope SQLite seed batch  2171ms

 Test Files  1 passed (1)
      Tests  1 passed (1)
   Start at  13:43:23
   Duration  4.92s (transform 1.28s, setup 8ms, collect 1.88s, tests 2.17s, environment 0ms, prepare 26ms)

JSON report written to /private/tmp/viborm-g4-lane-tmp-3/viborm-raptor3-g0-dkTUZo/vitest.json
Vitest resources: 7.66s wall, 867.7 MiB peak sampled process-group RSS (sampled ceiling 1536 MiB). Teardown verified.
Raptor 3 g4-write-seed-batch contract gate verified. Evidence: /private/tmp/viborm-g4-lane-tmp-3/viborm-raptor3-g0-dkTUZo

 RUN  v3.1.4 /private/tmp/viborm-g4-lane-3

 ✓ |raptor3| tests/raptor3/g4/generation/write-campaign.test.ts (1 test) 3637ms
   ✓ executes one complete G4 write-envelope SQLite seed batch  3637ms

 Test Files  1 passed (1)
      Tests  1 passed (1)
   Start at  13:43:33
   Duration  5.95s (transform 1.25s, setup 10ms, collect 1.82s, tests 3.64s, environment 0ms, prepare 25ms)

JSON report written to /private/tmp/viborm-g4-lane-tmp-3/viborm-raptor3-g0-OsjLZt/vitest.json
Vitest resources: 9.16s wall, 752.0 MiB peak sampled process-group RSS (sampled ceiling 1536 MiB). Teardown verified.
Raptor 3 g4-write-seed-batch contract gate verified. Evidence: /private/tmp/viborm-g4-lane-tmp-3/viborm-raptor3-g0-OsjLZt

 RUN  v3.1.4 /private/tmp/viborm-g4-lane-3

 ✓ |raptor3| tests/raptor3/g4/generation/write-campaign.test.ts (1 test) 3681ms
   ✓ executes one complete G4 write-envelope SQLite seed batch  3681ms

 Test Files  1 passed (1)
      Tests  1 passed (1)
   Start at  13:43:44
   Duration  6.30s (transform 1.21s, setup 10ms, collect 1.76s, tests 3.68s, environment 0ms, prepare 26ms)

JSON report written to /private/tmp/viborm-g4-lane-tmp-3/viborm-raptor3-g0-c3GggQ/vitest.json
Vitest resources: 9.35s wall, 957.8 MiB peak sampled process-group RSS (sampled ceiling 1536 MiB). Teardown verified.
Raptor 3 g4-write-seed-batch contract gate verified. Evidence: /private/tmp/viborm-g4-lane-tmp-3/viborm-raptor3-g0-c3GggQ

 RUN  v3.1.4 /private/tmp/viborm-g4-lane-3

 ✓ |raptor3| tests/raptor3/g4/generation/write-campaign.test.ts (1 test) 3639ms
   ✓ executes one complete G4 write-envelope SQLite seed batch  3638ms

 Test Files  1 passed (1)
      Tests  1 passed (1)
   Start at  13:43:56
   Duration  5.96s (transform 1.22s, setup 9ms, collect 1.75s, tests 3.64s, environment 0ms, prepare 26ms)

JSON report written to /private/tmp/viborm-g4-lane-tmp-3/viborm-raptor3-g0-KWlqY9/vitest.json
Vitest resources: 8.53s wall, 765.4 MiB peak sampled process-group RSS (sampled ceiling 1536 MiB). Teardown verified.
Raptor 3 g4-write-seed-batch contract gate verified. Evidence: /private/tmp/viborm-g4-lane-tmp-3/viborm-raptor3-g0-KWlqY9

 RUN  v3.1.4 /private/tmp/viborm-g4-lane-3

 ✓ |raptor3| tests/raptor3/g4/generation/write-campaign.test.ts (1 test) 4038ms
   ✓ executes one complete G4 write-envelope SQLite seed batch  4037ms

 Test Files  1 passed (1)
      Tests  1 passed (1)
   Start at  13:44:06
   Duration  6.49s (transform 1.20s, setup 10ms, collect 1.74s, tests 4.04s, environment 0ms, prepare 27ms)

JSON report written to /private/tmp/viborm-g4-lane-tmp-3/viborm-raptor3-g0-pXDfZm/vitest.json
Vitest resources: 9.10s wall, 1090.4 MiB peak sampled process-group RSS (sampled ceiling 1536 MiB). Teardown verified.
Raptor 3 g4-write-seed-batch contract gate verified. Evidence: /private/tmp/viborm-g4-lane-tmp-3/viborm-raptor3-g0-pXDfZm

 RUN  v3.1.4 /private/tmp/viborm-g4-lane-3

 ✓ |raptor3| tests/raptor3/g4/generation/write-campaign.test.ts (1 test) 3613ms
   ✓ executes one complete G4 write-envelope SQLite seed batch  3613ms

 Test Files  1 passed (1)
      Tests  1 passed (1)
   Start at  13:44:19
   Duration  6.58s (transform 1.33s, setup 8ms, collect 1.96s, tests 3.61s, environment 0ms, prepare 27ms)

JSON report written to /private/tmp/viborm-g4-lane-tmp-3/viborm-raptor3-g0-rzMKVu/vitest.json
Vitest resources: 9.44s wall, 940.9 MiB peak sampled process-group RSS (sampled ceiling 1536 MiB). Teardown verified.
Raptor 3 g4-write-seed-batch contract gate verified. Evidence: /private/tmp/viborm-g4-lane-tmp-3/viborm-raptor3-g0-rzMKVu

 RUN  v3.1.4 /private/tmp/viborm-g4-lane-3

 ✓ |raptor3| tests/raptor3/g4/generation/write-campaign.test.ts (1 test) 2610ms
   ✓ executes one complete G4 write-envelope SQLite seed batch  2610ms

 Test Files  1 passed (1)
      Tests  1 passed (1)
   Start at  13:44:30
   Duration  5.41s (transform 1.24s, setup 8ms, collect 1.82s, tests 2.61s, environment 0ms, prepare 28ms)

JSON report written to /private/tmp/viborm-g4-lane-tmp-3/viborm-raptor3-g0-p6PZzt/vitest.json
Vitest resources: 8.26s wall, 736.5 MiB peak sampled process-group RSS (sampled ceiling 1536 MiB). Teardown verified.
Raptor 3 g4-write-seed-batch contract gate verified. Evidence: /private/tmp/viborm-g4-lane-tmp-3/viborm-raptor3-g0-p6PZzt

 RUN  v3.1.4 /private/tmp/viborm-g4-lane-3

 ✓ |raptor3| tests/raptor3/g4/generation/write-campaign.test.ts (1 test) 2611ms
   ✓ executes one complete G4 write-envelope SQLite seed batch  2610ms

 Test Files  1 passed (1)
      Tests  1 passed (1)
   Start at  13:44:41
   Duration  4.95s (transform 1.27s, setup 8ms, collect 1.87s, tests 2.61s, environment 0ms, prepare 29ms)

JSON report written to /private/tmp/viborm-g4-lane-tmp-3/viborm-raptor3-g0-nQdZbp/vitest.json
Vitest resources: 7.87s wall, 757.9 MiB peak sampled process-group RSS (sampled ceiling 1536 MiB). Teardown verified.
Raptor 3 g4-write-seed-batch contract gate verified. Evidence: /private/tmp/viborm-g4-lane-tmp-3/viborm-raptor3-g0-nQdZbp

 RUN  v3.1.4 /private/tmp/viborm-g4-lane-3

 ✓ |raptor3| tests/raptor3/g4/generation/write-campaign.test.ts (1 test) 2615ms
   ✓ executes one complete G4 write-envelope SQLite seed batch  2614ms

 Test Files  1 passed (1)
      Tests  1 passed (1)
   Start at  13:44:50
   Duration  4.78s (transform 1.24s, setup 10ms, collect 1.81s, tests 2.61s, environment 0ms, prepare 27ms)

JSON report written to /private/tmp/viborm-g4-lane-tmp-3/viborm-raptor3-g0-Gr1NZ8/vitest.json
Vitest resources: 7.34s wall, 890.6 MiB peak sampled process-group RSS (sampled ceiling 1536 MiB). Teardown verified.
Raptor 3 g4-write-seed-batch contract gate verified. Evidence: /private/tmp/viborm-g4-lane-tmp-3/viborm-raptor3-g0-Gr1NZ8

 RUN  v3.1.4 /private/tmp/viborm-g4-lane-3

 ✓ |raptor3| tests/raptor3/g4/generation/write-campaign.test.ts (1 test) 2899ms
   ✓ executes one complete G4 write-envelope SQLite seed batch  2898ms

 Test Files  1 passed (1)
      Tests  1 passed (1)
   Start at  13:44:59
   Duration  5.60s (transform 1.37s, setup 8ms, collect 2.01s, tests 2.90s, environment 0ms, prepare 28ms)

JSON report written to /private/tmp/viborm-g4-lane-tmp-3/viborm-raptor3-g0-J7cBNK/vitest.json
Vitest resources: 8.30s wall, 731.2 MiB peak sampled process-group RSS (sampled ceiling 1536 MiB). Teardown verified.
Raptor 3 g4-write-seed-batch contract gate verified. Evidence: /private/tmp/viborm-g4-lane-tmp-3/viborm-raptor3-g0-J7cBNK

 RUN  v3.1.4 /private/tmp/viborm-g4-lane-3

 ✓ |raptor3| tests/raptor3/g4/generation/write-campaign.test.ts (1 test) 3031ms
   ✓ executes one complete G4 write-envelope SQLite seed batch  3030ms

 Test Files  1 passed (1)
      Tests  1 passed (1)
   Start at  13:45:10
   Duration  5.40s (transform 1.24s, setup 8ms, collect 1.80s, tests 3.03s, environment 0ms, prepare 26ms)

JSON report written to /private/tmp/viborm-g4-lane-tmp-3/viborm-raptor3-g0-dT3lln/vitest.json
Vitest resources: 8.45s wall, 859.9 MiB peak sampled process-group RSS (sampled ceiling 1536 MiB). Teardown verified.
Raptor 3 g4-write-seed-batch contract gate verified. Evidence: /private/tmp/viborm-g4-lane-tmp-3/viborm-raptor3-g0-dT3lln

 RUN  v3.1.4 /private/tmp/viborm-g4-lane-3

 ✓ |raptor3| tests/raptor3/g4/generation/write-campaign.test.ts (1 test) 3207ms
   ✓ executes one complete G4 write-envelope SQLite seed batch  3207ms

 Test Files  1 passed (1)
      Tests  1 passed (1)
   Start at  13:45:21
   Duration  5.69s (transform 1.28s, setup 11ms, collect 1.85s, tests 3.21s, environment 0ms, prepare 28ms)

JSON report written to /private/tmp/viborm-g4-lane-tmp-3/viborm-raptor3-g0-EJNCo9/vitest.json
Vitest resources: 8.77s wall, 847.6 MiB peak sampled process-group RSS (sampled ceiling 1536 MiB). Teardown verified.
Raptor 3 g4-write-seed-batch contract gate verified. Evidence: /private/tmp/viborm-g4-lane-tmp-3/viborm-raptor3-g0-EJNCo9

 RUN  v3.1.4 /private/tmp/viborm-g4-lane-3

 ✓ |raptor3| tests/raptor3/g4/generation/write-campaign.test.ts (1 test) 3262ms
   ✓ executes one complete G4 write-envelope SQLite seed batch  3261ms

 Test Files  1 passed (1)
      Tests  1 passed (1)
   Start at  13:45:32
   Duration  5.57s (transform 1.21s, setup 8ms, collect 1.77s, tests 3.26s, environment 0ms, prepare 26ms)

JSON report written to /private/tmp/viborm-g4-lane-tmp-3/viborm-raptor3-g0-bl00Lo/vitest.json
Vitest resources: 9.08s wall, 778.1 MiB peak sampled process-group RSS (sampled ceiling 1536 MiB). Teardown verified.
Raptor 3 g4-write-seed-batch contract gate verified. Evidence: /private/tmp/viborm-g4-lane-tmp-3/viborm-raptor3-g0-bl00Lo

 RUN  v3.1.4 /private/tmp/viborm-g4-lane-3

 ✓ |raptor3| tests/raptor3/g4/generation/write-campaign.test.ts (1 test) 3330ms
   ✓ executes one complete G4 write-envelope SQLite seed batch  3329ms

 Test Files  1 passed (1)
      Tests  1 passed (1)
   Start at  13:45:42
   Duration  5.78s (transform 1.39s, setup 9ms, collect 2.03s, tests 3.33s, environment 0ms, prepare 27ms)

JSON report written to /private/tmp/viborm-g4-lane-tmp-3/viborm-raptor3-g0-gIVcBK/vitest.json
Vitest resources: 8.24s wall, 1038.6 MiB peak sampled process-group RSS (sampled ceiling 1536 MiB). Teardown verified.
Raptor 3 g4-write-seed-batch contract gate verified. Evidence: /private/tmp/viborm-g4-lane-tmp-3/viborm-raptor3-g0-gIVcBK

 RUN  v3.1.4 /private/tmp/viborm-g4-lane-3

 ✓ |raptor3| tests/raptor3/g4/generation/write-campaign.test.ts (1 test) 3062ms
   ✓ executes one complete G4 write-envelope SQLite seed batch  3061ms

 Test Files  1 passed (1)
      Tests  1 passed (1)
   Start at  13:45:53
   Duration  5.40s (transform 1.19s, setup 10ms, collect 1.72s, tests 3.06s, environment 0ms, prepare 27ms)

JSON report written to /private/tmp/viborm-g4-lane-tmp-3/viborm-raptor3-g0-Wh4ece/vitest.json
Vitest resources: 8.23s wall, 947.8 MiB peak sampled process-group RSS (sampled ceiling 1536 MiB). Teardown verified.
Raptor 3 g4-write-seed-batch contract gate verified. Evidence: /private/tmp/viborm-g4-lane-tmp-3/viborm-raptor3-g0-Wh4ece

 RUN  v3.1.4 /private/tmp/viborm-g4-lane-3

 ✓ |raptor3| tests/raptor3/g4/generation/write-campaign.test.ts (1 test) 3101ms
   ✓ executes one complete G4 write-envelope SQLite seed batch  3100ms

 Test Files  1 passed (1)
      Tests  1 passed (1)
   Start at  13:46:04
   Duration  5.37s (transform 1.30s, setup 8ms, collect 1.89s, tests 3.10s, environment 0ms, prepare 27ms)

JSON report written to /private/tmp/viborm-g4-lane-tmp-3/viborm-raptor3-g0-k2b8zf/vitest.json
Vitest resources: 8.01s wall, 1005.1 MiB peak sampled process-group RSS (sampled ceiling 1536 MiB). Teardown verified.
Raptor 3 g4-write-seed-batch contract gate verified. Evidence: /private/tmp/viborm-g4-lane-tmp-3/viborm-raptor3-g0-k2b8zf

 RUN  v3.1.4 /private/tmp/viborm-g4-lane-3

 ✓ |raptor3| tests/raptor3/g4/generation/write-campaign.test.ts (1 test) 2792ms
   ✓ executes one complete G4 write-envelope SQLite seed batch  2792ms

 Test Files  1 passed (1)
      Tests  1 passed (1)
   Start at  13:46:13
   Duration  5.28s (transform 1.19s, setup 8ms, collect 1.73s, tests 2.79s, environment 0ms, prepare 28ms)

JSON report written to /private/tmp/viborm-g4-lane-tmp-3/viborm-raptor3-g0-EfnO67/vitest.json
Vitest resources: 7.85s wall, 733.8 MiB peak sampled process-group RSS (sampled ceiling 1536 MiB). Teardown verified.
Raptor 3 g4-write-seed-batch contract gate verified. Evidence: /private/tmp/viborm-g4-lane-tmp-3/viborm-raptor3-g0-EfnO67

 RUN  v3.1.4 /private/tmp/viborm-g4-lane-3

 ✓ |raptor3| tests/raptor3/g4/generation/write-campaign.test.ts (1 test) 2774ms
   ✓ executes one complete G4 write-envelope SQLite seed batch  2773ms

 Test Files  1 passed (1)
      Tests  1 passed (1)
   Start at  13:46:24
   Duration  5.07s (transform 1.22s, setup 9ms, collect 1.79s, tests 2.77s, environment 0ms, prepare 27ms)

JSON report written to /private/tmp/viborm-g4-lane-tmp-3/viborm-raptor3-g0-ehI2fM/vitest.json
Vitest resources: 8.01s wall, 769.0 MiB peak sampled process-group RSS (sampled ceiling 1536 MiB). Teardown verified.
Raptor 3 g4-write-seed-batch contract gate verified. Evidence: /private/tmp/viborm-g4-lane-tmp-3/viborm-raptor3-g0-ehI2fM

 RUN  v3.1.4 /private/tmp/viborm-g4-lane-3

 ✓ |raptor3| tests/raptor3/g4/generation/write-campaign.test.ts (1 test) 2365ms
   ✓ executes one complete G4 write-envelope SQLite seed batch  2365ms

 Test Files  1 passed (1)
      Tests  1 passed (1)
   Start at  13:46:34
   Duration  4.75s (transform 1.30s, setup 8ms, collect 1.89s, tests 2.37s, environment 0ms, prepare 26ms)

JSON report written to /private/tmp/viborm-g4-lane-tmp-3/viborm-raptor3-g0-SVOVjG/vitest.json
Vitest resources: 7.53s wall, 776.6 MiB peak sampled process-group RSS (sampled ceiling 1536 MiB). Teardown verified.
Raptor 3 g4-write-seed-batch contract gate verified. Evidence: /private/tmp/viborm-g4-lane-tmp-3/viborm-raptor3-g0-SVOVjG

 RUN  v3.1.4 /private/tmp/viborm-g4-lane-3

 ✓ |raptor3| tests/raptor3/g4/generation/write-campaign.test.ts (1 test) 2542ms
   ✓ executes one complete G4 write-envelope SQLite seed batch  2541ms

 Test Files  1 passed (1)
      Tests  1 passed (1)
   Start at  13:46:43
   Duration  5.15s (transform 1.29s, setup 9ms, collect 1.88s, tests 2.54s, environment 0ms, prepare 28ms)

JSON report written to /private/tmp/viborm-g4-lane-tmp-3/viborm-raptor3-g0-X4lDbL/vitest.json
Vitest resources: 7.53s wall, 765.3 MiB peak sampled process-group RSS (sampled ceiling 1536 MiB). Teardown verified.
Raptor 3 g4-write-seed-batch contract gate verified. Evidence: /private/tmp/viborm-g4-lane-tmp-3/viborm-raptor3-g0-X4lDbL

 RUN  v3.1.4 /private/tmp/viborm-g4-lane-3

 ✓ |raptor3| tests/raptor3/g4/generation/write-campaign.test.ts (1 test) 4645ms
   ✓ executes one complete G4 write-envelope SQLite seed batch  4644ms

 Test Files  1 passed (1)
      Tests  1 passed (1)
   Start at  13:46:52
   Duration  7.12s (transform 1.38s, setup 8ms, collect 2.00s, tests 4.65s, environment 0ms, prepare 25ms)

JSON report written to /private/tmp/viborm-g4-lane-tmp-3/viborm-raptor3-g0-FBjw20/vitest.json
Vitest resources: 10.62s wall, 876.3 MiB peak sampled process-group RSS (sampled ceiling 1536 MiB). Teardown verified.
Raptor 3 g4-write-seed-batch contract gate verified. Evidence: /private/tmp/viborm-g4-lane-tmp-3/viborm-raptor3-g0-FBjw20

 RUN  v3.1.4 /private/tmp/viborm-g4-lane-3

 ✓ |raptor3| tests/raptor3/g4/generation/write-campaign.test.ts (1 test) 5940ms
   ✓ executes one complete G4 write-envelope SQLite seed batch  5939ms

 Test Files  1 passed (1)
      Tests  1 passed (1)
   Start at  13:47:08
   Duration  9.89s (transform 1.73s, setup 9ms, collect 2.48s, tests 5.94s, environment 0ms, prepare 32ms)

JSON report written to /private/tmp/viborm-g4-lane-tmp-3/viborm-raptor3-g0-XJz0dm/vitest.json
Vitest resources: 14.19s wall, 1010.4 MiB peak sampled process-group RSS (sampled ceiling 1536 MiB). Teardown verified.
Raptor 3 g4-write-seed-batch contract gate verified. Evidence: /private/tmp/viborm-g4-lane-tmp-3/viborm-raptor3-g0-XJz0dm

 RUN  v3.1.4 /private/tmp/viborm-g4-lane-3

 ✓ |raptor3| tests/raptor3/g4/generation/write-campaign.test.ts (1 test) 5682ms
   ✓ executes one complete G4 write-envelope SQLite seed batch  5681ms

 Test Files  1 passed (1)
      Tests  1 passed (1)
   Start at  13:47:28
   Duration  9.61s (transform 1.53s, setup 11ms, collect 2.18s, tests 5.68s, environment 0ms, prepare 37ms)

JSON report written to /private/tmp/viborm-g4-lane-tmp-3/viborm-raptor3-g0-kiyB6s/vitest.json
Vitest resources: 14.83s wall, 721.8 MiB peak sampled process-group RSS (sampled ceiling 1536 MiB). Teardown verified.
Raptor 3 g4-write-seed-batch contract gate verified. Evidence: /private/tmp/viborm-g4-lane-tmp-3/viborm-raptor3-g0-kiyB6s

 RUN  v3.1.4 /private/tmp/viborm-g4-lane-3

 ✓ |raptor3| tests/raptor3/g4/generation/write-campaign.test.ts (1 test) 6721ms
   ✓ executes one complete G4 write-envelope SQLite seed batch  6720ms

 Test Files  1 passed (1)
      Tests  1 passed (1)
   Start at  13:47:49
   Duration  10.70s (transform 1.67s, setup 9ms, collect 2.39s, tests 6.72s, environment 0ms, prepare 33ms)

JSON report written to /private/tmp/viborm-g4-lane-tmp-3/viborm-raptor3-g0-DRkSLl/vitest.json
Vitest resources: 15.60s wall, 776.3 MiB peak sampled process-group RSS (sampled ceiling 1536 MiB). Teardown verified.
Raptor 3 g4-write-seed-batch contract gate verified. Evidence: /private/tmp/viborm-g4-lane-tmp-3/viborm-raptor3-g0-DRkSLl

 RUN  v3.1.4 /private/tmp/viborm-g4-lane-3

 ✓ |raptor3| tests/raptor3/g4/generation/write-campaign.test.ts (1 test) 5692ms
   ✓ executes one complete G4 write-envelope SQLite seed batch  5691ms

 Test Files  1 passed (1)
      Tests  1 passed (1)
   Start at  13:48:09
   Duration  9.85s (transform 1.62s, setup 11ms, collect 2.34s, tests 5.69s, environment 0ms, prepare 41ms)

JSON report written to /private/tmp/viborm-g4-lane-tmp-3/viborm-raptor3-g0-pEDHLx/vitest.json
Vitest resources: 14.93s wall, 746.1 MiB peak sampled process-group RSS (sampled ceiling 1536 MiB). Teardown verified.
Raptor 3 g4-write-seed-batch contract gate verified. Evidence: /private/tmp/viborm-g4-lane-tmp-3/viborm-raptor3-g0-pEDHLx

 RUN  v3.1.4 /private/tmp/viborm-g4-lane-3

 ✓ |raptor3| tests/raptor3/g4/generation/write-campaign.test.ts (1 test) 5120ms
   ✓ executes one complete G4 write-envelope SQLite seed batch  5120ms

 Test Files  1 passed (1)
      Tests  1 passed (1)
   Start at  13:48:29
   Duration  9.59s (transform 1.90s, setup 12ms, collect 2.74s, tests 5.12s, environment 0ms, prepare 41ms)

JSON report written to /private/tmp/viborm-g4-lane-tmp-3/viborm-raptor3-g0-ghtnHm/vitest.json
Vitest resources: 14.49s wall, 859.2 MiB peak sampled process-group RSS (sampled ceiling 1536 MiB). Teardown verified.
Raptor 3 g4-write-seed-batch contract gate verified. Evidence: /private/tmp/viborm-g4-lane-tmp-3/viborm-raptor3-g0-ghtnHm

 RUN  v3.1.4 /private/tmp/viborm-g4-lane-3

 ✓ |raptor3| tests/raptor3/g4/generation/write-campaign.test.ts (1 test) 5157ms
   ✓ executes one complete G4 write-envelope SQLite seed batch  5156ms

 Test Files  1 passed (1)
      Tests  1 passed (1)
   Start at  13:48:48
   Duration  9.86s (transform 2.10s, setup 12ms, collect 3.03s, tests 5.16s, environment 0ms, prepare 42ms)

JSON report written to /private/tmp/viborm-g4-lane-tmp-3/viborm-raptor3-g0-UHhJwD/vitest.json
Vitest resources: 14.95s wall, 930.5 MiB peak sampled process-group RSS (sampled ceiling 1536 MiB). Teardown verified.
Raptor 3 g4-write-seed-batch contract gate verified. Evidence: /private/tmp/viborm-g4-lane-tmp-3/viborm-raptor3-g0-UHhJwD

 RUN  v3.1.4 /private/tmp/viborm-g4-lane-3

 ✓ |raptor3| tests/raptor3/g4/generation/write-campaign.test.ts (1 test) 4255ms
   ✓ executes one complete G4 write-envelope SQLite seed batch  4254ms

 Test Files  1 passed (1)
      Tests  1 passed (1)
   Start at  13:49:07
   Duration  7.95s (transform 1.67s, setup 10ms, collect 2.41s, tests 4.26s, environment 0ms, prepare 31ms)

JSON report written to /private/tmp/viborm-g4-lane-tmp-3/viborm-raptor3-g0-gEsYTv/vitest.json
Vitest resources: 13.25s wall, 895.4 MiB peak sampled process-group RSS (sampled ceiling 1536 MiB). Teardown verified.
Raptor 3 g4-write-seed-batch contract gate verified. Evidence: /private/tmp/viborm-g4-lane-tmp-3/viborm-raptor3-g0-gEsYTv

 RUN  v3.1.4 /private/tmp/viborm-g4-lane-3

 ✓ |raptor3| tests/raptor3/g4/generation/write-campaign.test.ts (1 test) 5249ms
   ✓ executes one complete G4 write-envelope SQLite seed batch  5248ms

 Test Files  1 passed (1)
      Tests  1 passed (1)
   Start at  13:49:24
   Duration  8.89s (transform 1.73s, setup 10ms, collect 2.48s, tests 5.25s, environment 0ms, prepare 34ms)

JSON report written to /private/tmp/viborm-g4-lane-tmp-3/viborm-raptor3-g0-f84UrY/vitest.json
Vitest resources: 13.45s wall, 887.1 MiB peak sampled process-group RSS (sampled ceiling 1536 MiB). Teardown verified.
Raptor 3 g4-write-seed-batch contract gate verified. Evidence: /private/tmp/viborm-g4-lane-tmp-3/viborm-raptor3-g0-f84UrY

 RUN  v3.1.4 /private/tmp/viborm-g4-lane-3

 ✓ |raptor3| tests/raptor3/g4/generation/write-campaign.test.ts (1 test) 4217ms
   ✓ executes one complete G4 write-envelope SQLite seed batch  4216ms

 Test Files  1 passed (1)
      Tests  1 passed (1)
   Start at  13:49:40
   Duration  6.65s (transform 1.49s, setup 9ms, collect 2.15s, tests 4.22s, environment 0ms, prepare 32ms)

JSON report written to /private/tmp/viborm-g4-lane-tmp-3/viborm-raptor3-g0-9BUhQp/vitest.json
Vitest resources: 9.89s wall, 735.0 MiB peak sampled process-group RSS (sampled ceiling 1536 MiB). Teardown verified.
Raptor 3 g4-write-seed-batch contract gate verified. Evidence: /private/tmp/viborm-g4-lane-tmp-3/viborm-raptor3-g0-9BUhQp

 RUN  v3.1.4 /private/tmp/viborm-g4-lane-3

 ✓ |raptor3| tests/raptor3/g4/generation/write-campaign.test.ts (1 test) 4004ms
   ✓ executes one complete G4 write-envelope SQLite seed batch  4004ms

 Test Files  1 passed (1)
      Tests  1 passed (1)
   Start at  13:49:51
   Duration  6.46s (transform 1.54s, setup 10ms, collect 2.21s, tests 4.00s, environment 0ms, prepare 33ms)

JSON report written to /private/tmp/viborm-g4-lane-tmp-3/viborm-raptor3-g0-AjGUt7/vitest.json
Vitest resources: 9.16s wall, 777.9 MiB peak sampled process-group RSS (sampled ceiling 1536 MiB). Teardown verified.
Raptor 3 g4-write-seed-batch contract gate verified. Evidence: /private/tmp/viborm-g4-lane-tmp-3/viborm-raptor3-g0-AjGUt7

 RUN  v3.1.4 /private/tmp/viborm-g4-lane-3

 ✓ |raptor3| tests/raptor3/g4/generation/write-campaign.test.ts (1 test) 4191ms
   ✓ executes one complete G4 write-envelope SQLite seed batch  4190ms

 Test Files  1 passed (1)
      Tests  1 passed (1)
   Start at  13:50:03
   Duration  6.95s (transform 1.74s, setup 11ms, collect 2.49s, tests 4.19s, environment 0ms, prepare 36ms)

JSON report written to /private/tmp/viborm-g4-lane-tmp-3/viborm-raptor3-g0-TeydSv/vitest.json
Vitest resources: 9.69s wall, 858.9 MiB peak sampled process-group RSS (sampled ceiling 1536 MiB). Teardown verified.
Raptor 3 g4-write-seed-batch contract gate verified. Evidence: /private/tmp/viborm-g4-lane-tmp-3/viborm-raptor3-g0-TeydSv

 RUN  v3.1.4 /private/tmp/viborm-g4-lane-3

 ✓ |raptor3| tests/raptor3/g4/generation/write-campaign.test.ts (1 test) 4415ms
   ✓ executes one complete G4 write-envelope SQLite seed batch  4415ms

 Test Files  1 passed (1)
      Tests  1 passed (1)
   Start at  13:50:14
   Duration  7.38s (transform 1.72s, setup 12ms, collect 2.46s, tests 4.42s, environment 0ms, prepare 40ms)

JSON report written to /private/tmp/viborm-g4-lane-tmp-3/viborm-raptor3-g0-DKzf9w/vitest.json
Vitest resources: 10.41s wall, 977.3 MiB peak sampled process-group RSS (sampled ceiling 1536 MiB). Teardown verified.
Raptor 3 g4-write-seed-batch contract gate verified. Evidence: /private/tmp/viborm-g4-lane-tmp-3/viborm-raptor3-g0-DKzf9w

 RUN  v3.1.4 /private/tmp/viborm-g4-lane-3

 ✓ |raptor3| tests/raptor3/g4/generation/write-campaign.test.ts (1 test) 3968ms
   ✓ executes one complete G4 write-envelope SQLite seed batch  3967ms

 Test Files  1 passed (1)
      Tests  1 passed (1)
   Start at  13:50:27
   Duration  6.58s (transform 1.60s, setup 11ms, collect 2.29s, tests 3.97s, environment 0ms, prepare 37ms)

JSON report written to /private/tmp/viborm-g4-lane-tmp-3/viborm-raptor3-g0-1cmybY/vitest.json
Vitest resources: 9.63s wall, 722.6 MiB peak sampled process-group RSS (sampled ceiling 1536 MiB). Teardown verified.
Raptor 3 g4-write-seed-batch contract gate verified. Evidence: /private/tmp/viborm-g4-lane-tmp-3/viborm-raptor3-g0-1cmybY

 RUN  v3.1.4 /private/tmp/viborm-g4-lane-3

 ✓ |raptor3| tests/raptor3/g4/generation/write-campaign.test.ts (1 test) 5369ms
   ✓ executes one complete G4 write-envelope SQLite seed batch  5369ms

 Test Files  1 passed (1)
      Tests  1 passed (1)
   Start at  13:50:39
   Duration  8.06s (transform 1.67s, setup 11ms, collect 2.39s, tests 5.37s, environment 0ms, prepare 37ms)

JSON report written to /private/tmp/viborm-g4-lane-tmp-3/viborm-raptor3-g0-llTbek/vitest.json
Vitest resources: 11.22s wall, 843.8 MiB peak sampled process-group RSS (sampled ceiling 1536 MiB). Teardown verified.
Raptor 3 g4-write-seed-batch contract gate verified. Evidence: /private/tmp/viborm-g4-lane-tmp-3/viborm-raptor3-g0-llTbek

 RUN  v3.1.4 /private/tmp/viborm-g4-lane-3

 ✓ |raptor3| tests/raptor3/g4/generation/write-campaign.test.ts (1 test) 5439ms
   ✓ executes one complete G4 write-envelope SQLite seed batch  5438ms

 Test Files  1 passed (1)
      Tests  1 passed (1)
   Start at  13:50:54
   Duration  7.81s (transform 1.43s, setup 11ms, collect 2.02s, tests 5.44s, environment 0ms, prepare 37ms)

JSON report written to /private/tmp/viborm-g4-lane-tmp-3/viborm-raptor3-g0-CZOi20/vitest.json
Vitest resources: 11.24s wall, 845.4 MiB peak sampled process-group RSS (sampled ceiling 1536 MiB). Teardown verified.
Raptor 3 g4-write-seed-batch contract gate verified. Evidence: /private/tmp/viborm-g4-lane-tmp-3/viborm-raptor3-g0-CZOi20

 RUN  v3.1.4 /private/tmp/viborm-g4-lane-3

 ✓ |raptor3| tests/raptor3/g4/generation/write-campaign.test.ts (1 test) 5038ms
   ✓ executes one complete G4 write-envelope SQLite seed batch  5038ms

 Test Files  1 passed (1)
      Tests  1 passed (1)
   Start at  13:51:08
   Duration  7.25s (transform 1.40s, setup 10ms, collect 2.00s, tests 5.04s, environment 0ms, prepare 32ms)

JSON report written to /private/tmp/viborm-g4-lane-tmp-3/viborm-raptor3-g0-HbYRaG/vitest.json
Vitest resources: 10.48s wall, 956.9 MiB peak sampled process-group RSS (sampled ceiling 1536 MiB). Teardown verified.
Raptor 3 g4-write-seed-batch contract gate verified. Evidence: /private/tmp/viborm-g4-lane-tmp-3/viborm-raptor3-g0-HbYRaG

 RUN  v3.1.4 /private/tmp/viborm-g4-lane-3

 ✓ |raptor3| tests/raptor3/g4/generation/write-campaign.test.ts (1 test) 3707ms
   ✓ executes one complete G4 write-envelope SQLite seed batch  3707ms

 Test Files  1 passed (1)
      Tests  1 passed (1)
   Start at  13:51:21
   Duration  5.94s (transform 1.38s, setup 9ms, collect 1.98s, tests 3.71s, environment 0ms, prepare 30ms)

JSON report written to /private/tmp/viborm-g4-lane-tmp-3/viborm-raptor3-g0-wElKTC/vitest.json
Vitest resources: 8.69s wall, 736.7 MiB peak sampled process-group RSS (sampled ceiling 1536 MiB). Teardown verified.
Raptor 3 g4-write-seed-batch contract gate verified. Evidence: /private/tmp/viborm-g4-lane-tmp-3/viborm-raptor3-g0-wElKTC

 RUN  v3.1.4 /private/tmp/viborm-g4-lane-3

 ✓ |raptor3| tests/raptor3/g4/generation/write-campaign.test.ts (1 test) 3482ms
   ✓ executes one complete G4 write-envelope SQLite seed batch  3482ms

 Test Files  1 passed (1)
      Tests  1 passed (1)
   Start at  13:51:31
   Duration  5.74s (transform 1.38s, setup 9ms, collect 1.97s, tests 3.48s, environment 0ms, prepare 29ms)

JSON report written to /private/tmp/viborm-g4-lane-tmp-3/viborm-raptor3-g0-mRcVlh/vitest.json
Vitest resources: 8.49s wall, 900.1 MiB peak sampled process-group RSS (sampled ceiling 1536 MiB). Teardown verified.
Raptor 3 g4-write-seed-batch contract gate verified. Evidence: /private/tmp/viborm-g4-lane-tmp-3/viborm-raptor3-g0-mRcVlh

 RUN  v3.1.4 /private/tmp/viborm-g4-lane-3

 ✓ |raptor3| tests/raptor3/g4/generation/write-campaign.test.ts (1 test) 3574ms
   ✓ executes one complete G4 write-envelope SQLite seed batch  3573ms

 Test Files  1 passed (1)
      Tests  1 passed (1)
   Start at  13:51:42
   Duration  6.02s (transform 1.59s, setup 9ms, collect 2.28s, tests 3.57s, environment 0ms, prepare 31ms)

JSON report written to /private/tmp/viborm-g4-lane-tmp-3/viborm-raptor3-g0-YQFkI2/vitest.json
Vitest resources: 8.71s wall, 724.7 MiB peak sampled process-group RSS (sampled ceiling 1536 MiB). Teardown verified.
Raptor 3 g4-write-seed-batch contract gate verified. Evidence: /private/tmp/viborm-g4-lane-tmp-3/viborm-raptor3-g0-YQFkI2

 RUN  v3.1.4 /private/tmp/viborm-g4-lane-3

 ✓ |raptor3| tests/raptor3/g4/generation/write-campaign.test.ts (1 test) 4095ms
   ✓ executes one complete G4 write-envelope SQLite seed batch  4094ms

 Test Files  1 passed (1)
      Tests  1 passed (1)
   Start at  13:51:52
   Duration  6.43s (transform 1.44s, setup 9ms, collect 2.07s, tests 4.09s, environment 0ms, prepare 32ms)

JSON report written to /private/tmp/viborm-g4-lane-tmp-3/viborm-raptor3-g0-0DNdv6/vitest.json
Vitest resources: 9.00s wall, 989.2 MiB peak sampled process-group RSS (sampled ceiling 1536 MiB). Teardown verified.
Raptor 3 g4-write-seed-batch contract gate verified. Evidence: /private/tmp/viborm-g4-lane-tmp-3/viborm-raptor3-g0-0DNdv6

 RUN  v3.1.4 /private/tmp/viborm-g4-lane-3

 ✓ |raptor3| tests/raptor3/g4/generation/write-campaign.test.ts (1 test) 3828ms
   ✓ executes one complete G4 write-envelope SQLite seed batch  3827ms

 Test Files  1 passed (1)
      Tests  1 passed (1)
   Start at  13:52:03
   Duration  6.22s (transform 1.48s, setup 9ms, collect 2.12s, tests 3.83s, environment 0ms, prepare 31ms)

JSON report written to /private/tmp/viborm-g4-lane-tmp-3/viborm-raptor3-g0-PnOMha/vitest.json
Vitest resources: 8.92s wall, 850.7 MiB peak sampled process-group RSS (sampled ceiling 1536 MiB). Teardown verified.
Raptor 3 g4-write-seed-batch contract gate verified. Evidence: /private/tmp/viborm-g4-lane-tmp-3/viborm-raptor3-g0-PnOMha

 RUN  v3.1.4 /private/tmp/viborm-g4-lane-3

 ✓ |raptor3| tests/raptor3/g4/generation/write-campaign.test.ts (1 test) 10112ms
   ✓ executes one complete G4 write-envelope SQLite seed batch  10111ms

 Test Files  1 passed (1)
      Tests  1 passed (1)
   Start at  13:52:14
   Duration  12.79s (transform 1.68s, setup 11ms, collect 2.39s, tests 10.11s, environment 0ms, prepare 37ms)

JSON report written to /private/tmp/viborm-g4-lane-tmp-3/viborm-raptor3-g0-F4fyVp/vitest.json
Vitest resources: 15.73s wall, 747.7 MiB peak sampled process-group RSS (sampled ceiling 1536 MiB). Teardown verified.
Raptor 3 g4-write-seed-batch contract gate verified. Evidence: /private/tmp/viborm-g4-lane-tmp-3/viborm-raptor3-g0-F4fyVp

 RUN  v3.1.4 /private/tmp/viborm-g4-lane-3

 ✓ |raptor3| tests/raptor3/g4/generation/write-campaign.test.ts (1 test) 6492ms
   ✓ executes one complete G4 write-envelope SQLite seed batch  6492ms

 Test Files  1 passed (1)
      Tests  1 passed (1)
   Start at  13:52:36
   Duration  9.08s (transform 1.58s, setup 11ms, collect 2.26s, tests 6.49s, environment 0ms, prepare 34ms)

JSON report written to /private/tmp/viborm-g4-lane-tmp-3/viborm-raptor3-g0-JpULzr/vitest.json
Vitest resources: 13.28s wall, 1062.5 MiB peak sampled process-group RSS (sampled ceiling 1536 MiB). Teardown verified.
Raptor 3 g4-write-seed-batch contract gate verified. Evidence: /private/tmp/viborm-g4-lane-tmp-3/viborm-raptor3-g0-JpULzr

 RUN  v3.1.4 /private/tmp/viborm-g4-lane-3

 ✓ |raptor3| tests/raptor3/g4/generation/write-campaign.test.ts (1 test) 4364ms
   ✓ executes one complete G4 write-envelope SQLite seed batch  4363ms

 Test Files  1 passed (1)
      Tests  1 passed (1)
   Start at  13:52:51
   Duration  7.22s (transform 1.75s, setup 11ms, collect 2.51s, tests 4.36s, environment 0ms, prepare 38ms)

JSON report written to /private/tmp/viborm-g4-lane-tmp-3/viborm-raptor3-g0-mYcJyq/vitest.json
Vitest resources: 9.91s wall, 739.9 MiB peak sampled process-group RSS (sampled ceiling 1536 MiB). Teardown verified.
Raptor 3 g4-write-seed-batch contract gate verified. Evidence: /private/tmp/viborm-g4-lane-tmp-3/viborm-raptor3-g0-mYcJyq

 RUN  v3.1.4 /private/tmp/viborm-g4-lane-3

 ✓ |raptor3| tests/raptor3/g4/generation/write-campaign.test.ts (1 test) 5984ms
   ✓ executes one complete G4 write-envelope SQLite seed batch  5983ms

 Test Files  1 passed (1)
      Tests  1 passed (1)
   Start at  13:53:03
   Duration  8.55s (transform 1.59s, setup 9ms, collect 2.29s, tests 5.98s, environment 0ms, prepare 32ms)

JSON report written to /private/tmp/viborm-g4-lane-tmp-3/viborm-raptor3-g0-BQRteL/vitest.json
Vitest resources: 11.22s wall, 973.7 MiB peak sampled process-group RSS (sampled ceiling 1536 MiB). Teardown verified.
Raptor 3 g4-write-seed-batch contract gate verified. Evidence: /private/tmp/viborm-g4-lane-tmp-3/viborm-raptor3-g0-BQRteL

 RUN  v3.1.4 /private/tmp/viborm-g4-lane-3

 ✓ |raptor3| tests/raptor3/g4/generation/write-campaign.test.ts (1 test) 7155ms
   ✓ executes one complete G4 write-envelope SQLite seed batch  7154ms

 Test Files  1 passed (1)
      Tests  1 passed (1)
   Start at  13:53:18
   Duration  10.94s (transform 2.35s, setup 12ms, collect 3.39s, tests 7.15s, environment 0ms, prepare 41ms)

JSON report written to /private/tmp/viborm-g4-lane-tmp-3/viborm-raptor3-g0-aY8sEN/vitest.json
Vitest resources: 14.10s wall, 885.3 MiB peak sampled process-group RSS (sampled ceiling 1536 MiB). Teardown verified.
Raptor 3 g4-write-seed-batch contract gate verified. Evidence: /private/tmp/viborm-g4-lane-tmp-3/viborm-raptor3-g0-aY8sEN

 RUN  v3.1.4 /private/tmp/viborm-g4-lane-3

 ✓ |raptor3| tests/raptor3/g4/generation/write-campaign.test.ts (1 test) 5562ms
   ✓ executes one complete G4 write-envelope SQLite seed batch  5561ms

 Test Files  1 passed (1)
      Tests  1 passed (1)
   Start at  13:53:37
   Duration  13.02s (transform 3.75s, setup 21ms, collect 5.70s, tests 5.56s, environment 0ms, prepare 70ms)

JSON report written to /private/tmp/viborm-g4-lane-tmp-3/viborm-raptor3-g0-qWGkUF/vitest.json
Vitest resources: 18.54s wall, 847.7 MiB peak sampled process-group RSS (sampled ceiling 1536 MiB). Teardown verified.
Raptor 3 g4-write-seed-batch contract gate verified. Evidence: /private/tmp/viborm-g4-lane-tmp-3/viborm-raptor3-g0-qWGkUF

 RUN  v3.1.4 /private/tmp/viborm-g4-lane-3

 ✓ |raptor3| tests/raptor3/g4/generation/write-campaign.test.ts (1 test) 4810ms
   ✓ executes one complete G4 write-envelope SQLite seed batch  4810ms

 Test Files  1 passed (1)
      Tests  1 passed (1)
   Start at  13:53:58
   Duration  9.92s (transform 2.30s, setup 14ms, collect 3.38s, tests 4.81s, environment 0ms, prepare 56ms)

JSON report written to /private/tmp/viborm-g4-lane-tmp-3/viborm-raptor3-g0-jE9VH9/vitest.json
Vitest resources: 14.59s wall, 734.0 MiB peak sampled process-group RSS (sampled ceiling 1536 MiB). Teardown verified.
Raptor 3 g4-write-seed-batch contract gate verified. Evidence: /private/tmp/viborm-g4-lane-tmp-3/viborm-raptor3-g0-jE9VH9

 RUN  v3.1.4 /private/tmp/viborm-g4-lane-3

 ✓ |raptor3| tests/raptor3/g4/generation/write-campaign.test.ts (1 test) 4521ms
   ✓ executes one complete G4 write-envelope SQLite seed batch  4520ms

 Test Files  1 passed (1)
      Tests  1 passed (1)
   Start at  13:54:15
   Duration  8.49s (transform 2.00s, setup 13ms, collect 2.91s, tests 4.52s, environment 0ms, prepare 41ms)

JSON report written to /private/tmp/viborm-g4-lane-tmp-3/viborm-raptor3-g0-8ixk6b/vitest.json
Vitest resources: 13.49s wall, 725.5 MiB peak sampled process-group RSS (sampled ceiling 1536 MiB). Teardown verified.
Raptor 3 g4-write-seed-batch contract gate verified. Evidence: /private/tmp/viborm-g4-lane-tmp-3/viborm-raptor3-g0-8ixk6b

 RUN  v3.1.4 /private/tmp/viborm-g4-lane-3

 ✓ |raptor3| tests/raptor3/g4/generation/write-campaign.test.ts (1 test) 14353ms
   ✓ executes one complete G4 write-envelope SQLite seed batch  14351ms

 Test Files  1 passed (1)
      Tests  1 passed (1)
   Start at  13:54:35
   Duration  33.31s (transform 10.28s, setup 323ms, collect 15.68s, tests 14.35s, environment 0ms, prepare 754ms)

JSON report written to /private/tmp/viborm-g4-lane-tmp-3/viborm-raptor3-g0-wQvSHh/vitest.json
Vitest resources: 43.28s wall, 687.6 MiB peak sampled process-group RSS (sampled ceiling 1536 MiB). Teardown verified.
Raptor 3 g4-write-seed-batch contract gate verified. Evidence: /private/tmp/viborm-g4-lane-tmp-3/viborm-raptor3-g0-wQvSHh

 RUN  v3.1.4 /private/tmp/viborm-g4-lane-3

 ✓ |raptor3| tests/raptor3/g4/generation/write-campaign.test.ts (1 test) 7929ms
   ✓ executes one complete G4 write-envelope SQLite seed batch  7928ms

 Test Files  1 passed (1)
      Tests  1 passed (1)
   Start at  13:55:25
   Duration  14.27s (transform 3.28s, setup 24ms, collect 4.95s, tests 7.93s, environment 0ms, prepare 78ms)

JSON report written to /private/tmp/viborm-g4-lane-tmp-3/viborm-raptor3-g0-nUgAJ2/vitest.json
Vitest resources: 24.07s wall, 716.3 MiB peak sampled process-group RSS (sampled ceiling 1536 MiB). Teardown verified.
Raptor 3 g4-write-seed-batch contract gate verified. Evidence: /private/tmp/viborm-g4-lane-tmp-3/viborm-raptor3-g0-nUgAJ2

 RUN  v3.1.4 /private/tmp/viborm-g4-lane-3

 ✓ |raptor3| tests/raptor3/g4/generation/write-campaign.test.ts (1 test) 18059ms
   ✓ executes one complete G4 write-envelope SQLite seed batch  18058ms

 Test Files  1 passed (1)
      Tests  1 passed (1)
   Start at  13:55:51
   Duration  24.68s (transform 3.45s, setup 19ms, collect 5.25s, tests 18.06s, environment 0ms, prepare 67ms)

JSON report written to /private/tmp/viborm-g4-lane-tmp-3/viborm-raptor3-g0-Hb9PTN/vitest.json
Vitest resources: 32.30s wall, 795.7 MiB peak sampled process-group RSS (sampled ceiling 1536 MiB). Teardown verified.
Raptor 3 g4-write-seed-batch contract gate verified. Evidence: /private/tmp/viborm-g4-lane-tmp-3/viborm-raptor3-g0-Hb9PTN

 RUN  v3.1.4 /private/tmp/viborm-g4-lane-3

 ✓ |raptor3| tests/raptor3/g4/generation/write-campaign.test.ts (1 test) 10964ms
   ✓ executes one complete G4 write-envelope SQLite seed batch  10963ms

 Test Files  1 passed (1)
      Tests  1 passed (1)
   Start at  13:56:36
   Duration  18.89s (transform 4.17s, setup 29ms, collect 6.35s, tests 10.96s, environment 0ms, prepare 100ms)

JSON report written to /private/tmp/viborm-g4-lane-tmp-3/viborm-raptor3-g0-ww5gJE/vitest.json
Vitest resources: 27.57s wall, 844.6 MiB peak sampled process-group RSS (sampled ceiling 1536 MiB). Teardown verified.
Raptor 3 g4-write-seed-batch contract gate verified. Evidence: /private/tmp/viborm-g4-lane-tmp-3/viborm-raptor3-g0-ww5gJE

 RUN  v3.1.4 /private/tmp/viborm-g4-lane-3

 ✓ |raptor3| tests/raptor3/g4/generation/write-campaign.test.ts (1 test) 9245ms
   ✓ executes one complete G4 write-envelope SQLite seed batch  9244ms

 Test Files  1 passed (1)
      Tests  1 passed (1)
   Start at  13:57:07
   Duration  13.79s (transform 2.60s, setup 19ms, collect 4.07s, tests 9.24s, environment 0ms, prepare 73ms)

JSON report written to /private/tmp/viborm-g4-lane-tmp-3/viborm-raptor3-g0-DScF8i/vitest.json
Vitest resources: 20.56s wall, 816.1 MiB peak sampled process-group RSS (sampled ceiling 1536 MiB). Teardown verified.
Raptor 3 g4-write-seed-batch contract gate verified. Evidence: /private/tmp/viborm-g4-lane-tmp-3/viborm-raptor3-g0-DScF8i

 RUN  v3.1.4 /private/tmp/viborm-g4-lane-3

 ✓ |raptor3| tests/raptor3/g4/generation/write-campaign.test.ts (1 test) 7780ms
   ✓ executes one complete G4 write-envelope SQLite seed batch  7779ms

 Test Files  1 passed (1)
      Tests  1 passed (1)
   Start at  13:57:27
   Duration  11.49s (transform 2.18s, setup 13ms, collect 3.18s, tests 7.78s, environment 0ms, prepare 42ms)

JSON report written to /private/tmp/viborm-g4-lane-tmp-3/viborm-raptor3-g0-etXYvb/vitest.json
Vitest resources: 15.17s wall, 821.1 MiB peak sampled process-group RSS (sampled ceiling 1536 MiB). Teardown verified.
Raptor 3 g4-write-seed-batch contract gate verified. Evidence: /private/tmp/viborm-g4-lane-tmp-3/viborm-raptor3-g0-etXYvb

 RUN  v3.1.4 /private/tmp/viborm-g4-lane-3

 ✓ |raptor3| tests/raptor3/g4/generation/write-campaign.test.ts (1 test) 11731ms
   ✓ executes one complete G4 write-envelope SQLite seed batch  11729ms

 Test Files  1 passed (1)
      Tests  1 passed (1)
   Start at  13:57:50
   Duration  18.26s (transform 3.70s, setup 19ms, collect 5.50s, tests 11.73s, environment 0ms, prepare 69ms)

JSON report written to /private/tmp/viborm-g4-lane-tmp-3/viborm-raptor3-g0-ayXjH6/vitest.json
Vitest resources: 25.37s wall, 749.4 MiB peak sampled process-group RSS (sampled ceiling 1536 MiB). Teardown verified.
Raptor 3 g4-write-seed-batch contract gate verified. Evidence: /private/tmp/viborm-g4-lane-tmp-3/viborm-raptor3-g0-ayXjH6

 RUN  v3.1.4 /private/tmp/viborm-g4-lane-3

 ✓ |raptor3| tests/raptor3/g4/generation/write-campaign.test.ts (1 test) 20924ms
   ✓ executes one complete G4 write-envelope SQLite seed batch  20923ms

 Test Files  1 passed (1)
      Tests  1 passed (1)
   Start at  13:58:18
   Duration  60.55s (transform 24.51s, setup 19ms, collect 38.31s, tests 20.92s, environment 0ms, prepare 73ms)

JSON report written to /private/tmp/viborm-g4-lane-tmp-3/viborm-raptor3-g0-kNvlZG/vitest.json
Vitest resources: 66.86s wall, 635.1 MiB peak sampled process-group RSS (sampled ceiling 1536 MiB). Teardown verified.
Raptor 3 g4-write-seed-batch contract gate verified. Evidence: /private/tmp/viborm-g4-lane-tmp-3/viborm-raptor3-g0-kNvlZG

 RUN  v3.1.4 /private/tmp/viborm-g4-lane-3

 ✓ |raptor3| tests/raptor3/g4/generation/write-campaign.test.ts (1 test) 10199ms
   ✓ executes one complete G4 write-envelope SQLite seed batch  10192ms

 Test Files  1 passed (1)
      Tests  1 passed (1)
   Start at  13:59:37
   Duration  18.86s (transform 4.68s, setup 33ms, collect 7.33s, tests 10.20s, environment 0ms, prepare 87ms)

JSON report written to /private/tmp/viborm-g4-lane-tmp-3/viborm-raptor3-g0-TMaUyH/vitest.json
Vitest resources: 29.00s wall, 702.3 MiB peak sampled process-group RSS (sampled ceiling 1536 MiB). Teardown verified.
Raptor 3 g4-write-seed-batch contract gate verified. Evidence: /private/tmp/viborm-g4-lane-tmp-3/viborm-raptor3-g0-TMaUyH

 RUN  v3.1.4 /private/tmp/viborm-g4-lane-3

 ✓ |raptor3| tests/raptor3/g4/generation/write-campaign.test.ts (1 test) 11085ms
   ✓ executes one complete G4 write-envelope SQLite seed batch  11083ms

 Test Files  1 passed (1)
      Tests  1 passed (1)
   Start at  14:00:12
   Duration  19.68s (transform 4.73s, setup 31ms, collect 7.09s, tests 11.09s, environment 0ms, prepare 129ms)

JSON report written to /private/tmp/viborm-g4-lane-tmp-3/viborm-raptor3-g0-1oQPa3/vitest.json
Vitest resources: 30.29s wall, 647.5 MiB peak sampled process-group RSS (sampled ceiling 1536 MiB). Teardown verified.
Raptor 3 g4-write-seed-batch contract gate verified. Evidence: /private/tmp/viborm-g4-lane-tmp-3/viborm-raptor3-g0-1oQPa3

 RUN  v3.1.4 /private/tmp/viborm-g4-lane-3

 ✓ |raptor3| tests/raptor3/g4/generation/write-campaign.test.ts (1 test) 2575ms
   ✓ executes one complete G4 write-envelope SQLite seed batch  2574ms

 Test Files  1 passed (1)
      Tests  1 passed (1)
   Start at  14:00:38
   Duration  4.56s (transform 1.20s, setup 8ms, collect 1.79s, tests 2.57s, environment 0ms, prepare 32ms)

JSON report written to /private/tmp/viborm-g4-lane-tmp-3/viborm-raptor3-g0-9dUj1N/vitest.json
Vitest resources: 6.90s wall, 725.3 MiB peak sampled process-group RSS (sampled ceiling 1536 MiB). Teardown verified.
Raptor 3 g4-write-seed-batch contract gate verified. Evidence: /private/tmp/viborm-g4-lane-tmp-3/viborm-raptor3-g0-9dUj1N

 RUN  v3.1.4 /private/tmp/viborm-g4-lane-3

 ✓ |raptor3| tests/raptor3/g4/generation/write-campaign.test.ts (1 test) 2809ms
   ✓ executes one complete G4 write-envelope SQLite seed batch  2809ms

 Test Files  1 passed (1)
      Tests  1 passed (1)
   Start at  14:00:46
   Duration  4.87s (transform 1.27s, setup 8ms, collect 1.87s, tests 2.81s, environment 0ms, prepare 26ms)

JSON report written to /private/tmp/viborm-g4-lane-tmp-3/viborm-raptor3-g0-1YMqpn/vitest.json
Vitest resources: 7.16s wall, 939.8 MiB peak sampled process-group RSS (sampled ceiling 1536 MiB). Teardown verified.
Raptor 3 g4-write-seed-batch contract gate verified. Evidence: /private/tmp/viborm-g4-lane-tmp-3/viborm-raptor3-g0-1YMqpn

 RUN  v3.1.4 /private/tmp/viborm-g4-lane-3

 ✓ |raptor3| tests/raptor3/g4/generation/write-campaign.test.ts (1 test) 2800ms
   ✓ executes one complete G4 write-envelope SQLite seed batch  2800ms

 Test Files  1 passed (1)
      Tests  1 passed (1)
   Start at  14:00:55
   Duration  4.88s (transform 1.28s, setup 9ms, collect 1.89s, tests 2.80s, environment 0ms, prepare 27ms)

JSON report written to /private/tmp/viborm-g4-lane-tmp-3/viborm-raptor3-g0-EfDylC/vitest.json
Vitest resources: 7.17s wall, 859.4 MiB peak sampled process-group RSS (sampled ceiling 1536 MiB). Teardown verified.
Raptor 3 g4-write-seed-batch contract gate verified. Evidence: /private/tmp/viborm-g4-lane-tmp-3/viborm-raptor3-g0-EfDylC

 RUN  v3.1.4 /private/tmp/viborm-g4-lane-3

 ✓ |raptor3| tests/raptor3/g4/generation/write-campaign.test.ts (1 test) 3828ms
   ✓ executes one complete G4 write-envelope SQLite seed batch  3828ms

 Test Files  1 passed (1)
      Tests  1 passed (1)
   Start at  14:01:04
   Duration  6.35s (transform 1.49s, setup 10ms, collect 2.30s, tests 3.83s, environment 0ms, prepare 28ms)

JSON report written to /private/tmp/viborm-g4-lane-tmp-3/viborm-raptor3-g0-UMIf4a/vitest.json
Vitest resources: 8.63s wall, 1003.3 MiB peak sampled process-group RSS (sampled ceiling 1536 MiB). Teardown verified.
Raptor 3 g4-write-seed-batch contract gate verified. Evidence: /private/tmp/viborm-g4-lane-tmp-3/viborm-raptor3-g0-UMIf4a

 RUN  v3.1.4 /private/tmp/viborm-g4-lane-3

 ✓ |raptor3| tests/raptor3/g4/generation/write-campaign.test.ts (1 test) 3455ms
   ✓ executes one complete G4 write-envelope SQLite seed batch  3455ms

 Test Files  1 passed (1)
      Tests  1 passed (1)
   Start at  14:01:15
   Duration  5.79s (transform 1.33s, setup 12ms, collect 2.02s, tests 3.46s, environment 0ms, prepare 41ms)

JSON report written to /private/tmp/viborm-g4-lane-tmp-3/viborm-raptor3-g0-q0Zf14/vitest.json
Vitest resources: 8.51s wall, 1007.4 MiB peak sampled process-group RSS (sampled ceiling 1536 MiB). Teardown verified.
Raptor 3 g4-write-seed-batch contract gate verified. Evidence: /private/tmp/viborm-g4-lane-tmp-3/viborm-raptor3-g0-q0Zf14

 RUN  v3.1.4 /private/tmp/viborm-g4-lane-3

 ✓ |raptor3| tests/raptor3/g4/generation/write-campaign.test.ts (1 test) 3646ms
   ✓ executes one complete G4 write-envelope SQLite seed batch  3646ms

 Test Files  1 passed (1)
      Tests  1 passed (1)
   Start at  14:01:25
   Duration  5.72s (transform 1.25s, setup 10ms, collect 1.87s, tests 3.65s, environment 0ms, prepare 36ms)

JSON report written to /private/tmp/viborm-g4-lane-tmp-3/viborm-raptor3-g0-2wFhOi/vitest.json
Vitest resources: 8.05s wall, 760.9 MiB peak sampled process-group RSS (sampled ceiling 1536 MiB). Teardown verified.
Raptor 3 g4-write-seed-batch contract gate verified. Evidence: /private/tmp/viborm-g4-lane-tmp-3/viborm-raptor3-g0-2wFhOi

 RUN  v3.1.4 /private/tmp/viborm-g4-lane-3

 ✓ |raptor3| tests/raptor3/g4/generation/write-campaign.test.ts (1 test) 3544ms
   ✓ executes one complete G4 write-envelope SQLite seed batch  3543ms

 Test Files  1 passed (1)
      Tests  1 passed (1)
   Start at  14:01:35
   Duration  5.71s (transform 1.31s, setup 9ms, collect 1.95s, tests 3.54s, environment 0ms, prepare 31ms)

JSON report written to /private/tmp/viborm-g4-lane-tmp-3/viborm-raptor3-g0-8SjqSR/vitest.json
Vitest resources: 7.93s wall, 979.5 MiB peak sampled process-group RSS (sampled ceiling 1536 MiB). Teardown verified.
Raptor 3 g4-write-seed-batch contract gate verified. Evidence: /private/tmp/viborm-g4-lane-tmp-3/viborm-raptor3-g0-8SjqSR

 RUN  v3.1.4 /private/tmp/viborm-g4-lane-3

 ✓ |raptor3| tests/raptor3/g4/generation/write-campaign.test.ts (1 test) 3276ms
   ✓ executes one complete G4 write-envelope SQLite seed batch  3276ms

 Test Files  1 passed (1)
      Tests  1 passed (1)
   Start at  14:01:46
   Duration  5.35s (transform 1.27s, setup 9ms, collect 1.88s, tests 3.28s, environment 0ms, prepare 42ms)

JSON report written to /private/tmp/viborm-g4-lane-tmp-3/viborm-raptor3-g0-Op1vhc/vitest.json
Vitest resources: 7.67s wall, 920.0 MiB peak sampled process-group RSS (sampled ceiling 1536 MiB). Teardown verified.
Raptor 3 g4-write-seed-batch contract gate verified. Evidence: /private/tmp/viborm-g4-lane-tmp-3/viborm-raptor3-g0-Op1vhc

 RUN  v3.1.4 /private/tmp/viborm-g4-lane-3

 ✓ |raptor3| tests/raptor3/g4/generation/write-campaign.test.ts (1 test) 2622ms
   ✓ executes one complete G4 write-envelope SQLite seed batch  2621ms

 Test Files  1 passed (1)
      Tests  1 passed (1)
   Start at  14:01:55
   Duration  4.73s (transform 1.32s, setup 9ms, collect 1.95s, tests 2.62s, environment 0ms, prepare 33ms)

JSON report written to /private/tmp/viborm-g4-lane-tmp-3/viborm-raptor3-g0-u1QhCN/vitest.json
Vitest resources: 7.09s wall, 750.0 MiB peak sampled process-group RSS (sampled ceiling 1536 MiB). Teardown verified.
Raptor 3 g4-write-seed-batch contract gate verified. Evidence: /private/tmp/viborm-g4-lane-tmp-3/viborm-raptor3-g0-u1QhCN

 RUN  v3.1.4 /private/tmp/viborm-g4-lane-3

 ✓ |raptor3| tests/raptor3/g4/generation/write-campaign.test.ts (1 test) 2717ms
   ✓ executes one complete G4 write-envelope SQLite seed batch  2717ms

 Test Files  1 passed (1)
      Tests  1 passed (1)
   Start at  14:02:04
   Duration  4.90s (transform 1.33s, setup 9ms, collect 1.97s, tests 2.72s, environment 0ms, prepare 28ms)

JSON report written to /private/tmp/viborm-g4-lane-tmp-3/viborm-raptor3-g0-Yo0xZb/vitest.json
Vitest resources: 7.26s wall, 827.1 MiB peak sampled process-group RSS (sampled ceiling 1536 MiB). Teardown verified.
Raptor 3 g4-write-seed-batch contract gate verified. Evidence: /private/tmp/viborm-g4-lane-tmp-3/viborm-raptor3-g0-Yo0xZb

 RUN  v3.1.4 /private/tmp/viborm-g4-lane-3

 ✓ |raptor3| tests/raptor3/g4/generation/write-campaign.test.ts (1 test) 3403ms
   ✓ executes one complete G4 write-envelope SQLite seed batch  3403ms

 Test Files  1 passed (1)
      Tests  1 passed (1)
   Start at  14:02:12
   Duration  5.95s (transform 1.60s, setup 11ms, collect 2.38s, tests 3.40s, environment 0ms, prepare 33ms)

JSON report written to /private/tmp/viborm-g4-lane-tmp-3/viborm-raptor3-g0-EGSZTW/vitest.json
Vitest resources: 8.33s wall, 739.2 MiB peak sampled process-group RSS (sampled ceiling 1536 MiB). Teardown verified.
Raptor 3 g4-write-seed-batch contract gate verified. Evidence: /private/tmp/viborm-g4-lane-tmp-3/viborm-raptor3-g0-EGSZTW

 RUN  v3.1.4 /private/tmp/viborm-g4-lane-3

 ✓ |raptor3| tests/raptor3/g4/generation/write-campaign.test.ts (1 test) 4081ms
   ✓ executes one complete G4 write-envelope SQLite seed batch  4080ms

 Test Files  1 passed (1)
      Tests  1 passed (1)
   Start at  14:02:23
   Duration  7.25s (transform 1.83s, setup 11ms, collect 2.68s, tests 4.08s, environment 0ms, prepare 36ms)

JSON report written to /private/tmp/viborm-g4-lane-tmp-3/viborm-raptor3-g0-qbRM4j/vitest.json
Vitest resources: 10.17s wall, 830.3 MiB peak sampled process-group RSS (sampled ceiling 1536 MiB). Teardown verified.
Raptor 3 g4-write-seed-batch contract gate verified. Evidence: /private/tmp/viborm-g4-lane-tmp-3/viborm-raptor3-g0-qbRM4j

 RUN  v3.1.4 /private/tmp/viborm-g4-lane-3

 ✓ |raptor3| tests/raptor3/g4/generation/write-campaign.test.ts (1 test) 7354ms
   ✓ executes one complete G4 write-envelope SQLite seed batch  7353ms

 Test Files  1 passed (1)
      Tests  1 passed (1)
   Start at  14:02:36
   Duration  11.47s (transform 2.34s, setup 14ms, collect 3.50s, tests 7.35s, environment 1ms, prepare 45ms)

JSON report written to /private/tmp/viborm-g4-lane-tmp-3/viborm-raptor3-g0-sTUAM3/vitest.json
Vitest resources: 15.43s wall, 835.0 MiB peak sampled process-group RSS (sampled ceiling 1536 MiB). Teardown verified.
Raptor 3 g4-write-seed-batch contract gate verified. Evidence: /private/tmp/viborm-g4-lane-tmp-3/viborm-raptor3-g0-sTUAM3

 RUN  v3.1.4 /private/tmp/viborm-g4-lane-3

 ✓ |raptor3| tests/raptor3/g4/generation/write-campaign.test.ts (1 test) 13271ms
   ✓ executes one complete G4 write-envelope SQLite seed batch  13270ms

 Test Files  1 passed (1)
      Tests  1 passed (1)
   Start at  14:02:55
   Duration  18.42s (transform 2.69s, setup 21ms, collect 3.96s, tests 13.27s, environment 0ms, prepare 79ms)

JSON report written to /private/tmp/viborm-g4-lane-tmp-3/viborm-raptor3-g0-PFsfre/vitest.json
Vitest resources: 22.75s wall, 816.8 MiB peak sampled process-group RSS (sampled ceiling 1536 MiB). Teardown verified.
Raptor 3 g4-write-seed-batch contract gate verified. Evidence: /private/tmp/viborm-g4-lane-tmp-3/viborm-raptor3-g0-PFsfre

 RUN  v3.1.4 /private/tmp/viborm-g4-lane-3

 ✓ |raptor3| tests/raptor3/g4/generation/write-campaign.test.ts (1 test) 5088ms
   ✓ executes one complete G4 write-envelope SQLite seed batch  5087ms

 Test Files  1 passed (1)
      Tests  1 passed (1)
   Start at  14:03:22
   Duration  13.24s (transform 4.35s, setup 95ms, collect 6.58s, tests 5.09s, environment 0ms, prepare 208ms)

JSON report written to /private/tmp/viborm-g4-lane-tmp-3/viborm-raptor3-g0-tOXbfr/vitest.json
Vitest resources: 17.93s wall, 924.4 MiB peak sampled process-group RSS (sampled ceiling 1536 MiB). Teardown verified.
Raptor 3 g4-write-seed-batch contract gate verified. Evidence: /private/tmp/viborm-g4-lane-tmp-3/viborm-raptor3-g0-tOXbfr

 RUN  v3.1.4 /private/tmp/viborm-g4-lane-3

 ✓ |raptor3| tests/raptor3/g4/generation/write-campaign.test.ts (1 test) 4965ms
   ✓ executes one complete G4 write-envelope SQLite seed batch  4964ms

 Test Files  1 passed (1)
      Tests  1 passed (1)
   Start at  14:03:42
   Duration  7.73s (transform 1.75s, setup 10ms, collect 2.55s, tests 4.96s, environment 0ms, prepare 31ms)

JSON report written to /private/tmp/viborm-g4-lane-tmp-3/viborm-raptor3-g0-ZIiRaZ/vitest.json
Vitest resources: 10.63s wall, 935.2 MiB peak sampled process-group RSS (sampled ceiling 1536 MiB). Teardown verified.
Raptor 3 g4-write-seed-batch contract gate verified. Evidence: /private/tmp/viborm-g4-lane-tmp-3/viborm-raptor3-g0-ZIiRaZ

 RUN  v3.1.4 /private/tmp/viborm-g4-lane-3

 ✓ |raptor3| tests/raptor3/g4/generation/write-campaign.test.ts (1 test) 4805ms
   ✓ executes one complete G4 write-envelope SQLite seed batch  4805ms

 Test Files  1 passed (1)
      Tests  1 passed (1)
   Start at  14:03:55
   Duration  7.13s (transform 1.46s, setup 11ms, collect 2.13s, tests 4.81s, environment 0ms, prepare 30ms)

JSON report written to /private/tmp/viborm-g4-lane-tmp-3/viborm-raptor3-g0-8Kmf2h/vitest.json
Vitest resources: 9.66s wall, 966.9 MiB peak sampled process-group RSS (sampled ceiling 1536 MiB). Teardown verified.
Raptor 3 g4-write-seed-batch contract gate verified. Evidence: /private/tmp/viborm-g4-lane-tmp-3/viborm-raptor3-g0-8Kmf2h

 RUN  v3.1.4 /private/tmp/viborm-g4-lane-3

 ✓ |raptor3| tests/raptor3/g4/generation/write-campaign.test.ts (1 test) 4166ms
   ✓ executes one complete G4 write-envelope SQLite seed batch  4165ms

 Test Files  1 passed (1)
      Tests  1 passed (1)
   Start at  14:04:07
   Duration  6.68s (transform 1.56s, setup 12ms, collect 2.31s, tests 4.17s, environment 0ms, prepare 37ms)

JSON report written to /private/tmp/viborm-g4-lane-tmp-3/viborm-raptor3-g0-AMWncA/vitest.json
Vitest resources: 9.87s wall, 1087.5 MiB peak sampled process-group RSS (sampled ceiling 1536 MiB). Teardown verified.
Raptor 3 g4-write-seed-batch contract gate verified. Evidence: /private/tmp/viborm-g4-lane-tmp-3/viborm-raptor3-g0-AMWncA

 RUN  v3.1.4 /private/tmp/viborm-g4-lane-3

 ✓ |raptor3| tests/raptor3/g4/generation/write-campaign.test.ts (1 test) 2597ms
   ✓ executes one complete G4 write-envelope SQLite seed batch  2596ms

 Test Files  1 passed (1)
      Tests  1 passed (1)
   Start at  14:04:18
   Duration  4.67s (transform 1.27s, setup 9ms, collect 1.86s, tests 2.60s, environment 0ms, prepare 28ms)

JSON report written to /private/tmp/viborm-g4-lane-tmp-3/viborm-raptor3-g0-0nsuzE/vitest.json
Vitest resources: 6.85s wall, 894.4 MiB peak sampled process-group RSS (sampled ceiling 1536 MiB). Teardown verified.
Raptor 3 g4-write-seed-batch contract gate verified. Evidence: /private/tmp/viborm-g4-lane-tmp-3/viborm-raptor3-g0-0nsuzE

 RUN  v3.1.4 /private/tmp/viborm-g4-lane-3

 ✓ |raptor3| tests/raptor3/g4/generation/write-campaign.test.ts (1 test) 2657ms
   ✓ executes one complete G4 write-envelope SQLite seed batch  2657ms

 Test Files  1 passed (1)
      Tests  1 passed (1)
   Start at  14:04:27
   Duration  4.63s (transform 1.25s, setup 8ms, collect 1.83s, tests 2.66s, environment 0ms, prepare 26ms)

JSON report written to /private/tmp/viborm-g4-lane-tmp-3/viborm-raptor3-g0-qky4T4/vitest.json
Vitest resources: 6.79s wall, 762.1 MiB peak sampled process-group RSS (sampled ceiling 1536 MiB). Teardown verified.
Raptor 3 g4-write-seed-batch contract gate verified. Evidence: /private/tmp/viborm-g4-lane-tmp-3/viborm-raptor3-g0-qky4T4

 RUN  v3.1.4 /private/tmp/viborm-g4-lane-3

 ✓ |raptor3| tests/raptor3/g4/generation/write-campaign.test.ts (1 test) 1987ms
   ✓ executes one complete G4 write-envelope SQLite seed batch  1986ms

 Test Files  1 passed (1)
      Tests  1 passed (1)
   Start at  14:04:35
   Duration  3.86s (transform 1.18s, setup 8ms, collect 1.73s, tests 1.99s, environment 0ms, prepare 26ms)

JSON report written to /private/tmp/viborm-g4-lane-tmp-3/viborm-raptor3-g0-ukzXx2/vitest.json
Vitest resources: 5.95s wall, 719.9 MiB peak sampled process-group RSS (sampled ceiling 1536 MiB). Teardown verified.
Raptor 3 g4-write-seed-batch contract gate verified. Evidence: /private/tmp/viborm-g4-lane-tmp-3/viborm-raptor3-g0-ukzXx2

 RUN  v3.1.4 /private/tmp/viborm-g4-lane-3

 ✓ |raptor3| tests/raptor3/g4/generation/write-campaign.test.ts (1 test) 2598ms
   ✓ executes one complete G4 write-envelope SQLite seed batch  2598ms

 Test Files  1 passed (1)
      Tests  1 passed (1)
   Start at  14:04:42
   Duration  4.48s (transform 1.18s, setup 9ms, collect 1.74s, tests 2.60s, environment 0ms, prepare 25ms)

JSON report written to /private/tmp/viborm-g4-lane-tmp-3/viborm-raptor3-g0-vy35AW/vitest.json
Vitest resources: 6.62s wall, 836.2 MiB peak sampled process-group RSS (sampled ceiling 1536 MiB). Teardown verified.
Raptor 3 g4-write-seed-batch contract gate verified. Evidence: /private/tmp/viborm-g4-lane-tmp-3/viborm-raptor3-g0-vy35AW
Raptor 3 g4-write-seeds campaign verified (not the full milestone). Evidence: /private/tmp/viborm-g4-lane-tmp-3/viborm-raptor3-g4-write-seeds-dc4x66
